experiment,block,model,train_version,score_version,scenario,feature_set,analysis_status,n,positive_windows,negative_windows,weighted_n,weighted_positive_windows,weighted_prevalence,kish_weight_diagnostic,average_precision,roc_auc,brier,retrospective_recall_at_5percent,retrospective_selected_weight,classification_metrics_status,calibration_intercept,calibration_joint_intercept,calibration_slope,calibration_status,calibration_sparse_class,calibration_hessian_condition
identical_input_tuned,2016_2017,LR,A,A,A_model_A_inputs,full,post_hoc_revision,1063,51,1012,12157.173999999999,51.0,0.004195053883410734,851.6930783411221,0.008256239697722533,0.70573527841508,0.004176375594538639,0.13725490196078433,607.8586999999998,estimated,0.7777245680487924,-1.4331559306125752,0.6270096050678966,estimated,False,1780.5225529019033
identical_input_tuned,2016_2017,LR,B,B,B_model_B_inputs,full,post_hoc_revision,1063,51,1012,12157.173999999999,51.0,0.004195053883410734,851.6930783411221,0.008256239697722533,0.70573527841508,0.004176375594538639,0.13725490196078433,607.8586999999998,estimated,0.7777245680487924,-1.4331559306125752,0.6270096050678966,estimated,False,1780.5225529019033
identical_input_tuned,2016_2017,LGBM,A,A,A_model_A_inputs,full,post_hoc_revision,1063,51,1012,12157.173999999999,51.0,0.004195053883410734,851.6930783411221,0.2474686198347409,0.9662456690345302,0.0038190102331260695,0.7450980392156863,607.8587,estimated,0.8248440923037018,-0.8406459304762642,0.5119930552237109,estimated,False,114.70620593549636
identical_input_tuned,2016_2017,LGBM,B,B,B_model_B_inputs,full,post_hoc_revision,1063,51,1012,12157.173999999999,51.0,0.004195053883410734,851.6930783411221,0.2474686198347409,0.9662456690345302,0.0038190102331260695,0.7450980392156863,607.8587,estimated,0.8248440923037018,-0.8406459304762642,0.5119930552237109,estimated,False,114.70620593549636
identical_input_tuned,2018_2019,LR,A,A,A_model_A_inputs,full,post_hoc_revision,946,28,918,11498.333999999995,28.0,0.002435135385700225,801.3189519104433,0.009702777966942659,0.8138430842554385,0.002425685810244508,0.2857142857142857,574.9166999999998,estimated,-0.2826495271698835,-0.1658411034340493,1.022937424920832,estimated,False,843.6550249309541
identical_input_tuned,2018_2019,LR,B,B,B_model_B_inputs,full,post_hoc_revision,946,28,918,11498.333999999995,28.0,0.002435135385700225,801.3189519104433,0.009702777966942659,0.8138430842554385,0.002425685810244508,0.2857142857142857,574.9166999999998,estimated,-0.2826495271698835,-0.1658411034340493,1.022937424920832,estimated,False,843.6550249309541
identical_input_tuned,2018_2019,LGBM,A,A,A_model_A_inputs,full,post_hoc_revision,946,28,918,11498.333999999995,28.0,0.002435135385700225,801.3189519104433,0.1556441763943111,0.9401297169849511,0.0037633278262219345,0.6785714285714286,574.9166999999998,estimated,-1.4907328417634762,-2.1238051127243573,0.4027214608528312,estimated,False,98.64734757543809
identical_input_tuned,2018_2019,LGBM,B,B,B_model_B_inputs,full,post_hoc_revision,946,28,918,11498.333999999995,28.0,0.002435135385700225,801.3189519104433,0.1556441763943111,0.9401297169849511,0.0037633278262219345,0.6785714285714286,574.9166999999998,estimated,-1.4907328417634762,-2.1238051127243573,0.4027214608528312,estimated,False,98.64734757543809
identical_input_tuned,2020_2021,LR,A,A,A_model_A_inputs,full,post_hoc_revision,845,44,801,11397.333999999997,44.0,0.0038605519501314967,787.7856399317628,0.01791466044865215,0.8198303047128965,0.0038272622610305202,0.3181818181818182,569.8667,estimated,0.24790493074554287,0.4966524064168719,1.0482135897422664,estimated,False,866.0404545066314
identical_input_tuned,2020_2021,LR,B,B,B_model_B_inputs,full,post_hoc_revision,845,44,801,11397.333999999997,44.0,0.0038605519501314967,787.7856399317628,0.01791466044865215,0.8198303047128965,0.0038272622610305202,0.3181818181818182,569.8667,estimated,0.24790493074554287,0.4966524064168719,1.0482135897422664,estimated,False,866.0404545066314
identical_input_tuned,2020_2021,LGBM,A,A,A_model_A_inputs,full,post_hoc_revision,845,44,801,11397.333999999997,44.0,0.0038605519501314967,787.7856399317628,0.07389661465695252,0.8971454752650398,0.007117157191115842,0.4772727272727273,569.8666999999999,estimated,-1.5234859054875067,-2.4589250264995997,0.3533245782262377,estimated,False,114.03547291470659
identical_input_tuned,2020_2021,LGBM,B,B,B_model_B_inputs,full,post_hoc_revision,845,44,801,11397.333999999997,44.0,0.0038605519501314967,787.7856399317628,0.07389661465695252,0.8971454752650398,0.007117157191115842,0.4772727272727273,569.8666999999999,estimated,-1.5234859054875067,-2.4589250264995997,0.3533245782262377,estimated,False,114.03547291470659
algorithm_seed_20260921,2016_2017,LGBM,A,A,A_model_A_inputs,full,post_hoc_revision,1063,51,1012,12157.173999999999,51.0,0.004195053883410734,851.6930783411221,0.2474686198347409,0.9662456690345302,0.0038190102331260695,0.7450980392156863,607.8587,estimated,0.8248440923037018,-0.8406459304762642,0.5119930552237109,estimated,False,114.70620593549636
algorithm_seed_20260921,2016_2017,RF,A,A,A_model_A_inputs,full,post_hoc_revision,1063,51,1012,12157.173999999999,51.0,0.004195053883410734,851.6930783411221,0.11844069030982221,0.9563286096019776,0.00410316575137892,0.7450980392156863,607.8587,estimated,0.5913997810642686,8.879158077266784,2.6895567767061537,estimated,False,1444.7457617376776
algorithm_seed_20260921,2018_2019,LGBM,A,A,A_model_A_inputs,full,post_hoc_revision,946,28,918,11498.333999999995,28.0,0.002435135385700225,801.3189519104433,0.23311717020159392,0.9556901930044689,0.0035045288803010432,0.75,574.9166999999999,estimated,-1.4790611033520156,-2.0911445518731946,0.5349910578804026,estimated,False,48.0177318637429
algorithm_seed_20260921,2018_2019,RF,A,A,A_model_A_inputs,full,post_hoc_revision,946,28,918,11498.333999999995,28.0,0.002435135385700225,801.3189519104433,0.30100429587956723,0.96013206764511,0.0023053543704686405,0.8571428571428571,574.9166999999999,estimated,-0.22454471442023968,5.6753818206787745,2.432492375310242,estimated,False,462.8329100583798
algorithm_seed_20260921,2020_2021,LGBM,A,A,A_model_A_inputs,full,post_hoc_revision,845,44,801,11397.333999999997,44.0,0.0038605519501314967,787.7856399317628,0.11861105903447403,0.916931973862961,0.0070769062291371745,0.6136363636363636,569.8667,estimated,-1.9302452182999674,-2.7537198358515678,0.380377758741175,estimated,False,76.51532298934852
algorithm_seed_20260921,2020_2021,RF,A,A,A_model_A_inputs,full,post_hoc_revision,845,44,801,11397.333999999997,44.0,0.0038605519501314967,787.7856399317628,0.10001559546037807,0.9401979309657977,0.003714980745745702,0.6136363636363636,569.8667,estimated,-0.015166770283271836,2.7069312054721846,1.6543443261436233,estimated,False,365.5898192140913
algorithm_seed_20260922,2016_2017,LGBM,A,A,A_model_A_inputs,full,post_hoc_revision,1063,51,1012,12157.173999999999,51.0,0.004195053883410734,851.6930783411221,0.2474686198347409,0.9662456690345302,0.0038190102331260695,0.7450980392156863,607.8587,estimated,0.8248440923037018,-0.8406459304762642,0.5119930552237109,estimated,False,114.70620593549636
algorithm_seed_20260922,2016_2017,RF,A,A,A_model_A_inputs,full,post_hoc_revision,1063,51,1012,12157.173999999999,51.0,0.004195053883410734,851.6930783411221,0.12566305366243477,0.9524233230571642,0.004098967004663787,0.7647058823529411,607.8587,estimated,0.6207854281395953,8.320915941423484,2.572612656781088,estimated,False,1248.0696193895833
algorithm_seed_20260922,2018_2019,LGBM,A,A,A_model_A_inputs,full,post_hoc_revision,946,28,918,11498.333999999995,28.0,0.002435135385700225,801.3189519104433,0.23311717020159392,0.9556901930044689,0.0035045288803010432,0.75,574.9166999999999,estimated,-1.4790611033520156,-2.0911445518731946,0.5349910578804026,estimated,False,48.0177318637429
algorithm_seed_20260922,2018_2019,RF,A,A,A_model_A_inputs,full,post_hoc_revision,946,28,918,11498.333999999995,28.0,0.002435135385700225,801.3189519104433,0.28448283179802814,0.9683186520238087,0.0023018460728085714,0.8571428571428571,574.9166999999999,estimated,-0.2700584950718022,5.436731867375725,2.4227867483544694,estimated,False,432.16159374307097
algorithm_seed_20260922,2020_2021,LGBM,A,A,A_model_A_inputs,full,post_hoc_revision,845,44,801,11397.333999999997,44.0,0.0038605519501314967,787.7856399317628,0.11861105903447403,0.916931973862961,0.0070769062291371745,0.6136363636363636,569.8667,estimated,-1.9302452182999674,-2.7537198358515678,0.380377758741175,estimated,False,76.51532298934852
algorithm_seed_20260922,2020_2021,RF,A,A,A_model_A_inputs,full,post_hoc_revision,845,44,801,11397.333999999997,44.0,0.0038605519501314967,787.7856399317628,0.1265498794349907,0.938129431647768,0.0037079965871728224,0.6363636363636364,569.8667,estimated,-0.045724071602047965,2.9159709022622864,1.7126136407884316,estimated,False,360.9465108482071
algorithm_seed_20260923,2016_2017,LGBM,A,A,A_model_A_inputs,full,post_hoc_revision,1063,51,1012,12157.173999999999,51.0,0.004195053883410734,851.6930783411221,0.2474686198347409,0.9662456690345302,0.0038190102331260695,0.7450980392156863,607.8587,estimated,0.8248440923037018,-0.8406459304762642,0.5119930552237109,estimated,False,114.70620593549636
algorithm_seed_20260923,2016_2017,RF,A,A,A_model_A_inputs,full,post_hoc_revision,1063,51,1012,12157.173999999999,51.0,0.004195053883410734,851.6930783411221,0.1448240872728982,0.9560481110145725,0.004097587133825754,0.7254901960784313,607.8587,estimated,0.5831770174276656,9.295626162520056,2.788294748271269,estimated,False,1395.9868960469141
algorithm_seed_20260923,2018_2019,LGBM,A,A,A_model_A_inputs,full,post_hoc_revision,946,28,918,11498.333999999995,28.0,0.002435135385700225,801.3189519104433,0.23311717020159392,0.9556901930044689,0.0035045288803010432,0.75,574.9166999999999,estimated,-1.4790611033520156,-2.0911445518731946,0.5349910578804026,estimated,False,48.0177318637429
algorithm_seed_20260923,2018_2019,RF,A,A,A_model_A_inputs,full,post_hoc_revision,946,28,918,11498.333999999995,28.0,0.002435135385700225,801.3189519104433,0.32129912440284,0.9667770665738993,0.0023127967200410474,0.8214285714285714,574.9166999999998,estimated,-0.17524071713621756,6.717090480779371,2.650827588143231,estimated,False,565.3333591375787
algorithm_seed_20260923,2020_2021,LGBM,A,A,A_model_A_inputs,full,post_hoc_revision,845,44,801,11397.333999999997,44.0,0.0038605519501314967,787.7856399317628,0.11861105903447403,0.916931973862961,0.0070769062291371745,0.6136363636363636,569.8667,estimated,-1.9302452182999674,-2.7537198358515678,0.380377758741175,estimated,False,76.51532298934852
algorithm_seed_20260923,2020_2021,RF,A,A,A_model_A_inputs,full,post_hoc_revision,845,44,801,11397.333999999997,44.0,0.0038605519501314967,787.7856399317628,0.12153947045721875,0.9392941676067061,0.0036998194347799018,0.7272727272727273,569.8667,estimated,0.04369766322343525,3.4959155498698027,1.8191624791031815,estimated,False,398.3209967349954
algorithm_seed_20260924,2016_2017,LGBM,A,A,A_model_A_inputs,full,post_hoc_revision,1063,51,1012,12157.173999999999,51.0,0.004195053883410734,851.6930783411221,0.2474686198347409,0.9662456690345302,0.0038190102331260695,0.7450980392156863,607.8587,estimated,0.8248440923037018,-0.8406459304762642,0.5119930552237109,estimated,False,114.70620593549636
algorithm_seed_20260924,2016_2017,RF,A,A,A_model_A_inputs,full,post_hoc_revision,1063,51,1012,12157.173999999999,51.0,0.004195053883410734,851.6930783411221,0.15167795698486233,0.9551610867087732,0.004110739479188541,0.7450980392156863,607.8587,estimated,0.699530851846901,9.630690065777966,2.771086843892417,estimated,False,1674.7369568198296
algorithm_seed_20260924,2018_2019,LGBM,A,A,A_model_A_inputs,full,post_hoc_revision,946,28,918,11498.333999999995,28.0,0.002435135385700225,801.3189519104433,0.23311717020159392,0.9556901930044689,0.0035045288803010432,0.75,574.9166999999999,estimated,-1.4790611033520156,-2.0911445518731946,0.5349910578804026,estimated,False,48.0177318637429
algorithm_seed_20260924,2018_2019,RF,A,A,A_model_A_inputs,full,post_hoc_revision,946,28,918,11498.333999999995,28.0,0.002435135385700225,801.3189519104433,0.3181304827531942,0.9595090380853032,0.0023083121413761364,0.8571428571428571,574.9166999999998,estimated,-0.22153150244033146,6.118452029043234,2.53297982667615,estimated,False,504.716102965631
algorithm_seed_20260924,2020_2021,LGBM,A,A,A_model_A_inputs,full,post_hoc_revision,845,44,801,11397.333999999997,44.0,0.0038605519501314967,787.7856399317628,0.11861105903447403,0.916931973862961,0.0070769062291371745,0.6136363636363636,569.8667,estimated,-1.9302452182999674,-2.7537198358515678,0.380377758741175,estimated,False,76.51532298934852
algorithm_seed_20260924,2020_2021,RF,A,A,A_model_A_inputs,full,post_hoc_revision,845,44,801,11397.333999999997,44.0,0.0038605519501314967,787.7856399317628,0.13680794986943368,0.9390783279247238,0.0037069896415713637,0.6590909090909091,569.8667,estimated,0.02672996972779832,3.2443192269804015,1.765005316273087,estimated,False,398.56224926797256
algorithm_seed_20260925,2016_2017,LGBM,A,A,A_model_A_inputs,full,post_hoc_revision,1063,51,1012,12157.173999999999,51.0,0.004195053883410734,851.6930783411221,0.2474686198347409,0.9662456690345302,0.0038190102331260695,0.7450980392156863,607.8587,estimated,0.8248440923037018,-0.8406459304762642,0.5119930552237109,estimated,False,114.70620593549636
algorithm_seed_20260925,2016_2017,RF,A,A,A_model_A_inputs,full,post_hoc_revision,1063,51,1012,12157.173999999999,51.0,0.004195053883410734,851.6930783411221,0.14969962289318517,0.9522354526237091,0.004101086174734551,0.7254901960784313,607.8587,estimated,0.6168199424679717,9.032096233766199,2.717268588084817,estimated,False,1533.4569475857459
algorithm_seed_20260925,2018_2019,LGBM,A,A,A_model_A_inputs,full,post_hoc_revision,946,28,918,11498.333999999995,28.0,0.002435135385700225,801.3189519104433,0.23311717020159392,0.9556901930044689,0.0035045288803010432,0.75,574.9166999999999,estimated,-1.4790611033520156,-2.0911445518731946,0.5349910578804026,estimated,False,48.0177318637429
algorithm_seed_20260925,2018_2019,RF,A,A,A_model_A_inputs,full,post_hoc_revision,946,28,918,11498.333999999995,28.0,0.002435135385700225,801.3189519104433,0.31138844377102165,0.9651177363897415,0.0023108991766286526,0.8571428571428571,574.9166999999998,estimated,-0.24645333448684262,5.857138366396521,2.4876830036578723,estimated,False,499.23168655610806
algorithm_seed_20260925,2020_2021,LGBM,A,A,A_model_A_inputs,full,post_hoc_revision,845,44,801,11397.333999999997,44.0,0.0038605519501314967,787.7856399317628,0.11861105903447403,0.916931973862961,0.0070769062291371745,0.6136363636363636,569.8667,estimated,-1.9302452182999674,-2.7537198358515678,0.380377758741175,estimated,False,76.51532298934852
algorithm_seed_20260925,2020_2021,RF,A,A,A_model_A_inputs,full,post_hoc_revision,845,44,801,11397.333999999997,44.0,0.0038605519501314967,787.7856399317628,0.10695619811589531,0.9380149598667356,0.0037055733338869326,0.6363636363636364,569.8667,estimated,-0.062276828451406245,2.7152613429462114,1.6741903778826257,estimated,False,338.131457087344
full_train_full_test,2016_2017,LR,A,A,A_model_A_inputs,full,post_hoc_revision,1063,51,1012,12157.173999999999,51.0,0.004195053883410734,851.6930783411221,0.007592728368504737,0.6977321152130224,0.004177580207397816,0.050288235294116294,607.8586999999999,estimated,0.773012881727506,1.2691162270930436,1.0825343138656986,estimated,False,4698.099614510676
full_train_full_test,2016_2017,LR,B,B,B_model_B_inputs,full,post_hoc_revision,1063,51,1012,12157.173999999999,51.0,0.004195053883410734,851.6930783411221,0.007597203881855269,0.6977525844315854,0.004177593691989359,0.0392156862745098,607.8586999999999,estimated,0.7711383792840499,1.2204424125213948,1.0747652189851853,estimated,False,4641.398895076812
full_train_full_test,2016_2017,LGBM,A,A,A_model_A_inputs,full,post_hoc_revision,1063,51,1012,12157.173999999999,51.0,0.004195053883410734,851.6930783411221,0.2474686198347409,0.9662456690345302,0.0038190102331260695,0.7450980392156863,607.8587,estimated,0.8248440923037018,-0.8406459304762642,0.5119930552237109,estimated,False,114.70620593549636
full_train_full_test,2016_2017,LGBM,B,B,B_model_B_inputs,full,post_hoc_revision,1063,51,1012,12157.173999999999,51.0,0.004195053883410734,851.6930783411221,0.20175951569109857,0.962345986501129,0.00423852485200605,0.7647058823529411,607.8587,estimated,0.5059730080149863,-1.1100105193786676,0.4648654293290257,estimated,False,117.05932633834331
full_train_size_test,2016_2017,LR,A,A,A_model_A_inputs,full,post_hoc_revision,668,51,617,6560.509999999998,51.0,0.007773785879451447,466.4453296560022,0.00892475301690096,0.5633511946819547,0.007739322509375704,0.0196078431372549,328.0255000000001,estimated,1.133104050433129,-2.3224106761272845,0.41703794701809555,estimated,False,5107.5891710249625
full_train_size_test,2016_2017,LR,B,B,B_model_B_inputs,full,post_hoc_revision,668,51,617,6560.509999999998,51.0,0.007773785879451447,466.4453296560022,0.008935568073990468,0.5638211134894334,0.007739340766692887,0.0196078431372549,328.0255000000001,estimated,1.1312101497476876,-2.3545544567764676,0.4117693738473424,estimated,False,5054.722495309348
full_train_size_test,2016_2017,LGBM,A,A,A_model_A_inputs,full,post_hoc_revision,668,51,617,6560.509999999998,51.0,0.007773785879451447,466.4453296560022,0.2479453681130179,0.9408176471582259,0.0070769441424091434,0.6470588235294118,328.0255000000001,estimated,0.8297332097612624,-0.9226024184732011,0.4738893262525545,estimated,False,107.54025841541481
full_train_size_test,2016_2017,LGBM,B,B,B_model_B_inputs,full,post_hoc_revision,668,51,617,6560.509999999998,51.0,0.007773785879451447,466.4453296560022,0.20231284854728004,0.9363783563601265,0.007854340058851257,0.5882352941176471,328.0255000000001,estimated,0.5091342027956988,-1.1828038341991887,0.4251924400628643,estimated,False,109.58535946605157
size_train_size_test,2016_2017,LR,A,A,A_model_A_inputs,full,post_hoc_revision,668,51,617,6560.509999999998,51.0,0.007773785879451447,466.4453296560022,0.26283738551114666,0.9563438541999232,0.00668971988948913,0.6470588235294118,328.0255000000001,estimated,0.5904081204703089,0.19953179183057737,0.8958852320351572,estimated,False,83.38904216658007
size_train_size_test,2016_2017,LR,B,B,B_model_B_inputs,full,post_hoc_revision,668,51,617,6560.509999999998,51.0,0.007773785879451447,466.4453296560022,0.2590486043449001,0.9562411628163574,0.006685654326787949,0.6470588235294118,328.0255000000001,estimated,0.5914086544594981,0.20557201282686036,0.8977592549140004,estimated,False,85.18023551296774
size_train_size_test,2016_2017,LGBM,A,A,A_model_A_inputs,full,post_hoc_revision,668,51,617,6560.509999999998,51.0,0.007773785879451447,466.4453296560022,0.32216997473154596,0.9485775818613016,0.0069749691936361905,0.6666666666666666,328.0255000000001,estimated,1.3986195885221688,-0.6646708877487811,0.49652832804296093,estimated,False,124.42939513940904
size_train_size_test,2016_2017,LGBM,B,B,B_model_B_inputs,full,post_hoc_revision,668,51,617,6560.509999999998,51.0,0.007773785879451447,466.4453296560022,0.3191678314600069,0.9479263777602491,0.006714090576323532,0.6666666666666666,328.0255000000001,estimated,1.1046649774746458,-0.681052442673622,0.5011599625217729,estimated,False,105.15826674942709
absolute_spline_rf,2016_2017,SPLINE_LR,A,A,A_model_A_inputs,full,post_hoc_revision,1063,51,1012,12157.173999999999,51.0,0.004195053883410734,851.6930783411221,0.12512167312573794,0.8947671578122698,0.0040883354825540525,0.5882352941176471,607.8587,estimated,0.8397029677024571,3.133418524982743,1.4452491376063388,estimated,False,557.041436479887
absolute_spline_rf,2016_2017,SPLINE_LR,B,B,B_model_B_inputs,full,post_hoc_revision,1063,51,1012,12157.173999999999,51.0,0.004195053883410734,851.6930783411221,0.12065059166737582,0.889953214829743,0.004087225265066637,0.5882352941176471,607.8587,estimated,0.8295736141226023,2.848962635966152,1.392411461118442,estimated,False,535.918950905085
absolute_spline_rf,2016_2017,RF,A,A,A_model_A_inputs,full,post_hoc_revision,1063,51,1012,12157.173999999999,51.0,0.004195053883410734,851.6930783411221,0.11844069030982221,0.9563286096019776,0.00410316575137892,0.7450980392156863,607.8587,estimated,0.5913997810642686,8.879158077266785,2.689556776706154,estimated,False,1444.745761737851
absolute_spline_rf,2016_2017,RF,B,B,B_model_B_inputs,full,post_hoc_revision,1063,51,1012,12157.173999999999,51.0,0.004195053883410734,851.6930783411221,0.11243557899810028,0.95222631128255,0.004103945052030718,0.7450980392156863,607.8587,estimated,0.579812631850773,8.44512975739622,2.6027053598233167,estimated,False,1395.2980176147898
full_train_full_test,2018_2019,LR,A,A,A_model_A_inputs,full,post_hoc_revision,946,28,918,11498.333999999995,28.0,0.002435135385700225,801.3189519104433,0.009826650687053922,0.8129494373423296,0.0024212424343586377,0.2857142857142857,574.9166999999998,estimated,-0.23138682737065128,2.125085089950058,1.4458762519952235,estimated,False,1732.0499422507617
full_train_full_test,2018_2019,LR,B,B,B_model_B_inputs,full,post_hoc_revision,946,28,918,11498.333999999995,28.0,0.002435135385700225,801.3189519104433,0.009814541149384697,0.8137318345369411,0.0024212122801681884,0.2857142857142857,574.9166999999998,estimated,-0.23147312674350926,2.197712439030895,1.4595625529954086,estimated,False,1758.8620737036053
full_train_full_test,2018_2019,LGBM,A,A,A_model_A_inputs,full,post_hoc_revision,946,28,918,11498.333999999995,28.0,0.002435135385700225,801.3189519104433,0.23311717020159392,0.9556901930044689,0.0035045288803010432,0.75,574.9166999999999,estimated,-1.4790611033520156,-2.0911445518731946,0.5349910578804026,estimated,False,48.0177318637429
full_train_full_test,2018_2019,LGBM,B,B,B_model_B_inputs,full,post_hoc_revision,946,28,918,11498.333999999995,28.0,0.002435135385700225,801.3189519104433,0.26157320713935345,0.9450137446489606,0.003385019019346088,0.8214285714285714,574.9166999999998,estimated,-1.4159168459339289,-1.9723704656612728,0.5438175469757444,estimated,False,49.439996391155304
full_train_size_test,2018_2019,LR,A,A,A_model_A_inputs,full,post_hoc_revision,592,28,564,6443.871999999999,28.0,0.004345213561039078,453.4854441930202,0.01170465602771538,0.7206522355807612,0.004316059767855964,0.10714285714285714,322.19360000000006,estimated,0.04471111429887319,0.6371533063648729,1.1139634128959603,estimated,False,1915.6105891435147
full_train_size_test,2018_2019,LR,B,B,B_model_B_inputs,full,post_hoc_revision,592,28,564,6443.871999999999,28.0,0.004345213561039078,453.4854441930202,0.011663603858310227,0.7212357327043233,0.004316027092467876,0.10714285714285714,322.19360000000006,estimated,0.04615741076130465,0.6870041693459253,1.123255104640935,estimated,False,1935.2631138967292
full_train_size_test,2018_2019,LGBM,A,A,A_model_A_inputs,full,post_hoc_revision,592,28,564,6443.871999999999,28.0,0.004345213561039078,453.4854441930202,0.2331629718637013,0.9245351661807293,0.006253418477380299,0.6071428571428571,322.1936000000001,estimated,-1.477270433744373,-2.106921474224507,0.509898285333477,estimated,False,44.765701520257686
full_train_size_test,2018_2019,LGBM,B,B,B_model_B_inputs,full,post_hoc_revision,592,28,564,6443.871999999999,28.0,0.004345213561039078,453.4854441930202,0.2616871350452926,0.916482079799241,0.0060401640274341415,0.6785714285714286,322.19360000000006,estimated,-1.413582360003488,-1.9854025908379052,0.5168214210849837,estimated,False,45.90716879000731
size_train_size_test,2018_2019,LR,A,A,A_model_A_inputs,full,post_hoc_revision,592,28,564,6443.871999999999,28.0,0.004345213561039078,453.4854441930202,0.21481320571931128,0.938053749469174,0.004286523518745627,0.75,322.19360000000006,estimated,-0.6744842791582657,-1.0473255646209283,0.8532468445814111,estimated,False,35.3845905335234
size_train_size_test,2018_2019,LR,B,B,B_model_B_inputs,full,post_hoc_revision,592,28,564,6443.871999999999,28.0,0.004345213561039078,453.4854441930202,0.22770324023960284,0.943944386225732,0.004109911283715594,0.75,322.1936000000001,estimated,-0.6307716520658022,-0.9372526023869956,0.8822821329521573,estimated,False,35.28845300047106
size_train_size_test,2018_2019,LGBM,A,A,A_model_A_inputs,full,post_hoc_revision,592,28,564,6443.871999999999,28.0,0.004345213561039078,453.4854441930202,0.31975864552985445,0.9484185581365357,0.0052809901481972975,0.6785714285714286,322.19360000000006,estimated,-1.1439801967334398,-1.7002332362692822,0.6061794887045329,estimated,False,30.30410333158415
size_train_size_test,2018_2019,LGBM,B,B,B_model_B_inputs,full,post_hoc_revision,592,28,564,6443.871999999999,28.0,0.004345213561039078,453.4854441930202,0.15966434332588747,0.9386428131448297,0.006427298173659869,0.6785714285714286,322.1936000000001,estimated,-1.5332057653331086,-2.1396518903729413,0.513349098974068,estimated,False,41.09053063145792
absolute_spline_rf,2018_2019,SPLINE_LR,A,A,A_model_A_inputs,full,post_hoc_revision,946,28,918,11498.333999999995,28.0,0.002435135385700225,801.3189519104433,0.15559819282697143,0.9467260250909625,0.002262323319868948,0.75,574.9166999999998,estimated,-0.29334425935692726,0.7335259809345053,1.2605946106675732,estimated,False,124.56979155216312
absolute_spline_rf,2018_2019,SPLINE_LR,B,B,B_model_B_inputs,full,post_hoc_revision,946,28,918,11498.333999999995,28.0,0.002435135385700225,801.3189519104433,0.12740013696743782,0.9477988485028304,0.0022593942650872435,0.75,574.9166999999998,estimated,-0.30019948912486394,0.7568155070650324,1.2686659387098715,estimated,False,124.35174503387047
absolute_spline_rf,2018_2019,RF,A,A,A_model_A_inputs,full,post_hoc_revision,946,28,918,11498.333999999995,28.0,0.002435135385700225,801.3189519104433,0.30100429587956723,0.96013206764511,0.0023053543704686405,0.8571428571428571,574.9166999999999,estimated,-0.22454471442023968,5.675381820678771,2.432492375310241,estimated,False,462.8329100583739
absolute_spline_rf,2018_2019,RF,B,B,B_model_B_inputs,full,post_hoc_revision,946,28,918,11498.333999999995,28.0,0.002435135385700225,801.3189519104433,0.3029327673010444,0.965644511435201,0.0023036679083134367,0.8571428571428571,574.9166999999999,estimated,-0.22675380975075124,5.870049674948859,2.4927697236299595,estimated,False,466.96257158544233
full_train_full_test,2020_2021,LR,A,A,A_model_A_inputs,full,post_hoc_revision,845,44,801,11397.333999999997,44.0,0.0038605519501314967,787.7856399317628,0.018281111243199907,0.8198845378811208,0.003826248674397251,0.38636363636363635,569.8667,estimated,0.2803814597166994,2.4061994664818487,1.4005589144187114,estimated,False,1572.8725150790656
full_train_full_test,2020_2021,LR,B,B,B_model_B_inputs,full,post_hoc_revision,845,44,801,11397.333999999997,44.0,0.0038605519501314967,787.7856399317628,0.01800301030529161,0.8201174850729085,0.0038263803423274215,0.3409090909090909,569.8667,estimated,0.2846297581293731,2.407318008351589,1.3996125001876458,estimated,False,1572.3832761210247
full_train_full_test,2020_2021,LGBM,A,A,A_model_A_inputs,full,post_hoc_revision,845,44,801,11397.333999999997,44.0,0.0038605519501314967,787.7856399317628,0.11861105903447403,0.916931973862961,0.0070769062291371745,0.6136363636363636,569.8667,estimated,-1.9302452182999674,-2.7537198358515678,0.380377758741175,estimated,False,76.51532298934852
full_train_full_test,2020_2021,LGBM,B,B,B_model_B_inputs,full,post_hoc_revision,845,44,801,11397.333999999997,44.0,0.0038605519501314967,787.7856399317628,0.10626129779979758,0.9266575191200953,0.006540138950601226,0.5681818181818182,569.8666999999999,estimated,-1.8225029413024554,-2.655171856905828,0.3926302773846992,estimated,False,73.97996390046667
full_train_size_test,2020_2021,LR,A,A,A_model_A_inputs,full,post_hoc_revision,499,44,455,6377.963999999998,44.0,0.006898753269852262,442.6698342039062,0.02026802751708525,0.751805920646793,0.006832493096537635,0.20454545454545456,318.89820000000003,estimated,0.5889971544624013,1.138688758842122,1.1052334334916776,estimated,False,1683.8889816722444
full_train_size_test,2020_2021,LR,B,B,B_model_B_inputs,full,post_hoc_revision,499,44,455,6377.963999999998,44.0,0.006898753269852262,442.6698342039062,0.01993168992328613,0.7524844344208186,0.006832742995248085,0.20454545454545456,318.89820000000003,estimated,0.5956766830647447,1.1369154792924192,1.1035274215269961,estimated,False,1674.9848525650968
full_train_size_test,2020_2021,LGBM,A,A,A_model_A_inputs,full,post_hoc_revision,499,44,455,6377.963999999998,44.0,0.006898753269852262,442.6698342039062,0.11885001135580188,0.857263268597388,0.01264627120580502,0.36363636363636365,318.89820000000003,estimated,-1.927203371629129,-2.7637822443723055,0.3453576832521319,estimated,False,69.74299672386432
full_train_size_test,2020_2021,LGBM,B,B,B_model_B_inputs,full,post_hoc_revision,499,44,455,6377.963999999998,44.0,0.006898753269852262,442.6698342039062,0.10663535634726783,0.873025665501673,0.011686906664073213,0.4318181818181818,318.89820000000003,estimated,-1.8188922740047528,-2.6601782558024003,0.360632686538872,estimated,False,66.72615760759017
size_train_size_test,2020_2021,LR,A,A,A_model_A_inputs,full,post_hoc_revision,499,44,455,6377.963999999998,44.0,0.006898753269852262,442.6698342039062,0.10571371885200559,0.8768083749478502,0.008625611725995401,0.5,318.8982,estimated,-0.5069257246574148,-1.6558466528095799,0.5930660635129016,estimated,False,72.71961944416331
size_train_size_test,2020_2021,LR,B,B,B_model_B_inputs,full,post_hoc_revision,499,44,455,6377.963999999998,44.0,0.006898753269852262,442.6698342039062,0.09982522182550675,0.8744668497412598,0.009272588890558328,0.5,318.89820000000003,estimated,-0.7089294121306965,-1.8450957689475174,0.5607625331294211,estimated,False,69.03844708871777
size_train_size_test,2020_2021,LGBM,A,A,A_model_A_inputs,full,post_hoc_revision,499,44,455,6377.963999999998,44.0,0.006898753269852262,442.6698342039062,0.09686916543481938,0.8918504990785324,0.011699259469295653,0.36363636363636365,318.89820000000003,estimated,-1.3763369581104832,-2.371663515956625,0.4117116029896391,estimated,False,62.18792969224305
size_train_size_test,2020_2021,LGBM,B,B,B_model_B_inputs,full,post_hoc_revision,499,44,455,6377.963999999998,44.0,0.006898753269852262,442.6698342039062,0.07013418902862498,0.8830875606779295,0.013412233575213131,0.4090909090909091,318.89820000000003,estimated,-1.6519556596248632,-2.536506477775216,0.3776928678307685,estimated,False,66.72558008156604
absolute_spline_rf,2020_2021,SPLINE_LR,A,A,A_model_A_inputs,full,post_hoc_revision,845,44,801,11397.333999999997,44.0,0.0038605519501314967,787.7856399317628,0.166748914509018,0.9251004034265504,0.0036344934623276878,0.5681818181818182,569.8667,estimated,0.21087671927759846,1.2690770747106914,1.2527195917929113,estimated,False,212.10816625064444
absolute_spline_rf,2020_2021,SPLINE_LR,B,B,B_model_B_inputs,full,post_hoc_revision,845,44,801,11397.333999999997,44.0,0.0038605519501314967,787.7856399317628,0.19944193662184184,0.9239647858665857,0.003627262289341325,0.5681818181818182,569.8666999999999,estimated,0.1951925829924631,1.236442212245419,1.2494265060307737,estimated,False,210.03632217368371
absolute_spline_rf,2020_2021,RF,A,A,A_model_A_inputs,full,post_hoc_revision,845,44,801,11397.333999999997,44.0,0.0038605519501314967,787.7856399317628,0.10001559546037807,0.9401979309657977,0.003714980745745702,0.6136363636363636,569.8667,estimated,-0.015166770283271796,2.7069312054721877,1.654344326143624,estimated,False,365.5898192140969
absolute_spline_rf,2020_2021,RF,B,B,B_model_B_inputs,full,post_hoc_revision,845,44,801,11397.333999999997,44.0,0.0038605519501314967,787.7856399317628,0.1208184233705585,0.9373523351258446,0.0037129194305140726,0.6136363636363636,569.8667,estimated,-0.03248209403451851,2.5847336736845126,1.6313893077020702,estimated,False,355.34804353990654
grid_fixed_LGBM_0,2016_2017,LGBM,A,A,A_model_A_inputs,full,post_hoc_revision,1063,51,1012,12157.173999999999,51.0,0.004195053883410734,851.6930783411221,0.2474686198347409,0.9662456690345302,0.0038190102331260695,0.7450980392156863,607.8587,estimated,0.8248440923037018,-0.8406459304762642,0.5119930552237109,estimated,False,114.70620593549636
grid_fixed_LGBM_0,2016_2017,LGBM,B,B,B_model_B_inputs,full,post_hoc_revision,1063,51,1012,12157.173999999999,51.0,0.004195053883410734,851.6930783411221,0.20175951569109857,0.962345986501129,0.00423852485200605,0.7647058823529411,607.8587,estimated,0.5059730080149863,-1.1100105193786676,0.4648654293290257,estimated,False,117.05932633834331
grid_fixed_LGBM_0,2018_2019,LGBM,A,A,A_model_A_inputs,full,post_hoc_revision,946,28,918,11498.333999999995,28.0,0.002435135385700225,801.3189519104433,0.23311717020159392,0.9556901930044689,0.0035045288803010432,0.75,574.9166999999999,estimated,-1.4790611033520156,-2.0911445518731946,0.5349910578804026,estimated,False,48.0177318637429
grid_fixed_LGBM_0,2018_2019,LGBM,B,B,B_model_B_inputs,full,post_hoc_revision,946,28,918,11498.333999999995,28.0,0.002435135385700225,801.3189519104433,0.26157320713935345,0.9450137446489606,0.003385019019346088,0.8214285714285714,574.9166999999998,estimated,-1.4159168459339289,-1.9723704656612728,0.5438175469757444,estimated,False,49.439996391155304
grid_fixed_LGBM_0,2020_2021,LGBM,A,A,A_model_A_inputs,full,post_hoc_revision,845,44,801,11397.333999999997,44.0,0.0038605519501314967,787.7856399317628,0.11861105903447403,0.916931973862961,0.0070769062291371745,0.6136363636363636,569.8667,estimated,-1.9302452182999674,-2.7537198358515678,0.380377758741175,estimated,False,76.51532298934852
grid_fixed_LGBM_0,2020_2021,LGBM,B,B,B_model_B_inputs,full,post_hoc_revision,845,44,801,11397.333999999997,44.0,0.0038605519501314967,787.7856399317628,0.10626129779979758,0.9266575191200953,0.006540138950601226,0.5681818181818182,569.8666999999999,estimated,-1.8225029413024554,-2.655171856905828,0.3926302773846992,estimated,False,73.97996390046667
grid_fixed_LGBM_1,2016_2017,LGBM,A,A,A_model_A_inputs,full,post_hoc_revision,1063,51,1012,12157.173999999999,51.0,0.004195053883410734,851.6930783411221,0.31479548893869946,0.9778442979331271,0.0038148420614842107,0.803921568627451,607.8587,estimated,0.49772065083601896,-0.8147104377961405,0.5548370077870021,estimated,False,84.57371830645117
grid_fixed_LGBM_1,2016_2017,LGBM,B,B,B_model_B_inputs,full,post_hoc_revision,1063,51,1012,12157.173999999999,51.0,0.004195053883410734,851.6930783411221,0.2758598199011699,0.9721828081517844,0.003916357855305855,0.7843137254901961,607.8587,estimated,0.49487968243584457,-0.886315584257395,0.5386031703978942,estimated,False,89.530655823828
grid_fixed_LGBM_1,2018_2019,LGBM,A,A,A_model_A_inputs,full,post_hoc_revision,946,28,918,11498.333999999995,28.0,0.002435135385700225,801.3189519104433,0.23797604298359484,0.968926954150968,0.0031120750358680704,0.8214285714285714,574.9166999999998,estimated,-1.186540450544034,-1.6768431187259674,0.6381799472249644,estimated,False,32.14180310097159
grid_fixed_LGBM_1,2018_2019,LGBM,B,B,B_model_B_inputs,full,post_hoc_revision,946,28,918,11498.333999999995,28.0,0.002435135385700225,801.3189519104433,0.212373627160809,0.9688349590716865,0.003725460191446955,0.8571428571428571,574.9166999999998,estimated,-1.5007930527943876,-1.8712809291300692,0.5944661799992299,estimated,False,34.17968631485215
grid_fixed_LGBM_1,2020_2021,LGBM,A,A,A_model_A_inputs,full,post_hoc_revision,845,44,801,11397.333999999997,44.0,0.0038605519501314967,787.7856399317628,0.05619709576569904,0.9109423155908541,0.00807325008919554,0.5227272727272727,569.8667,estimated,-1.8085029954534586,-2.4930527223818166,0.4252830039452574,estimated,False,69.25935002340462
grid_fixed_LGBM_1,2020_2021,LGBM,B,B,B_model_B_inputs,full,post_hoc_revision,845,44,801,11397.333999999997,44.0,0.0038605519501314967,787.7856399317628,0.09155952005079128,0.926267693701252,0.0083453379713079,0.5909090909090909,569.8667,estimated,-1.747480010523972,-2.3984587780330453,0.44272774397282,estimated,False,68.03925083917092
grid_fixed_LGBM_2,2016_2017,LGBM,A,A,A_model_A_inputs,full,post_hoc_revision,1063,51,1012,12157.173999999999,51.0,0.004195053883410734,851.6930783411221,0.30496308560336466,0.9643149607697987,0.00374822934517512,0.803921568627451,607.8587,estimated,2.4964408008938537,-0.500631896166149,0.4127219774600598,estimated,False,262.36082782793886
grid_fixed_LGBM_2,2016_2017,LGBM,B,B,B_model_B_inputs,full,post_hoc_revision,1063,51,1012,12157.173999999999,51.0,0.004195053883410734,851.6930783411221,0.28517160304876116,0.9648515335249279,0.003756366663224338,0.803921568627451,607.8587,estimated,2.890650097280363,-0.2861542262539481,0.4232377879875723,estimated,False,314.1824577750681
grid_fixed_LGBM_2,2018_2019,LGBM,A,A,A_model_A_inputs,full,post_hoc_revision,946,28,918,11498.333999999995,28.0,0.002435135385700225,801.3189519104433,0.1556441763943111,0.9401297169849511,0.0037633278262219345,0.6785714285714286,574.9166999999998,estimated,-1.4907328417634762,-2.1238051127243573,0.4027214608528312,estimated,False,98.64734757543809
grid_fixed_LGBM_2,2018_2019,LGBM,B,B,B_model_B_inputs,full,post_hoc_revision,946,28,918,11498.333999999995,28.0,0.002435135385700225,801.3189519104433,0.18331983796239412,0.9469912558779898,0.004004721213056203,0.7857142857142857,574.9166999999998,estimated,-2.077955561109411,-2.3983128890461023,0.37619986381530984,estimated,False,93.23955227190413
grid_fixed_LGBM_2,2020_2021,LGBM,A,A,A_model_A_inputs,full,post_hoc_revision,845,44,801,11397.333999999997,44.0,0.0038605519501314967,787.7856399317628,0.1089236860466421,0.9125361886088831,0.008315530157619912,0.5454545454545454,569.8666999999999,estimated,-2.1478772054104467,-2.591740842696824,0.32903253590690096,estimated,False,111.93905747544231
grid_fixed_LGBM_2,2020_2021,LGBM,B,B,B_model_B_inputs,full,post_hoc_revision,845,44,801,11397.333999999997,44.0,0.0038605519501314967,787.7856399317628,0.10326705478764409,0.9165101194063355,0.006701910240281427,0.5909090909090909,569.8667,estimated,-1.9032790052760105,-2.6846788371729837,0.30921253546234306,estimated,False,120.31493264822015
grid_fixed_LGBM_3,2016_2017,LGBM,A,A,A_model_A_inputs,full,post_hoc_revision,1063,51,1012,12157.173999999999,51.0,0.004195053883410734,851.6930783411221,0.2979786799485332,0.9769818664912828,0.004449808799599831,0.8235294117647058,607.8587,estimated,1.2668810408355453,-0.8060392380011784,0.41166269111246734,estimated,False,170.99458976903287
grid_fixed_LGBM_3,2016_2017,LGBM,B,B,B_model_B_inputs,full,post_hoc_revision,1063,51,1012,12157.173999999999,51.0,0.004195053883410734,851.6930783411221,0.2972666019198502,0.9747609514182196,0.004315770897354634,0.8627450980392157,607.8587,estimated,1.3980249202815445,-0.8613009373188776,0.40000578906045925,estimated,False,187.8342462220142
grid_fixed_LGBM_3,2018_2019,LGBM,A,A,A_model_A_inputs,full,post_hoc_revision,946,28,918,11498.333999999995,28.0,0.002435135385700225,801.3189519104433,0.21653169935713676,0.9686897459630586,0.0032470182137742747,0.8214285714285714,574.9166999999998,estimated,-1.0907296177346373,-1.6490574714545239,0.48998671237870967,estimated,False,61.44832192410096
grid_fixed_LGBM_3,2018_2019,LGBM,B,B,B_model_B_inputs,full,post_hoc_revision,946,28,918,11498.333999999995,28.0,0.002435135385700225,801.3189519104433,0.3518124116417178,0.9674572684631506,0.0024933223797983356,0.8571428571428571,574.9166999999998,estimated,-0.6416846068726667,-1.3654292443338802,0.5373324400260759,estimated,False,54.954110175219725
grid_fixed_LGBM_3,2020_2021,LGBM,A,A,A_model_A_inputs,full,post_hoc_revision,845,44,801,11397.333999999997,44.0,0.0038605519501314967,787.7856399317628,0.07389661465695252,0.8971454752650398,0.007117157191115842,0.4772727272727273,569.8666999999999,estimated,-1.5234859054875067,-2.4589250264995997,0.3533245782262377,estimated,False,114.03547291470659
grid_fixed_LGBM_3,2020_2021,LGBM,B,B,B_model_B_inputs,full,post_hoc_revision,845,44,801,11397.333999999997,44.0,0.0038605519501314967,787.7856399317628,0.04259611131536193,0.9038869311228522,0.007317061055297874,0.4772727272727273,569.8666999999999,estimated,-1.5339435315146366,-2.574931447591706,0.333504701858646,estimated,False,122.61578939786932
transition_delete_positive_unchanged,2016_2017,LR,A,A,A_model_A_inputs,full,post_hoc_revision,1063,51,1012,12157.173999999999,51.0,0.004195053883410734,851.6930783411221,0.007592728368504737,0.6977321152130224,0.004177580207397816,0.050288235294116294,607.8586999999999,estimated,0.773012881727506,1.2691162270930436,1.0825343138656986,estimated,False,4698.099614510676
transition_delete_positive_unchanged,2016_2017,LR,B,B,B_model_B_inputs,full,post_hoc_revision,1063,51,1012,12157.173999999999,51.0,0.004195053883410734,851.6930783411221,0.007597203881855269,0.6977525844315854,0.004177593691989359,0.0392156862745098,607.8586999999999,estimated,0.7711383792840499,1.2204424125213948,1.0747652189851853,estimated,False,4641.398895076812
transition_delete_positive_unchanged,2016_2017,LGBM,A,A,A_model_A_inputs,full,post_hoc_revision,1063,51,1012,12157.173999999999,51.0,0.004195053883410734,851.6930783411221,0.2474686198347409,0.9662456690345302,0.0038190102331260695,0.7450980392156863,607.8587,estimated,0.8248440923037018,-0.8406459304762642,0.5119930552237109,estimated,False,114.70620593549636
transition_delete_positive_unchanged,2016_2017,LGBM,B,B,B_model_B_inputs,full,post_hoc_revision,1063,51,1012,12157.173999999999,51.0,0.004195053883410734,851.6930783411221,0.20175951569109857,0.962345986501129,0.00423852485200605,0.7647058823529411,607.8587,estimated,0.5059730080149863,-1.1100105193786676,0.4648654293290257,estimated,False,117.05932633834331
transition_delete_changed_negative,2016_2017,LR,A,A,A_model_A_inputs,full,post_hoc_revision,1063,51,1012,12157.173999999999,51.0,0.004195053883410734,851.6930783411221,0.007728700921307978,0.7014981015828292,0.004177441537364656,0.058823529411764705,607.8586999999998,estimated,0.774668977080612,1.3976613494740762,1.1036757938580988,estimated,False,4735.95322087879
transition_delete_changed_negative,2016_2017,LR,B,B,B_model_B_inputs,full,post_hoc_revision,1063,51,1012,12157.173999999999,51.0,0.004195053883410734,851.6930783411221,0.007747072382485875,0.7015356516986043,0.004177451929227368,0.058823529411764705,607.8586999999998,estimated,0.772741125088327,1.3570144180792327,1.097252322058846,estimated,False,4689.786488897502
transition_delete_changed_negative,2016_2017,LGBM,A,A,A_model_A_inputs,full,post_hoc_revision,1063,51,1012,12157.173999999999,51.0,0.004195053883410734,851.6930783411221,0.24924181239388069,0.9691106502238238,0.00395440514604567,0.7843137254901961,607.8587,estimated,0.869316574991687,-0.8427168039586562,0.5060588395674486,estimated,False,117.74613110057203
transition_delete_changed_negative,2016_2017,LGBM,B,B,B_model_B_inputs,full,post_hoc_revision,1063,51,1012,12157.173999999999,51.0,0.004195053883410734,851.6930783411221,0.2265499544098338,0.9687684556818762,0.003975382022771364,0.7254901960784313,607.8587,estimated,0.7344280131014316,-0.9858516013343279,0.4859004857499857,estimated,False,117.32853334266397
transition_delete_other_unchanged_negative,2016_2017,LR,A,A,A_model_A_inputs,full,post_hoc_revision,1063,51,1012,12157.173999999999,51.0,0.004195053883410734,851.6930783411221,0.007762476779670788,0.7024534397595379,0.004177409602483173,0.058823529411764705,607.8586999999998,estimated,0.7742771876547379,1.4473443772730235,1.1120295377924065,estimated,False,4764.544315192412
transition_delete_other_unchanged_negative,2016_2017,LR,B,B,B_model_B_inputs,full,post_hoc_revision,1063,51,1012,12157.173999999999,51.0,0.004195053883410734,851.6930783411221,0.007753091100615931,0.7019662017407142,0.004177423762916479,0.058823529411764705,607.8586999999998,estimated,0.772364521401413,1.3957916335157377,1.1037903182910178,estimated,False,4705.775341113052
transition_delete_other_unchanged_negative,2016_2017,LGBM,A,A,A_model_A_inputs,full,post_hoc_revision,1063,51,1012,12157.173999999999,51.0,0.004195053883410734,851.6930783411221,0.2577446836659746,0.9696897713546179,0.0038028390376011433,0.803921568627451,607.8587,estimated,0.8599297588102313,-0.8311589433287424,0.5132810047582541,estimated,False,116.09172031083895
transition_delete_other_unchanged_negative,2016_2017,LGBM,B,B,B_model_B_inputs,full,post_hoc_revision,1063,51,1012,12157.173999999999,51.0,0.004195053883410734,851.6930783411221,0.24729661945994463,0.9720619202316143,0.0038476112033615246,0.7843137254901961,607.8587,estimated,0.9762363843446423,-0.7494321880779784,0.5149742681538888,estimated,False,117.383350939484
transition_delete_positive_unchanged,2018_2019,LR,A,A,A_model_A_inputs,full,post_hoc_revision,946,28,918,11498.333999999995,28.0,0.002435135385700225,801.3189519104433,0.009826650687053922,0.8129494373423296,0.0024212424343586377,0.2857142857142857,574.9166999999998,estimated,-0.23138682737065128,2.125085089950058,1.4458762519952235,estimated,False,1732.0499422507617
transition_delete_positive_unchanged,2018_2019,LR,B,B,B_model_B_inputs,full,post_hoc_revision,946,28,918,11498.333999999995,28.0,0.002435135385700225,801.3189519104433,0.009814541149384697,0.8137318345369411,0.0024212122801681884,0.2857142857142857,574.9166999999998,estimated,-0.23147312674350926,2.197712439030895,1.4595625529954086,estimated,False,1758.8620737036053
transition_delete_positive_unchanged,2018_2019,LGBM,A,A,A_model_A_inputs,full,post_hoc_revision,946,28,918,11498.333999999995,28.0,0.002435135385700225,801.3189519104433,0.23311717020159392,0.9556901930044689,0.0035045288803010432,0.75,574.9166999999999,estimated,-1.4790611033520156,-2.0911445518731946,0.5349910578804026,estimated,False,48.0177318637429
transition_delete_positive_unchanged,2018_2019,LGBM,B,B,B_model_B_inputs,full,post_hoc_revision,946,28,918,11498.333999999995,28.0,0.002435135385700225,801.3189519104433,0.26157320713935345,0.9450137446489606,0.003385019019346088,0.8214285714285714,574.9166999999998,estimated,-1.4159168459339289,-1.9723704656612728,0.5438175469757444,estimated,False,49.439996391155304
transition_delete_changed_negative,2018_2019,LR,A,A,A_model_A_inputs,full,post_hoc_revision,946,28,918,11498.333999999995,28.0,0.002435135385700225,801.3189519104433,0.009981781841640176,0.8141190694932828,0.002420659584401981,0.2857142857142857,574.9166999999998,estimated,-0.2285838954776309,2.127483765909795,1.446135985902976,estimated,False,1671.0908846961656
transition_delete_changed_negative,2018_2019,LR,B,B,B_model_B_inputs,full,post_hoc_revision,946,28,918,11498.333999999995,28.0,0.002435135385700225,801.3189519104433,0.00995042408930673,0.8148171124373057,0.0024206210666058085,0.2857142857142857,574.9166999999998,estimated,-0.2285940847596863,2.2071031110484824,1.4611003436362473,estimated,False,1700.6452893122794
transition_delete_changed_negative,2018_2019,LGBM,A,A,A_model_A_inputs,full,post_hoc_revision,946,28,918,11498.333999999995,28.0,0.002435135385700225,801.3189519104433,0.22778423222231306,0.9542703252706385,0.003695391181656568,0.75,574.9166999999998,estimated,-1.554574226391614,-2.1242068583948615,0.528570527044519,estimated,False,49.627575946589815
transition_delete_changed_negative,2018_2019,LGBM,B,B,B_model_B_inputs,full,post_hoc_revision,946,28,918,11498.333999999995,28.0,0.002435135385700225,801.3189519104433,0.21097660801633195,0.9473733907212919,0.0033495493624216954,0.7857142857142857,574.9166999999998,estimated,-1.5769771680674818,-2.2158884251778765,0.5083770891726198,estimated,False,54.05714223100619
transition_delete_other_unchanged_negative,2018_2019,LR,A,A,A_model_A_inputs,full,post_hoc_revision,946,28,918,11498.333999999995,28.0,0.002435135385700225,801.3189519104433,0.011002052912327313,0.8124840753796477,0.002420431101185788,0.2857142857142857,574.9166999999998,estimated,-0.22521926155265867,2.0558443531066737,1.4316942201111673,estimated,False,1633.0895224423136
transition_delete_other_unchanged_negative,2018_2019,LR,B,B,B_model_B_inputs,full,post_hoc_revision,946,28,918,11498.333999999995,28.0,0.002435135385700225,801.3189519104433,0.010975165067192007,0.8135022671777243,0.002420399411743967,0.2857142857142857,574.9166999999998,estimated,-0.2253017305069758,2.1296233605151396,1.445595213015561,estimated,False,1659.666282969351
transition_delete_other_unchanged_negative,2018_2019,LGBM,A,A,A_model_A_inputs,full,post_hoc_revision,946,28,918,11498.333999999995,28.0,0.002435135385700225,801.3189519104433,0.16123841464841657,0.9626771361421813,0.004043221996276197,0.7857142857142857,574.9166999999998,estimated,-2.452315406518071,-2.8772687247920734,0.40854654348864117,estimated,False,68.80575375777775
transition_delete_other_unchanged_negative,2018_2019,LGBM,B,B,B_model_B_inputs,full,post_hoc_revision,946,28,918,11498.333999999995,28.0,0.002435135385700225,801.3189519104433,0.3038905895691764,0.9429850018815,0.0033087030876955597,0.75,574.9166999999999,estimated,-1.4291459230650687,-1.995991674849483,0.5530384051555879,estimated,False,45.377496605183474
transition_delete_positive_unchanged,2020_2021,LR,A,A,A_model_A_inputs,full,post_hoc_revision,845,44,801,11397.333999999997,44.0,0.0038605519501314967,787.7856399317628,0.018475184766260398,0.8216256363749441,0.003826236673540528,0.4090909090909091,569.8667,estimated,0.2841010010310471,2.395514749695999,1.3977035233946822,estimated,False,1547.920455263887
transition_delete_positive_unchanged,2020_2021,LR,B,B,B_model_B_inputs,full,post_hoc_revision,845,44,801,11397.333999999997,44.0,0.0038605519501314967,787.7856399317628,0.01828021407104809,0.8214509259811033,0.003826387638635704,0.3409090909090909,569.8667,estimated,0.28770841557171534,2.388158380844286,1.3953240003906555,estimated,False,1548.0267124305767
transition_delete_positive_unchanged,2020_2021,LGBM,A,A,A_model_A_inputs,full,post_hoc_revision,845,44,801,11397.333999999997,44.0,0.0038605519501314967,787.7856399317628,0.12026596023058399,0.9144445307271144,0.007017705814010003,0.6590909090909091,569.8666999999999,estimated,-1.6880933411338903,-2.5889506404275067,0.4016755342185178,estimated,False,77.91912551434385
transition_delete_positive_unchanged,2020_2021,LGBM,B,B,B_model_B_inputs,full,post_hoc_revision,845,44,801,11397.333999999997,44.0,0.0038605519501314967,787.7856399317628,0.08941365761146364,0.9298973003316598,0.006911301943661442,0.5909090909090909,569.8666999999999,estimated,-2.517256511283514,-2.9505946088664445,0.3446917736361754,estimated,False,83.11077677806334
transition_delete_changed_negative,2020_2021,LR,A,A,A_model_A_inputs,full,post_hoc_revision,845,44,801,11397.333999999997,44.0,0.0038605519501314967,787.7856399317628,0.018281262112569176,0.8199136562800943,0.003826239431604477,0.38636363636363635,569.8667,estimated,0.2803851063811328,2.404898345102462,1.4003254527828919,estimated,False,1571.8267358069845
transition_delete_changed_negative,2020_2021,LR,B,B,B_model_B_inputs,full,post_hoc_revision,845,44,801,11397.333999999997,44.0,0.0038605519501314967,787.7856399317628,0.01800955459402355,0.8201174850729085,0.0038263661814894492,0.3409090909090909,569.8667,estimated,0.2846323226906104,2.4118810807393665,1.4004683048792257,estimated,False,1573.6220764922527
transition_delete_changed_negative,2020_2021,LGBM,A,A,A_model_A_inputs,full,post_hoc_revision,845,44,801,11397.333999999997,44.0,0.0038605519501314967,787.7856399317628,0.11842739364237727,0.9195124093063773,0.00686540879056258,0.6818181818181818,569.8667,estimated,-1.9061518566491793,-2.8375788917644784,0.36584095660711446,estimated,False,78.80072565282624
transition_delete_changed_negative,2020_2021,LGBM,B,B,B_model_B_inputs,full,post_hoc_revision,845,44,801,11397.333999999997,44.0,0.0038605519501314967,787.7856399317628,0.10434269016065481,0.9308334610624677,0.006404289300444638,0.5681818181818182,569.8667,estimated,-1.7255823507556756,-2.5420210566534083,0.40986135823105796,estimated,False,70.4422807478511
transition_delete_other_unchanged_negative,2020_2021,LR,A,A,A_model_A_inputs,full,post_hoc_revision,845,44,801,11397.333999999997,44.0,0.0038605519501314967,787.7856399317628,0.018768667836514576,0.8202670806974985,0.003826384506190415,0.4090909090909091,569.8667,estimated,0.2828380819446604,2.2933874305168036,1.3788112776068324,estimated,False,1506.0497691424437
transition_delete_other_unchanged_negative,2020_2021,LR,B,B,B_model_B_inputs,full,post_hoc_revision,845,44,801,11397.333999999997,44.0,0.0038605519501314967,787.7856399317628,0.018574917023762502,0.8207058584969616,0.0038265046651429413,0.3409090909090909,569.8667,estimated,0.2873071718414063,2.2984960699878387,1.378585132715532,estimated,False,1506.0814963954394
transition_delete_other_unchanged_negative,2020_2021,LGBM,A,A,A_model_A_inputs,full,post_hoc_revision,845,44,801,11397.333999999997,44.0,0.0038605519501314967,787.7856399317628,0.118428481279535,0.9180595841634802,0.007599794409501208,0.5909090909090909,569.8666999999999,estimated,-2.09646909401396,-2.7658631785540635,0.379692461579809,estimated,False,74.87667395415548
transition_delete_other_unchanged_negative,2020_2021,LGBM,B,B,B_model_B_inputs,full,post_hoc_revision,845,44,801,11397.333999999997,44.0,0.0038605519501314967,787.7856399317628,0.11907600307174822,0.925723544371116,0.006370200177832387,0.6136363636363636,569.8667,estimated,-1.728624372854069,-2.6050946189943125,0.3975267318475125,estimated,False,72.94441504168348
ordinary_matched_changed_negative_00,2016_2017,LR,A,A,A_model_A_inputs,full,post_hoc_revision,1063,51,1012,12157.173999999999,51.0,0.004195053883410734,851.6930783411221,0.007601738818434861,0.6979189717415225,0.004177576396488272,0.050288235294116294,607.8586999999999,estimated,0.7723974852970278,1.2680874571624654,1.0824710501261485,estimated,False,4702.227025881039
ordinary_matched_changed_negative_00,2016_2017,LR,B,B,B_model_B_inputs,full,post_hoc_revision,1063,51,1012,12157.173999999999,51.0,0.004195053883410734,851.6930783411221,0.00758848405135042,0.6975153695438857,0.004177589902127253,0.0392156862745098,607.8586999999998,estimated,0.7705175428748633,1.2193969768566448,1.074699593348482,estimated,False,4645.504150956993
ordinary_matched_changed_negative_00,2016_2017,LGBM,A,A,A_model_A_inputs,full,post_hoc_revision,1063,51,1012,12157.173999999999,51.0,0.004195053883410734,851.6930783411221,0.25563249728095816,0.9722099050046535,0.0038384857422339,0.7647058823529411,607.8587,estimated,0.6994851249347435,-0.8839429104932977,0.5108646900340899,estimated,False,104.64057211784666
ordinary_matched_changed_negative_00,2016_2017,LGBM,B,B,B_model_B_inputs,full,post_hoc_revision,1063,51,1012,12157.173999999999,51.0,0.004195053883410734,851.6930783411221,0.21633731802007863,0.9669875008550575,0.003933536756810558,0.7843137254901961,607.8587,estimated,0.8745102186277192,-0.8974246041127498,0.49038600385430786,estimated,False,120.89684786252187
ordinary_matched_changed_negative_01,2016_2017,LR,A,A,A_model_A_inputs,full,post_hoc_revision,1063,51,1012,12157.173999999999,51.0,0.004195053883410734,851.6930783411221,0.007593620617587329,0.6977808539157444,0.004177575704373265,0.050288235294116294,607.8586999999999,estimated,0.7729393707773201,1.2686044299613448,1.082465043965615,estimated,False,4692.856443034214
ordinary_matched_changed_negative_01,2016_2017,LR,B,B,B_model_B_inputs,full,post_hoc_revision,1063,51,1012,12157.173999999999,51.0,0.004195053883410734,851.6930783411221,0.007593134285083033,0.6976802862057413,0.004177589188637298,0.0392156862745098,607.8586999999999,estimated,0.7710590966110445,1.2200297127061666,1.0747131413370405,estimated,False,4636.261005386264
ordinary_matched_changed_negative_01,2016_2017,LGBM,A,A,A_model_A_inputs,full,post_hoc_revision,1063,51,1012,12157.173999999999,51.0,0.004195053883410734,851.6930783411221,0.22627627234957295,0.9651763685887493,0.003896515271948836,0.7254901960784313,607.8587,estimated,0.7116617600333182,-0.9401981133558882,0.4978873622972683,estimated,False,115.73266107894636
ordinary_matched_changed_negative_01,2016_2017,LGBM,B,B,B_model_B_inputs,full,post_hoc_revision,1063,51,1012,12157.173999999999,51.0,0.004195053883410734,851.6930783411221,0.2086015019576696,0.9623473081408145,0.004257476026291527,0.7647058823529411,607.8587,estimated,0.4271730048135677,-1.1165055690537504,0.4700563705917841,estimated,False,112.03164202926554
ordinary_matched_changed_negative_02,2016_2017,LR,A,A,A_model_A_inputs,full,post_hoc_revision,1063,51,1012,12157.173999999999,51.0,0.004195053883410734,851.6930783411221,0.007596946077152325,0.6979173520850449,0.0041775737581101115,0.050288235294116294,607.8586999999999,estimated,0.7725058776622761,1.2651617829303081,1.0819687142460421,estimated,False,4690.18502162831
ordinary_matched_changed_negative_02,2016_2017,LR,B,B,B_model_B_inputs,full,post_hoc_revision,1063,51,1012,12157.173999999999,51.0,0.004195053883410734,851.6930783411221,0.007592666634070882,0.6976079879798972,0.004177587506631884,0.0392156862745098,607.8586999999998,estimated,0.7706093920386998,1.216327636247153,1.0741760694405802,estimated,False,4633.284033443993
ordinary_matched_changed_negative_02,2016_2017,LGBM,A,A,A_model_A_inputs,full,post_hoc_revision,1063,51,1012,12157.173999999999,51.0,0.004195053883410734,851.6930783411221,0.2379579427372899,0.9695278057068644,0.003818407909192222,0.7647058823529411,607.8587,estimated,1.0402775739431107,-0.702991441591276,0.5259492229148848,estimated,False,120.57679468944023
ordinary_matched_changed_negative_02,2016_2017,LGBM,B,B,B_model_B_inputs,full,post_hoc_revision,1063,51,1012,12157.173999999999,51.0,0.004195053883410734,851.6930783411221,0.20012300321475926,0.9671000021939868,0.00409377437882607,0.7647058823529411,607.8587,estimated,0.7251135112006425,-0.9737502387260578,0.48141092168199945,estimated,False,117.55649419634408
ordinary_matched_changed_negative_03,2016_2017,LR,A,A,A_model_A_inputs,full,post_hoc_revision,1063,51,1012,12157.173999999999,51.0,0.004195053883410734,851.6930783411221,0.007592785614051849,0.6977759949463117,0.004177574449092206,0.050288235294116294,607.8586999999999,estimated,0.772908015252898,1.2760605803852958,1.0837099332200513,estimated,False,4702.224195768853
ordinary_matched_changed_negative_03,2016_2017,LR,B,B,B_model_B_inputs,full,post_hoc_revision,1063,51,1012,12157.173999999999,51.0,0.004195053883410734,851.6930783411221,0.007594268735595163,0.6976819058622189,0.004177587926874267,0.0392156862745098,607.8586999999999,estimated,0.7710334185653738,1.2272926635412813,1.0759251791291515,estimated,False,4645.408242493205
ordinary_matched_changed_negative_03,2016_2017,LGBM,A,A,A_model_A_inputs,full,post_hoc_revision,1063,51,1012,12157.173999999999,51.0,0.004195053883410734,851.6930783411221,0.19972518235891912,0.9569828115284444,0.004918912690010769,0.7450980392156863,607.8587,estimated,0.2745894917685149,-1.3919245650236534,0.4289122777461162,estimated,False,131.798190407807
ordinary_matched_changed_negative_03,2016_2017,LGBM,B,B,B_model_B_inputs,full,post_hoc_revision,1063,51,1012,12157.173999999999,51.0,0.004195053883410734,851.6930783411221,0.21245081253812606,0.9642341366722569,0.004103781261297653,0.7843137254901961,607.8587,estimated,0.6373269215140153,-1.0296271757822257,0.4761353524758378,estimated,False,115.37278498059193
ordinary_matched_changed_negative_04,2016_2017,LR,A,A,A_model_A_inputs,full,post_hoc_revision,1063,51,1012,12157.173999999999,51.0,0.004195053883410734,851.6930783411221,0.007587747803930513,0.6976126979409337,0.004177575660590504,0.050288235294116294,607.8586999999999,estimated,0.7722073996877157,1.267384021019983,1.0823888110922986,estimated,False,4696.75694125091
ordinary_matched_changed_negative_04,2016_2017,LR,B,B,B_model_B_inputs,full,post_hoc_revision,1063,51,1012,12157.173999999999,51.0,0.004195053883410734,851.6930783411221,0.0075923942457560714,0.697656726682619,0.004177588718959646,0.0392156862745098,607.8586999999998,estimated,0.7703287685038172,1.218696704393075,1.0746176290621985,estimated,False,4639.6909644586385
ordinary_matched_changed_negative_04,2016_2017,LGBM,A,A,A_model_A_inputs,full,post_hoc_revision,1063,51,1012,12157.173999999999,51.0,0.004195053883410734,851.6930783411221,0.24969554844959216,0.9655067882281051,0.0038243917317907434,0.7450980392156863,607.8587,estimated,0.884041120103105,-0.8541987829121152,0.5089608848906411,estimated,False,118.98218729805734
ordinary_matched_changed_negative_04,2016_2017,LGBM,B,B,B_model_B_inputs,full,post_hoc_revision,1063,51,1012,12157.173999999999,51.0,0.004195053883410734,851.6930783411221,0.21381559862109323,0.9617456608277308,0.004239145975380532,0.7254901960784313,607.8587,estimated,0.40507658482435244,-1.137167689607656,0.46711963995128625,estimated,False,112.17023447734195
ordinary_matched_changed_negative_05,2016_2017,LR,A,A,A_model_A_inputs,full,post_hoc_revision,1063,51,1012,12157.173999999999,51.0,0.004195053883410734,851.6930783411221,0.007588365275955945,0.6975436390280446,0.004177576695330683,0.058823529411764705,607.8586999999998,estimated,0.7722600292104423,1.2628910597278113,1.0816316583536416,estimated,False,4694.212253174191
ordinary_matched_changed_negative_05,2016_2017,LR,B,B,B_model_B_inputs,full,post_hoc_revision,1063,51,1012,12157.173999999999,51.0,0.004195053883410734,851.6930783411221,0.007590087772428803,0.6976079879798971,0.004177590779075236,0.0392156862745098,607.8586999999999,estimated,0.7703893261691094,1.2143006312745803,1.0738744928832515,estimated,False,4638.211427340509
ordinary_matched_changed_negative_05,2016_2017,LGBM,A,A,A_model_A_inputs,full,post_hoc_revision,1063,51,1012,12157.173999999999,51.0,0.004195053883410734,851.6930783411221,0.19803412485142272,0.9590379353251542,0.005014503254382301,0.7254901960784313,607.8587,estimated,0.219189718739886,-1.3856607801082226,0.43367696397731964,estimated,False,131.06589955743607
ordinary_matched_changed_negative_05,2016_2017,LGBM,B,B,B_model_B_inputs,full,post_hoc_revision,1063,51,1012,12157.173999999999,51.0,0.004195053883410734,851.6930783411221,0.2021521418161025,0.9635619500802636,0.004599443249122462,0.7254901960784313,607.8587,estimated,0.28412045373469985,-1.1924450756852218,0.4634748861032486,estimated,False,108.30418885533967
ordinary_matched_changed_negative_06,2016_2017,LR,A,A,A_model_A_inputs,full,post_hoc_revision,1063,51,1012,12157.173999999999,51.0,0.004195053883410734,851.6930783411221,0.007585738379887184,0.6974965199818002,0.004177569670592201,0.050288235294116294,607.8586999999999,estimated,0.7719523073388872,1.2609826102088038,1.0813717585777634,estimated,False,4687.319458200377
ordinary_matched_changed_negative_06,2016_2017,LR,B,B,B_model_B_inputs,full,post_hoc_revision,1063,51,1012,12157.173999999999,51.0,0.004195053883410734,851.6930783411221,0.007594174377095759,0.6975624885901303,0.004177583722528049,0.0392156862745098,607.8586999999998,estimated,0.7700651501527561,1.2119063417388016,1.0735360848876347,estimated,False,4630.602936346046
ordinary_matched_changed_negative_06,2016_2017,LGBM,A,A,A_model_A_inputs,full,post_hoc_revision,1063,51,1012,12157.173999999999,51.0,0.004195053883410734,851.6930783411221,0.18869638264500643,0.9600268489806422,0.005191793727041864,0.7843137254901961,607.8587,estimated,0.058100782295644256,-1.4938944798738434,0.4213717835013207,estimated,False,128.88212575057904
ordinary_matched_changed_negative_06,2016_2017,LGBM,B,B,B_model_B_inputs,full,post_hoc_revision,1063,51,1012,12157.173999999999,51.0,0.004195053883410734,851.6930783411221,0.19450737893870748,0.9425565928299945,0.0053323762305891535,0.7058823529411765,607.8587000000001,estimated,-0.2774769230337229,-1.6094960281047561,0.40544360006326824,estimated,False,128.04865339713362
ordinary_matched_changed_negative_07,2016_2017,LR,A,A,A_model_A_inputs,full,post_hoc_revision,1063,51,1012,12157.173999999999,51.0,0.004195053883410734,851.6930783411221,0.007587406453696207,0.6976378771205336,0.004177574271060159,0.0392156862745098,607.8586999999998,estimated,0.7722369021708324,1.2700571055191385,1.0828291585418053,estimated,False,4698.802140187138
ordinary_matched_changed_negative_07,2016_2017,LR,B,B,B_model_B_inputs,full,post_hoc_revision,1063,51,1012,12157.173999999999,51.0,0.004195053883410734,851.6930783411221,0.007587204570146443,0.6975405487234857,0.004177587946107076,0.0392156862745098,607.8586999999998,estimated,0.7703562788478439,1.220967295731024,1.0749911187428802,estimated,False,4641.6771180095575
ordinary_matched_changed_negative_07,2016_2017,LGBM,A,A,A_model_A_inputs,full,post_hoc_revision,1063,51,1012,12157.173999999999,51.0,0.004195053883410734,851.6930783411221,0.2563759268384558,0.9713725134519519,0.0037363229094724967,0.7647058823529411,607.8587,estimated,0.9189448828557479,-0.8042513083472863,0.5130216415715867,estimated,False,116.48971228302268
ordinary_matched_changed_negative_07,2016_2017,LGBM,B,B,B_model_B_inputs,full,post_hoc_revision,1063,51,1012,12157.173999999999,51.0,0.004195053883410734,851.6930783411221,0.24210240656769008,0.9671789183361984,0.0038403592066162283,0.7254901960784313,607.8587,estimated,0.7565118828197732,-0.9082450271483709,0.49709563790672395,estimated,False,110.37955309628101
ordinary_matched_changed_negative_08,2016_2017,LR,A,A,A_model_A_inputs,full,post_hoc_revision,1063,51,1012,12157.173999999999,51.0,0.004195053883410734,851.6930783411221,0.007587343192969094,0.6975468783409997,0.004177573375432485,0.050288235294116294,607.8586999999999,estimated,0.771952935580249,1.2576957625298644,1.0808236296617264,estimated,False,4685.970719117648
ordinary_matched_changed_negative_08,2016_2017,LR,B,B,B_model_B_inputs,full,post_hoc_revision,1063,51,1012,12157.173999999999,51.0,0.004195053883410734,851.6930783411221,0.0075852856909811375,0.6975405487234855,0.004177587461888585,0.0392156862745098,607.8586999999998,estimated,0.7700689279431426,1.2087403600029496,1.073007480850267,estimated,False,4629.423883119701
ordinary_matched_changed_negative_08,2016_2017,LGBM,A,A,A_model_A_inputs,full,post_hoc_revision,1063,51,1012,12157.173999999999,51.0,0.004195053883410734,851.6930783411221,0.26604894519186506,0.9662649559038649,0.0038305368088060883,0.7843137254901961,607.8587,estimated,0.8187319235504105,-0.8752040552037581,0.5059536443259403,estimated,False,114.71331682061769
ordinary_matched_changed_negative_08,2016_2017,LGBM,B,B,B_model_B_inputs,full,post_hoc_revision,1063,51,1012,12157.173999999999,51.0,0.004195053883410734,851.6930783411221,0.23736676059763562,0.9658483964544077,0.0039273101521251335,0.7647058823529411,607.8587,estimated,0.7026493764857965,-0.9301419657871856,0.4929603819177483,estimated,False,113.75731134806709
ordinary_matched_changed_negative_09,2016_2017,LR,A,A,A_model_A_inputs,full,post_hoc_revision,1063,51,1012,12157.173999999999,51.0,0.004195053883410734,851.6930783411221,0.007590975101473812,0.6976614366436558,0.004177577352116548,0.050288235294116294,607.8586999999999,estimated,0.7729981300064853,1.267802840261829,1.0823213962290166,estimated,False,4691.647663012219
ordinary_matched_changed_negative_09,2016_2017,LR,B,B,B_model_B_inputs,full,post_hoc_revision,1063,51,1012,12157.173999999999,51.0,0.004195053883410734,851.6930783411221,0.007596613301242746,0.6977022260723859,0.004177590943462509,0.0392156862745098,607.8586999999999,estimated,0.7711159282517601,1.2192476887050803,1.0745730990682636,estimated,False,4635.108577952047
ordinary_matched_changed_negative_09,2016_2017,LGBM,A,A,A_model_A_inputs,full,post_hoc_revision,1063,51,1012,12157.173999999999,51.0,0.004195053883410734,851.6930783411221,0.2538988873968629,0.9658729893183626,0.003687663089581654,0.7450980392156863,607.8587,estimated,0.8297948845896784,-0.8432376979408891,0.5097340391825191,estimated,False,114.02570313593752
ordinary_matched_changed_negative_09,2016_2017,LGBM,B,B,B_model_B_inputs,full,post_hoc_revision,1063,51,1012,12157.173999999999,51.0,0.004195053883410734,851.6930783411221,0.22482699339446843,0.9653106510679887,0.0040920603436946455,0.7843137254901961,607.8587,estimated,0.6255929423801986,-0.9906640423189911,0.4881504385439356,estimated,False,110.2258783813911
ordinary_matched_changed_negative_10,2016_2017,LR,A,A,A_model_A_inputs,full,post_hoc_revision,1063,51,1012,12157.173999999999,51.0,0.004195053883410734,851.6930783411221,0.007592994817192099,0.6977556747361447,0.004177579617691048,0.050288235294116294,607.8586999999999,estimated,0.7727920776989062,1.2699235256141703,1.0827070478680363,estimated,False,4700.443138071071
ordinary_matched_changed_negative_10,2016_2017,LR,B,B,B_model_B_inputs,full,post_hoc_revision,1063,51,1012,12157.173999999999,51.0,0.004195053883410734,851.6930783411221,0.007601694750767525,0.697823263000952,0.004177593089064618,0.0392156862745098,607.8586999999999,estimated,0.7709166188224068,1.221188621086999,1.0749278396892483,estimated,False,4643.643529997321
ordinary_matched_changed_negative_10,2016_2017,LGBM,A,A,A_model_A_inputs,full,post_hoc_revision,1063,51,1012,12157.173999999999,51.0,0.004195053883410734,851.6930783411221,0.25606285981589005,0.9676835352690261,0.003825193876096805,0.7647058823529411,607.8587,estimated,0.8191982638118807,-0.882603619702776,0.5010522971508727,estimated,False,117.16949264116323
ordinary_matched_changed_negative_10,2016_2017,LGBM,B,B,B_model_B_inputs,full,post_hoc_revision,1063,51,1012,12157.173999999999,51.0,0.004195053883410734,851.6930783411221,0.2298839220763371,0.963508938723754,0.00408903728318321,0.7647058823529411,607.8587,estimated,0.6460283914805467,-0.9549248396760729,0.49385818686145916,estimated,False,110.44935095420018
ordinary_matched_changed_negative_11,2016_2017,LR,A,A,A_model_A_inputs,full,post_hoc_revision,1063,51,1012,12157.173999999999,51.0,0.004195053883410734,851.6930783411221,0.007585711248973082,0.6975013789512329,0.004177569935845596,0.050288235294116294,607.8586999999999,estimated,0.7719366237059407,1.2574329278225989,1.0807853539863952,estimated,False,4682.54944759339
ordinary_matched_changed_negative_11,2016_2017,LR,B,B,B_model_B_inputs,full,post_hoc_revision,1063,51,1012,12157.173999999999,51.0,0.004195053883410734,851.6930783411221,0.007583392345823647,0.6974901903642862,0.004177583605862631,0.0392156862745098,607.8586999999998,estimated,0.7700632950918864,1.2090074261313686,1.073055419581381,estimated,False,4626.394871483826
ordinary_matched_changed_negative_11,2016_2017,LGBM,A,A,A_model_A_inputs,full,post_hoc_revision,1063,51,1012,12157.173999999999,51.0,0.004195053883410734,851.6930783411221,0.2571828035214093,0.9709466733708787,0.003722552273607262,0.7843137254901961,607.8587,estimated,1.0601362558084155,-0.6986876644564656,0.528823678609636,estimated,False,121.33017025028124
ordinary_matched_changed_negative_11,2016_2017,LGBM,B,B,B_model_B_inputs,full,post_hoc_revision,1063,51,1012,12157.173999999999,51.0,0.004195053883410734,851.6930783411221,0.2593236853076278,0.967187314635378,0.004067030939755889,0.803921568627451,607.8587,estimated,0.4628208694172521,-1.0404615345703554,0.4811833472386509,estimated,False,104.85291486974349
ordinary_matched_changed_negative_12,2016_2017,LR,A,A,A_model_A_inputs,full,post_hoc_revision,1063,51,1012,12157.173999999999,51.0,0.004195053883410734,851.6930783411221,0.007588148500418255,0.6975623395817342,0.004177578311450218,0.050288235294116294,607.8586999999999,estimated,0.7722227627710104,1.2552814792376314,1.0803742595017585,estimated,False,4685.986551393369
ordinary_matched_changed_negative_12,2016_2017,LR,B,B,B_model_B_inputs,full,post_hoc_revision,1063,51,1012,12157.173999999999,51.0,0.004195053883410734,851.6930783411221,0.007589611686014393,0.6976502480567089,0.004177591767587169,0.0392156862745098,607.8586999999998,estimated,0.7703467063777497,1.2068341856914544,1.0726417402429276,estimated,False,4629.53018980591
ordinary_matched_changed_negative_12,2016_2017,LGBM,A,A,A_model_A_inputs,full,post_hoc_revision,1063,51,1012,12157.173999999999,51.0,0.004195053883410734,851.6930783411221,0.2673528039077298,0.9709189902023647,0.0037745672402768205,0.7508764705882364,607.8587,estimated,1.213553134720578,-0.6263448167932079,0.5335915933927295,estimated,False,127.38210193365556
ordinary_matched_changed_negative_12,2016_2017,LGBM,B,B,B_model_B_inputs,full,post_hoc_revision,1063,51,1012,12157.173999999999,51.0,0.004195053883410734,851.6930783411221,0.24035515557007542,0.9680881708074953,0.00391557451011458,0.7843137254901961,607.8587,estimated,0.7940619706927261,-0.9097159385788942,0.4963008012563673,estimated,False,116.13287282019445
ordinary_matched_changed_negative_13,2016_2017,LR,A,A,A_model_A_inputs,full,post_hoc_revision,1063,51,1012,12157.173999999999,51.0,0.004195053883410734,851.6930783411221,0.007588354721342066,0.6975200795049225,0.0041775678885816155,0.058823529411764705,607.8586999999998,estimated,0.7712159805184295,1.247606418545532,1.0792768780652504,estimated,False,4675.633678917964
ordinary_matched_changed_negative_13,2016_2017,LR,B,B,B_model_B_inputs,full,post_hoc_revision,1063,51,1012,12157.173999999999,51.0,0.004195053883410734,851.6930783411221,0.007591115359043495,0.6974195117949195,0.004177581964898118,0.0392156862745098,607.8586999999998,estimated,0.7693329150512729,1.198873250073419,1.0714963407584168,estimated,False,4619.3678666244
ordinary_matched_changed_negative_13,2016_2017,LGBM,A,A,A_model_A_inputs,full,post_hoc_revision,1063,51,1012,12157.173999999999,51.0,0.004195053883410734,851.6930783411221,0.24797205692265484,0.9670045817522697,0.0037885968298891617,0.7843137254901961,607.8587,estimated,0.7466258498648425,-0.8990783977548765,0.5052112710396729,estimated,False,110.60169868980492
ordinary_matched_changed_negative_13,2016_2017,LGBM,B,B,B_model_B_inputs,full,post_hoc_revision,1063,51,1012,12157.173999999999,51.0,0.004195053883410734,851.6930783411221,0.2090587395512181,0.9642030651823918,0.00432004995912946,0.7450980392156863,607.8587,estimated,0.3880854213646462,-1.1447834856745946,0.465526274314272,estimated,False,111.07417530590409
ordinary_matched_changed_negative_14,2016_2017,LR,A,A,A_model_A_inputs,full,post_hoc_revision,1063,51,1012,12157.173999999999,51.0,0.004195053883410734,851.6930783411221,0.007591543250566355,0.6977085556899001,0.004177576299952992,0.050288235294116294,607.8586999999999,estimated,0.7728124664361901,1.272763513693668,1.0831780878791304,estimated,False,4699.643131351735
ordinary_matched_changed_negative_14,2016_2017,LR,B,B,B_model_B_inputs,full,post_hoc_revision,1063,51,1012,12157.173999999999,51.0,0.004195053883410734,851.6930783411221,0.007599047779456526,0.697754204088063,0.00417758978871643,0.0392156862745098,607.8586999999999,estimated,0.7709371037454964,1.2240080718582391,1.0753953567460233,estimated,False,4642.852341060814
ordinary_matched_changed_negative_14,2016_2017,LGBM,A,A,A_model_A_inputs,full,post_hoc_revision,1063,51,1012,12157.173999999999,51.0,0.004195053883410734,851.6930783411221,0.23823420663093867,0.9677325719885398,0.0039038362962977905,0.7647058823529411,607.8587,estimated,0.8309909750924627,-0.9061937338001076,0.49903457733266016,estimated,False,120.2914690385549
ordinary_matched_changed_negative_14,2016_2017,LGBM,B,B,B_model_B_inputs,full,post_hoc_revision,1063,51,1012,12157.173999999999,51.0,0.004195053883410734,851.6930783411221,0.21847813035798147,0.9655478659556884,0.004025007747079745,0.7647058823529411,607.8587,estimated,0.6127086118489347,-0.9949392020107473,0.4807612848497688,estimated,False,113.2233807193801
ordinary_matched_changed_negative_15,2016_2017,LR,A,A,A_model_A_inputs,full,post_hoc_revision,1063,51,1012,12157.173999999999,51.0,0.004195053883410734,851.6930783411221,0.007606365424873256,0.6978815706341434,0.004177567965169907,0.058823529411764705,607.8586999999998,estimated,0.7721880299636271,1.2761086749241546,1.0838423928749659,estimated,False,4709.333443575844
ordinary_matched_changed_negative_15,2016_2017,LR,B,B,B_model_B_inputs,full,post_hoc_revision,1063,51,1012,12157.173999999999,51.0,0.004195053883410734,851.6930783411221,0.00760421456473798,0.6977338838778959,0.004177581869504455,0.0392156862745098,607.8586999999998,estimated,0.7702825250015068,1.2268149681012257,1.0759749696882008,estimated,False,4652.379978799811
ordinary_matched_changed_negative_15,2016_2017,LGBM,A,A,A_model_A_inputs,full,post_hoc_revision,1063,51,1012,12157.173999999999,51.0,0.004195053883410734,851.6930783411221,0.24951676407966664,0.967894984661481,0.003885341374982388,0.7647058823529411,607.8587,estimated,0.8541645315929312,-0.8823787043458374,0.502332688629867,estimated,False,118.37220248572036
ordinary_matched_changed_negative_15,2016_2017,LGBM,B,B,B_model_B_inputs,full,post_hoc_revision,1063,51,1012,12157.173999999999,51.0,0.004195053883410734,851.6930783411221,0.1973905808249049,0.9644373290559894,0.004113756243482952,0.7647058823529411,607.8587,estimated,0.5173760764835388,-1.0593354152676164,0.47677648748675194,estimated,False,110.73050112735004
ordinary_matched_changed_negative_16,2016_2017,LR,A,A,A_model_A_inputs,full,post_hoc_revision,1063,51,1012,12157.173999999999,51.0,0.004195053883410734,851.6930783411221,0.007591329960670365,0.6976833765103004,0.004177579555410033,0.050288235294116294,607.8586999999999,estimated,0.7728848566542881,1.265384866255506,1.0819354274701005,estimated,False,4696.548676911085
ordinary_matched_changed_negative_16,2016_2017,LR,B,B,B_model_B_inputs,full,post_hoc_revision,1063,51,1012,12157.173999999999,51.0,0.004195053883410734,851.6930783411221,0.0075964695015151955,0.6976819058622188,0.004177593043816403,0.0392156862745098,607.8586999999999,estimated,0.7710123053116854,1.2168169066556223,1.0741834148635094,estimated,False,4639.92952633063
ordinary_matched_changed_negative_16,2016_2017,LGBM,A,A,A_model_A_inputs,full,post_hoc_revision,1063,51,1012,12157.173999999999,51.0,0.004195053883410734,851.6930783411221,0.2606216797947927,0.9693690696541273,0.003746617853504081,0.7647058823529411,607.8587,estimated,0.847303784307652,-0.852251516724863,0.5086115128834052,estimated,False,115.42870548850917
ordinary_matched_changed_negative_16,2016_2017,LGBM,B,B,B_model_B_inputs,full,post_hoc_revision,1063,51,1012,12157.173999999999,51.0,0.004195053883410734,851.6930783411221,0.2111684696527145,0.9669283088894296,0.004473512748433706,0.7647058823529411,607.8587,estimated,0.34501911082121534,-1.1368157502824285,0.4632587959918232,estimated,False,108.41449603914491
ordinary_matched_changed_negative_17,2016_2017,LR,A,A,A_model_A_inputs,full,post_hoc_revision,1063,51,1012,12157.173999999999,51.0,0.004195053883410734,851.6930783411221,0.007595333258328648,0.6976866158232555,0.004177577256874241,0.050288235294116294,607.8586999999999,estimated,0.7723806240901592,1.2679235954823567,1.0824455455265072,estimated,False,4701.142319940595
ordinary_matched_changed_negative_17,2016_2017,LR,B,B,B_model_B_inputs,full,post_hoc_revision,1063,51,1012,12157.173999999999,51.0,0.004195053883410734,851.6930783411221,0.007597430550667691,0.6975876677697298,0.004177591238491733,0.0392156862745098,607.8586999999999,estimated,0.7704945329466913,1.2186784625161888,1.0745827622010147,estimated,False,4644.118769142294
ordinary_matched_changed_negative_17,2016_2017,LGBM,A,A,A_model_A_inputs,full,post_hoc_revision,1063,51,1012,12157.173999999999,51.0,0.004195053883410734,851.6930783411221,0.23247196177918664,0.9669281598810336,0.003775479012694775,0.7647058823529411,607.8587,estimated,0.8702547913416242,-0.812604629019452,0.5133664524500505,estimated,False,114.51044745918115
ordinary_matched_changed_negative_17,2016_2017,LGBM,B,B,B_model_B_inputs,full,post_hoc_revision,1063,51,1012,12157.173999999999,51.0,0.004195053883410734,851.6930783411221,0.2341770992874221,0.9645879668263391,0.004098842763146369,0.7647058823529411,607.8587,estimated,0.6440692685013006,-0.977893898561307,0.48449860336060646,estimated,False,115.28002945180572
ordinary_matched_changed_negative_18,2016_2017,LR,A,A,A_model_A_inputs,full,post_hoc_revision,1063,51,1012,12157.173999999999,51.0,0.004195053883410734,851.6930783411221,0.007586229385134624,0.6974697211457229,0.0041775819194547845,0.058823529411764705,607.8586999999998,estimated,0.7721585470749227,1.2582426451228041,1.0808742960646187,estimated,False,4692.738936181736
ordinary_matched_changed_negative_18,2016_2017,LR,B,B,B_model_B_inputs,full,post_hoc_revision,1063,51,1012,12157.173999999999,51.0,0.004195053883410734,851.6930783411221,0.007589837864345206,0.6975860481132524,0.004177595865448612,0.0392156862745098,607.8586999999999,estimated,0.7702844748014819,1.2096800491303872,1.0731223481289727,estimated,False,4636.590454633795
ordinary_matched_changed_negative_18,2016_2017,LGBM,A,A,A_model_A_inputs,full,post_hoc_revision,1063,51,1012,12157.173999999999,51.0,0.004195053883410734,851.6930783411221,0.26111298083888285,0.967530691526554,0.0037390879514251018,0.7843137254901961,607.8587,estimated,1.0555757036778648,-0.7532219099075457,0.517907595941352,estimated,False,125.6490751653493
ordinary_matched_changed_negative_18,2016_2017,LGBM,B,B,B_model_B_inputs,full,post_hoc_revision,1063,51,1012,12157.173999999999,51.0,0.004195053883410734,851.6930783411221,0.21597512349411344,0.9660561595087198,0.003979526126621214,0.7843137254901961,607.8587,estimated,0.7409486955231886,-0.9329648166940402,0.49613606500089036,estimated,False,114.86355175147592
ordinary_matched_changed_negative_19,2016_2017,LR,A,A,A_model_A_inputs,full,post_hoc_revision,1063,51,1012,12157.173999999999,51.0,0.004195053883410734,851.6930783411221,0.0076047634405019505,0.6979441509211223,0.004177562267638004,0.0392156862745098,607.8586999999999,estimated,0.7714983779063813,1.2728397169479793,1.0834234919980987,estimated,False,4705.403218865763
ordinary_matched_changed_negative_19,2016_2017,LR,B,B,B_model_B_inputs,full,post_hoc_revision,1063,51,1012,12157.173999999999,51.0,0.004195053883410734,851.6930783411221,0.0076049463582279105,0.6978232630009521,0.004177576094415816,0.0392156862745098,607.8586999999998,estimated,0.7695774090157024,1.2233062991862984,1.0755178903721891,estimated,False,4648.09237996275
ordinary_matched_changed_negative_19,2016_2017,LGBM,A,A,A_model_A_inputs,full,post_hoc_revision,1063,51,1012,12157.173999999999,51.0,0.004195053883410734,851.6930783411221,0.2532257717004477,0.9666049541916286,0.0038664443481850864,0.7450980392156863,607.8587,estimated,0.7965391698966776,-0.8982850193305593,0.5000923402117861,estimated,False,115.19310299330643
ordinary_matched_changed_negative_19,2016_2017,LGBM,B,B,B_model_B_inputs,full,post_hoc_revision,1063,51,1012,12157.173999999999,51.0,0.004195053883410734,851.6930783411221,0.24719895967187724,0.9607576315046797,0.003901188726949129,0.7450980392156863,607.8587000000001,estimated,0.6731497799909419,-1.0220117724965057,0.47978278805950525,estimated,False,115.87872113848117
ordinary_matched_other_unchanged_negative_00,2016_2017,LR,A,A,A_model_A_inputs,full,post_hoc_revision,1063,51,1012,12157.173999999999,51.0,0.004195053883410734,851.6930783411221,0.007620441383244854,0.6985753990759893,0.004177536265826967,0.058823529411764705,607.8586999999998,estimated,0.7717456501887023,1.3011651973474314,1.0881032499400298,estimated,False,4713.193575057643
ordinary_matched_other_unchanged_negative_00,2016_2017,LR,B,B,B_model_B_inputs,full,post_hoc_revision,1063,51,1012,12157.173999999999,51.0,0.004195053883410734,851.6930783411221,0.007606659676239479,0.6981547159811405,0.004177550172339575,0.0392156862745098,607.8586999999998,estimated,0.7698595481548269,1.2518009790930742,1.0802199339214968,estimated,False,4656.209069501997
ordinary_matched_other_unchanged_negative_00,2016_2017,LGBM,A,A,A_model_A_inputs,full,post_hoc_revision,1063,51,1012,12157.173999999999,51.0,0.004195053883410734,851.6930783411221,0.2532844963988231,0.9649784627637595,0.003866632783118814,0.7843137254901961,607.8587,estimated,0.7799316671787061,-0.9379943645075395,0.4968964150765401,estimated,False,115.14147629209776
ordinary_matched_other_unchanged_negative_00,2016_2017,LGBM,B,B,B_model_B_inputs,full,post_hoc_revision,1063,51,1012,12157.173999999999,51.0,0.004195053883410734,851.6930783411221,0.23411693148806856,0.9669916245004493,0.004405761605424287,0.7647058823529411,607.8587,estimated,0.65840553378542,-1.0346681767331491,0.4772561020842388,estimated,False,114.4480956466692
ordinary_matched_other_unchanged_negative_01,2016_2017,LR,A,A,A_model_A_inputs,full,post_hoc_revision,1063,51,1012,12157.173999999999,51.0,0.004195053883410734,851.6930783411221,0.007590544890121825,0.6974981396382778,0.004177573486909924,0.050288235294116294,607.8586999999999,estimated,0.7718037488771506,1.2621934685439693,1.0815960655172232,estimated,False,4693.340394392598
ordinary_matched_other_unchanged_negative_01,2016_2017,LR,B,B,B_model_B_inputs,full,post_hoc_revision,1063,51,1012,12157.173999999999,51.0,0.004195053883410734,851.6930783411221,0.007602426683845732,0.6977477254621529,0.004177585317510743,0.058823529411764705,607.8586999999998,estimated,0.7697211563682934,1.2105949776030542,1.0733747952110548,estimated,False,4631.979962486278
ordinary_matched_other_unchanged_negative_01,2016_2017,LGBM,A,A,A_model_A_inputs,full,post_hoc_revision,1063,51,1012,12157.173999999999,51.0,0.004195053883410734,851.6930783411221,0.2685604725138468,0.968380752032223,0.003815877649246794,0.7843137254901961,607.8587,estimated,0.8285960911093361,-0.9076738479605173,0.49896683472150966,estimated,False,116.80181291611558
ordinary_matched_other_unchanged_negative_01,2016_2017,LGBM,B,B,B_model_B_inputs,full,post_hoc_revision,1063,51,1012,12157.173999999999,51.0,0.004195053883410734,851.6930783411221,0.2586041621462818,0.9645535070151229,0.004137184354584629,0.7254901960784313,607.8587,estimated,0.6346556952675576,-1.0279940065836473,0.48364851508649476,estimated,False,111.51559586324478
ordinary_matched_other_unchanged_negative_02,2016_2017,LR,A,A,A_model_A_inputs,full,post_hoc_revision,1063,51,1012,12157.173999999999,51.0,0.004195053883410734,851.6930783411221,0.007592555555872901,0.6978011741259114,0.004177575179677635,0.050288235294116294,607.8586999999999,estimated,0.7727961126184069,1.2815325259350012,1.0846409963866472,estimated,False,4705.028746809246
ordinary_matched_other_unchanged_negative_02,2016_2017,LR,B,B,B_model_B_inputs,full,post_hoc_revision,1063,51,1012,12157.173999999999,51.0,0.004195053883410734,851.6930783411221,0.007598947209845937,0.6978468225240743,0.004177588719705205,0.0392156862745098,607.8586999999999,estimated,0.7709205889438894,1.232543252340826,1.0768195426877099,estimated,False,4648.085216192352
ordinary_matched_other_unchanged_negative_02,2016_2017,LGBM,A,A,A_model_A_inputs,full,post_hoc_revision,1063,51,1012,12157.173999999999,51.0,0.004195053883410734,851.6930783411221,0.289564586715163,0.9645512913250616,0.0036957512733950546,0.7843137254901961,607.8587,estimated,0.7809719919053991,-0.8782472146792533,0.5091563657490453,estimated,False,111.77230849809224
ordinary_matched_other_unchanged_negative_02,2016_2017,LGBM,B,B,B_model_B_inputs,full,post_hoc_revision,1063,51,1012,12157.173999999999,51.0,0.004195053883410734,851.6930783411221,0.2509240376302894,0.960347103655945,0.0039186203915832,0.7450980392156863,607.8587,estimated,0.6495634807488447,-0.9903588785792649,0.4866762449548636,estimated,False,113.08855620042935
ordinary_matched_other_unchanged_negative_03,2016_2017,LR,A,A,A_model_A_inputs,full,post_hoc_revision,1063,51,1012,12157.173999999999,51.0,0.004195053883410734,851.6930783411221,0.007592837329294502,0.6980196884599215,0.004177583491430713,0.058823529411764705,607.8586999999998,estimated,0.7733220081293721,1.2720480418057543,1.0829726142436815,estimated,False,4688.658994486951
ordinary_matched_other_unchanged_negative_03,2016_2017,LR,B,B,B_model_B_inputs,full,post_hoc_revision,1063,51,1012,12157.173999999999,51.0,0.004195053883410734,851.6930783411221,0.0075690607159869016,0.6975137498874083,0.004177597429877361,0.050288235294116294,607.8586999999999,estimated,0.7714208473981836,1.2230153333190932,1.0751481884148755,estimated,False,4632.399926482823
ordinary_matched_other_unchanged_negative_03,2016_2017,LGBM,A,A,A_model_A_inputs,full,post_hoc_revision,1063,51,1012,12157.173999999999,51.0,0.004195053883410734,851.6930783411221,0.26077850766159016,0.9639403730983005,0.003761192938330725,0.7254901960784313,607.8587,estimated,0.9452571185616695,-0.8001086212029019,0.5136161510847382,estimated,False,119.88795369599978
ordinary_matched_other_unchanged_negative_03,2016_2017,LGBM,B,B,B_model_B_inputs,full,post_hoc_revision,1063,51,1012,12157.173999999999,51.0,0.004195053883410734,851.6930783411221,0.21323067768010653,0.9683150814406848,0.0040308589640280406,0.7450980392156863,607.8587,estimated,0.6363415333959097,-1.0203988448128214,0.48147711700501367,estimated,False,116.10458632157645
ordinary_matched_other_unchanged_negative_04,2016_2017,LR,A,A,A_model_A_inputs,full,post_hoc_revision,1063,51,1012,12157.173999999999,51.0,0.004195053883410734,851.6930783411221,0.007607371517910662,0.6978873139360127,0.004177553632052461,0.0392156862745098,607.8586999999998,estimated,0.7700626957716182,1.256858030890931,1.0810222744154645,estimated,False,4687.844430651379
ordinary_matched_other_unchanged_negative_04,2016_2017,LR,B,B,B_model_B_inputs,full,post_hoc_revision,1063,51,1012,12157.173999999999,51.0,0.004195053883410734,851.6930783411221,0.007598845119549913,0.6977412468362427,0.0041775672067982245,0.0392156862745098,607.8586999999999,estimated,0.7681528324944402,1.2073880801553225,1.0731231211782883,estimated,False,4630.1258431926035
ordinary_matched_other_unchanged_negative_04,2016_2017,LGBM,A,A,A_model_A_inputs,full,post_hoc_revision,1063,51,1012,12157.173999999999,51.0,0.004195053883410734,851.6930783411221,0.25647269046779525,0.9681619396814211,0.003875471324750553,0.7843137254901961,607.8587,estimated,0.9207497163706967,-0.830178455800497,0.5079187398754601,estimated,False,120.78340304425282
ordinary_matched_other_unchanged_negative_04,2016_2017,LGBM,B,B,B_model_B_inputs,full,post_hoc_revision,1063,51,1012,12157.173999999999,51.0,0.004195053883410734,851.6930783411221,0.2545369348856995,0.9652140579949816,0.003925276958537318,0.7450980392156863,607.8587,estimated,0.7797528987974881,-0.9368956101295596,0.4970082990815347,estimated,False,114.68343796606503
ordinary_matched_other_unchanged_negative_05,2016_2017,LR,A,A,A_model_A_inputs,full,post_hoc_revision,1063,51,1012,12157.173999999999,51.0,0.004195053883410734,851.6930783411221,0.007597481591031436,0.6977792342592668,0.004177577221107292,0.0392156862745098,607.8586999999999,estimated,0.7718370452440771,1.258893594915352,1.0810380294364605,estimated,False,4698.248970277047
ordinary_matched_other_unchanged_negative_05,2016_2017,LR,B,B,B_model_B_inputs,full,post_hoc_revision,1063,51,1012,12157.173999999999,51.0,0.004195053883410734,851.6930783411221,0.007597784606876057,0.6976079879798971,0.004177590816932423,0.0392156862745098,607.8586999999998,estimated,0.7699686660008105,1.2100407406289173,1.0732369327186606,estimated,False,4641.110817706086
ordinary_matched_other_unchanged_negative_05,2016_2017,LGBM,A,A,A_model_A_inputs,full,post_hoc_revision,1063,51,1012,12157.173999999999,51.0,0.004195053883410734,851.6930783411221,0.27190921483459435,0.9625239997052618,0.003800523565519611,0.7647058823529411,607.8587,estimated,1.0554091148716647,-0.7900969813474297,0.5113287508424162,estimated,False,125.55693370027633
ordinary_matched_other_unchanged_negative_05,2016_2017,LGBM,B,B,B_model_B_inputs,full,post_hoc_revision,1063,51,1012,12157.173999999999,51.0,0.004195053883410734,851.6930783411221,0.21022073347507336,0.968800699803031,0.004302508608192673,0.7450980392156863,607.8587,estimated,0.47193186521980907,-1.045166284732525,0.4747540934229816,estimated,False,110.78560395312581
ordinary_matched_other_unchanged_negative_06,2016_2017,LR,A,A,A_model_A_inputs,full,post_hoc_revision,1063,51,1012,12157.173999999999,51.0,0.004195053883410734,851.6930783411221,0.007596087431140914,0.697903510500788,0.00417757222368531,0.058823529411764705,607.8586999999998,estimated,0.7729196995162142,1.2600058823185318,1.081044496811118,estimated,False,4683.393679442076
ordinary_matched_other_unchanged_negative_06,2016_2017,LR,B,B,B_model_B_inputs,full,post_hoc_revision,1063,51,1012,12157.173999999999,51.0,0.004195053883410734,851.6930783411221,0.0075893584690180805,0.6976989867594309,0.004177587047121078,0.0392156862745098,607.8586999999999,estimated,0.7709494261091274,1.2129800187638697,1.0735634020177165,estimated,False,4627.387628696006
ordinary_matched_other_unchanged_negative_06,2016_2017,LGBM,A,A,A_model_A_inputs,full,post_hoc_revision,1063,51,1012,12157.173999999999,51.0,0.004195053883410734,851.6930783411221,0.2709678340894064,0.9650974330106602,0.003786369486227055,0.7647058823529411,607.8587,estimated,0.9479303373747938,-0.8445940699272755,0.5094668147443342,estimated,False,125.54611849442101
ordinary_matched_other_unchanged_negative_06,2016_2017,LGBM,B,B,B_model_B_inputs,full,post_hoc_revision,1063,51,1012,12157.173999999999,51.0,0.004195053883410734,851.6930783411221,0.2172267141953915,0.9667501369589618,0.004233004323874791,0.7450980392156863,607.8587,estimated,0.6611973709885658,-1.0064581322635355,0.483860978763295,estimated,False,115.67575486719646
ordinary_matched_other_unchanged_negative_07,2016_2017,LR,A,A,A_model_A_inputs,full,post_hoc_revision,1063,51,1012,12157.173999999999,51.0,0.004195053883410734,851.6930783411221,0.007590168984239431,0.697688235479733,0.004177568470996559,0.050288235294116294,607.8586999999999,estimated,0.77229044007754,1.2628104173126982,1.0816183663296894,estimated,False,4683.281129109001
ordinary_matched_other_unchanged_negative_07,2016_2017,LR,B,B,B_model_B_inputs,full,post_hoc_revision,1063,51,1012,12157.173999999999,51.0,0.004195053883410734,851.6930783411221,0.007595035146200653,0.6976567266826191,0.004177581963829044,0.0392156862745098,607.8586999999998,estimated,0.770378036480048,1.2136612936458366,1.0737755215331117,estimated,False,4626.274234346418
ordinary_matched_other_unchanged_negative_07,2016_2017,LGBM,A,A,A_model_A_inputs,full,post_hoc_revision,1063,51,1012,12157.173999999999,51.0,0.004195053883410734,851.6930783411221,0.2652127360594798,0.9608216727218012,0.003790193823771353,0.803921568627451,607.8587,estimated,0.8810645228004507,-0.8326557060957668,0.5133926455223021,estimated,False,113.60656581175785
ordinary_matched_other_unchanged_negative_07,2016_2017,LGBM,B,B,B_model_B_inputs,full,post_hoc_revision,1063,51,1012,12157.173999999999,51.0,0.004195053883410734,851.6930783411221,0.22202618432197074,0.9673548842945435,0.0045134071347854516,0.7450980392156863,607.8587,estimated,0.33091987133506584,-1.1820357550917489,0.4637559286711303,estimated,False,109.46274774222387
ordinary_matched_other_unchanged_negative_08,2016_2017,LR,A,A,A_model_A_inputs,full,post_hoc_revision,1063,51,1012,12157.173999999999,51.0,0.004195053883410734,851.6930783411221,0.007607482481879811,0.6977117950028552,0.004177556048420455,0.050288235294116156,607.8586999999999,estimated,0.7713780123708542,1.2724919713198155,1.0833876358984376,estimated,False,4701.5277181064575
ordinary_matched_other_unchanged_negative_08,2016_2017,LR,B,B,B_model_B_inputs,full,post_hoc_revision,1063,51,1012,12157.173999999999,51.0,0.004195053883410734,851.6930783411221,0.007602461448872648,0.697372392748675,0.0041775694213414425,0.058823529411764705,607.8586999999998,estimated,0.7694562230223475,1.222910236710413,1.075474288243945,estimated,False,4643.628928312588
ordinary_matched_other_unchanged_negative_08,2016_2017,LGBM,A,A,A_model_A_inputs,full,post_hoc_revision,1063,51,1012,12157.173999999999,51.0,0.004195053883410734,851.6930783411221,0.24192199455132585,0.9673819714294739,0.003843672040298537,0.7843137254901961,607.8587,estimated,0.9101560098092207,-0.8361872509184699,0.5117878462778545,estimated,False,116.71028533414801
ordinary_matched_other_unchanged_negative_08,2016_2017,LGBM,B,B,B_model_B_inputs,full,post_hoc_revision,1063,51,1012,12157.173999999999,51.0,0.004195053883410734,851.6930783411221,0.25578227501977324,0.9665157240769684,0.004047062414535464,0.7450980392156863,607.8587,estimated,0.8467313711642038,-0.8901110809866719,0.4954120994906982,estimated,False,120.50866748834535
ordinary_matched_other_unchanged_negative_09,2016_2017,LR,A,A,A_model_A_inputs,full,post_hoc_revision,1063,51,1012,12157.173999999999,51.0,0.004195053883410734,851.6930783411221,0.0075834735885932526,0.6978889335924902,0.004177564574389021,0.050288235294116294,607.8586999999999,estimated,0.7724647241130989,1.2786125098162868,1.0842170133640967,estimated,False,4698.870908352787
ordinary_matched_other_unchanged_negative_09,2016_2017,LR,B,B,B_model_B_inputs,full,post_hoc_revision,1063,51,1012,12157.173999999999,51.0,0.004195053883410734,851.6930783411221,0.007590694735803294,0.6978671427342413,0.004177578505513776,0.0392156862745098,607.8586999999998,estimated,0.7705896516852518,1.2297601567107788,1.0764173069546337,estimated,False,4642.482433167862
ordinary_matched_other_unchanged_negative_09,2016_2017,LGBM,A,A,A_model_A_inputs,full,post_hoc_revision,1063,51,1012,12157.173999999999,51.0,0.004195053883410734,851.6930783411221,0.24864079335391986,0.9674795978433137,0.00387046212404249,0.7312686274509816,607.8587,estimated,0.8236510514367765,-0.8469614631796111,0.5068156926153087,estimated,False,115.86860091169085
ordinary_matched_other_unchanged_negative_09,2016_2017,LGBM,B,B,B_model_B_inputs,full,post_hoc_revision,1063,51,1012,12157.173999999999,51.0,0.004195053883410734,851.6930783411221,0.21158016368361415,0.9639776251972838,0.004010526027361262,0.7450980392156863,607.8587,estimated,0.6785969968933988,-1.008638246280391,0.48149145976193125,estimated,False,119.27196427731828
ordinary_matched_other_unchanged_negative_10,2016_2017,LR,A,A,A_model_A_inputs,full,post_hoc_revision,1063,51,1012,12157.173999999999,51.0,0.004195053883410734,851.6930783411221,0.007601073870007461,0.6979506295470322,0.004177563962734511,0.050288235294116156,607.8586999999999,estimated,0.7721941378429892,1.2627696028783435,1.081631465759703,estimated,False,4688.66353954044
ordinary_matched_other_unchanged_negative_10,2016_2017,LR,B,B,B_model_B_inputs,full,post_hoc_revision,1063,51,1012,12157.173999999999,51.0,0.004195053883410734,851.6930783411221,0.007602662882785029,0.6977980838213523,0.004177579637560087,0.0392156862745098,607.8586999999999,estimated,0.7702055296326793,1.2159693014767576,1.0741900371795452,estimated,False,4632.856812869274
ordinary_matched_other_unchanged_negative_10,2016_2017,LGBM,A,A,A_model_A_inputs,full,post_hoc_revision,1063,51,1012,12157.173999999999,51.0,0.004195053883410734,851.6930783411221,0.24332456445184542,0.9689541298611479,0.003921889733640384,0.803921568627451,607.8587000000001,estimated,0.8216071018160216,-0.8901404711070556,0.5032008146588313,estimated,False,119.32104376174695
ordinary_matched_other_unchanged_negative_10,2016_2017,LGBM,B,B,B_model_B_inputs,full,post_hoc_revision,1063,51,1012,12157.173999999999,51.0,0.004195053883410734,851.6930783411221,0.2106327103706345,0.9668236175340347,0.004282238642651171,0.7254901960784313,607.8587,estimated,0.5122553006514062,-1.0908609718571924,0.47399678804345285,estimated,False,112.20852998869273
ordinary_matched_other_unchanged_negative_11,2016_2017,LR,A,A,A_model_A_inputs,full,post_hoc_revision,1063,51,1012,12157.173999999999,51.0,0.004195053883410734,851.6930783411221,0.007605735516082318,0.6980855080598556,0.004177548022775541,0.050288235294116294,607.8586999999999,estimated,0.7715748051288306,1.2876517961303435,1.0858793708841443,estimated,False,4710.546460276636
ordinary_matched_other_unchanged_negative_11,2016_2017,LR,B,B,B_model_B_inputs,full,post_hoc_revision,1063,51,1012,12157.173999999999,51.0,0.004195053883410734,851.6930783411221,0.007612612303207675,0.697865523077764,0.004177561809455507,0.0392156862745098,607.8586999999998,estimated,0.7696902609472274,1.2384341028763408,1.0780200444728743,estimated,False,4653.3838000083115
ordinary_matched_other_unchanged_negative_11,2016_2017,LGBM,A,A,A_model_A_inputs,full,post_hoc_revision,1063,51,1012,12157.173999999999,51.0,0.004195053883410734,851.6930783411221,0.2615815353392046,0.9654777737019666,0.003836615753609153,0.7647058823529411,607.8587,estimated,0.871112601740028,-0.9208062346759155,0.4968130236100707,estimated,False,122.52256720997401
ordinary_matched_other_unchanged_negative_11,2016_2017,LGBM,B,B,B_model_B_inputs,full,post_hoc_revision,1063,51,1012,12157.173999999999,51.0,0.004195053883410734,851.6930783411221,0.2646553886773264,0.965927759621807,0.003873567436283997,0.7450980392156863,607.8587,estimated,0.9578623120770648,-0.7949457864533459,0.504218584854781,estimated,False,121.29381776782088
ordinary_matched_other_unchanged_negative_12,2016_2017,LR,A,A,A_model_A_inputs,full,post_hoc_revision,1063,51,1012,12157.173999999999,51.0,0.004195053883410734,851.6930783411221,0.0075882271162907786,0.6977085556899002,0.004177577703705808,0.050288235294116294,607.8586999999999,estimated,0.7726722359148243,1.2732797247575165,1.0832896415695237,estimated,False,4698.190752502526
ordinary_matched_other_unchanged_negative_12,2016_2017,LR,B,B,B_model_B_inputs,full,post_hoc_revision,1063,51,1012,12157.173999999999,51.0,0.004195053883410734,851.6930783411221,0.007590839783152342,0.6976583463390966,0.004177590845563399,0.0392156862745098,607.8586999999999,estimated,0.7707679632371878,1.2240913942791476,1.0754400799062993,estimated,False,4640.690803442843
ordinary_matched_other_unchanged_negative_12,2016_2017,LGBM,A,A,A_model_A_inputs,full,post_hoc_revision,1063,51,1012,12157.173999999999,51.0,0.004195053883410734,851.6930783411221,0.2635044889667776,0.9672229470778838,0.0037940136438413333,0.7450980392156863,607.8587,estimated,0.7995242003758258,-0.8847641245069745,0.5089736108614549,estimated,False,113.1779826285193
ordinary_matched_other_unchanged_negative_12,2016_2017,LGBM,B,B,B_model_B_inputs,full,post_hoc_revision,1063,51,1012,12157.173999999999,51.0,0.004195053883410734,851.6930783411221,0.2297046185459792,0.9652418901718915,0.0038443802236879715,0.7058823529411765,607.8587000000001,estimated,0.9009404402499936,-0.8929105728860589,0.49644256228279765,estimated,False,122.74874080731557
ordinary_matched_other_unchanged_negative_13,2016_2017,LR,A,A,A_model_A_inputs,full,post_hoc_revision,1063,51,1012,12157.173999999999,51.0,0.004195053883410734,851.6930783411221,0.007602734699331172,0.6977914561870462,0.00417755216176563,0.0392156862745098,607.8586999999998,estimated,0.7695729690097777,1.2465080865178615,1.079387391486213,estimated,False,4677.583939270615
ordinary_matched_other_unchanged_negative_13,2016_2017,LR,B,B,B_model_B_inputs,full,post_hoc_revision,1063,51,1012,12157.173999999999,51.0,0.004195053883410734,851.6930783411221,0.007601454698229558,0.6976908884770433,0.004177566537050226,0.0392156862745098,607.8586999999999,estimated,0.7676866573802233,1.1975356593118234,1.0715654918432773,estimated,False,4621.315307302124
ordinary_matched_other_unchanged_negative_13,2016_2017,LGBM,A,A,A_model_A_inputs,full,post_hoc_revision,1063,51,1012,12157.173999999999,51.0,0.004195053883410734,851.6930783411221,0.23637209859137973,0.9667106788878563,0.00383772408160624,0.7647058823529411,607.8587,estimated,0.6614967031246299,-0.9541778119537747,0.497673795412008,estimated,False,109.80966008821896
ordinary_matched_other_unchanged_negative_13,2016_2017,LGBM,B,B,B_model_B_inputs,full,post_hoc_revision,1063,51,1012,12157.173999999999,51.0,0.004195053883410734,851.6930783411221,0.20974530410208586,0.96699618545309,0.004116694263244875,0.7647058823529411,607.8587,estimated,0.6412647859816225,-1.0099377315920364,0.47804231609591935,estimated,False,117.50153282821951
ordinary_matched_other_unchanged_negative_14,2016_2017,LR,A,A,A_model_A_inputs,full,post_hoc_revision,1063,51,1012,12157.173999999999,51.0,0.004195053883410734,851.6930783411221,0.007736116989048489,0.701620758167873,0.0041774344745471766,0.058823529411764705,607.8586999999998,estimated,0.7742934719106339,1.3998402355281931,1.1041049659224518,estimated,False,4740.455577790374
ordinary_matched_other_unchanged_negative_14,2016_2017,LR,B,B,B_model_B_inputs,full,post_hoc_revision,1063,51,1012,12157.173999999999,51.0,0.004195053883410734,851.6930783411221,0.007732077484042606,0.70127649694426,0.004177448618363603,0.058823529411764705,607.8586999999998,estimated,0.7724002505733134,1.3486839215317112,1.0959279432721105,estimated,False,4681.920147179892
ordinary_matched_other_unchanged_negative_14,2016_2017,LGBM,A,A,A_model_A_inputs,full,post_hoc_revision,1063,51,1012,12157.173999999999,51.0,0.004195053883410734,851.6930783411221,0.27245965936713284,0.9630250793083424,0.0037361468664417626,0.7254901960784313,607.8587,estimated,0.9771946864415108,-0.7715493390194819,0.5192210018396043,estimated,False,118.05726415354992
ordinary_matched_other_unchanged_negative_14,2016_2017,LGBM,B,B,B_model_B_inputs,full,post_hoc_revision,1063,51,1012,12157.173999999999,51.0,0.004195053883410734,851.6930783411221,0.24841433803705135,0.9646196149139099,0.004505699414900837,0.7843137254901961,607.8587,estimated,0.3820362533391103,-1.1171026545261897,0.46973848972313165,estimated,False,107.4435231358178
ordinary_matched_other_unchanged_negative_15,2016_2017,LR,A,A,A_model_A_inputs,full,post_hoc_revision,1063,51,1012,12157.173999999999,51.0,0.004195053883410734,851.6930783411221,0.007634899900611709,0.6985095794760553,0.004177507745961548,0.0392156862745098,607.8586999999998,estimated,0.7687956345054852,1.2829078296199248,1.0855955917396591,estimated,False,4698.053179462039
ordinary_matched_other_unchanged_negative_15,2016_2017,LR,B,B,B_model_B_inputs,full,post_hoc_revision,1063,51,1012,12157.173999999999,51.0,0.004195053883410734,851.6930783411221,0.007627283322854346,0.6984390499150845,0.004177521111829155,0.0392156862745098,607.8586999999999,estimated,0.7668618583445473,1.233097866608496,1.0776427327787221,estimated,False,4639.864099444997
ordinary_matched_other_unchanged_negative_15,2016_2017,LGBM,A,A,A_model_A_inputs,full,post_hoc_revision,1063,51,1012,12157.173999999999,51.0,0.004195053883410734,851.6930783411221,0.222191201206115,0.944130947515852,0.004142943157338669,0.7450980392156863,607.8587,estimated,0.20718890331313564,-1.4700980880177104,0.43346931123451726,estimated,False,120.13369540283374
ordinary_matched_other_unchanged_negative_15,2016_2017,LGBM,B,B,B_model_B_inputs,full,post_hoc_revision,1063,51,1012,12157.173999999999,51.0,0.004195053883410734,851.6930783411221,0.21078020992033905,0.9424701452851626,0.004961113926860164,0.7647058823529411,607.8587,estimated,-0.3714217399079948,-1.7214155588796987,0.3992257250290065,estimated,False,117.10984422050933
ordinary_matched_other_unchanged_negative_16,2016_2017,LR,A,A,A_model_A_inputs,full,post_hoc_revision,1063,51,1012,12157.173999999999,51.0,0.004195053883410734,851.6930783411221,0.007590748537202465,0.6980603288802558,0.004177560033298232,0.058823529411764705,607.8586999999998,estimated,0.7722763386989028,1.2812971846128387,1.0846983173310598,estimated,False,4700.781907452228
ordinary_matched_other_unchanged_negative_16,2016_2017,LR,B,B,B_model_B_inputs,full,post_hoc_revision,1063,51,1012,12157.173999999999,51.0,0.004195053883410734,851.6930783411221,0.007589534924113947,0.6978923219138412,0.004177573902114872,0.0392156862745098,607.8586999999998,estimated,0.7703797127512684,1.231962612571043,1.0768220049590285,estimated,False,4643.832616151122
ordinary_matched_other_unchanged_negative_16,2016_2017,LGBM,A,A,A_model_A_inputs,full,post_hoc_revision,1063,51,1012,12157.173999999999,51.0,0.004195053883410734,851.6930783411221,0.2617229000544871,0.9679070575808644,0.003896490024372738,0.7843137254901961,607.8587,estimated,0.860095557656768,-0.8780649419978075,0.50621560008119,estimated,False,118.14762342864789
ordinary_matched_other_unchanged_negative_16,2016_2017,LGBM,B,B,B_model_B_inputs,full,post_hoc_revision,1063,51,1012,12157.173999999999,51.0,0.004195053883410734,851.6930783411221,0.25711345871788494,0.9652152306262713,0.0040655135710135695,0.7704843137254903,607.8587,estimated,0.43558678361644243,-1.0754216485133496,0.4831799935278892,estimated,False,102.90092647134486
ordinary_matched_other_unchanged_negative_17,2016_2017,LR,A,A,A_model_A_inputs,full,post_hoc_revision,1063,51,1012,12157.173999999999,51.0,0.004195053883410734,851.6930783411221,0.007568768909968874,0.6973324876523814,0.004177573503674435,0.0392156862745098,607.8586999999998,estimated,0.7703329494995411,1.249516238194558,1.0797496942600806,estimated,False,4684.957931780938
ordinary_matched_other_unchanged_negative_17,2016_2017,LR,B,B,B_model_B_inputs,full,post_hoc_revision,1063,51,1012,12157.173999999999,51.0,0.004195053883410734,851.6930783411221,0.007574888658744924,0.6973155557635653,0.004177587591947433,0.0392156862745098,607.8586999999998,estimated,0.7684362391391043,1.2003501907974792,1.0718987884713607,estimated,False,4628.1764900964
ordinary_matched_other_unchanged_negative_17,2016_2017,LGBM,A,A,A_model_A_inputs,full,post_hoc_revision,1063,51,1012,12157.173999999999,51.0,0.004195053883410734,851.6930783411221,0.2426372776597344,0.9681653280027721,0.0038295384983442872,0.7647058823529411,607.8587000000001,estimated,0.9912982085984214,-0.785036257126599,0.5124426083090803,estimated,False,120.35660396745713
ordinary_matched_other_unchanged_negative_17,2016_2017,LGBM,B,B,B_model_B_inputs,full,post_hoc_revision,1063,51,1012,12157.173999999999,51.0,0.004195053883410734,851.6930783411221,0.25021525170844755,0.9607281796712922,0.003916725603807567,0.7058823529411765,607.8587,estimated,0.7545834793389969,-0.9824435677566246,0.481352473714132,estimated,False,119.23598688021345
ordinary_matched_other_unchanged_negative_18,2016_2017,LR,A,A,A_model_A_inputs,full,post_hoc_revision,1063,51,1012,12157.173999999999,51.0,0.004195053883410734,851.6930783411221,0.007588092814017288,0.6978214943360787,0.004177549492116803,0.050288235294116294,607.8586999999999,estimated,0.7713321141183195,1.262595448598955,1.0817586261397614,estimated,False,4676.566889448541
ordinary_matched_other_unchanged_negative_18,2016_2017,LR,B,B,B_model_B_inputs,full,post_hoc_revision,1063,51,1012,12157.173999999999,51.0,0.004195053883410734,851.6930783411221,0.0075913243498210705,0.6977964641648748,0.004177562813793629,0.0392156862745098,607.8586999999998,estimated,0.7694556386491288,1.2142190395442096,1.0740365369984228,estimated,False,4620.147692970223
ordinary_matched_other_unchanged_negative_18,2016_2017,LGBM,A,A,A_model_A_inputs,full,post_hoc_revision,1063,51,1012,12157.173999999999,51.0,0.004195053883410734,851.6930783411221,0.24841660257874967,0.9684059312118227,0.003887908850977051,0.7647058823529411,607.8587,estimated,0.7652278175200368,-0.9017491948043833,0.5060778265658443,estimated,False,111.24698517144876
ordinary_matched_other_unchanged_negative_18,2016_2017,LGBM,B,B,B_model_B_inputs,full,post_hoc_revision,1063,51,1012,12157.173999999999,51.0,0.004195053883410734,851.6930783411221,0.22865535047255447,0.9628445621152952,0.003845406091795426,0.7058823529411765,607.8587,estimated,0.7201343992230166,-0.9652783595521882,0.491795840206061,estimated,False,118.19164946647233
ordinary_matched_other_unchanged_negative_19,2016_2017,LR,A,A,A_model_A_inputs,full,post_hoc_revision,1063,51,1012,12157.173999999999,51.0,0.004195053883410734,851.6930783411221,0.007580191692142675,0.6972861039301778,0.0041775730186127315,0.050288235294116294,607.8586999999999,estimated,0.7716511629096526,1.2557958448073434,1.080559238755955,estimated,False,4689.227026564919
ordinary_matched_other_unchanged_negative_19,2016_2017,LR,B,B,B_model_B_inputs,full,post_hoc_revision,1063,51,1012,12157.173999999999,51.0,0.004195053883410734,851.6930783411221,0.007588481753991983,0.6973285130153856,0.004177587214752404,0.0392156862745098,607.8586999999998,estimated,0.7697905316178966,1.2074412196929176,1.07283862263581,estimated,False,4633.659026137616
ordinary_matched_other_unchanged_negative_19,2016_2017,LGBM,A,A,A_model_A_inputs,full,post_hoc_revision,1063,51,1012,12157.173999999999,51.0,0.004195053883410734,851.6930783411221,0.22864134184793847,0.9688593054530141,0.0038472339641633818,0.7647058823529411,607.8587,estimated,1.0515253395331163,-0.6865456273914948,0.522993497801429,estimated,False,122.10865412198318
ordinary_matched_other_unchanged_negative_19,2016_2017,LGBM,B,B,B_model_B_inputs,full,post_hoc_revision,1063,51,1012,12157.173999999999,51.0,0.004195053883410734,851.6930783411221,0.23411046709149871,0.9623227152768598,0.004032253839260832,0.7254901960784313,607.8587,estimated,0.6522363960754936,-0.9995173678342117,0.48534013666084896,estimated,False,114.32456819415451
ordinary_matched_changed_negative_00,2018_2019,LR,A,A,A_model_A_inputs,full,post_hoc_revision,946,28,918,11498.333999999995,28.0,0.002435135385700225,801.3189519104433,0.009829166929048673,0.812991614467624,0.002421250091324462,0.2857142857142857,574.9166999999998,estimated,-0.23225100797750922,2.1249367676420774,1.4460690761980175,estimated,False,1731.2990679390325
ordinary_matched_changed_negative_00,2018_2019,LR,B,B,B_model_B_inputs,full,post_hoc_revision,946,28,918,11498.333999999995,28.0,0.002435135385700225,801.3189519104433,0.009805989214640359,0.8136443666642281,0.0024212175842654214,0.2857142857142857,574.9166999999998,estimated,-0.2322330917140414,2.1981643772839363,1.4598452578935155,estimated,False,1758.2818905082845
ordinary_matched_changed_negative_00,2018_2019,LGBM,A,A,A_model_A_inputs,full,post_hoc_revision,946,28,918,11498.333999999995,28.0,0.002435135385700225,801.3189519104433,0.22753196846006193,0.9520680603421965,0.0035270124917645973,0.7142857142857143,574.9166999999998,estimated,-1.6151476750881915,-2.1738320596516822,0.5227570024504528,estimated,False,48.224461088997295
ordinary_matched_changed_negative_00,2018_2019,LGBM,B,B,B_model_B_inputs,full,post_hoc_revision,946,28,918,11498.333999999995,28.0,0.002435135385700225,801.3189519104433,0.26487458875030845,0.9499283543094739,0.003242392141730515,0.75,574.9166999999999,estimated,-1.4297991501611609,-1.9925265457763912,0.553109652764619,estimated,False,45.58055916746069
ordinary_matched_changed_negative_01,2018_2019,LR,A,A,A_model_A_inputs,full,post_hoc_revision,946,28,918,11498.333999999995,28.0,0.002435135385700225,801.3189519104433,0.009837458273333901,0.8130431324592908,0.002421241154689702,0.2857142857142857,574.9166999999998,estimated,-0.23229792860095466,2.1301529994512203,1.4470786377020968,estimated,False,1733.2173139467782
ordinary_matched_changed_negative_01,2018_2019,LR,B,B,B_model_B_inputs,full,post_hoc_revision,946,28,918,11498.333999999995,28.0,0.002435135385700225,801.3189519104433,0.00981563033493312,0.8138255296539023,0.002421211212903294,0.2857142857142857,574.9166999999998,estimated,-0.23239494552746393,2.2027949365777593,1.4607727412135059,estimated,False,1760.0545139086703
ordinary_matched_changed_negative_01,2018_2019,LGBM,A,A,A_model_A_inputs,full,post_hoc_revision,946,28,918,11498.333999999995,28.0,0.002435135385700225,801.3189519104433,0.2651024998018416,0.947918579727994,0.003573246551730271,0.75,574.9166999999999,estimated,-1.4218811436793712,-1.9938173483111454,0.5562606032735251,estimated,False,43.42069452831571
ordinary_matched_changed_negative_01,2018_2019,LGBM,B,B,B_model_B_inputs,full,post_hoc_revision,946,28,918,11498.333999999995,28.0,0.002435135385700225,801.3189519104433,0.19712025161096822,0.9409783409221444,0.003779331362765943,0.75,574.9166999999999,estimated,-1.9554238665809935,-2.3598913161266326,0.4847235247317498,estimated,False,55.27707096175956
ordinary_matched_changed_negative_02,2018_2019,LR,A,A,A_model_A_inputs,full,post_hoc_revision,946,28,918,11498.333999999995,28.0,0.002435135385700225,801.3189519104433,0.009859204778880973,0.8131306003320036,0.0024212443051974853,0.2857142857142857,574.9166999999998,estimated,-0.2325526735268163,2.12181376306096,1.4455912566888225,estimated,False,1729.6792063224284
ordinary_matched_changed_negative_02,2018_2019,LR,B,B,B_model_B_inputs,full,post_hoc_revision,946,28,918,11498.333999999995,28.0,0.002435135385700225,801.3189519104433,0.009825415338510788,0.8136443666642282,0.0024212140853707483,0.2857142857142857,574.9166999999998,estimated,-0.2326443709546002,2.194476557164074,1.459289487619197,estimated,False,1756.469347831602
ordinary_matched_changed_negative_02,2018_2019,LGBM,A,A,A_model_A_inputs,full,post_hoc_revision,946,28,918,11498.333999999995,28.0,0.002435135385700225,801.3189519104433,0.2510410507816628,0.9593660979208257,0.0032773577944845123,0.75,574.9166999999999,estimated,-1.2100996291750359,-1.9375949827554915,0.5537202026107377,estimated,False,50.83818172978519
ordinary_matched_changed_negative_02,2018_2019,LGBM,B,B,B_model_B_inputs,full,post_hoc_revision,946,28,918,11498.333999999995,28.0,0.002435135385700225,801.3189519104433,0.2891793720457177,0.9539668716584144,0.0031708605539637635,0.7857142857142857,574.9166999999998,estimated,-1.2887924818027243,-1.8749963732915085,0.5738275806523588,estimated,False,44.16320590798304
ordinary_matched_changed_negative_03,2018_2019,LR,A,A,A_model_A_inputs,full,post_hoc_revision,946,28,918,11498.333999999995,28.0,0.002435135385700225,801.3189519104433,0.009826508161389705,0.8128073378558257,0.0024212504418106135,0.2857142857142857,574.9166999999998,estimated,-0.2322580556524881,2.124637298279694,1.4460009475983517,estimated,False,1732.171421130046
ordinary_matched_changed_negative_03,2018_2019,LR,B,B,B_model_B_inputs,full,post_hoc_revision,946,28,918,11498.333999999995,28.0,0.002435135385700225,801.3189519104433,0.009811618879538011,0.8135959622946856,0.0024212201899830765,0.2857142857142857,574.9166999999998,estimated,-0.23234287025407882,2.197343195284809,1.459703454652294,estimated,False,1758.983544044905
ordinary_matched_changed_negative_03,2018_2019,LGBM,A,A,A_model_A_inputs,full,post_hoc_revision,946,28,918,11498.333999999995,28.0,0.002435135385700225,801.3189519104433,0.21785365391995393,0.9547402144398889,0.0035765479049739216,0.7857142857142857,574.9166999999999,estimated,-1.6537414808840714,-2.285752556039369,0.5000047296761371,estimated,False,54.11263836192092
ordinary_matched_changed_negative_03,2018_2019,LGBM,B,B,B_model_B_inputs,full,post_hoc_revision,946,28,918,11498.333999999995,28.0,0.002435135385700225,801.3189519104433,0.25531543308660953,0.9547959731848887,0.0035293650602572766,0.7857142857142857,574.9166999999999,estimated,-1.7047840988805227,-2.1535618067304054,0.5285762050895371,estimated,False,46.30343287881949
ordinary_matched_changed_negative_04,2018_2019,LR,A,A,A_model_A_inputs,full,post_hoc_revision,946,28,918,11498.333999999995,28.0,0.002435135385700225,801.3189519104433,0.009845657280504308,0.8130275643486699,0.002421254988267296,0.2857142857142857,574.9166999999998,estimated,-0.2325950091977223,2.1225153738340863,1.4456914409141033,estimated,False,1731.3556530467329
ordinary_matched_changed_negative_04,2018_2019,LR,B,B,B_model_B_inputs,full,post_hoc_revision,946,28,918,11498.333999999995,28.0,0.002435135385700225,801.3189519104433,0.009808966266760767,0.8135897350504371,0.0024212248538812045,0.2857142857142857,574.9166999999998,estimated,-0.23268377846315938,2.195049975583298,1.4593630687748356,estimated,False,1758.1443585342229
ordinary_matched_changed_negative_04,2018_2019,LGBM,A,A,A_model_A_inputs,full,post_hoc_revision,946,28,918,11498.333999999995,28.0,0.002435135385700225,801.3189519104433,0.18373680768767742,0.948515286726363,0.0035662015854247844,0.7142857142857143,574.9166999999998,estimated,-1.6115635990357864,-2.2518529339972018,0.5024486619094863,estimated,False,54.37076704043983
ordinary_matched_changed_negative_04,2018_2019,LGBM,B,B,B_model_B_inputs,full,post_hoc_revision,946,28,918,11498.333999999995,28.0,0.002435135385700225,801.3189519104433,0.2692685924195057,0.9517147887759855,0.0034468261152421683,0.75,574.9166999999998,estimated,-1.5906609732037091,-2.0848799315872895,0.5366628331468694,estimated,False,47.573586415278406
ordinary_matched_changed_negative_05,2018_2019,LR,A,A,A_model_A_inputs,full,post_hoc_revision,946,28,918,11498.333999999995,28.0,0.002435135385700225,801.3189519104433,0.009830445965867856,0.8128979193506627,0.0024212476139642545,0.2857142857142857,574.9166999999998,estimated,-0.23248629171748864,2.125441711504731,1.446223460736099,estimated,False,1732.620249311921
ordinary_matched_changed_negative_05,2018_2019,LR,B,B,B_model_B_inputs,full,post_hoc_revision,946,28,918,11498.333999999995,28.0,0.002435135385700225,801.3189519104433,0.009803919701671918,0.8135835078061888,0.0024212177107236603,0.2857142857142857,574.9166999999998,estimated,-0.23258422520193583,2.1979602463087775,1.4598944636542766,estimated,False,1759.4502634055339
ordinary_matched_changed_negative_05,2018_2019,LGBM,A,A,A_model_A_inputs,full,post_hoc_revision,946,28,918,11498.333999999995,28.0,0.002435135385700225,801.3189519104433,0.23307431721534835,0.9536891863828906,0.003378871284055565,0.8214285714285714,574.9166999999998,estimated,-1.3516300581365415,-2.007032010283139,0.5550707766873851,estimated,False,47.178158648476035
ordinary_matched_changed_negative_05,2018_2019,LGBM,B,B,B_model_B_inputs,full,post_hoc_revision,946,28,918,11498.333999999995,28.0,0.002435135385700225,801.3189519104433,0.26183336434612076,0.9461847903843581,0.003190875284368991,0.8214285714285714,574.9166999999999,estimated,-1.3193227328580155,-2.0028320990777524,0.5455970668484412,estimated,False,50.37289116945811
ordinary_matched_changed_negative_06,2018_2019,LR,A,A,A_model_A_inputs,full,post_hoc_revision,946,28,918,11498.333999999995,28.0,0.002435135385700225,801.3189519104433,0.009821338559828625,0.8129556645865779,0.0024212415366986154,0.2857142857142857,574.9166999999998,estimated,-0.23153474652339018,2.1285075727713463,1.4465601229134375,estimated,False,1733.0829267107626
ordinary_matched_changed_negative_06,2018_2019,LR,B,B,B_model_B_inputs,full,post_hoc_revision,946,28,918,11498.333999999995,28.0,0.002435135385700225,801.3189519104433,0.009808542980998858,0.8138224160317782,0.0024212113971170007,0.2857142857142857,574.9166999999998,estimated,-0.23162224365607278,2.2011706015332373,1.460253738175647,estimated,False,1759.9134939908838
ordinary_matched_changed_negative_06,2018_2019,LGBM,A,A,A_model_A_inputs,full,post_hoc_revision,946,28,918,11498.333999999995,28.0,0.002435135385700225,801.3189519104433,0.17954941467395583,0.9531782472195548,0.003857180312342317,0.7857142857142857,574.9166999999998,estimated,-1.7814662695637244,-2.2920192304602947,0.5052259292007998,estimated,False,51.596556988230496
ordinary_matched_changed_negative_06,2018_2019,LGBM,B,B,B_model_B_inputs,full,post_hoc_revision,946,28,918,11498.333999999995,28.0,0.002435135385700225,801.3189519104433,0.2856020948306136,0.9455026020041917,0.0032515229832892002,0.7857142857142857,574.9166999999999,estimated,-1.3364520958681312,-1.9013329775427719,0.5666900810643303,estimated,False,44.66270995625032
ordinary_matched_changed_negative_07,2018_2019,LR,A,A,A_model_A_inputs,full,post_hoc_revision,946,28,918,11498.333999999995,28.0,0.002435135385700225,801.3189519104433,0.009885534036882571,0.8132664725742592,0.002421225362212246,0.2857142857142857,574.9166999999998,estimated,-0.2313144629742461,2.1281064176631403,1.446471077122641,estimated,False,1731.5320552747046
ordinary_matched_changed_negative_07,2018_2019,LR,B,B,B_model_B_inputs,full,post_hoc_revision,946,28,918,11498.333999999995,28.0,0.002435135385700225,801.3189519104433,0.009815136192289296,0.813873934023445,0.002421201571467609,0.2857142857142857,574.9166999999998,estimated,-0.23141471876020397,2.198705528315569,1.459768945979627,estimated,False,1758.3361514174903
ordinary_matched_changed_negative_07,2018_2019,LGBM,A,A,A_model_A_inputs,full,post_hoc_revision,946,28,918,11498.333999999995,28.0,0.002435135385700225,801.3189519104433,0.25413811150500104,0.9540653804351799,0.0032885945475068386,0.7142857142857143,574.9166999999999,estimated,-1.4427063626320316,-2.1648114442222837,0.5201963418071796,estimated,False,52.164443894800755
ordinary_matched_changed_negative_07,2018_2019,LGBM,B,B,B_model_B_inputs,full,post_hoc_revision,946,28,918,11498.333999999995,28.0,0.002435135385700225,801.3189519104433,0.21175286834179166,0.9489647941251883,0.0033704723251619566,0.75,574.9166999999999,estimated,-1.608849478207324,-2.1935509532204005,0.516601226326714,estimated,False,51.49316043798574
ordinary_matched_changed_negative_08,2018_2019,LR,A,A,A_model_A_inputs,full,post_hoc_revision,946,28,918,11498.333999999995,28.0,0.002435135385700225,801.3189519104433,0.009828445641989673,0.8130493597035391,0.0024212492466410477,0.2857142857142857,574.9166999999998,estimated,-0.23309169435857058,2.123269689721757,1.4460189521020979,estimated,False,1729.5267657330467
ordinary_matched_changed_negative_08,2018_2019,LR,B,B,B_model_B_inputs,full,post_hoc_revision,946,28,918,11498.333999999995,28.0,0.002435135385700225,801.3189519104433,0.0098078673774592,0.8138224160317782,0.002421218978407063,0.2857142857142857,574.9166999999998,estimated,-0.23317920778348616,2.1958648240200933,1.4597043703276482,estimated,False,1756.3111091543008
ordinary_matched_changed_negative_08,2018_2019,LGBM,A,A,A_model_A_inputs,full,post_hoc_revision,946,28,918,11498.333999999995,28.0,0.002435135385700225,801.3189519104433,0.26548832259989086,0.9614865493143323,0.003430343525882423,0.75,574.9166999999999,estimated,-1.239883378582842,-1.8801357727263486,0.5630667102970407,estimated,False,50.451826644153726
ordinary_matched_changed_negative_08,2018_2019,LGBM,B,B,B_model_B_inputs,full,post_hoc_revision,946,28,918,11498.333999999995,28.0,0.002435135385700225,801.3189519104433,0.22803185204259596,0.952534835889323,0.0037574857546925945,0.7857142857142857,574.9166999999999,estimated,-1.7926555253881538,-2.194628760436273,0.5215341943635845,estimated,False,47.68325894637648
ordinary_matched_changed_negative_09,2018_2019,LR,A,A,A_model_A_inputs,full,post_hoc_revision,946,28,918,11498.333999999995,28.0,0.002435135385700225,801.3189519104433,0.009825850206440391,0.8130462460814151,0.0024212442196447454,0.2857142857142857,574.9166999999998,estimated,-0.231604219483936,2.1197554317368494,1.4449521218043038,estimated,False,1729.0609666297823
ordinary_matched_changed_negative_09,2018_2019,LR,B,B,B_model_B_inputs,full,post_hoc_revision,946,28,918,11498.333999999995,28.0,0.002435135385700225,801.3189519104433,0.009807658353534057,0.8137318345369411,0.0024212134333130935,0.2857142857142857,574.9166999999998,estimated,-0.23165330827827732,2.192046290228722,1.4585672323324514,estimated,False,1755.7652702341688
ordinary_matched_changed_negative_09,2018_2019,LGBM,A,A,A_model_A_inputs,full,post_hoc_revision,946,28,918,11498.333999999995,28.0,0.002435135385700225,801.3189519104433,0.20994618109495045,0.9506501790992813,0.0036418940876172035,0.7857142857142857,574.9166999999999,estimated,-1.5659575584944607,-2.156921922646137,0.5180748271657222,estimated,False,51.74857770976191
ordinary_matched_changed_negative_09,2018_2019,LGBM,B,B,B_model_B_inputs,full,post_hoc_revision,946,28,918,11498.333999999995,28.0,0.002435135385700225,801.3189519104433,0.1892362943410569,0.9590433896693857,0.0038716923948540665,0.8214285714285714,574.9166999999998,estimated,-2.0826605263365576,-2.5011111063152955,0.4610013892110035,estimated,False,59.9160574978261
ordinary_matched_changed_negative_10,2018_2019,LR,A,A,A_model_A_inputs,full,post_hoc_revision,946,28,918,11498.333999999995,28.0,0.002435135385700225,801.3189519104433,0.009835724593707344,0.8129463237202054,0.0024212441032950226,0.2857142857142857,574.9166999999998,estimated,-0.23148027960222223,2.126042159771411,1.446062535165332,estimated,False,1732.0830380101715
ordinary_matched_changed_negative_10,2018_2019,LR,B,B,B_model_B_inputs,full,post_hoc_revision,946,28,918,11498.333999999995,28.0,0.002435135385700225,801.3189519104433,0.009814304893935722,0.8137318345369411,0.0024212138823318935,0.2857142857142857,574.9166999999998,estimated,-0.23156536660345683,2.1987285072532265,1.4597592473311403,estimated,False,1758.8889466296866
ordinary_matched_changed_negative_10,2018_2019,LGBM,A,A,A_model_A_inputs,full,post_hoc_revision,946,28,918,11498.333999999995,28.0,0.002435135385700225,801.3189519104433,0.26872541931816424,0.9532957241823004,0.003316638722433703,0.7857142857142857,574.9166999999999,estimated,-1.3337916907636609,-2.0356190632990154,0.5392330318501596,estimated,False,51.41392953801274
ordinary_matched_changed_negative_10,2018_2019,LGBM,B,B,B_model_B_inputs,full,post_hoc_revision,946,28,918,11498.333999999995,28.0,0.002435135385700225,801.3189519104433,0.18964853841461218,0.9496829323864009,0.0044689323317260886,0.7857142857142857,574.9166999999998,estimated,-2.608507874355853,-2.723170714786327,0.4412628057782085,estimated,False,57.36694830960113
ordinary_matched_changed_negative_11,2018_2019,LR,A,A,A_model_A_inputs,full,post_hoc_revision,946,28,918,11498.333999999995,28.0,0.002435135385700225,801.3189519104433,0.00982719814463879,0.8129494373423296,0.0024212429379380602,0.2857142857142857,574.9166999999998,estimated,-0.23167169970922857,2.128153395064187,1.4465154032373129,estimated,False,1733.5620353568443
ordinary_matched_changed_negative_11,2018_2019,LR,B,B,B_model_B_inputs,full,post_hoc_revision,946,28,918,11498.333999999995,28.0,0.002435135385700225,801.3189519104433,0.009813494672013739,0.8137287209148168,0.0024212129052012163,0.2857142857142857,574.9166999999998,estimated,-0.23176103035614595,2.20076975612815,1.4602006542277675,estimated,False,1760.3879390354582
ordinary_matched_changed_negative_11,2018_2019,LGBM,A,A,A_model_A_inputs,full,post_hoc_revision,946,28,918,11498.333999999995,28.0,0.002435135385700225,801.3189519104433,0.23401374747588385,0.9494822469860081,0.003758525079231277,0.7142857142857143,574.9166999999998,estimated,-1.6217105097755533,-2.1439947922937135,0.5297570794944404,estimated,False,46.47006069404829
ordinary_matched_changed_negative_11,2018_2019,LGBM,B,B,B_model_B_inputs,full,post_hoc_revision,946,28,918,11498.333999999995,28.0,0.002435135385700225,801.3189519104433,0.2543407951158696,0.9475873899698879,0.0034257194998660303,0.7857142857142857,574.9166999999998,estimated,-1.4725629750748181,-2.015232312043814,0.547654525389927,estimated,False,46.837007724948606
ordinary_matched_changed_negative_12,2018_2019,LR,A,A,A_model_A_inputs,full,post_hoc_revision,946,28,918,11498.333999999995,28.0,0.002435135385700225,801.3189519104433,0.00982719814463879,0.8129494373423296,0.002421242994677194,0.2857142857142857,574.9166999999998,estimated,-0.23167825393444708,2.1273267603483936,1.446365156804738,estimated,False,1733.1378291848355
ordinary_matched_changed_negative_12,2018_2019,LR,B,B,B_model_B_inputs,full,post_hoc_revision,946,28,918,11498.333999999995,28.0,0.002435135385700225,801.3189519104433,0.009813494672013739,0.813728720914817,0.0024212129388152246,0.2857142857142857,574.9166999999998,estimated,-0.23176719085866604,2.199947307632993,1.4600511489352586,estimated,False,1759.9620964592682
ordinary_matched_changed_negative_12,2018_2019,LGBM,A,A,A_model_A_inputs,full,post_hoc_revision,946,28,918,11498.333999999995,28.0,0.002435135385700225,801.3189519104433,0.21151546369526342,0.9590787853256938,0.003540978330729074,0.8214285714285714,574.9166999999999,estimated,-1.557624760502373,-2.141273347495746,0.5276467383395085,estimated,False,49.65754410521436
ordinary_matched_changed_negative_12,2018_2019,LGBM,B,B,B_model_B_inputs,full,post_hoc_revision,946,28,918,11498.333999999995,28.0,0.002435135385700225,801.3189519104433,0.23412197398603551,0.9505949745790194,0.003438867261984226,0.75,574.9166999999998,estimated,-1.6206383201594758,-2.1069982807597887,0.5356160618739221,estimated,False,46.99331189324719
ordinary_matched_changed_negative_13,2018_2019,LR,A,A,A_model_A_inputs,full,post_hoc_revision,946,28,918,11498.333999999995,28.0,0.002435135385700225,801.3189519104433,0.009821524823197208,0.8129525509644537,0.0024212407292615087,0.2857142857142857,574.9166999999998,estimated,-0.23155391131794575,2.129913909219811,1.4468277389133388,estimated,False,1733.7493481235763
ordinary_matched_changed_negative_13,2018_2019,LR,B,B,B_model_B_inputs,full,post_hoc_revision,946,28,918,11498.333999999995,28.0,0.002435135385700225,801.3189519104433,0.009817829361069416,0.8138708204013209,0.002421210730551975,0.2857142857142857,574.9166999999998,estimated,-0.23164340645993656,2.2025502358745785,1.4605166668849232,estimated,False,1760.58658948369
ordinary_matched_changed_negative_13,2018_2019,LGBM,A,A,A_model_A_inputs,full,post_hoc_revision,946,28,918,11498.333999999995,28.0,0.002435135385700225,801.3189519104433,0.2787196878646782,0.950447220754738,0.0033752317023798897,0.75,574.9166999999998,estimated,-1.3745915529034907,-2.0021419399462763,0.5539963602936739,estimated,False,44.653495937661475
ordinary_matched_changed_negative_13,2018_2019,LGBM,B,B,B_model_B_inputs,full,post_hoc_revision,946,28,918,11498.333999999995,28.0,0.002435135385700225,801.3189519104433,0.2872757401623777,0.9482574103147929,0.0032929504856956658,0.7142857142857143,574.9166999999999,estimated,-1.36654896953022,-1.9160445892681235,0.5668221727769764,estimated,False,43.97927810859968
ordinary_matched_changed_negative_14,2018_2019,LR,A,A,A_model_A_inputs,full,post_hoc_revision,946,28,918,11498.333999999995,28.0,0.002435135385700225,801.3189519104433,0.009822522975590673,0.8128588558474925,0.002421236069531042,0.2857142857142857,574.9166999999998,estimated,-0.23149989607062182,2.129076875464595,1.4466423116738754,estimated,False,1734.106314799542
ordinary_matched_changed_negative_14,2018_2019,LR,B,B,B_model_B_inputs,full,post_hoc_revision,946,28,918,11498.333999999995,28.0,0.002435135385700225,801.3189519104433,0.009805118589403973,0.8136834301673984,0.002421206098336141,0.2857142857142857,574.9166999999998,estimated,-0.23158666340608344,2.201753935577748,1.4603378348060219,estimated,False,1760.9501332287032
ordinary_matched_changed_negative_14,2018_2019,LGBM,A,A,A_model_A_inputs,full,post_hoc_revision,946,28,918,11498.333999999995,28.0,0.002435135385700225,801.3189519104433,0.20632530137179947,0.9548228686527978,0.003530059582531234,0.7857142857142857,574.9166999999998,estimated,-1.5567730583999406,-2.189876062568261,0.513610298606605,estimated,False,52.166500461887686
ordinary_matched_changed_negative_14,2018_2019,LGBM,B,B,B_model_B_inputs,full,post_hoc_revision,946,28,918,11498.333999999995,28.0,0.002435135385700225,801.3189519104433,0.2666892593935336,0.9437266355352616,0.0031934080010622328,0.7857142857142857,574.9166999999999,estimated,-1.1883428447939661,-1.8233101502279208,0.580094147145549,estimated,False,45.290531143134
ordinary_matched_changed_negative_15,2018_2019,LR,A,A,A_model_A_inputs,full,post_hoc_revision,946,28,918,11498.333999999995,28.0,0.002435135385700225,801.3189519104433,0.009822440288143598,0.8128166787221983,0.0024212467879855953,0.2857142857142857,574.9166999999998,estimated,-0.2317215538538738,2.1256334107189137,1.446052982907229,estimated,False,1732.6405388376702
ordinary_matched_changed_negative_15,2018_2019,LR,B,B,B_model_B_inputs,full,post_hoc_revision,946,28,918,11498.333999999995,28.0,0.002435135385700225,801.3189519104433,0.009812238630942069,0.8137708980401113,0.0024212164798659646,0.2857142857142857,574.9166999999998,estimated,-0.23180160351292015,2.198358834467203,1.4597567578361033,estimated,False,1759.4595404267131
ordinary_matched_changed_negative_15,2018_2019,LGBM,A,A,A_model_A_inputs,full,post_hoc_revision,946,28,918,11498.333999999995,28.0,0.002435135385700225,801.3189519104433,0.18730573169915374,0.958581714235299,0.003599278740976698,0.7857142857142857,574.9166999999998,estimated,-1.5204732292522045,-2.161375733600901,0.5120615087156286,estimated,False,54.79939591145657
ordinary_matched_changed_negative_15,2018_2019,LGBM,B,B,B_model_B_inputs,full,post_hoc_revision,946,28,918,11498.333999999995,28.0,0.002435135385700225,801.3189519104433,0.23851820713158828,0.9370301186148053,0.0033879350817034477,0.7142857142857143,574.9166999999998,estimated,-1.611469646107538,-2.1489735010151216,0.5219240728871143,estimated,False,50.1143527821369
ordinary_matched_changed_negative_16,2018_2019,LR,A,A,A_model_A_inputs,full,post_hoc_revision,946,28,918,11498.333999999995,28.0,0.002435135385700225,801.3189519104433,0.009818807858481325,0.8129432100980811,0.0024212464333762014,0.2857142857142857,574.9166999999998,estimated,-0.2320176090312218,2.1288930913567654,1.4467433597861161,estimated,False,1733.6649969097195
ordinary_matched_changed_negative_16,2018_2019,LR,B,B,B_model_B_inputs,full,post_hoc_revision,946,28,918,11498.333999999995,28.0,0.002435135385700225,801.3189519104433,0.009803216820249665,0.8136381394199799,0.002421216374026879,0.2857142857142857,574.9166999999998,estimated,-0.23210669360500816,2.2014817412762575,1.4604237831702354,estimated,False,1760.4824608372587
ordinary_matched_changed_negative_16,2018_2019,LGBM,A,A,A_model_A_inputs,full,post_hoc_revision,946,28,918,11498.333999999995,28.0,0.002435135385700225,801.3189519104433,0.20082810401052192,0.9592690027285049,0.0033986269761574037,0.8928571428571429,574.9166999999998,estimated,-1.4589262188545928,-2.1784177901211583,0.5088613106280651,estimated,False,55.51474098838354
ordinary_matched_changed_negative_16,2018_2019,LGBM,B,B,B_model_B_inputs,full,post_hoc_revision,946,28,918,11498.333999999995,28.0,0.002435135385700225,801.3189519104433,0.29545433951002464,0.9555928113589125,0.003567209779924286,0.7857142857142857,574.9166999999998,estimated,-1.5135918350363848,-1.9749980195521326,0.5531152695950535,estimated,False,45.38182677050631
ordinary_matched_changed_negative_17,2018_2019,LR,A,A,A_model_A_inputs,full,post_hoc_revision,946,28,918,11498.333999999995,28.0,0.002435135385700225,801.3189519104433,0.00981739711173396,0.8128619694696169,0.0024212455129679488,0.2857142857142857,574.9166999999998,estimated,-0.23155958642910918,2.1279401870147736,1.446454613613368,estimated,False,1732.7531803262
ordinary_matched_changed_negative_17,2018_2019,LR,B,B,B_model_B_inputs,full,post_hoc_revision,946,28,918,11498.333999999995,28.0,0.002435135385700225,801.3189519104433,0.009817829361069416,0.8138708204013209,0.0024212154176047195,0.2857142857142857,574.9166999999998,estimated,-0.2316493171581865,2.2005465800424537,1.4601381148907944,estimated,False,1759.5524494359277
ordinary_matched_changed_negative_17,2018_2019,LGBM,A,A,A_model_A_inputs,full,post_hoc_revision,946,28,918,11498.333999999995,28.0,0.002435135385700225,801.3189519104433,0.22673569106445335,0.9560610004904833,0.0035245822632659907,0.8214285714285714,574.9166999999998,estimated,-1.5286270653187173,-2.1081814163163872,0.5322491946469029,estimated,False,47.75526667988517
ordinary_matched_changed_negative_17,2018_2019,LGBM,B,B,B_model_B_inputs,full,post_hoc_revision,946,28,918,11498.333999999995,28.0,0.002435135385700225,801.3189519104433,0.21273015514338164,0.9524332134904333,0.0034190614258672682,0.75,574.9166999999998,estimated,-1.7316625440225555,-2.2619450829099237,0.5096352521075428,estimated,False,49.798429725068075
ordinary_matched_changed_negative_18,2018_2019,LR,A,A,A_model_A_inputs,full,post_hoc_revision,946,28,918,11498.333999999995,28.0,0.002435135385700225,801.3189519104433,0.009817372300089087,0.8129072602170353,0.0024212428944335295,0.2857142857142857,574.9166999999998,estimated,-0.2315175387160693,2.125862024577135,1.446056032748996,estimated,False,1732.4428647963969
ordinary_matched_changed_negative_18,2018_2019,LR,B,B,B_model_B_inputs,full,post_hoc_revision,946,28,918,11498.333999999995,28.0,0.002435135385700225,801.3189519104433,0.009815429150574572,0.8138193024096539,0.0024212128039448415,0.2857142857142857,574.9166999999998,estimated,-0.2316053021307654,2.1984715738350054,1.459739659141821,estimated,False,1759.2582377865256
ordinary_matched_changed_negative_18,2018_2019,LGBM,A,A,A_model_A_inputs,full,post_hoc_revision,946,28,918,11498.333999999995,28.0,0.002435135385700225,801.3189519104433,0.2076341989107689,0.9572917779527113,0.003375365159435593,0.7142857142857143,574.9166999999998,estimated,-1.5915014787971786,-2.1888673265387952,0.5219316907525092,estimated,False,49.84422964977045
ordinary_matched_changed_negative_18,2018_2019,LGBM,B,B,B_model_B_inputs,full,post_hoc_revision,946,28,918,11498.333999999995,28.0,0.002435135385700225,801.3189519104433,0.31829363605875777,0.9487833446822789,0.0029273661633389637,0.7857142857142857,574.9166999999998,estimated,-1.133857755714668,-1.787778741199211,0.5821800418689936,estimated,False,45.40253623265055
ordinary_matched_changed_negative_19,2018_2019,LR,A,A,A_model_A_inputs,full,post_hoc_revision,946,28,918,11498.333999999995,28.0,0.002435135385700225,801.3189519104433,0.009835048159186089,0.8131243730877552,0.0024212460783082103,0.2857142857142857,574.9166999999998,estimated,-0.23239059492055417,2.1264886162109824,1.4464146131109923,estimated,False,1731.6100733805483
ordinary_matched_changed_negative_19,2018_2019,LR,B,B,B_model_B_inputs,full,post_hoc_revision,946,28,918,11498.333999999995,28.0,0.002435135385700225,801.3189519104433,0.009803700715107616,0.8135990759168097,0.0024212158796260122,0.2857142857142857,574.9166999999998,estimated,-0.23247833459899836,2.199092811054688,1.4600992636206165,estimated,False,1758.4119567541104
ordinary_matched_changed_negative_19,2018_2019,LGBM,A,A,A_model_A_inputs,full,post_hoc_revision,946,28,918,11498.333999999995,28.0,0.002435135385700225,801.3189519104433,0.18687873298496258,0.9483663870891398,0.003463692397033997,0.8214285714285714,574.9166999999999,estimated,-1.532008212186407,-2.1611771573849836,0.522200800031166,estimated,False,50.10653576394106
ordinary_matched_changed_negative_19,2018_2019,LGBM,B,B,B_model_B_inputs,full,post_hoc_revision,946,28,918,11498.333999999995,28.0,0.002435135385700225,801.3189519104433,0.2450402408967432,0.9463475580945225,0.003332530823799761,0.7142857142857143,574.9166999999999,estimated,-1.5114266086800754,-2.0681647461891846,0.5389692599295612,estimated,False,47.951489437673715
ordinary_matched_other_unchanged_negative_00,2018_2019,LR,A,A,A_model_A_inputs,full,post_hoc_revision,946,28,918,11498.333999999995,28.0,0.002435135385700225,801.3189519104433,0.00983302214634463,0.8129494373423295,0.002421253588620723,0.2857142857142857,574.9166999999998,estimated,-0.23387813001410487,2.119538337321404,1.445505833064758,estimated,False,1729.9887514734432
ordinary_matched_other_unchanged_negative_00,2018_2019,LR,B,B,B_model_B_inputs,full,post_hoc_revision,946,28,918,11498.333999999995,28.0,0.002435135385700225,801.3189519104433,0.009815917362640996,0.8138161887875297,0.0024212232758066433,0.2857142857142857,574.9166999999998,estimated,-0.2339482466126115,2.1926254771472933,1.4592815742948098,estimated,False,1756.9941138587762
ordinary_matched_other_unchanged_negative_00,2018_2019,LGBM,A,A,A_model_A_inputs,full,post_hoc_revision,946,28,918,11498.333999999995,28.0,0.002435135385700225,801.3189519104433,0.2715175543813031,0.954649632945052,0.003298162515171106,0.75,574.9166999999998,estimated,-1.2096972751252524,-1.8808667364593632,0.5565492492818759,estimated,False,53.206493468825535
ordinary_matched_other_unchanged_negative_00,2018_2019,LGBM,B,B,B_model_B_inputs,full,post_hoc_revision,946,28,918,11498.333999999995,28.0,0.002435135385700225,801.3189519104433,0.2535191356326251,0.9511480908676495,0.0034597777789555023,0.7857142857142857,574.9166999999998,estimated,-1.4250801168851215,-1.9646119771719956,0.5525098226069447,estimated,False,45.67233268765379
ordinary_matched_other_unchanged_negative_01,2018_2019,LR,A,A,A_model_A_inputs,full,post_hoc_revision,946,28,918,11498.333999999995,28.0,0.002435135385700225,801.3189519104433,0.009860914347432142,0.8134023448165147,0.002421246150703947,0.2857142857142857,574.9166999999998,estimated,-0.23431055570765957,2.124658634772872,1.446659042411274,estimated,False,1727.6958919110282
ordinary_matched_other_unchanged_negative_01,2018_2019,LR,B,B,B_model_B_inputs,full,post_hoc_revision,946,28,918,11498.333999999995,28.0,0.002435135385700225,801.3189519104433,0.009823166325770235,0.8138645931570725,0.002421215726928115,0.2857142857142857,574.9166999999998,estimated,-0.23439904235522083,2.1970518375562174,1.4603112460448655,estimated,False,1754.4024048668516
ordinary_matched_other_unchanged_negative_01,2018_2019,LGBM,A,A,A_model_A_inputs,full,post_hoc_revision,946,28,918,11498.333999999995,28.0,0.002435135385700225,801.3189519104433,0.2626400479528343,0.9546745419220455,0.003440859514501231,0.8214285714285714,574.9166999999999,estimated,-1.4743282893106857,-2.1143037159210336,0.5348070235538446,estimated,False,49.14959474955966
ordinary_matched_other_unchanged_negative_01,2018_2019,LGBM,B,B,B_model_B_inputs,full,post_hoc_revision,946,28,918,11498.333999999995,28.0,0.002435135385700225,801.3189519104433,0.28657808489263065,0.9526070221046501,0.0031563830527545867,0.7857142857142857,574.9166999999998,estimated,-1.2774595709228012,-1.8692306764575422,0.575297145973954,estimated,False,44.33511323874075
ordinary_matched_other_unchanged_negative_02,2018_2019,LR,A,A,A_model_A_inputs,full,post_hoc_revision,946,28,918,11498.333999999995,28.0,0.002435135385700225,801.3189519104433,0.009831475705207853,0.8129885008454997,0.002421255962900021,0.2857142857142857,574.9166999999998,estimated,-0.23344798696692912,2.121882026203521,1.4458106355223619,estimated,False,1729.85474222292
ordinary_matched_other_unchanged_negative_02,2018_2019,LR,B,B,B_model_B_inputs,full,post_hoc_revision,946,28,918,11498.333999999995,28.0,0.002435135385700225,801.3189519104433,0.009773205175179682,0.8134116856828874,0.0024212253514318775,0.2857142857142857,574.9166999999998,estimated,-0.23352293624326845,2.19456632967204,1.4595093559008694,estimated,False,1756.6486418055515
ordinary_matched_other_unchanged_negative_02,2018_2019,LGBM,A,A,A_model_A_inputs,full,post_hoc_revision,946,28,918,11498.333999999995,28.0,0.002435135385700225,801.3189519104433,0.21139772538523266,0.9586989047448093,0.0034019603865132315,0.8214285714285714,574.9166999999999,estimated,-1.4511199105068495,-2.093872841739407,0.535807478156957,estimated,False,48.38122979288351
ordinary_matched_other_unchanged_negative_02,2018_2019,LGBM,B,B,B_model_B_inputs,full,post_hoc_revision,946,28,918,11498.333999999995,28.0,0.002435135385700225,801.3189519104433,0.2440597621303594,0.9475947443453452,0.00334925089324504,0.7857142857142857,574.9166999999998,estimated,-1.5455112074188855,-2.1313620559275352,0.5242471434645968,estimated,False,51.44430970404407
ordinary_matched_other_unchanged_negative_03,2018_2019,LR,A,A,A_model_A_inputs,full,post_hoc_revision,946,28,918,11498.333999999995,28.0,0.002435135385700225,801.3189519104433,0.009786855370402527,0.8124778481353991,0.0024213409692727434,0.2857142857142857,574.9166999999998,estimated,-0.2346004393828988,2.074683209134125,1.4371511116535582,estimated,False,1711.6195996677181
ordinary_matched_other_unchanged_negative_03,2018_2019,LR,B,B,B_model_B_inputs,full,post_hoc_revision,946,28,918,11498.333999999995,28.0,0.002435135385700225,801.3189519104433,0.0097684378077751,0.8130337915929181,0.002421308517414271,0.2857142857142857,574.9166999999998,estimated,-0.23465013146778663,2.1471443388821223,1.4508046867490842,estimated,False,1737.9273811687854
ordinary_matched_other_unchanged_negative_03,2018_2019,LGBM,A,A,A_model_A_inputs,full,post_hoc_revision,946,28,918,11498.333999999995,28.0,0.002435135385700225,801.3189519104433,0.18546113925263583,0.9580557798678131,0.003992598208322769,0.75,574.9166999999998,estimated,-2.2440980652095304,-2.5534627818245945,0.458970554861229,estimated,False,59.106885521652806
ordinary_matched_other_unchanged_negative_03,2018_2019,LGBM,B,B,B_model_B_inputs,full,post_hoc_revision,946,28,918,11498.333999999995,28.0,0.002435135385700225,801.3189519104433,0.24485269835658913,0.9469408650175318,0.00333659234528581,0.7857142857142857,574.9166999999999,estimated,-1.5727979864152029,-2.1484902565860975,0.5210298234157188,estimated,False,51.051547977557426
ordinary_matched_other_unchanged_negative_04,2018_2019,LR,A,A,A_model_A_inputs,full,post_hoc_revision,946,28,918,11498.333999999995,28.0,0.002435135385700225,801.3189519104433,0.009815883708306477,0.8129853872233755,0.0024212393227546593,0.2857142857142857,574.9166999999998,estimated,-0.23208510156161613,2.134747253455943,1.4478775251591467,estimated,False,1735.1413665590615
ordinary_matched_other_unchanged_negative_04,2018_2019,LR,B,B,B_model_B_inputs,full,post_hoc_revision,946,28,918,11498.333999999995,28.0,0.002435135385700225,801.3189519104433,0.009811616355700353,0.8138677067791967,0.0024212100525633352,0.2857142857142857,574.9166999999998,estimated,-0.23214785728448625,2.207229541617797,1.4615322648386229,estimated,False,1761.9256941502467
ordinary_matched_other_unchanged_negative_04,2018_2019,LGBM,A,A,A_model_A_inputs,full,post_hoc_revision,946,28,918,11498.333999999995,28.0,0.002435135385700225,801.3189519104433,0.16871225238521945,0.959302125440662,0.004208920360635244,0.7142857142857143,574.9166999999998,estimated,-2.454614825122505,-2.857893161916068,0.4105486637400162,estimated,False,69.12841208139858
ordinary_matched_other_unchanged_negative_04,2018_2019,LGBM,B,B,B_model_B_inputs,full,post_hoc_revision,946,28,918,11498.333999999995,28.0,0.002435135385700225,801.3189519104433,0.21917300258866276,0.943840712422648,0.0051500137919167415,0.7857142857142857,574.9166999999999,estimated,-3.0330694845004804,-2.7352714492255528,0.4405853479851444,estimated,False,55.41592554760105
ordinary_matched_other_unchanged_negative_05,2018_2019,LR,A,A,A_model_A_inputs,full,post_hoc_revision,946,28,918,11498.333999999995,28.0,0.002435135385700225,801.3189519104433,0.009834815918281612,0.8131790047015464,0.002421237123999636,0.2857142857142857,574.9166999999998,estimated,-0.23191797737888406,2.1372948582079045,1.448331548082226,estimated,False,1735.6650540712574
ordinary_matched_other_unchanged_negative_05,2018_2019,LR,B,B,B_model_B_inputs,full,post_hoc_revision,946,28,918,11498.333999999995,28.0,0.002435135385700225,801.3189519104433,0.009816101100001513,0.8140004653993279,0.002421207340116842,0.2857142857142857,574.9166999999998,estimated,-0.23201873549553678,2.20983726870253,1.4620068008317944,estimated,False,1762.508403835414
ordinary_matched_other_unchanged_negative_05,2018_2019,LGBM,A,A,A_model_A_inputs,full,post_hoc_revision,946,28,918,11498.333999999995,28.0,0.002435135385700225,801.3189519104433,0.1743347361639546,0.9609982648655719,0.004157821439983676,0.75,574.9166999999998,estimated,-2.4785494624492217,-2.9425731452250714,0.3990151335320484,estimated,False,71.4864756691543
ordinary_matched_other_unchanged_negative_05,2018_2019,LGBM,B,B,B_model_B_inputs,full,post_hoc_revision,946,28,918,11498.333999999995,28.0,0.002435135385700225,801.3189519104433,0.2149746101839868,0.9338020210595941,0.0037113298334651872,0.7857142857142857,574.9166999999999,estimated,-2.304177762025518,-2.7023439160443203,0.4396430866962519,estimated,False,62.79415706678979
ordinary_matched_other_unchanged_negative_06,2018_2019,LR,A,A,A_model_A_inputs,full,post_hoc_revision,946,28,918,11498.333999999995,28.0,0.002435135385700225,801.3189519104433,0.009826926945990539,0.8129463237202055,0.0024212431415824376,0.2857142857142857,574.9166999999998,estimated,-0.23211824735024553,2.1263375871014207,1.4462963899786805,estimated,False,1733.638353339491
ordinary_matched_other_unchanged_negative_06,2018_2019,LR,B,B,B_model_B_inputs,full,post_hoc_revision,946,28,918,11498.333999999995,28.0,0.002435135385700225,801.3189519104433,0.00981561946984793,0.8137740116622354,0.0024212128493151562,0.2857142857142857,574.9166999999998,estimated,-0.23219618770371936,2.1991016044457785,1.460008881993639,estimated,False,1760.4917410450616
ordinary_matched_other_unchanged_negative_06,2018_2019,LGBM,A,A,A_model_A_inputs,full,post_hoc_revision,946,28,918,11498.333999999995,28.0,0.002435135385700225,801.3189519104433,0.29142715463715174,0.9520714604175563,0.003460557416553867,0.75,574.9166999999998,estimated,-1.4189430063827784,-2.0054219404488425,0.54133976962825,estimated,False,49.30926493974302
ordinary_matched_other_unchanged_negative_06,2018_2019,LGBM,B,B,B_model_B_inputs,full,post_hoc_revision,946,28,918,11498.333999999995,28.0,0.002435135385700225,801.3189519104433,0.2707675216750374,0.951780461293829,0.003089163019361486,0.7857142857142857,574.9166999999999,estimated,-1.2647770382263872,-1.957688608492596,0.5542672935117454,estimated,False,49.39491788330095
ordinary_matched_other_unchanged_negative_07,2018_2019,LR,A,A,A_model_A_inputs,full,post_hoc_revision,946,28,918,11498.333999999995,28.0,0.002435135385700225,801.3189519104433,0.009850819705333877,0.8128916921064142,0.0024212554060966795,0.2857142857142857,574.9166999999998,estimated,-0.2334581232901288,2.119637947035308,1.4453738325539578,estimated,False,1730.689774147259
ordinary_matched_other_unchanged_negative_07,2018_2019,LR,B,B,B_model_B_inputs,full,post_hoc_revision,946,28,918,11498.333999999995,28.0,0.002435135385700225,801.3189519104433,0.009820788037181657,0.8135382170587703,0.0024212256714288435,0.2857142857142857,574.9166999999998,estimated,-0.2335663097156841,2.1919483967919255,1.459010342612927,estimated,False,1757.438805761374
ordinary_matched_other_unchanged_negative_07,2018_2019,LGBM,A,A,A_model_A_inputs,full,post_hoc_revision,946,28,918,11498.333999999995,28.0,0.002435135385700225,801.3189519104433,0.17512596598146957,0.9522548963513808,0.004023169927586786,0.7142857142857143,574.9166999999998,estimated,-2.2348570388854787,-2.6070428556670975,0.4502622558657995,estimated,False,61.71738564855604
ordinary_matched_other_unchanged_negative_07,2018_2019,LGBM,B,B,B_model_B_inputs,full,post_hoc_revision,946,28,918,11498.333999999995,28.0,0.002435135385700225,801.3189519104433,0.1971853602739184,0.9402723706961933,0.0049688726090527935,0.7857142857142857,574.9166999999998,estimated,-2.846639051053378,-2.7047378031241376,0.4475067757633257,estimated,False,54.778953167909165
ordinary_matched_other_unchanged_negative_08,2018_2019,LR,A,A,A_model_A_inputs,full,post_hoc_revision,946,28,918,11498.333999999995,28.0,0.002435135385700225,801.3189519104433,0.009838385821588668,0.8128042242337015,0.0024212273833434314,0.2857142857142857,574.9166999999998,estimated,-0.23321549199997701,2.12518870723708,1.4463798264403926,estimated,False,1731.4557987715302
ordinary_matched_other_unchanged_negative_08,2018_2019,LR,B,B,B_model_B_inputs,full,post_hoc_revision,946,28,918,11498.333999999995,28.0,0.002435135385700225,801.3189519104433,0.009812357805400424,0.8134085720607631,0.002421197467333598,0.2857142857142857,574.9166999999998,estimated,-0.23329937355361266,2.1979536363177656,1.4600957530654473,estimated,False,1758.3117199998908
ordinary_matched_other_unchanged_negative_08,2018_2019,LGBM,A,A,A_model_A_inputs,full,post_hoc_revision,946,28,918,11498.333999999995,28.0,0.002435135385700225,801.3189519104433,0.2401015169146182,0.9488589309729658,0.0034273979412982295,0.7857142857142857,574.9166999999998,estimated,-1.3132297830147348,-1.9991481778815758,0.5460051903167374,estimated,False,51.24343511551198
ordinary_matched_other_unchanged_negative_08,2018_2019,LGBM,B,B,B_model_B_inputs,full,post_hoc_revision,946,28,918,11498.333999999995,28.0,0.002435135385700225,801.3189519104433,0.26791006026609954,0.9458003825969052,0.0034820703613484393,0.8214285714285714,574.9166999999998,estimated,-1.7311047673310827,-2.204156149838449,0.5190591875729362,estimated,False,49.03759120175587
ordinary_matched_other_unchanged_negative_09,2018_2019,LR,A,A,A_model_A_inputs,full,post_hoc_revision,946,28,918,11498.333999999995,28.0,0.002435135385700225,801.3189519104433,0.009803344377019135,0.8126980746282435,0.0024212690195794377,0.2857142857142857,574.9166999999998,estimated,-0.23396256789495426,2.110999074290826,1.4438721901784377,estimated,False,1729.2171859840319
ordinary_matched_other_unchanged_negative_09,2018_2019,LR,B,B,B_model_B_inputs,full,post_hoc_revision,946,28,918,11498.333999999995,28.0,0.002435135385700225,801.3189519104433,0.009806262270332385,0.8138459114243274,0.002421239217475297,0.2857142857142857,574.9166999999998,estimated,-0.23405857749018388,2.1831123691140686,1.45747036291383,estimated,False,1755.883408875687
ordinary_matched_other_unchanged_negative_09,2018_2019,LGBM,A,A,A_model_A_inputs,full,post_hoc_revision,946,28,918,11498.333999999995,28.0,0.002435135385700225,801.3189519104433,0.17823966525730522,0.9619731524071454,0.0039648974129137,0.7142857142857143,574.9166999999998,estimated,-2.379587514445221,-2.8642621411875187,0.41174854711037906,estimated,False,69.00996207141188
ordinary_matched_other_unchanged_negative_09,2018_2019,LGBM,B,B,B_model_B_inputs,full,post_hoc_revision,946,28,918,11498.333999999995,28.0,0.002435135385700225,801.3189519104433,0.2963439995903427,0.958753249905365,0.003704620229563649,0.7857142857142857,574.9166999999999,estimated,-1.705430810728512,-2.053984336961292,0.5467684153132928,estimated,False,44.20135944170026
ordinary_matched_other_unchanged_negative_10,2018_2019,LR,A,A,A_model_A_inputs,full,post_hoc_revision,946,28,918,11498.333999999995,28.0,0.002435135385700225,801.3189519104433,0.00984630233772692,0.8127260972273612,0.0024212802267851627,0.2857142857142857,574.9166999999998,estimated,-0.23558850198478076,2.0989355427302065,1.4420943255131686,estimated,False,1719.4751776161347
ordinary_matched_other_unchanged_negative_10,2018_2019,LR,B,B,B_model_B_inputs,full,post_hoc_revision,946,28,918,11498.333999999995,28.0,0.002435135385700225,801.3189519104433,0.009828884743806564,0.813511608044097,0.0024212484450454015,0.2857142857142857,574.9166999999998,estimated,-0.23563876402413816,2.1720042971297597,1.4558668572240612,estimated,False,1746.2254792450397
ordinary_matched_other_unchanged_negative_10,2018_2019,LGBM,A,A,A_model_A_inputs,full,post_hoc_revision,946,28,918,11498.333999999995,28.0,0.002435135385700225,801.3189519104433,0.2929559895315908,0.9500738538713376,0.003158894325308664,0.75,574.9166999999999,estimated,-1.2481398377482542,-1.9248310450217643,0.5558902649155095,estimated,False,49.642936154806584
ordinary_matched_other_unchanged_negative_10,2018_2019,LGBM,B,B,B_model_B_inputs,full,post_hoc_revision,946,28,918,11498.333999999995,28.0,0.002435135385700225,801.3189519104433,0.28131698151676765,0.9423996222404191,0.0037413567975611377,0.6785714285714286,574.9166999999998,estimated,-1.766376714162798,-2.1624577928101303,0.5273739514818203,estimated,False,45.80890905092901
ordinary_matched_other_unchanged_negative_11,2018_2019,LR,A,A,A_model_A_inputs,full,post_hoc_revision,946,28,918,11498.333999999995,28.0,0.002435135385700225,801.3189519104433,0.009816588802058504,0.8128526286032443,0.0024212423848984773,0.2857142857142857,574.9166999999998,estimated,-0.23293224476897467,2.126797961412209,1.4466089763422976,estimated,False,1731.9707514097374
ordinary_matched_other_unchanged_negative_11,2018_2019,LR,B,B,B_model_B_inputs,full,post_hoc_revision,946,28,918,11498.333999999995,28.0,0.002435135385700225,801.3189519104433,0.009803370465840426,0.8136412530421041,0.002421212076817547,0.2857142857142857,574.9166999999998,estimated,-0.23300999828923866,2.1996624195889254,1.4603415625266316,estimated,False,1758.838637882147
ordinary_matched_other_unchanged_negative_11,2018_2019,LGBM,A,A,A_model_A_inputs,full,post_hoc_revision,946,28,918,11498.333999999995,28.0,0.002435135385700225,801.3189519104433,0.18135446418929602,0.9574395504587254,0.0038452694491726133,0.7142857142857143,574.9166999999999,estimated,-2.129342962473955,-2.5809046858780924,0.45018269383810344,estimated,False,63.80875755043037
ordinary_matched_other_unchanged_negative_11,2018_2019,LGBM,B,B,B_model_B_inputs,full,post_hoc_revision,946,28,918,11498.333999999995,28.0,0.002435135385700225,801.3189519104433,0.19003409645084862,0.9383149547843536,0.004157347975147489,0.75,574.9166999999998,estimated,-2.581319514247163,-2.7854351080665616,0.42719469207958854,estimated,False,63.289452881801004
ordinary_matched_other_unchanged_negative_12,2018_2019,LR,A,A,A_model_A_inputs,full,post_hoc_revision,946,28,918,11498.333999999995,28.0,0.002435135385700225,801.3189519104433,0.00982874220604923,0.8129463237202054,0.0024212480269737895,0.2857142857142857,574.9166999999998,estimated,-0.2320634391821322,2.1285339244034747,1.4467062093157075,estimated,False,1732.2923729526
ordinary_matched_other_unchanged_negative_12,2018_2019,LR,B,B,B_model_B_inputs,full,post_hoc_revision,946,28,918,11498.333999999995,28.0,0.002435135385700225,801.3189519104433,0.009805621493698841,0.8136896574116468,0.002421218008998239,0.2857142857142857,574.9166999999998,estimated,-0.2321557199479624,2.2010109751933493,1.4603669706941047,estimated,False,1759.0435149737223
ordinary_matched_other_unchanged_negative_12,2018_2019,LGBM,A,A,A_model_A_inputs,full,post_hoc_revision,946,28,918,11498.333999999995,28.0,0.002435135385700225,801.3189519104433,0.2701396857913318,0.9431183334081024,0.0036348959777035375,0.7857142857142857,574.9166999999999,estimated,-1.4976980813648202,-2.0809644001061463,0.5285769441572407,estimated,False,53.70659321476296
ordinary_matched_other_unchanged_negative_12,2018_2019,LGBM,B,B,B_model_B_inputs,full,post_hoc_revision,946,28,918,11498.333999999995,28.0,0.002435135385700225,801.3189519104433,0.29016349170409733,0.9412826352123418,0.0032148963135411757,0.75,574.9166999999998,estimated,-1.3134765968633835,-1.9368834900459446,0.5678313440084122,estimated,False,45.499247153235125
ordinary_matched_other_unchanged_negative_13,2018_2019,LR,A,A,A_model_A_inputs,full,post_hoc_revision,946,28,918,11498.333999999995,28.0,0.002435135385700225,801.3189519104433,0.009795369830103581,0.8131727774572978,0.0024212442138551137,0.2857142857142857,574.9166999999998,estimated,-0.23412112532075705,2.130421483715251,1.4476649806614506,estimated,False,1730.636270976453
ordinary_matched_other_unchanged_negative_13,2018_2019,LR,B,B,B_model_B_inputs,full,post_hoc_revision,946,28,918,11498.333999999995,28.0,0.002435135385700225,801.3189519104433,0.009777721818852092,0.8136834301673984,0.0024212258436256927,0.2857142857142857,574.9166999999998,estimated,-0.2350248909018309,2.185484460462703,1.4582505958972862,estimated,False,1751.7340856933915
ordinary_matched_other_unchanged_negative_13,2018_2019,LGBM,A,A,A_model_A_inputs,full,post_hoc_revision,946,28,918,11498.333999999995,28.0,0.002435135385700225,801.3189519104433,0.2653329175372076,0.9560757279231307,0.003101475214447357,0.7142857142857143,574.9166999999998,estimated,-1.172743191162991,-1.8789680359552645,0.5640126887801016,estimated,False,49.774566187490116
ordinary_matched_other_unchanged_negative_13,2018_2019,LGBM,B,B,B_model_B_inputs,full,post_hoc_revision,946,28,918,11498.333999999995,28.0,0.002435135385700225,801.3189519104433,0.2605151873062848,0.9534763142655036,0.003212984881833105,0.7857142857142857,574.9166999999998,estimated,-1.3897880863697454,-1.9417595605577378,0.5604774415009871,estimated,False,45.31454071836821
ordinary_matched_other_unchanged_negative_14,2018_2019,LR,A,A,A_model_A_inputs,full,post_hoc_revision,946,28,918,11498.333999999995,28.0,0.002435135385700225,801.3189519104433,0.009827074063092902,0.812994728089748,0.0024212442169191353,0.2857142857142857,574.9166999999998,estimated,-0.2317972861244315,2.1259163855200214,1.4461362083879306,estimated,False,1732.3929970847394
ordinary_matched_other_unchanged_negative_14,2018_2019,LR,B,B,B_model_B_inputs,full,post_hoc_revision,946,28,918,11498.333999999995,28.0,0.002435135385700225,801.3189519104433,0.009813494672013739,0.8137287209148168,0.0024212141622148645,0.2857142857142857,574.9166999999998,estimated,-0.23188644049884943,2.1984543661160028,1.4598070620673063,estimated,False,1759.184300117967
ordinary_matched_other_unchanged_negative_14,2018_2019,LGBM,A,A,A_model_A_inputs,full,post_hoc_revision,946,28,918,11498.333999999995,28.0,0.002435135385700225,801.3189519104433,0.17425088553165388,0.9525993812759573,0.003950137261551496,0.7142857142857143,574.9166999999998,estimated,-2.167277209235046,-2.6490507656132496,0.43961086683011724,estimated,False,66.42488393363487
ordinary_matched_other_unchanged_negative_14,2018_2019,LGBM,B,B,B_model_B_inputs,full,post_hoc_revision,946,28,918,11498.333999999995,28.0,0.002435135385700225,801.3189519104433,0.2439274187372485,0.9495314920335243,0.0034688851950835046,0.7857142857142857,574.9166999999999,estimated,-1.5248245517536967,-2.0086578380250133,0.5511734011630108,estimated,False,45.41905634346749
ordinary_matched_other_unchanged_negative_15,2018_2019,LR,A,A,A_model_A_inputs,full,post_hoc_revision,946,28,918,11498.333999999995,28.0,0.002435135385700225,801.3189519104433,0.009844778347883307,0.8131274867098794,0.0024212106709758144,0.2857142857142857,574.9166999999998,estimated,-0.23336335669650238,2.1212233743730504,1.4457687314236027,estimated,False,1726.5249290024708
ordinary_matched_other_unchanged_negative_15,2018_2019,LR,B,B,B_model_B_inputs,full,post_hoc_revision,946,28,918,11498.333999999995,28.0,0.002435135385700225,801.3189519104433,0.009823819043176616,0.8138224160317782,0.0024211803998583008,0.2857142857142857,574.9166999999998,estimated,-0.23344396575067378,2.1942317276398864,1.4595331807470608,estimated,False,1753.382270637174
ordinary_matched_other_unchanged_negative_15,2018_2019,LGBM,A,A,A_model_A_inputs,full,post_hoc_revision,946,28,918,11498.333999999995,28.0,0.002435135385700225,801.3189519104433,0.26167481634744516,0.9566732755994731,0.0030994701837485424,0.7857142857142857,574.9166999999998,estimated,-1.2194737196507266,-1.919689437332954,0.56326572537669,estimated,False,47.61031025959261
ordinary_matched_other_unchanged_negative_15,2018_2019,LGBM,B,B,B_model_B_inputs,full,post_hoc_revision,946,28,918,11498.333999999995,28.0,0.002435135385700225,801.3189519104433,0.3172186038149833,0.9349402305360697,0.0029630504427242345,0.7857142857142857,574.9166999999998,estimated,-1.1665406539017054,-1.8502929021976753,0.5804075568692962,estimated,False,44.88104394057392
ordinary_matched_other_unchanged_negative_16,2018_2019,LR,A,A,A_model_A_inputs,full,post_hoc_revision,946,28,918,11498.333999999995,28.0,0.002435135385700225,801.3189519104433,0.009838804440012573,0.8134351810754363,0.002421250103294733,0.2857142857142857,574.9166999999998,estimated,-0.23385692247734888,2.1336049006626556,1.4482076681839309,estimated,False,1730.3900802199823
ordinary_matched_other_unchanged_negative_16,2018_2019,LR,B,B,B_model_B_inputs,full,post_hoc_revision,946,28,918,11498.333999999995,28.0,0.002435135385700225,801.3189519104433,0.00979685861228044,0.8139098839044909,0.0024212194933996814,0.2857142857142857,574.9166999999998,estimated,-0.23394989455915272,2.2059878369346495,1.4618568430993335,estimated,False,1757.1030061196882
ordinary_matched_other_unchanged_negative_16,2018_2019,LGBM,A,A,A_model_A_inputs,full,post_hoc_revision,946,28,918,11498.333999999995,28.0,0.002435135385700225,801.3189519104433,0.27922337548139603,0.9550773449890081,0.003289019856819616,0.8214285714285714,574.9166999999999,estimated,-1.3655293155686412,-1.9825729390625393,0.5559617546397457,estimated,False,45.86855243407047
ordinary_matched_other_unchanged_negative_16,2018_2019,LGBM,B,B,B_model_B_inputs,full,post_hoc_revision,946,28,918,11498.333999999995,28.0,0.002435135385700225,801.3189519104433,0.281626203786767,0.9443983559178466,0.003147498219015706,0.7857142857142857,574.9166999999998,estimated,-1.2791082671541818,-1.9231467282040082,0.5666603819708045,estimated,False,45.870233536001514
ordinary_matched_other_unchanged_negative_17,2018_2019,LR,A,A,A_model_A_inputs,full,post_hoc_revision,946,28,918,11498.333999999995,28.0,0.002435135385700225,801.3189519104433,0.009836655453033931,0.812991614467624,0.002421246139903643,0.2857142857142857,574.9166999999998,estimated,-0.23173475000620872,2.1292012060687577,1.4467273382759493,estimated,False,1734.2956131879985
ordinary_matched_other_unchanged_negative_17,2018_2019,LR,B,B,B_model_B_inputs,full,post_hoc_revision,946,28,918,11498.333999999995,28.0,0.002435135385700225,801.3189519104433,0.00980853884374311,0.8137740116622354,0.002421216272247609,0.2857142857142857,574.9166999999998,estimated,-0.23183078645013735,2.2017071883419894,1.4603937118316557,estimated,False,1761.103337676103
ordinary_matched_other_unchanged_negative_17,2018_2019,LGBM,A,A,A_model_A_inputs,full,post_hoc_revision,946,28,918,11498.333999999995,28.0,0.002435135385700225,801.3189519104433,0.24458860879639027,0.9534938688670398,0.003252860980135678,0.75,574.9166999999998,estimated,-1.2363224639035135,-1.9334707535934867,0.5640389439716871,estimated,False,49.110688370183254
ordinary_matched_other_unchanged_negative_17,2018_2019,LGBM,B,B,B_model_B_inputs,full,post_hoc_revision,946,28,918,11498.333999999995,28.0,0.002435135385700225,801.3189519104433,0.18840441866339275,0.9497330367936234,0.0044408409036488265,0.75,574.9166999999998,estimated,-2.561950735540462,-2.6116733496664235,0.4565742249944781,estimated,False,56.59730936496976
ordinary_matched_other_unchanged_negative_18,2018_2019,LR,A,A,A_model_A_inputs,full,post_hoc_revision,946,28,918,11498.333999999995,28.0,0.002435135385700225,801.3189519104433,0.009840749209660852,0.8129494373423296,0.0024212612903339857,0.2857142857142857,574.9166999999998,estimated,-0.23450821067743816,2.11738868821829,1.4452576919657434,estimated,False,1729.441865947706
ordinary_matched_other_unchanged_negative_18,2018_2019,LR,B,B,B_model_B_inputs,full,post_hoc_revision,946,28,918,11498.333999999995,28.0,0.002435135385700225,801.3189519104433,0.009796140236183819,0.8136834301673983,0.0024212315984752934,0.2857142857142857,574.9166999999998,estimated,-0.23461601144110056,2.189528956505773,1.4588651199610065,estimated,False,1756.164474299797
ordinary_matched_other_unchanged_negative_18,2018_2019,LGBM,A,A,A_model_A_inputs,full,post_hoc_revision,946,28,918,11498.333999999995,28.0,0.002435135385700225,801.3189519104433,0.2564384945834349,0.9539674445648855,0.003205334813171867,0.7142857142857143,574.9166999999998,estimated,-1.1985978105372634,-1.9274848139044993,0.5556346912814693,estimated,False,51.125220099584304
ordinary_matched_other_unchanged_negative_18,2018_2019,LGBM,B,B,B_model_B_inputs,full,post_hoc_revision,946,28,918,11498.333999999995,28.0,0.002435135385700225,801.3189519104433,0.17764576759773534,0.9457468781143232,0.0034452252663729494,0.8928571428571429,574.9166999999998,estimated,-1.5422916753131233,-4.203254317550129,0.21765937525426338,estimated,False,149.57756294502374
ordinary_matched_other_unchanged_negative_19,2018_2019,LR,A,A,A_model_A_inputs,full,post_hoc_revision,946,28,918,11498.333999999995,28.0,0.002435135385700225,801.3189519104433,0.009825782962486635,0.8128526286032443,0.002421248921164296,0.2857142857142857,574.9166999999998,estimated,-0.2320941298422338,2.1210177458117614,1.445256222902381,estimated,False,1730.6589816044075
ordinary_matched_other_unchanged_negative_19,2018_2019,LR,B,B,B_model_B_inputs,full,post_hoc_revision,946,28,918,11498.333999999995,28.0,0.002435135385700225,801.3189519104433,0.009813477931445547,0.8135928486725614,0.002421218397356855,0.2857142857142857,574.9166999999998,estimated,-0.23217185791323433,2.1939002626722957,1.4589896904732307,estimated,False,1757.4592320381228
ordinary_matched_other_unchanged_negative_19,2018_2019,LGBM,A,A,A_model_A_inputs,full,post_hoc_revision,946,28,918,11498.333999999995,28.0,0.002435135385700225,801.3189519104433,0.230274478816346,0.9554040075405457,0.003423813085240837,0.7142857142857143,574.9166999999998,estimated,-1.4742404992440306,-2.1508075376317692,0.5187204851804422,estimated,False,54.541382514218625
ordinary_matched_other_unchanged_negative_19,2018_2019,LGBM,B,B,B_model_B_inputs,full,post_hoc_revision,946,28,918,11498.333999999995,28.0,0.002435135385700225,801.3189519104433,0.23416470609448492,0.9470940054080881,0.0034007903093853024,0.75,574.9166999999998,estimated,-1.6026416112706705,-2.1359191477146493,0.5288217627582591,estimated,False,48.15994149134346
ordinary_matched_positive_unchanged_00,2020_2021,LR,A,A,A_model_A_inputs,full,post_hoc_revision,845,44,801,11397.333999999997,44.0,0.0038605519501314967,787.7856399317628,0.01832219853109734,0.8204046654329202,0.0038263275215847494,0.4090909090909091,569.8667,estimated,0.2843224929642031,2.434038033610847,1.4047491571838853,estimated,False,1583.3615864059402
ordinary_matched_positive_unchanged_00,2020_2021,LR,B,B,B_model_B_inputs,full,post_hoc_revision,845,44,801,11397.333999999997,44.0,0.0038605519501314967,787.7856399317628,0.01818954960030822,0.8206998530523776,0.0038264558487556295,0.38636363636363635,569.8667,estimated,0.2886583417164315,2.435394958428107,1.4038276155250315,estimated,False,1582.5259680082925
ordinary_matched_positive_unchanged_00,2020_2021,LGBM,A,A,A_model_A_inputs,full,post_hoc_revision,845,44,801,11397.333999999997,44.0,0.0038605519501314967,787.7856399317628,0.11943167248162276,0.9231422001037526,0.006806953110292323,0.5909090909090909,569.8667,estimated,-1.7803548721453795,-2.6857586912396947,0.3881447311845993,estimated,False,76.8663190627061
ordinary_matched_positive_unchanged_00,2020_2021,LGBM,B,B,B_model_B_inputs,full,post_hoc_revision,845,44,801,11397.333999999997,44.0,0.0038605519501314967,787.7856399317628,0.13685186780384387,0.9238657881144318,0.007786599580060831,0.6818181818181818,569.8666999999999,estimated,-2.2905848935671975,-2.57950306495302,0.40685245854817575,estimated,False,63.64758234918705
ordinary_matched_positive_unchanged_01,2020_2021,LR,A,A,A_model_A_inputs,full,post_hoc_revision,845,44,801,11397.333999999997,44.0,0.0038605519501314967,787.7856399317628,0.018227633638996925,0.8199698912631798,0.003826550892634334,0.4090909090909091,569.8667,estimated,0.29319293813582065,2.4565715635200496,1.406439739774601,estimated,False,1602.8641505527892
ordinary_matched_positive_unchanged_01,2020_2021,LR,B,B,B_model_B_inputs,full,post_hoc_revision,845,44,801,11397.333999999997,44.0,0.0038605519501314967,787.7856399317628,0.018107742476824777,0.8204066672477816,0.0038266781955273764,0.3409090909090909,569.8667,estimated,0.2974627075959429,2.4581640317827373,1.4055769446787039,estimated,False,1602.0562350998193
ordinary_matched_positive_unchanged_01,2020_2021,LGBM,A,A,A_model_A_inputs,full,post_hoc_revision,845,44,801,11397.333999999997,44.0,0.0038605519501314967,787.7856399317628,0.1202806063180938,0.9272830182025675,0.006681496906988132,0.6136363636363636,569.8667,estimated,-1.4940186786163878,-2.58345173240096,0.40283940672670476,estimated,False,81.12112607152307
ordinary_matched_positive_unchanged_01,2020_2021,LGBM,B,B,B_model_B_inputs,full,post_hoc_revision,845,44,801,11397.333999999997,44.0,0.0038605519501314967,787.7856399317628,0.11249498126673928,0.9221771051409385,0.006463433296296863,0.6136363636363636,569.8667,estimated,-2.040355242018789,-2.693490838489304,0.3891951378394595,estimated,False,71.28111000290079
ordinary_matched_positive_unchanged_02,2020_2021,LR,A,A,A_model_A_inputs,full,post_hoc_revision,845,44,801,11397.333999999997,44.0,0.0038605519501314967,787.7856399317628,0.01877685672273275,0.8218937074102892,0.0038262735648509714,0.4090909090909091,569.8667,estimated,0.29269952439115543,2.496239344864111,1.4144110868462971,estimated,False,1583.8123260365953
ordinary_matched_positive_unchanged_02,2020_2021,LR,B,B,B_model_B_inputs,full,post_hoc_revision,845,44,801,11397.333999999997,44.0,0.0038605519501314967,787.7856399317628,0.01849601548589739,0.8220995380179648,0.0038264217575385206,0.3181818181818182,569.8667,estimated,0.2965151145364071,2.4902089674350996,1.4122205035030042,estimated,False,1583.5935944423532
ordinary_matched_positive_unchanged_02,2020_2021,LGBM,A,A,A_model_A_inputs,full,post_hoc_revision,845,44,801,11397.333999999997,44.0,0.0038605519501314967,787.7856399317628,0.11580415016019918,0.9112036565246355,0.007244467392189171,0.6363636363636364,569.8667,estimated,-1.9883366104744347,-2.7474424314192234,0.3782028031933841,estimated,False,79.74567845295665
ordinary_matched_positive_unchanged_02,2020_2021,LGBM,B,B,B_model_B_inputs,full,post_hoc_revision,845,44,801,11397.333999999997,44.0,0.0038605519501314967,787.7856399317628,0.1265626286683238,0.9238388556972869,0.006876281753444169,0.6363636363636364,569.8667,estimated,-2.3130034853778727,-2.830141525705426,0.36486048564857393,estimated,False,74.72437927362087
ordinary_matched_positive_unchanged_03,2020_2021,LR,A,A,A_model_A_inputs,full,post_hoc_revision,845,44,801,11397.333999999997,44.0,0.0038605519501314967,787.7856399317628,0.017966892611127425,0.8191314631375337,0.0038265510259429085,0.36363636363636365,569.8667,estimated,0.288845552424972,2.299489376775071,1.3783507161577195,estimated,False,1573.493698357549
ordinary_matched_positive_unchanged_03,2020_2021,LR,B,B,B_model_B_inputs,full,post_hoc_revision,845,44,801,11397.333999999997,44.0,0.0038605519501314967,787.7856399317628,0.017807214062421473,0.8193332901154865,0.0038266713792096682,0.3409090909090909,569.8667,estimated,0.29337523664021387,2.306234353170939,1.3784093345737052,estimated,False,1573.3435405856014
ordinary_matched_positive_unchanged_03,2020_2021,LGBM,A,A,A_model_A_inputs,full,post_hoc_revision,845,44,801,11397.333999999997,44.0,0.0038605519501314967,787.7856399317628,0.11568644642445772,0.9237445862318353,0.006775711286656224,0.5909090909090909,569.8667,estimated,-1.7378504505057342,-2.7460212654255844,0.3760373701114617,estimated,False,80.5526313533993
ordinary_matched_positive_unchanged_03,2020_2021,LGBM,B,B,B_model_B_inputs,full,post_hoc_revision,845,44,801,11397.333999999997,44.0,0.0038605519501314967,787.7856399317628,0.13245058630832512,0.9294936463757543,0.007180276527829856,0.6363636363636364,569.8667,estimated,-1.8886475204658177,-2.4917881212116506,0.41790866202591825,estimated,False,64.89904759220146
ordinary_matched_positive_unchanged_04,2020_2021,LR,A,A,A_model_A_inputs,full,post_hoc_revision,845,44,801,11397.333999999997,44.0,0.0038605519501314967,787.7856399317628,0.0184214800987358,0.8204609004160058,0.003826230518588011,0.4090909090909091,569.8667,estimated,0.2824250573031697,2.40210631271675,1.3993733412025127,estimated,False,1564.467020846593
ordinary_matched_positive_unchanged_04,2020_2021,LR,B,B,B_model_B_inputs,full,post_hoc_revision,845,44,801,11397.333999999997,44.0,0.0038605519501314967,787.7856399317628,0.018186235726571416,0.8207229660067669,0.003826364346347602,0.4090909090909091,569.8667,estimated,0.28669708628378904,2.4035905104554756,1.3984884149924288,estimated,False,1564.1962138447882
ordinary_matched_positive_unchanged_04,2020_2021,LGBM,A,A,A_model_A_inputs,full,post_hoc_revision,845,44,801,11397.333999999997,44.0,0.0038605519501314967,787.7856399317628,0.1131302302432517,0.9110129316119038,0.00727740466330297,0.6136363636363636,569.8667,estimated,-1.93470224712626,-2.7517022928171024,0.3765290836068293,estimated,False,79.20154014812493
ordinary_matched_positive_unchanged_04,2020_2021,LGBM,B,B,B_model_B_inputs,full,post_hoc_revision,845,44,801,11397.333999999997,44.0,0.0038605519501314967,787.7856399317628,0.0673252169399782,0.9200894964982421,0.006887065000998345,0.5454545454545454,569.8666999999999,estimated,-2.231683424247104,-2.9977366617069254,0.33129184052416916,estimated,False,93.07717338881729
ordinary_matched_positive_unchanged_05,2020_2021,LR,A,A,A_model_A_inputs,full,post_hoc_revision,845,44,801,11397.333999999997,44.0,0.0038605519501314967,787.7856399317628,0.01853253712012727,0.8199407728642063,0.003826375258386654,0.38636363636363635,569.8667,estimated,0.2810059182417614,2.4126045280193176,1.401456092031856,estimated,False,1572.510165443002
ordinary_matched_positive_unchanged_05,2020_2021,LR,B,B,B_model_B_inputs,full,post_hoc_revision,845,44,801,11397.333999999997,44.0,0.0038605519501314967,787.7856399317628,0.018309932557744588,0.8201466034718818,0.0038265030105566317,0.36363636363636365,569.8667,estimated,0.28532391809118274,2.414966899292203,1.4007253740398438,estimated,False,1571.8892774119686
ordinary_matched_positive_unchanged_05,2020_2021,LGBM,A,A,A_model_A_inputs,full,post_hoc_revision,845,44,801,11397.333999999997,44.0,0.0038605519501314967,787.7856399317628,0.11964543133333289,0.9196026751421061,0.00729269299698936,0.6136363636363636,569.8667,estimated,-1.9076605217346652,-2.744341563032381,0.380790294946091,estimated,False,76.77671300114552
ordinary_matched_positive_unchanged_05,2020_2021,LGBM,B,B,B_model_B_inputs,full,post_hoc_revision,845,44,801,11397.333999999997,44.0,0.0038605519501314967,787.7856399317628,0.11219146429137308,0.9298632694790167,0.006788933162352591,0.5909090909090909,569.8667,estimated,-2.116139681075925,-2.7376110915538776,0.3803598609825479,estimated,False,72.69812732991899
ordinary_matched_positive_unchanged_06,2020_2021,LR,A,A,A_model_A_inputs,full,post_hoc_revision,845,44,801,11397.333999999997,44.0,0.0038605519501314967,787.7856399317628,0.01826826232676117,0.8186495542350675,0.0038261804622284393,0.38636363636363635,569.8667,estimated,0.28109114641978833,2.26429871541237,1.3738745317199892,estimated,False,1501.478612045787
ordinary_matched_positive_unchanged_06,2020_2021,LR,B,B,B_model_B_inputs,full,post_hoc_revision,845,44,801,11397.333999999997,44.0,0.0038605519501314967,787.7856399317628,0.018127689211242106,0.8187951462299348,0.0038263402205850733,0.36363636363636365,569.8667,estimated,0.2848267445107347,2.2665975307126507,1.3732548983045307,estimated,False,1503.7098276043155
ordinary_matched_positive_unchanged_06,2020_2021,LGBM,A,A,A_model_A_inputs,full,post_hoc_revision,845,44,801,11397.333999999997,44.0,0.0038605519501314967,787.7856399317628,0.09688776340434609,0.9313585010679369,0.008475995543058341,0.6590909090909091,569.8667,estimated,-2.587731438651945,-2.9712500366245047,0.3500251960106237,estimated,False,74.93465307205828
ordinary_matched_positive_unchanged_06,2020_2021,LGBM,B,B,B_model_B_inputs,full,post_hoc_revision,845,44,801,11397.333999999997,44.0,0.0038605519501314967,787.7856399317628,0.1200307775142848,0.9253089725169565,0.0064482747412117295,0.6136363636363636,569.8667,estimated,-1.7718259616254317,-2.594851595067691,0.40208918852939357,estimated,False,70.64392127955996
ordinary_matched_positive_unchanged_07,2020_2021,LR,A,A,A_model_A_inputs,full,post_hoc_revision,845,44,801,11397.333999999997,44.0,0.0038605519501314967,787.7856399317628,0.018541715831843896,0.819533115278578,0.0038256370242472637,0.38636363636363635,569.8667,estimated,0.2795308705175819,2.5979619851912017,1.436922994938661,estimated,False,1674.7846294410772
ordinary_matched_positive_unchanged_07,2020_2021,LR,B,B,B_model_B_inputs,full,post_hoc_revision,845,44,801,11397.333999999997,44.0,0.0038605519501314967,787.7856399317628,0.018314021357037327,0.8197389458862536,0.0038257750032195765,0.36363636363636365,569.8667,estimated,0.2836937636195786,2.5968259941978182,1.4355388225468797,estimated,False,1673.2123886733077
ordinary_matched_positive_unchanged_07,2020_2021,LGBM,A,A,A_model_A_inputs,full,post_hoc_revision,845,44,801,11397.333999999997,44.0,0.0038605519501314967,787.7856399317628,0.05975527029827874,0.9134919991543704,0.006812819826917806,0.5681818181818182,569.8667,estimated,-1.5760231861843148,-2.8866916647301935,0.35120301470953247,estimated,False,90.1665579612498
ordinary_matched_positive_unchanged_07,2020_2021,LGBM,B,B,B_model_B_inputs,full,post_hoc_revision,845,44,801,11397.333999999997,44.0,0.0038605519501314967,787.7856399317628,0.1156661711783417,0.9259825151561014,0.00660047814247004,0.6136363636363636,569.8667,estimated,-1.9618181973595685,-2.543770771002037,0.4121506195530266,estimated,False,67.50815855268007
ordinary_matched_positive_unchanged_08,2020_2021,LR,A,A,A_model_A_inputs,full,post_hoc_revision,845,44,801,11397.333999999997,44.0,0.0038605519501314967,787.7856399317628,0.018685384864965158,0.8203464286349734,0.0038263584714296984,0.38636363636363635,569.8667,estimated,0.28351645543702303,2.4622717840342485,1.410124594307241,estimated,False,1594.82535102081
ordinary_matched_positive_unchanged_08,2020_2021,LR,B,B,B_model_B_inputs,full,post_hoc_revision,845,44,801,11397.333999999997,44.0,0.0038605519501314967,787.7856399317628,0.018416270509270357,0.8204377874616164,0.003826482250749675,0.36363636363636365,569.8667,estimated,0.2879280652967956,2.4643057185084407,1.4093101928928529,estimated,False,1593.849770609406
ordinary_matched_positive_unchanged_08,2020_2021,LGBM,A,A,A_model_A_inputs,full,post_hoc_revision,845,44,801,11397.333999999997,44.0,0.0038605519501314967,787.7856399317628,0.12008204228319597,0.9149550175385416,0.00702266389497529,0.6136363636363636,569.8667,estimated,-1.7873041451089156,-2.6387730375991967,0.39524370119414026,estimated,False,77.97408222037305
ordinary_matched_positive_unchanged_08,2020_2021,LGBM,B,B,B_model_B_inputs,full,post_hoc_revision,845,44,801,11397.333999999997,44.0,0.0038605519501314967,787.7856399317628,0.1187929490885113,0.9235176444846317,0.006423861003960804,0.6363636363636364,569.8667,estimated,-1.7303619002500141,-2.526844085042572,0.41163566820099917,estimated,False,70.06237866174851
ordinary_matched_positive_unchanged_09,2020_2021,LR,A,A,A_model_A_inputs,full,post_hoc_revision,845,44,801,11397.333999999997,44.0,0.0038605519501314967,787.7856399317628,0.018394446485622825,0.8213966928128792,0.0038263326301694726,0.4090909090909091,569.8667,estimated,0.293522385759879,2.4709145988834114,1.4095297420492137,estimated,False,1582.7426316129545
ordinary_matched_positive_unchanged_09,2020_2021,LR,B,B,B_model_B_inputs,full,post_hoc_revision,845,44,801,11397.333999999997,44.0,0.0038605519501314967,787.7856399317628,0.01819963085996949,0.8215442866226078,0.0038264710673969553,0.3181818181818182,569.8667,estimated,0.29773753178424855,2.4678136985328036,1.4078034778338093,estimated,False,1581.440077205235
ordinary_matched_positive_unchanged_09,2020_2021,LGBM,A,A,A_model_A_inputs,full,post_hoc_revision,845,44,801,11397.333999999997,44.0,0.0038605519501314967,787.7856399317628,0.09688554923343472,0.9193087646805304,0.006872451489388629,0.6363636363636364,569.8666999999999,estimated,-1.818230086961486,-2.8595013771918825,0.358913900526845,estimated,False,82.61538864621205
ordinary_matched_positive_unchanged_09,2020_2021,LGBM,B,B,B_model_B_inputs,full,post_hoc_revision,845,44,801,11397.333999999997,44.0,0.0038605519501314967,787.7856399317628,0.07319669711891008,0.9221381618346254,0.006328773435559166,0.6590909090909091,569.8667,estimated,-1.6787629967005542,-2.835791941416165,0.3597087231944568,estimated,False,84.01480498610064
ordinary_matched_positive_unchanged_10,2020_2021,LR,A,A,A_model_A_inputs,full,post_hoc_revision,845,44,801,11397.333999999997,44.0,0.0038605519501314967,787.7856399317628,0.018888022553934136,0.8212551044477346,0.0038264260381039293,0.38636363636363635,569.8666999999999,estimated,0.29163231390768957,2.49434221381668,1.4141367777219187,estimated,False,1592.3075195984295
ordinary_matched_positive_unchanged_10,2020_2021,LR,B,B,B_model_B_inputs,full,post_hoc_revision,845,44,801,11397.333999999997,44.0,0.0038605519501314967,787.7856399317628,0.018548143028658516,0.8214589332405487,0.0038265642158623317,0.38636363636363635,569.8667,estimated,0.29581058293592394,2.4921031604737345,1.412571457761508,estimated,False,1591.4956807943327
ordinary_matched_positive_unchanged_10,2020_2021,LGBM,A,A,A_model_A_inputs,full,post_hoc_revision,845,44,801,11397.333999999997,44.0,0.0038605519501314967,787.7856399317628,0.12006791327851611,0.9071652993176847,0.006903254287703771,0.6363636363636364,569.8666999999999,estimated,-1.9611682125351,-2.9571174443602075,0.34411023036455857,estimated,False,83.52686300979133
ordinary_matched_positive_unchanged_10,2020_2021,LGBM,B,B,B_model_B_inputs,full,post_hoc_revision,845,44,801,11397.333999999997,44.0,0.0038605519501314967,787.7856399317628,0.12550355883248573,0.9183433013837817,0.0066493507883807305,0.6590909090909091,569.8666999999999,estimated,-2.018061967629144,-2.7013352476533337,0.38262207557407546,estimated,False,73.2854198930104
ordinary_matched_positive_unchanged_11,2020_2021,LR,A,A,A_model_A_inputs,full,post_hoc_revision,845,44,801,11397.333999999997,44.0,0.0038605519501314967,787.7856399317628,0.018596278624226085,0.8212511008180119,0.0038255426783136348,0.38636363636363635,569.8667,estimated,0.28166634278182145,2.6298312302720253,1.4426448372013252,estimated,False,1664.2324155381907
ordinary_matched_positive_unchanged_11,2020_2021,LR,B,B,B_model_B_inputs,full,post_hoc_revision,845,44,801,11397.333999999997,44.0,0.0038605519501314967,787.7856399317628,0.018266106603769854,0.8212531026328732,0.003825695290183185,0.36363636363636365,569.8667,estimated,0.2855517381961141,2.6232055471571365,1.440292876534333,estimated,False,1662.4719276092828
ordinary_matched_positive_unchanged_11,2020_2021,LGBM,A,A,A_model_A_inputs,full,post_hoc_revision,845,44,801,11397.333999999997,44.0,0.0038605519501314967,787.7856399317628,0.12132333502052571,0.9201339047591268,0.006852990937250034,0.5681818181818182,569.8667,estimated,-1.7422221911919094,-2.6936326391231673,0.3834404577148697,estimated,False,78.60400795620093
ordinary_matched_positive_unchanged_11,2020_2021,LGBM,B,B,B_model_B_inputs,full,post_hoc_revision,845,44,801,11397.333999999997,44.0,0.0038605519501314967,787.7856399317628,0.10801762770563761,0.9254132510567149,0.006565652018683707,0.6136363636363636,569.8667,estimated,-1.920810438504429,-2.657310715378326,0.38691577780509373,estimated,False,74.6918615620205
ordinary_matched_positive_unchanged_12,2020_2021,LR,A,A,A_model_A_inputs,full,post_hoc_revision,845,44,801,11397.333999999997,44.0,0.0038605519501314967,787.7856399317628,0.01832219853109734,0.8204046654329202,0.0038263275215847494,0.4090909090909091,569.8667,estimated,0.2843224929642031,2.434038033610847,1.4047491571838853,estimated,False,1583.3615864059402
ordinary_matched_positive_unchanged_12,2020_2021,LR,B,B,B_model_B_inputs,full,post_hoc_revision,845,44,801,11397.333999999997,44.0,0.0038605519501314967,787.7856399317628,0.01818954960030822,0.8206998530523776,0.0038264558487556295,0.38636363636363635,569.8667,estimated,0.2886583417164315,2.435394958428107,1.4038276155250315,estimated,False,1582.5259680082925
ordinary_matched_positive_unchanged_12,2020_2021,LGBM,A,A,A_model_A_inputs,full,post_hoc_revision,845,44,801,11397.333999999997,44.0,0.0038605519501314967,787.7856399317628,0.11943167248162276,0.9231422001037526,0.006806953110292323,0.5909090909090909,569.8667,estimated,-1.7803548721453795,-2.6857586912396947,0.3881447311845993,estimated,False,76.8663190627061
ordinary_matched_positive_unchanged_12,2020_2021,LGBM,B,B,B_model_B_inputs,full,post_hoc_revision,845,44,801,11397.333999999997,44.0,0.0038605519501314967,787.7856399317628,0.13685186780384387,0.9238657881144318,0.007786599580060831,0.6818181818181818,569.8666999999999,estimated,-2.2905848935671975,-2.57950306495302,0.40685245854817575,estimated,False,63.64758234918705
ordinary_matched_positive_unchanged_13,2020_2021,LR,A,A,A_model_A_inputs,full,post_hoc_revision,845,44,801,11397.333999999997,44.0,0.0038605519501314967,787.7856399317628,0.018976270217796822,0.8214569314256875,0.0038262613641333264,0.38636363636363635,569.8666999999999,estimated,0.28298673627911364,2.4878665225551075,1.4152525125975117,estimated,False,1578.2795162288176
ordinary_matched_positive_unchanged_13,2020_2021,LR,B,B,B_model_B_inputs,full,post_hoc_revision,845,44,801,11397.333999999997,44.0,0.0038605519501314967,787.7856399317628,0.018625718796818402,0.8216045252354162,0.003826401134082896,0.38636363636363635,569.8667,estimated,0.2871254810996641,2.4849999359088737,1.4135752834669704,estimated,False,1577.3569612092676
ordinary_matched_positive_unchanged_13,2020_2021,LGBM,A,A,A_model_A_inputs,full,post_hoc_revision,845,44,801,11397.333999999997,44.0,0.0038605519501314967,787.7856399317628,0.12271701867205848,0.9231210889642245,0.006731162201099154,0.6590909090909091,569.8667,estimated,-1.677276196366737,-2.657951917827656,0.38966219958601234,estimated,False,77.89962947221674
ordinary_matched_positive_unchanged_13,2020_2021,LGBM,B,B,B_model_B_inputs,full,post_hoc_revision,845,44,801,11397.333999999997,44.0,0.0038605519501314967,787.7856399317628,0.1190109854017768,0.9280470108444083,0.00643487090234286,0.5909090909090909,569.8667,estimated,-1.9059881559030343,-2.678540274056621,0.38348552366481586,estimated,False,74.61890220475735
ordinary_matched_positive_unchanged_14,2020_2021,LR,A,A,A_model_A_inputs,full,post_hoc_revision,845,44,801,11397.333999999997,44.0,0.0038605519501314967,787.7856399317628,0.01832219853109734,0.8204046654329202,0.0038263275215847494,0.4090909090909091,569.8667,estimated,0.2843224929642031,2.434038033610847,1.4047491571838853,estimated,False,1583.3615864059402
ordinary_matched_positive_unchanged_14,2020_2021,LR,B,B,B_model_B_inputs,full,post_hoc_revision,845,44,801,11397.333999999997,44.0,0.0038605519501314967,787.7856399317628,0.01818954960030822,0.8206998530523776,0.0038264558487556295,0.38636363636363635,569.8667,estimated,0.2886583417164315,2.435394958428107,1.4038276155250315,estimated,False,1582.5259680082925
ordinary_matched_positive_unchanged_14,2020_2021,LGBM,A,A,A_model_A_inputs,full,post_hoc_revision,845,44,801,11397.333999999997,44.0,0.0038605519501314967,787.7856399317628,0.11943167248162276,0.9231422001037526,0.006806953110292323,0.5909090909090909,569.8667,estimated,-1.7803548721453795,-2.6857586912396947,0.3881447311845993,estimated,False,76.8663190627061
ordinary_matched_positive_unchanged_14,2020_2021,LGBM,B,B,B_model_B_inputs,full,post_hoc_revision,845,44,801,11397.333999999997,44.0,0.0038605519501314967,787.7856399317628,0.13685186780384387,0.9238657881144318,0.007786599580060831,0.6818181818181818,569.8666999999999,estimated,-2.2905848935671975,-2.57950306495302,0.40685245854817575,estimated,False,63.64758234918705
ordinary_matched_positive_unchanged_15,2020_2021,LR,A,A,A_model_A_inputs,full,post_hoc_revision,845,44,801,11397.333999999997,44.0,0.0038605519501314967,787.7856399317628,0.01817069525010275,0.8199990096621533,0.0038265870014002243,0.4090909090909091,569.8667,estimated,0.2926093606575328,2.451626411853628,1.4056711297215783,estimated,False,1604.385497825508
ordinary_matched_positive_unchanged_15,2020_2021,LR,B,B,B_model_B_inputs,full,post_hoc_revision,845,44,801,11397.333999999997,44.0,0.0038605519501314967,787.7856399317628,0.018001080067100127,0.8203484304498347,0.003826713763734043,0.3409090909090909,569.8667,estimated,0.29697102438471534,2.453855885491199,1.4049050521624853,estimated,False,1603.7599302743824
ordinary_matched_positive_unchanged_15,2020_2021,LGBM,A,A,A_model_A_inputs,full,post_hoc_revision,845,44,801,11397.333999999997,44.0,0.0038605519501314967,787.7856399317628,0.1243800271281639,0.926918491719942,0.007824805091835772,0.6818181818181818,569.8666999999999,estimated,-2.0043905942211095,-2.65027260736221,0.4013251996566796,estimated,False,71.29686255359076
ordinary_matched_positive_unchanged_15,2020_2021,LGBM,B,B,B_model_B_inputs,full,post_hoc_revision,845,44,801,11397.333999999997,44.0,0.0038605519501314967,787.7856399317628,0.12246134136357793,0.9319364970837488,0.007615285145971692,0.5454545454545454,569.8667,estimated,-2.152803722271487,-2.649376727354098,0.4005941275062943,estimated,False,64.91913869253864
ordinary_matched_positive_unchanged_16,2020_2021,LR,A,A,A_model_A_inputs,full,post_hoc_revision,845,44,801,11397.333999999997,44.0,0.0038605519501314967,787.7856399317628,0.017966892611127425,0.8191314631375337,0.0038265510259429085,0.36363636363636365,569.8667,estimated,0.288845552424972,2.299489376775071,1.3783507161577195,estimated,False,1573.493698357549
ordinary_matched_positive_unchanged_16,2020_2021,LR,B,B,B_model_B_inputs,full,post_hoc_revision,845,44,801,11397.333999999997,44.0,0.0038605519501314967,787.7856399317628,0.017807214062421473,0.8193332901154865,0.0038266713792096682,0.3409090909090909,569.8667,estimated,0.29337523664021387,2.306234353170939,1.3784093345737052,estimated,False,1573.3435405856014
ordinary_matched_positive_unchanged_16,2020_2021,LGBM,A,A,A_model_A_inputs,full,post_hoc_revision,845,44,801,11397.333999999997,44.0,0.0038605519501314967,787.7856399317628,0.11568644642445772,0.9237445862318353,0.006775711286656224,0.5909090909090909,569.8667,estimated,-1.7378504505057342,-2.7460212654255844,0.3760373701114617,estimated,False,80.5526313533993
ordinary_matched_positive_unchanged_16,2020_2021,LGBM,B,B,B_model_B_inputs,full,post_hoc_revision,845,44,801,11397.333999999997,44.0,0.0038605519501314967,787.7856399317628,0.13245058630832512,0.9294936463757543,0.007180276527829856,0.6363636363636364,569.8667,estimated,-1.8886475204658177,-2.4917881212116506,0.41790866202591825,estimated,False,64.89904759220146
ordinary_matched_positive_unchanged_17,2020_2021,LR,A,A,A_model_A_inputs,full,post_hoc_revision,845,44,801,11397.333999999997,44.0,0.0038605519501314967,787.7856399317628,0.018596278624226085,0.8212511008180119,0.0038255426783136348,0.38636363636363635,569.8667,estimated,0.28166634278182145,2.6298312302720253,1.4426448372013252,estimated,False,1664.2324155381907
ordinary_matched_positive_unchanged_17,2020_2021,LR,B,B,B_model_B_inputs,full,post_hoc_revision,845,44,801,11397.333999999997,44.0,0.0038605519501314967,787.7856399317628,0.018266106603769854,0.8212531026328732,0.003825695290183185,0.36363636363636365,569.8667,estimated,0.2855517381961141,2.6232055471571365,1.440292876534333,estimated,False,1662.4719276092828
ordinary_matched_positive_unchanged_17,2020_2021,LGBM,A,A,A_model_A_inputs,full,post_hoc_revision,845,44,801,11397.333999999997,44.0,0.0038605519501314967,787.7856399317628,0.12132333502052571,0.9201339047591268,0.006852990937250034,0.5681818181818182,569.8667,estimated,-1.7422221911919094,-2.6936326391231673,0.3834404577148697,estimated,False,78.60400795620093
ordinary_matched_positive_unchanged_17,2020_2021,LGBM,B,B,B_model_B_inputs,full,post_hoc_revision,845,44,801,11397.333999999997,44.0,0.0038605519501314967,787.7856399317628,0.10801762770563761,0.9254132510567149,0.006565652018683707,0.6136363636363636,569.8667,estimated,-1.920810438504429,-2.657310715378326,0.38691577780509373,estimated,False,74.6918615620205
ordinary_matched_positive_unchanged_18,2020_2021,LR,A,A,A_model_A_inputs,full,post_hoc_revision,845,44,801,11397.333999999997,44.0,0.0038605519501314967,787.7856399317628,0.018541715831843896,0.819533115278578,0.0038256370242472637,0.38636363636363635,569.8667,estimated,0.2795308705175819,2.5979619851912017,1.436922994938661,estimated,False,1674.7846294410772
ordinary_matched_positive_unchanged_18,2020_2021,LR,B,B,B_model_B_inputs,full,post_hoc_revision,845,44,801,11397.333999999997,44.0,0.0038605519501314967,787.7856399317628,0.018314021357037327,0.8197389458862536,0.0038257750032195765,0.36363636363636365,569.8667,estimated,0.2836937636195786,2.5968259941978182,1.4355388225468797,estimated,False,1673.2123886733077
ordinary_matched_positive_unchanged_18,2020_2021,LGBM,A,A,A_model_A_inputs,full,post_hoc_revision,845,44,801,11397.333999999997,44.0,0.0038605519501314967,787.7856399317628,0.05975527029827874,0.9134919991543704,0.006812819826917806,0.5681818181818182,569.8667,estimated,-1.5760231861843148,-2.8866916647301935,0.35120301470953247,estimated,False,90.1665579612498
ordinary_matched_positive_unchanged_18,2020_2021,LGBM,B,B,B_model_B_inputs,full,post_hoc_revision,845,44,801,11397.333999999997,44.0,0.0038605519501314967,787.7856399317628,0.1156661711783417,0.9259825151561014,0.00660047814247004,0.6136363636363636,569.8667,estimated,-1.9618181973595685,-2.543770771002037,0.4121506195530266,estimated,False,67.50815855268007
ordinary_matched_positive_unchanged_19,2020_2021,LR,A,A,A_model_A_inputs,full,post_hoc_revision,845,44,801,11397.333999999997,44.0,0.0038605519501314967,787.7856399317628,0.018553996546065772,0.8200281280611267,0.003826479824577193,0.36363636363636365,569.8667,estimated,0.2924077193236691,2.4488233682162797,1.4053432102777574,estimated,False,1598.642057767344
ordinary_matched_positive_unchanged_19,2020_2021,LR,B,B,B_model_B_inputs,full,post_hoc_revision,845,44,801,11397.333999999997,44.0,0.0038605519501314967,787.7856399317628,0.018322529657451795,0.8203504322646962,0.0038266003220819612,0.36363636363636365,569.8667,estimated,0.29691673523734397,2.451692798427573,1.404670261849987,estimated,False,1597.4277932448767
ordinary_matched_positive_unchanged_19,2020_2021,LGBM,A,A,A_model_A_inputs,full,post_hoc_revision,845,44,801,11397.333999999997,44.0,0.0038605519501314967,787.7856399317628,0.12262053549467353,0.9349569874845101,0.0071852542547613234,0.6590909090909091,569.8666999999999,estimated,-1.8278804471747885,-2.5689563037279286,0.40852255780533087,estimated,False,71.60139603421511
ordinary_matched_positive_unchanged_19,2020_2021,LGBM,B,B,B_model_B_inputs,full,post_hoc_revision,845,44,801,11397.333999999997,44.0,0.0038605519501314967,787.7856399317628,0.13064290959692923,0.9245134913273462,0.006987606784352848,0.6590909090909091,569.8667,estimated,-2.2699198862129464,-2.691624511930239,0.38684536882023124,estimated,False,70.51343970091465
ordinary_matched_changed_negative_00,2020_2021,LR,A,A,A_model_A_inputs,full,post_hoc_revision,845,44,801,11397.333999999997,44.0,0.0038605519501314967,787.7856399317628,0.01822611657430151,0.8198263010831739,0.003826260189073217,0.4090909090909091,569.8667,estimated,0.2800603091877095,2.3983038324180965,1.3991352140055808,estimated,False,1573.8385107919705
ordinary_matched_changed_negative_00,2020_2021,LR,B,B,B_model_B_inputs,full,post_hoc_revision,845,44,801,11397.333999999997,44.0,0.0038605519501314967,787.7856399317628,0.018018737882989716,0.8201174850729085,0.0038263898247827225,0.3409090909090909,569.8667,estimated,0.28435971864619897,2.4003340621082265,1.398348768168636,estimated,False,1573.3471175193226
ordinary_matched_changed_negative_00,2020_2021,LGBM,A,A,A_model_A_inputs,full,post_hoc_revision,845,44,801,11397.333999999997,44.0,0.0038605519501314967,787.7856399317628,0.07971703279685602,0.9249431688764496,0.007643715554264105,0.5454545454545454,569.8666999999999,estimated,-1.9434928064699237,-2.583141365952083,0.40406145537298893,estimated,False,72.94953205813493
ordinary_matched_changed_negative_00,2020_2021,LGBM,B,B,B_model_B_inputs,full,post_hoc_revision,845,44,801,11397.333999999997,44.0,0.0038605519501314967,787.7856399317628,0.06459817544131007,0.9193586258850973,0.006949980732846304,0.5909090909090909,569.8666999999999,estimated,-2.3713577388442073,-3.075948201700609,0.32244019170420063,estimated,False,93.12210018254535
ordinary_matched_changed_negative_01,2020_2021,LR,A,A,A_model_A_inputs,full,post_hoc_revision,845,44,801,11397.333999999997,44.0,0.0038605519501314967,787.7856399317628,0.01828907556995152,0.8200010114770147,0.0038262443282591966,0.38636363636363635,569.8667,estimated,0.28017182790652173,2.409194260271447,1.4011754790613244,estimated,False,1573.4205386108708
ordinary_matched_changed_negative_01,2020_2021,LR,B,B,B_model_B_inputs,full,post_hoc_revision,845,44,801,11397.333999999997,44.0,0.0038605519501314967,787.7856399317628,0.01800581849466551,0.8201174850729085,0.00382637581118713,0.3409090909090909,569.8667,estimated,0.2844218590822995,2.410233621065552,1.4002138139608244,estimated,False,1572.9097019006738
ordinary_matched_changed_negative_01,2020_2021,LGBM,A,A,A_model_A_inputs,full,post_hoc_revision,845,44,801,11397.333999999997,44.0,0.0038605519501314967,787.7856399317628,0.11792733381898654,0.9219945716546194,0.00702840730573862,0.5909090909090909,569.8667,estimated,-1.7073206411828046,-2.7049942014454453,0.38547570858200414,estimated,False,78.52782876349531
ordinary_matched_changed_negative_01,2020_2021,LGBM,B,B,B_model_B_inputs,full,post_hoc_revision,845,44,801,11397.333999999997,44.0,0.0038605519501314967,787.7856399317628,0.08398681024258699,0.9152420137315861,0.00698613089856099,0.5454545454545454,569.8667,estimated,-2.5548385947506294,-3.0209512272451873,0.32929134616853556,estimated,False,90.80664877979714
ordinary_matched_changed_negative_02,2020_2021,LR,A,A,A_model_A_inputs,full,post_hoc_revision,845,44,801,11397.333999999997,44.0,0.0038605519501314967,787.7856399317628,0.018238139217831927,0.8198574212970087,0.0038261971852947517,0.38636363636363635,569.8667,estimated,0.27823280409956425,2.3940496124741637,1.3988815437070754,estimated,False,1566.3432554786552
ordinary_matched_changed_negative_02,2020_2021,LR,B,B,B_model_B_inputs,full,post_hoc_revision,845,44,801,11397.333999999997,44.0,0.0038605519501314967,787.7856399317628,0.01797191633508576,0.8200301298759881,0.003826323142873371,0.3409090909090909,569.8667,estimated,0.28239100800318623,2.3939669988993577,1.3977433586849355,estimated,False,1565.201287559945
ordinary_matched_changed_negative_02,2020_2021,LGBM,A,A,A_model_A_inputs,full,post_hoc_revision,845,44,801,11397.333999999997,44.0,0.0038605519501314967,787.7856399317628,0.10033131106090433,0.9269001070522552,0.008085464768025595,0.5454545454545454,569.8666999999999,estimated,-2.2219288410591833,-2.639981917403557,0.39514340371765433,estimated,False,70.24958363989231
ordinary_matched_changed_negative_02,2020_2021,LGBM,B,B,B_model_B_inputs,full,post_hoc_revision,845,44,801,11397.333999999997,44.0,0.0038605519501314967,787.7856399317628,0.10809790084791646,0.9294678069495237,0.006682722440454851,0.5909090909090909,569.8667,estimated,-1.9777277928884482,-2.7498381368990814,0.37632158729403525,estimated,False,76.2553888153912
ordinary_matched_changed_negative_03,2020_2021,LR,A,A,A_model_A_inputs,full,post_hoc_revision,845,44,801,11397.333999999997,44.0,0.0038605519501314967,787.7856399317628,0.018281111243199907,0.8198845378811208,0.003826242840373191,0.38636363636363635,569.8667,estimated,0.28003354249147944,2.406435633449515,1.4006912407250274,estimated,False,1572.7124799422602
ordinary_matched_changed_negative_03,2020_2021,LR,B,B,B_model_B_inputs,full,post_hoc_revision,845,44,801,11397.333999999997,44.0,0.0038605519501314967,787.7856399317628,0.01805267961019375,0.8202048402698288,0.0038263747286401625,0.3409090909090909,569.8667,estimated,0.2842782429500892,2.4074985492938947,1.3997349686637828,estimated,False,1572.2406716825692
ordinary_matched_changed_negative_03,2020_2021,LGBM,A,A,A_model_A_inputs,full,post_hoc_revision,845,44,801,11397.333999999997,44.0,0.0038605519501314967,787.7856399317628,0.12128369051547877,0.9193708209412328,0.007062944178699244,0.7045454545454546,569.8667,estimated,-1.9166232488985437,-2.6513078472765104,0.39446318807108444,estimated,False,73.6763009493349
ordinary_matched_changed_negative_03,2020_2021,LGBM,B,B,B_model_B_inputs,full,post_hoc_revision,845,44,801,11397.333999999997,44.0,0.0038605519501314967,787.7856399317628,0.06507628738885177,0.9256010653306381,0.006858332119492254,0.6136363636363636,569.8667,estimated,-2.3942771776773366,-3.039526081790428,0.32837653326454735,estimated,False,90.97327511275856
ordinary_matched_changed_negative_04,2020_2021,LR,A,A,A_model_A_inputs,full,post_hoc_revision,845,44,801,11397.333999999997,44.0,0.0038605519501314967,787.7856399317628,0.018281132588205677,0.8198865396959822,0.0038262513551521288,0.38636363636363635,569.8667,estimated,0.2803385278177087,2.4079036201820605,1.4008825601703347,estimated,False,1573.779082286796
ordinary_matched_changed_negative_04,2020_2021,LR,B,B,B_model_B_inputs,full,post_hoc_revision,845,44,801,11397.333999999997,44.0,0.0038605519501314967,787.7856399317628,0.0180027173621772,0.8200883666739349,0.003826382898773,0.3409090909090909,569.8667,estimated,0.2845872311304182,2.409049138675701,1.3999409604072521,estimated,False,1573.297068302889
ordinary_matched_changed_negative_04,2020_2021,LGBM,A,A,A_model_A_inputs,full,post_hoc_revision,845,44,801,11397.333999999997,44.0,0.0038605519501314967,787.7856399317628,0.12091882667653607,0.9254915060032755,0.006730116153673053,0.6363636363636364,569.8667,estimated,-1.6409822765148414,-2.538789783438882,0.41610786336552147,estimated,False,71.13056324485605
ordinary_matched_changed_negative_04,2020_2021,LGBM,B,B,B_model_B_inputs,full,post_hoc_revision,845,44,801,11397.333999999997,44.0,0.0038605519501314967,787.7856399317628,0.08852966367695245,0.9212080065484016,0.006956164986220016,0.5909090909090909,569.8667,estimated,-2.719901625343835,-3.0691506922246576,0.32280731401999396,estimated,False,90.49573291852252
ordinary_matched_changed_negative_05,2020_2021,LR,A,A,A_model_A_inputs,full,post_hoc_revision,845,44,801,11397.333999999997,44.0,0.0038605519501314967,787.7856399317628,0.01829939901411131,0.8199136562800943,0.0038262454152012872,0.4090909090909091,569.8667,estimated,0.28002614165908646,2.4072251217084637,1.4008373365494537,estimated,False,1573.2888427913874
ordinary_matched_changed_negative_05,2020_2021,LR,B,B,B_model_B_inputs,full,post_hoc_revision,845,44,801,11397.333999999997,44.0,0.0038605519501314967,787.7856399317628,0.018021944396490158,0.8201174850729085,0.0038263772030435045,0.3409090909090909,569.8667,estimated,0.2842670108567497,2.4082640045070245,1.399877490884307,estimated,False,1572.8039616172637
ordinary_matched_changed_negative_05,2020_2021,LGBM,A,A,A_model_A_inputs,full,post_hoc_revision,845,44,801,11397.333999999997,44.0,0.0038605519501314967,787.7856399317628,0.11843813182277665,0.9145593708420814,0.006904739322737351,0.5454545454545454,569.8667,estimated,-1.7273796202301552,-2.616681152907646,0.3978729784402306,estimated,False,78.7081567327739
ordinary_matched_changed_negative_05,2020_2021,LGBM,B,B,B_model_B_inputs,full,post_hoc_revision,845,44,801,11397.333999999997,44.0,0.0038605519501314967,787.7856399317628,0.08581701336036367,0.9260549488250452,0.006912486100627201,0.5454545454545454,569.8667,estimated,-2.6350694242442656,-3.019435250462767,0.33044420328496593,estimated,False,89.15690427073591
ordinary_matched_changed_negative_06,2020_2021,LR,A,A,A_model_A_inputs,full,post_hoc_revision,845,44,801,11397.333999999997,44.0,0.0038605519501314967,787.7856399317628,0.01828355062125444,0.8199136562800943,0.003826241261928348,0.38636363636363635,569.8667,estimated,0.2800245101338024,2.4079627243862767,1.4009818375837366,estimated,False,1572.617745340348
ordinary_matched_changed_negative_06,2020_2021,LR,B,B,B_model_B_inputs,full,post_hoc_revision,845,44,801,11397.333999999997,44.0,0.0038605519501314967,787.7856399317628,0.01804471640210996,0.8202630770677757,0.0038263729270459237,0.3409090909090909,569.8667,estimated,0.2842686678606617,2.408930265797915,1.400008280579686,estimated,False,1572.1239510443688
ordinary_matched_changed_negative_06,2020_2021,LGBM,A,A,A_model_A_inputs,full,post_hoc_revision,845,44,801,11397.333999999997,44.0,0.0038605519501314967,787.7856399317628,0.1195285856049241,0.9249404424046084,0.00679856816863456,0.5681818181818182,569.8667,estimated,-1.6927574712576725,-2.6190828960001515,0.3988378599551199,estimated,False,74.48309708059652
ordinary_matched_changed_negative_06,2020_2021,LGBM,B,B,B_model_B_inputs,full,post_hoc_revision,845,44,801,11397.333999999997,44.0,0.0038605519501314967,787.7856399317628,0.060631030322288434,0.9189891869488023,0.007134736950602291,0.5454545454545454,569.8667,estimated,-2.6960904289755696,-3.1130741093072594,0.31847274068507475,estimated,False,91.59908003306015
ordinary_matched_changed_negative_07,2020_2021,LR,A,A,A_model_A_inputs,full,post_hoc_revision,845,44,801,11397.333999999997,44.0,0.0038605519501314967,787.7856399317628,0.018276314892796616,0.8197971826842003,0.003826248816273416,0.38636363636363635,569.8667,estimated,0.2795261798804837,2.406080981942908,1.4007335370868155,estimated,False,1574.990727589829
ordinary_matched_changed_negative_07,2020_2021,LR,B,B,B_model_B_inputs,full,post_hoc_revision,845,44,801,11397.333999999997,44.0,0.0038605519501314967,787.7856399317628,0.017966202855539744,0.8199136562800943,0.003826379858664452,0.3409090909090909,569.8667,estimated,0.2837811722344555,2.407434158704233,1.3998290726305989,estimated,False,1574.5354545427458
ordinary_matched_changed_negative_07,2020_2021,LGBM,A,A,A_model_A_inputs,full,post_hoc_revision,845,44,801,11397.333999999997,44.0,0.0038605519501314967,787.7856399317628,0.1209250425861399,0.9184099137751087,0.00701222844179402,0.6818181818181818,569.8667,estimated,-1.8163137178085025,-2.7052556180352707,0.3889090920145227,estimated,False,76.70726784673022
ordinary_matched_changed_negative_07,2020_2021,LGBM,B,B,B_model_B_inputs,full,post_hoc_revision,845,44,801,11397.333999999997,44.0,0.0038605519501314967,787.7856399317628,0.06617365673094565,0.9217401449893694,0.00696211766027598,0.6590909090909091,569.8666999999999,estimated,-2.4522257790765414,-2.934426734446916,0.3438796531857893,estimated,False,85.96719716923255
ordinary_matched_changed_negative_08,2020_2021,LR,A,A,A_model_A_inputs,full,post_hoc_revision,845,44,801,11397.333999999997,44.0,0.0038605519501314967,787.7856399317628,0.01825852281365539,0.8199156580949557,0.0038262282713741767,0.4090909090909091,569.8667,estimated,0.2796998699891739,2.409402520109171,1.401345878326647,estimated,False,1573.2191302685196
ordinary_matched_changed_negative_08,2020_2021,LR,B,B,B_model_B_inputs,full,post_hoc_revision,845,44,801,11397.333999999997,44.0,0.0038605519501314967,787.7856399317628,0.017981248516236642,0.8200592482749616,0.0038263578652277335,0.3409090909090909,569.8667,estimated,0.2839582289882117,2.410340204961867,1.4003663761657603,estimated,False,1572.5897022059362
ordinary_matched_changed_negative_08,2020_2021,LGBM,A,A,A_model_A_inputs,full,post_hoc_revision,845,44,801,11397.333999999997,44.0,0.0038605519501314967,787.7856399317628,0.12127531033245904,0.9200285332284541,0.007099955826193003,0.6363636363636364,569.8667,estimated,-1.9218885906028291,-2.703757417511695,0.3902165247716155,estimated,False,73.15023002607653
ordinary_matched_changed_negative_08,2020_2021,LGBM,B,B,B_model_B_inputs,full,post_hoc_revision,845,44,801,11397.333999999997,44.0,0.0038605519501314967,787.7856399317628,0.06465232170304518,0.9171947641107019,0.006863849632309304,0.5227272727272727,569.8666999999999,estimated,-1.953513924985972,-3.0222267651811525,0.33134579620957955,estimated,False,94.33400491723961
ordinary_matched_changed_negative_09,2020_2021,LR,A,A,A_model_A_inputs,full,post_hoc_revision,845,44,801,11397.333999999997,44.0,0.0038605519501314967,787.7856399317628,0.01828677199601166,0.8199718930780411,0.0038262420805448686,0.38636363636363635,569.8667,estimated,0.28008682874925833,2.409267422894566,1.4012138938962517,estimated,False,1573.1289616712393
ordinary_matched_changed_negative_09,2020_2021,LR,B,B,B_model_B_inputs,full,post_hoc_revision,845,44,801,11397.333999999997,44.0,0.0038605519501314967,787.7856399317628,0.01800581849466551,0.8201174850729085,0.0038263736265737964,0.3409090909090909,569.8667,estimated,0.2843385293867736,2.4103047296383515,1.4002513408973645,estimated,False,1572.6113876436527
ordinary_matched_changed_negative_09,2020_2021,LGBM,A,A,A_model_A_inputs,full,post_hoc_revision,845,44,801,11397.333999999997,44.0,0.0038605519501314967,787.7856399317628,0.1234644765130895,0.9218438830391152,0.006673947411085046,0.5909090909090909,569.8667,estimated,-1.6195647980831192,-2.616449692678133,0.39512920102942994,estimated,False,78.57074717738398
ordinary_matched_changed_negative_09,2020_2021,LGBM,B,B,B_model_B_inputs,full,post_hoc_revision,845,44,801,11397.333999999997,44.0,0.0038605519501314967,787.7856399317628,0.1106722446897712,0.9246943913327383,0.006313725810226463,0.5909090909090909,569.8667,estimated,-1.5703198742311506,-2.6678479998123312,0.38412928453260325,estimated,False,79.89262066152413
ordinary_matched_changed_negative_10,2020_2021,LR,A,A,A_model_A_inputs,full,post_hoc_revision,845,44,801,11397.333999999997,44.0,0.0038605519501314967,787.7856399317628,0.018242484186995474,0.8197700661000884,0.003826253621292616,0.38636363636363635,569.8667,estimated,0.2803130905230887,2.4074832246022226,1.4008093586920762,estimated,False,1573.2672346787406
ordinary_matched_changed_negative_10,2020_2021,LR,B,B,B_model_B_inputs,full,post_hoc_revision,845,44,801,11397.333999999997,44.0,0.0038605519501314967,787.7856399317628,0.017977603280769694,0.8200883666739349,0.00382638462858813,0.3409090909090909,569.8667,estimated,0.28456722095737086,2.4086597977434536,1.3998729976495647,estimated,False,1572.7629043016266
ordinary_matched_changed_negative_10,2020_2021,LGBM,A,A,A_model_A_inputs,full,post_hoc_revision,845,44,801,11397.333999999997,44.0,0.0038605519501314967,787.7856399317628,0.11751479059223438,0.9131405765518275,0.007597642625567963,0.5454545454545454,569.8667,estimated,-2.0768789211740044,-2.6668543833779594,0.3917529782759916,estimated,False,73.892890149084
ordinary_matched_changed_negative_10,2020_2021,LGBM,B,B,B_model_B_inputs,full,post_hoc_revision,845,44,801,11397.333999999997,44.0,0.0038605519501314967,787.7856399317628,0.08119463233899894,0.9247195061019889,0.007041068842557741,0.5909090909090909,569.8667,estimated,-2.6389369723079237,-3.0275090665911244,0.3322612129963601,estimated,False,84.96668627035932
ordinary_matched_changed_negative_11,2020_2021,LR,A,A,A_model_A_inputs,full,post_hoc_revision,845,44,801,11397.333999999997,44.0,0.0038605519501314967,787.7856399317628,0.018233437514553714,0.8199738948929025,0.003826231901983279,0.38636363636363635,569.8667,estimated,0.2793736307728289,2.4033353171052334,1.4002973348453018,estimated,False,1572.208124113005
ordinary_matched_changed_negative_11,2020_2021,LR,B,B,B_model_B_inputs,full,post_hoc_revision,845,44,801,11397.333999999997,44.0,0.0038605519501314967,787.7856399317628,0.01798300329663774,0.8199718930780412,0.003826362882019192,0.3409090909090909,569.8667,estimated,0.28363450520032235,2.4044010369161337,1.3993392710292376,estimated,False,1571.5851933238985
ordinary_matched_changed_negative_11,2020_2021,LGBM,A,A,A_model_A_inputs,full,post_hoc_revision,845,44,801,11397.333999999997,44.0,0.0038605519501314967,787.7856399317628,0.1260775984609826,0.9244976609754225,0.006666721111041657,0.6818181818181818,569.8667,estimated,-1.6094178196670155,-2.602265421292472,0.39977815277884665,estimated,False,77.06933245578489
ordinary_matched_changed_negative_11,2020_2021,LGBM,B,B,B_model_B_inputs,full,post_hoc_revision,845,44,801,11397.333999999997,44.0,0.0038605519501314967,787.7856399317628,0.0625596616454385,0.9107095525660338,0.007044905131554195,0.5454545454545454,569.8667,estimated,-2.7106816248476457,-3.0331249040180563,0.3270472865695774,estimated,False,90.5223994856923
ordinary_matched_changed_negative_12,2020_2021,LR,A,A,A_model_A_inputs,full,post_hoc_revision,845,44,801,11397.333999999997,44.0,0.0038605519501314967,787.7856399317628,0.01827722362123231,0.8198263010831739,0.003826249756015006,0.38636363636363635,569.8667,estimated,0.28027581497328086,2.40649205328822,1.4006361696921659,estimated,False,1573.1940633196602
ordinary_matched_changed_negative_12,2020_2021,LR,B,B,B_model_B_inputs,full,post_hoc_revision,845,44,801,11397.333999999997,44.0,0.0038605519501314967,787.7856399317628,0.017977310337655282,0.8200592482749616,0.003826381316986482,0.3409090909090909,569.8667,estimated,0.2845259404052275,2.407651683532313,1.3996969243218664,estimated,False,1572.7041672502055
ordinary_matched_changed_negative_12,2020_2021,LGBM,A,A,A_model_A_inputs,full,post_hoc_revision,845,44,801,11397.333999999997,44.0,0.0038605519501314967,787.7856399317628,0.12363572556454276,0.9304287141156478,0.00724317083717787,0.6363636363636364,569.8667,estimated,-1.9638247322154403,-2.7177802852299684,0.38620819097281167,estimated,False,73.61812963175016
ordinary_matched_changed_negative_12,2020_2021,LGBM,B,B,B_model_B_inputs,full,post_hoc_revision,845,44,801,11397.333999999997,44.0,0.0038605519501314967,787.7856399317628,0.06714466246893713,0.9159446747697045,0.006767150501306852,0.5681818181818182,569.8667,estimated,-1.8856211157808151,-2.926475108316024,0.34506261173480945,estimated,False,92.71607551707189
ordinary_matched_changed_negative_13,2020_2021,LR,A,A,A_model_A_inputs,full,post_hoc_revision,845,44,801,11397.333999999997,44.0,0.0038605519501314967,787.7856399317628,0.018291780239502276,0.8201486052867433,0.003826235118503336,0.4090909090909091,569.8667,estimated,0.27953383216748867,2.4029439609049192,1.4001764335098337,estimated,False,1571.3485990411384
ordinary_matched_changed_negative_13,2020_2021,LR,B,B,B_model_B_inputs,full,post_hoc_revision,845,44,801,11397.333999999997,44.0,0.0038605519501314967,787.7856399317628,0.018003309392648444,0.820088366673935,0.003826367112517724,0.3409090909090909,569.8667,estimated,0.2837763853916445,2.4039648064658325,1.3992131468382145,estimated,False,1570.8582073914038
ordinary_matched_changed_negative_13,2020_2021,LGBM,A,A,A_model_A_inputs,full,post_hoc_revision,845,44,801,11397.333999999997,44.0,0.0038605519501314967,787.7856399317628,0.11413078161481202,0.9123865929842933,0.006802829181405805,0.5909090909090909,569.8666999999999,estimated,-1.8501721197548129,-2.86106671283764,0.3623647356561263,estimated,False,81.11410633174879
ordinary_matched_changed_negative_13,2020_2021,LGBM,B,B,B_model_B_inputs,full,post_hoc_revision,845,44,801,11397.333999999997,44.0,0.0038605519501314967,787.7856399317628,0.06452777470887859,0.9179971595688433,0.007040362911195969,0.5454545454545454,569.8667,estimated,-2.5723878610375506,-3.0302694576312885,0.32918974502927323,estimated,False,90.26924443815635
ordinary_matched_changed_negative_14,2020_2021,LR,A,A,A_model_A_inputs,full,post_hoc_revision,845,44,801,11397.333999999997,44.0,0.0038605519501314967,787.7856399317628,0.018273867655330588,0.8198263010831739,0.0038262441132060733,0.38636363636363635,569.8667,estimated,0.2801289870411185,2.4063248038010556,1.400647119910436,estimated,False,1573.1310216222498
ordinary_matched_changed_negative_14,2020_2021,LR,B,B,B_model_B_inputs,full,post_hoc_revision,845,44,801,11397.333999999997,44.0,0.0038605519501314967,787.7856399317628,0.01803800342669922,0.820146603471882,0.003826375534838799,0.3409090909090909,569.8667,estimated,0.2843776045579749,2.4074020142632193,1.3996933629038089,estimated,False,1572.6395463749618
ordinary_matched_changed_negative_14,2020_2021,LGBM,A,A,A_model_A_inputs,full,post_hoc_revision,845,44,801,11397.333999999997,44.0,0.0038605519501314967,787.7856399317628,0.08186250687683488,0.9300851146055831,0.007574675571435712,0.5681818181818182,569.8667,estimated,-2.091831211660393,-2.5977097982219686,0.39699993896054475,estimated,False,73.50906022302858
ordinary_matched_changed_negative_14,2020_2021,LGBM,B,B,B_model_B_inputs,full,post_hoc_revision,845,44,801,11397.333999999997,44.0,0.0038605519501314967,787.7856399317628,0.11608098772530705,0.9332983317339373,0.0061157867472618095,0.7272727272727273,569.8667,estimated,-1.4070189062693121,-2.5498770367861643,0.40393827337552535,estimated,False,76.55183229166889
ordinary_matched_changed_negative_15,2020_2021,LR,A,A,A_model_A_inputs,full,post_hoc_revision,845,44,801,11397.333999999997,44.0,0.0038605519501314967,787.7856399317628,0.018287484427968705,0.8198574212970088,0.003826228734531301,0.38636363636363635,569.8667,estimated,0.2793377031035205,2.4063794859134613,1.4008693608077813,estimated,False,1572.3021176659172
ordinary_matched_changed_negative_15,2020_2021,LR,B,B,B_model_B_inputs,full,post_hoc_revision,845,44,801,11397.333999999997,44.0,0.0038605519501314967,787.7856399317628,0.018015853854352844,0.8200883666739349,0.003826358544639577,0.3409090909090909,569.8667,estimated,0.2835966777240338,2.4073270396436417,1.399891565012059,estimated,False,1571.7127357892996
ordinary_matched_changed_negative_15,2020_2021,LGBM,A,A,A_model_A_inputs,full,post_hoc_revision,845,44,801,11397.333999999997,44.0,0.0038605519501314967,787.7856399317628,0.12094077927173,0.922169097881493,0.0067779716558306,0.5681818181818182,569.8667,estimated,-1.6855876187150052,-2.5701747878354464,0.40529974018022424,estimated,False,74.73849055238017
ordinary_matched_changed_negative_15,2020_2021,LGBM,B,B,B_model_B_inputs,full,post_hoc_revision,845,44,801,11397.333999999997,44.0,0.0038605519501314967,787.7856399317628,0.1300960766462604,0.9288723350899719,0.006135174452539177,0.5909090909090909,569.8667,estimated,-1.5108696057752393,-2.5748973003186126,0.4051130387776146,estimated,False,72.94094755269319
ordinary_matched_changed_negative_16,2020_2021,LR,A,A,A_model_A_inputs,full,post_hoc_revision,845,44,801,11397.333999999997,44.0,0.0038605519501314967,787.7856399317628,0.018285155446035196,0.8199427746790677,0.0038262397825481066,0.38636363636363635,569.8667,estimated,0.28005581019788217,2.4097289775485757,1.4013097509879298,estimated,False,1573.1015542723778
ordinary_matched_changed_negative_16,2020_2021,LR,B,B,B_model_B_inputs,full,post_hoc_revision,845,44,801,11397.333999999997,44.0,0.0038605519501314967,787.7856399317628,0.01800581849466551,0.8201174850729085,0.0038263714440485066,0.3409090909090909,569.8667,estimated,0.28430644289965024,2.410734569616013,1.4003413410718277,estimated,False,1572.591357510068
ordinary_matched_changed_negative_16,2020_2021,LGBM,A,A,A_model_A_inputs,full,post_hoc_revision,845,44,801,11397.333999999997,44.0,0.0038605519501314967,787.7856399317628,0.09520516189392704,0.9089264159601217,0.007341982222867397,0.6363636363636364,569.8667,estimated,-1.9729205254944038,-2.688406520421971,0.38854832955817437,estimated,False,76.33870332530847
ordinary_matched_changed_negative_16,2020_2021,LGBM,B,B,B_model_B_inputs,full,post_hoc_revision,845,44,801,11397.333999999997,44.0,0.0038605519501314967,787.7856399317628,0.06714511870134372,0.9171225146087254,0.006969049254298409,0.5227272727272727,569.8667,estimated,-2.526910079737801,-3.053066962861703,0.3270581879239164,estimated,False,90.575458664925
ordinary_matched_changed_negative_17,2020_2021,LR,A,A,A_model_A_inputs,full,post_hoc_revision,845,44,801,11397.333999999997,44.0,0.0038605519501314967,787.7856399317628,0.018281111243199907,0.8198845378811208,0.0038262475156152433,0.38636363636363635,569.8667,estimated,0.28024658182145074,2.4064351187370976,1.4006353250019883,estimated,False,1572.8640135352002
ordinary_matched_changed_negative_17,2020_2021,LR,B,B,B_model_B_inputs,full,post_hoc_revision,845,44,801,11397.333999999997,44.0,0.0038605519501314967,787.7856399317628,0.0180027173621772,0.820088366673935,0.0038263796772233377,0.3409090909090909,569.8667,estimated,0.2845283994911362,2.4076060803372106,1.3996895466230916,estimated,False,1572.5174128385515
ordinary_matched_changed_negative_17,2020_2021,LGBM,A,A,A_model_A_inputs,full,post_hoc_revision,845,44,801,11397.333999999997,44.0,0.0038605519501314967,787.7856399317628,0.10240442232329537,0.9263592366948623,0.0067986335007815405,0.6590909090909091,569.8667,estimated,-1.8665262829629183,-2.8660632926081915,0.36559975666869476,estimated,False,77.06444075139092
ordinary_matched_changed_negative_17,2020_2021,LGBM,B,B,B_model_B_inputs,full,post_hoc_revision,845,44,801,11397.333999999997,44.0,0.0038605519501314967,787.7856399317628,0.08753593245030726,0.9195253290194926,0.006985568583456005,0.6136363636363636,569.8666999999999,estimated,-2.4627670144043305,-3.0237789502708976,0.3307742373986706,estimated,False,89.85624282805543
ordinary_matched_changed_negative_18,2020_2021,LR,A,A,A_model_A_inputs,full,post_hoc_revision,845,44,801,11397.333999999997,44.0,0.0038605519501314967,787.7856399317628,0.018301723933056936,0.819944776493929,0.0038262456114910993,0.4090909090909091,569.8667,estimated,0.28020705032167387,2.4079421532840906,1.4009288458670626,estimated,False,1573.2576868852345
ordinary_matched_changed_negative_18,2020_2021,LR,B,B,B_model_B_inputs,full,post_hoc_revision,845,44,801,11397.333999999997,44.0,0.0038605519501314967,787.7856399317628,0.01802223733960457,0.820146603471882,0.0038263769944949814,0.3409090909090909,569.8667,estimated,0.2844523501300878,2.408980761256479,1.39996857209884,estimated,False,1572.7487137326937
ordinary_matched_changed_negative_18,2020_2021,LGBM,A,A,A_model_A_inputs,full,post_hoc_revision,845,44,801,11397.333999999997,44.0,0.0038605519501314967,787.7856399317628,0.09637146100301185,0.9222553600874991,0.008254925188130488,0.5227272727272727,569.8667,estimated,-2.290589419849871,-2.672041718454249,0.3848485721053284,estimated,False,75.92285566867037
ordinary_matched_changed_negative_18,2020_2021,LGBM,B,B,B_model_B_inputs,full,post_hoc_revision,845,44,801,11397.333999999997,44.0,0.0038605519501314967,787.7856399317628,0.06416588053360159,0.9211979974740948,0.006958544243069946,0.6136363636363636,569.8667,estimated,-2.0622632386589137,-2.949449461561905,0.3382352818156418,estimated,False,92.55386403561329
ordinary_matched_changed_negative_19,2020_2021,LR,A,A,A_model_A_inputs,full,post_hoc_revision,845,44,801,11397.333999999997,44.0,0.0038605519501314967,787.7856399317628,0.018301157984086887,0.8202068420846903,0.003826208676408972,0.4090909090909091,569.8667,estimated,0.2790173837860491,2.3982833990615995,1.399459067975056,estimated,False,1568.2864338449638
ordinary_matched_changed_negative_19,2020_2021,LR,B,B,B_model_B_inputs,full,post_hoc_revision,845,44,801,11397.333999999997,44.0,0.0038605519501314967,787.7856399317628,0.018014943440589383,0.8201174850729084,0.003826341417106967,0.3409090909090909,569.8667,estimated,0.28328929060633423,2.3992243321610003,1.3984736678532979,estimated,False,1567.9060042834153
ordinary_matched_changed_negative_19,2020_2021,LGBM,A,A,A_model_A_inputs,full,post_hoc_revision,845,44,801,11397.333999999997,44.0,0.0038605519501314967,787.7856399317628,0.08396118980995797,0.928508901598261,0.007336323684111916,0.6590909090909091,569.8667,estimated,-2.0352350487857938,-2.7681168708264643,0.3731505835921278,estimated,False,79.11799922670929
ordinary_matched_changed_negative_19,2020_2021,LGBM,B,B,B_model_B_inputs,full,post_hoc_revision,845,44,801,11397.333999999997,44.0,0.0038605519501314967,787.7856399317628,0.06001108335382209,0.9200674765347671,0.006944624337237362,0.5454545454545454,569.8666999999999,estimated,-2.1095914729439866,-2.9681350682741474,0.3364730329608763,estimated,False,92.94010690452404
ordinary_matched_other_unchanged_negative_00,2020_2021,LR,A,A,A_model_A_inputs,full,post_hoc_revision,845,44,801,11397.333999999997,44.0,0.0038605519501314967,787.7856399317628,0.018270327075416704,0.819768064285227,0.003826242922126222,0.38636363636363635,569.8667,estimated,0.27964796093848,2.404884595100896,1.4004946235136968,estimated,False,1572.4350030077378
ordinary_matched_other_unchanged_negative_00,2020_2021,LR,B,B,B_model_B_inputs,full,post_hoc_revision,845,44,801,11397.333999999997,44.0,0.0038605519501314967,787.7856399317628,0.018037982525024435,0.8201174850729085,0.0038263748240577617,0.3409090909090909,569.8667,estimated,0.2838922756590142,2.4060013260229502,1.3995484456763665,estimated,False,1571.9773060238463
ordinary_matched_other_unchanged_negative_00,2020_2021,LGBM,A,A,A_model_A_inputs,full,post_hoc_revision,845,44,801,11397.333999999997,44.0,0.0038605519501314967,787.7856399317628,0.11882166342628661,0.9171026806270789,0.006835430678154167,0.7272727272727273,569.8667,estimated,-1.8125727476052031,-2.6874544219491168,0.3889112938834954,estimated,False,75.48585343258135
ordinary_matched_other_unchanged_negative_00,2020_2021,LGBM,B,B,B_model_B_inputs,full,post_hoc_revision,845,44,801,11397.333999999997,44.0,0.0038605519501314967,787.7856399317628,0.09849720073835752,0.9315543226013057,0.00612667871805623,0.5681818181818182,569.8667,estimated,-1.5358733222991958,-2.5547094934934016,0.405284396636776,estimated,False,73.65714878813547
ordinary_matched_other_unchanged_negative_01,2020_2021,LR,A,A,A_model_A_inputs,full,post_hoc_revision,845,44,801,11397.333999999997,44.0,0.0038605519501314967,787.7856399317628,0.0182749674279905,0.8198263010831739,0.003826222657298403,0.38636363636363635,569.8667,estimated,0.2789096698179802,2.4034616595456852,1.400431839169874,estimated,False,1571.2182672990193
ordinary_matched_other_unchanged_negative_01,2020_2021,LR,B,B,B_model_B_inputs,full,post_hoc_revision,845,44,801,11397.333999999997,44.0,0.0038605519501314967,787.7856399317628,0.018038968399785544,0.820088366673935,0.003826354702494001,0.3409090909090909,569.8667,estimated,0.28315580072994206,2.4045005129601673,1.3994706721330037,estimated,False,1570.7562874546747
ordinary_matched_other_unchanged_negative_01,2020_2021,LGBM,A,A,A_model_A_inputs,full,post_hoc_revision,845,44,801,11397.333999999997,44.0,0.0038605519501314967,787.7856399317628,0.09621665847974996,0.9156806073640821,0.007774036274990626,0.5227272727272727,569.8667,estimated,-2.6364637151416033,-2.9421764256115055,0.3519608316474441,estimated,False,77.87052196244994
ordinary_matched_other_unchanged_negative_01,2020_2021,LGBM,B,B,B_model_B_inputs,full,post_hoc_revision,845,44,801,11397.333999999997,44.0,0.0038605519501314967,787.7856399317628,0.09022814045966818,0.9246428846363552,0.0070704544382139654,0.5909090909090909,569.8666999999999,estimated,-2.573399001659171,-2.966378903918315,0.3413914868945543,estimated,False,84.6623654076327
ordinary_matched_other_unchanged_negative_02,2020_2021,LR,A,A,A_model_A_inputs,full,post_hoc_revision,845,44,801,11397.333999999997,44.0,0.0038605519501314967,787.7856399317628,0.01828586448531428,0.8198263010831739,0.003826228630353363,0.38636363636363635,569.8667,estimated,0.27900915647130003,2.407569840013758,1.4011637390015106,estimated,False,1572.9418118668416
ordinary_matched_other_unchanged_negative_02,2020_2021,LR,B,B,B_model_B_inputs,full,post_hoc_revision,845,44,801,11397.333999999997,44.0,0.0038605519501314967,787.7856399317628,0.01800192437302859,0.8200592482749616,0.0038263599471990042,0.3409090909090909,569.8667,estimated,0.28326121794105913,2.4086862059576477,1.4002159300682941,estimated,False,1572.4702654671978
ordinary_matched_other_unchanged_negative_02,2020_2021,LGBM,A,A,A_model_A_inputs,full,post_hoc_revision,845,44,801,11397.333999999997,44.0,0.0038605519501314967,787.7856399317628,0.10237480272018,0.9240408668422069,0.006829834940415947,0.6363636363636364,569.8666999999999,estimated,-1.6419545815343488,-2.7596396658928066,0.38154680249803563,estimated,False,78.75533616101066
ordinary_matched_other_unchanged_negative_02,2020_2021,LGBM,B,B,B_model_B_inputs,full,post_hoc_revision,845,44,801,11397.333999999997,44.0,0.0038605519501314967,787.7856399317628,0.09411023806270495,0.9258220016332576,0.006556911192274973,0.5,569.8667,estimated,-1.9010404842739064,-2.855197584606654,0.3618615929371661,estimated,False,79.0631597032513
ordinary_matched_other_unchanged_negative_03,2020_2021,LR,A,A,A_model_A_inputs,full,post_hoc_revision,845,44,801,11397.333999999997,44.0,0.0038605519501314967,787.7856399317628,0.018272348449769025,0.8200321316908494,0.0038262398084701137,0.4090909090909091,569.8667,estimated,0.2799973878774069,2.4074815933141327,1.4009020359345636,estimated,False,1572.92302494426
ordinary_matched_other_unchanged_negative_03,2020_2021,LR,B,B,B_model_B_inputs,full,post_hoc_revision,845,44,801,11397.333999999997,44.0,0.0038605519501314967,787.7856399317628,0.018006098711411372,0.8200592482749615,0.0038263718709764635,0.3409090909090909,569.8667,estimated,0.28426209056960916,2.4085275607925247,1.3999382883731055,estimated,False,1572.604875529119
ordinary_matched_other_unchanged_negative_03,2020_2021,LGBM,A,A,A_model_A_inputs,full,post_hoc_revision,845,44,801,11397.333999999997,44.0,0.0038605519501314967,787.7856399317628,0.11622863195439274,0.9150753105971907,0.006982797364694178,0.5681818181818182,569.8667,estimated,-1.876640337460527,-2.692004128533988,0.3847089086351821,estimated,False,77.38971861478642
ordinary_matched_other_unchanged_negative_03,2020_2021,LGBM,B,B,B_model_B_inputs,full,post_hoc_revision,845,44,801,11397.333999999997,44.0,0.0038605519501314967,787.7856399317628,0.09574771855342464,0.9216620742097761,0.0064525695045067515,0.6363636363636364,569.8667,estimated,-1.8800526934515547,-2.629220319801629,0.3919604263143899,estimated,False,72.63062360235428
ordinary_matched_other_unchanged_negative_04,2020_2021,LR,A,A,A_model_A_inputs,full,post_hoc_revision,845,44,801,11397.333999999997,44.0,0.0038605519501314967,787.7856399317628,0.018303203150237805,0.8199136562800944,0.0038262256541647392,0.38636363636363635,569.8667,estimated,0.27877561043365184,2.407363611186758,1.4011780611144746,estimated,False,1574.341759080237
ordinary_matched_other_unchanged_negative_04,2020_2021,LR,B,B,B_model_B_inputs,full,post_hoc_revision,845,44,801,11397.333999999997,44.0,0.0038605519501314967,787.7856399317628,0.01801499632616994,0.820030129875988,0.003826356172536537,0.3409090909090909,569.8667,estimated,0.2830327712483082,2.408671204636609,1.4002651797973673,estimated,False,1573.8675435552768
ordinary_matched_other_unchanged_negative_04,2020_2021,LGBM,A,A,A_model_A_inputs,full,post_hoc_revision,845,44,801,11397.333999999997,44.0,0.0038605519501314967,787.7856399317628,0.09825987928756896,0.9127922487550604,0.0068487065440029984,0.5454545454545454,569.8667,estimated,-1.8238745915160544,-2.7386977677122086,0.3776947016055463,estimated,False,81.74835011683903
ordinary_matched_other_unchanged_negative_04,2020_2021,LGBM,B,B,B_model_B_inputs,full,post_hoc_revision,845,44,801,11397.333999999997,44.0,0.0038605519501314967,787.7856399317628,0.0688325057651382,0.9218968390494579,0.006933944977742036,0.5909090909090909,569.8666999999999,estimated,-2.4696234440934375,-2.9528126456758197,0.3448511206113296,estimated,False,83.53707907578253
ordinary_matched_other_unchanged_negative_05,2020_2021,LR,A,A,A_model_A_inputs,full,post_hoc_revision,845,44,801,11397.333999999997,44.0,0.0038605519501314967,787.7856399317628,0.018286932742319052,0.8199427746790677,0.003826206045561734,0.38636363636363635,569.8667,estimated,0.2788854939633056,2.4118735727970324,1.4020192238969467,estimated,False,1575.5611509176867
ordinary_matched_other_unchanged_negative_05,2020_2021,LR,B,B,B_model_B_inputs,full,post_hoc_revision,845,44,801,11397.333999999997,44.0,0.0038605519501314967,787.7856399317628,0.01797069803929712,0.820088366673935,0.0038263370625131513,0.3409090909090909,569.8667,estimated,0.28301286949440474,2.4123077570656366,1.400972807193462,estimated,False,1574.924890609574
ordinary_matched_other_unchanged_negative_05,2020_2021,LGBM,A,A,A_model_A_inputs,full,post_hoc_revision,845,44,801,11397.333999999997,44.0,0.0038605519501314967,787.7856399317628,0.11867753555078381,0.9256784114532516,0.006798933792352186,0.5909090909090909,569.8667,estimated,-1.8040044035386575,-2.702176478479608,0.3891734395370544,estimated,False,75.45872100142132
ordinary_matched_other_unchanged_negative_05,2020_2021,LGBM,B,B,B_model_B_inputs,full,post_hoc_revision,845,44,801,11397.333999999997,44.0,0.0038605519501314967,787.7856399317628,0.1354056851284954,0.9260318358706559,0.006412996914597714,0.6590909090909091,569.8667,estimated,-1.8058763074778141,-2.499171518552053,0.4201496101611777,estimated,False,65.57685895900467
ordinary_matched_other_unchanged_negative_06,2020_2021,LR,A,A,A_model_A_inputs,full,post_hoc_revision,845,44,801,11397.333999999997,44.0,0.0038605519501314967,787.7856399317628,0.018253023377604156,0.8199738948929025,0.003826257983581897,0.38636363636363635,569.8667,estimated,0.28003228109563744,2.4123292749940206,1.4017717457175165,estimated,False,1576.6953103905103
ordinary_matched_other_unchanged_negative_06,2020_2021,LR,B,B,B_model_B_inputs,full,post_hoc_revision,845,44,801,11397.333999999997,44.0,0.0038605519501314967,787.7856399317628,0.01803395925427062,0.8201174850729085,0.003826388593638555,0.3409090909090909,569.8667,estimated,0.2843065134910719,2.413560354561982,1.4008403048567748,estimated,False,1576.1353431825103
ordinary_matched_other_unchanged_negative_06,2020_2021,LGBM,A,A,A_model_A_inputs,full,post_hoc_revision,845,44,801,11397.333999999997,44.0,0.0038605519501314967,787.7856399317628,0.12046283247473191,0.9185312998246723,0.007063308534207448,0.6818181818181818,569.8666999999999,estimated,-1.942476668253982,-2.78465286254675,0.37497397571926955,estimated,False,77.40979726917863
ordinary_matched_other_unchanged_negative_06,2020_2021,LGBM,B,B,B_model_B_inputs,full,post_hoc_revision,845,44,801,11397.333999999997,44.0,0.0038605519501314967,787.7856399317628,0.13740705257180663,0.9167368769865719,0.006716770691889348,0.5681818181818182,569.8667,estimated,-2.226447793295474,-2.7544773235615123,0.37945660353902194,estimated,False,69.70573972171226
ordinary_matched_other_unchanged_negative_07,2020_2021,LR,A,A,A_model_A_inputs,full,post_hoc_revision,845,44,801,11397.333999999997,44.0,0.0038605519501314967,787.7856399317628,0.01822204965220919,0.8200612500898229,0.003826238870387128,0.38636363636363635,569.8667,estimated,0.279379097720024,2.4113921387474577,1.4017987624723207,estimated,False,1574.169803371734
ordinary_matched_other_unchanged_negative_07,2020_2021,LR,B,B,B_model_B_inputs,full,post_hoc_revision,845,44,801,11397.333999999997,44.0,0.0038605519501314967,787.7856399317628,0.017995406665499425,0.8201194868877698,0.0038263698566655883,0.3409090909090909,569.8667,estimated,0.2836473982884361,2.412618711461725,1.4008672127116066,estimated,False,1573.6196517419457
ordinary_matched_other_unchanged_negative_07,2020_2021,LGBM,A,A,A_model_A_inputs,full,post_hoc_revision,845,44,801,11397.333999999997,44.0,0.0038605519501314967,787.7856399317628,0.11928739306507762,0.9206018009575634,0.007058966611001825,0.6363636363636364,569.8667,estimated,-1.8761207208618866,-2.7569994622094462,0.37952230765734746,estimated,False,77.72041186398758
ordinary_matched_other_unchanged_negative_07,2020_2021,LGBM,B,B,B_model_B_inputs,full,post_hoc_revision,845,44,801,11397.333999999997,44.0,0.0038605519501314967,787.7856399317628,0.10998218344295374,0.9297229582717537,0.006108086606915651,0.5,569.8666999999999,estimated,-1.5558848932526779,-2.656125112039007,0.3898402793941282,estimated,False,76.63659312779365
ordinary_matched_other_unchanged_negative_08,2020_2021,LR,A,A,A_model_A_inputs,full,post_hoc_revision,845,44,801,11397.333999999997,44.0,0.0038605519501314967,787.7856399317628,0.018258891442076867,0.8197971826842004,0.0038262403070280786,0.38636363636363635,569.8667,estimated,0.27968371186783886,2.4100079991762633,1.4014408775187122,estimated,False,1573.6497056753076
ordinary_matched_other_unchanged_negative_08,2020_2021,LR,B,B,B_model_B_inputs,full,post_hoc_revision,845,44,801,11397.333999999997,44.0,0.0038605519501314967,787.7856399317628,0.017979057076749728,0.8200592482749616,0.003826371104112996,0.3409090909090909,569.8667,estimated,0.2839362323920453,2.4111475639038824,1.4004977572895656,estimated,False,1573.137003839153
ordinary_matched_other_unchanged_negative_08,2020_2021,LGBM,A,A,A_model_A_inputs,full,post_hoc_revision,845,44,801,11397.333999999997,44.0,0.0038605519501314967,787.7856399317628,0.11951936256695234,0.9209934440243008,0.0069948941198128434,0.5681818181818182,569.8667,estimated,-1.8578454794658024,-2.7216070086464423,0.3840300620124957,estimated,False,77.911688516917
ordinary_matched_other_unchanged_negative_08,2020_2021,LGBM,B,B,B_model_B_inputs,full,post_hoc_revision,845,44,801,11397.333999999997,44.0,0.0038605519501314967,787.7856399317628,0.07695508410359071,0.9188135677310142,0.007382249732691839,0.5681818181818182,569.8667,estimated,-2.163759793870516,-2.889036156091132,0.3514538127541021,estimated,False,86.43567127812715
ordinary_matched_other_unchanged_negative_09,2020_2021,LR,A,A,A_model_A_inputs,full,post_hoc_revision,845,44,801,11397.333999999997,44.0,0.0038605519501314967,787.7856399317628,0.01833226590481139,0.820088366673935,0.003826237825581874,0.4090909090909091,569.8667,estimated,0.2796055621081919,2.4105122007310267,1.4015655777213516,estimated,False,1572.3087160927446
ordinary_matched_other_unchanged_negative_09,2020_2021,LR,B,B,B_model_B_inputs,full,post_hoc_revision,845,44,801,11397.333999999997,44.0,0.0038605519501314967,787.7856399317628,0.018080222864539357,0.8201757218708554,0.0038263680194580542,0.3409090909090909,569.8667,estimated,0.2838703518245264,2.4114795944853444,1.4005889887130702,estimated,False,1571.7994284928664
ordinary_matched_other_unchanged_negative_09,2020_2021,LGBM,A,A,A_model_A_inputs,full,post_hoc_revision,845,44,801,11397.333999999997,44.0,0.0038605519501314967,787.7856399317628,0.12162397388900142,0.9239695261641776,0.007107928992601768,0.6363636363636364,569.8667,estimated,-1.7470117915295142,-2.611492778825589,0.4045942190995834,estimated,False,72.18559869014506
ordinary_matched_other_unchanged_negative_09,2020_2021,LGBM,B,B,B_model_B_inputs,full,post_hoc_revision,845,44,801,11397.333999999997,44.0,0.0038605519501314967,787.7856399317628,0.06854799122898039,0.9174457276362418,0.006914579242747967,0.6136363636363636,569.8667,estimated,-2.3778124679316432,-3.024627941658797,0.3276839507908353,estimated,False,92.07461776658516
ordinary_matched_other_unchanged_negative_10,2020_2021,LR,A,A,A_model_A_inputs,full,post_hoc_revision,845,44,801,11397.333999999997,44.0,0.0038605519501314967,787.7856399317628,0.018259002668188654,0.8198554194821472,0.0038262372957663165,0.4090909090909091,569.8667,estimated,0.2796755933065254,2.4099873401925023,1.4014445483190858,estimated,False,1573.8929103660826
ordinary_matched_other_unchanged_negative_10,2020_2021,LR,B,B,B_model_B_inputs,full,post_hoc_revision,845,44,801,11397.333999999997,44.0,0.0038605519501314967,787.7856399317628,0.018037985398104008,0.8201757218708554,0.003826369389150688,0.3409090909090909,569.8667,estimated,0.2839189520898792,2.4110520661133164,1.4004879037543736,estimated,False,1573.4364259827194
ordinary_matched_other_unchanged_negative_10,2020_2021,LGBM,A,A,A_model_A_inputs,full,post_hoc_revision,845,44,801,11397.333999999997,44.0,0.0038605519501314967,787.7856399317628,0.1260168010323144,0.9253180727673163,0.006505322247099271,0.6590909090909091,569.8667,estimated,-1.5779179405972528,-2.5862577485645737,0.40417742841106846,estimated,False,75.54016413531302
ordinary_matched_other_unchanged_negative_10,2020_2021,LGBM,B,B,B_model_B_inputs,full,post_hoc_revision,845,44,801,11397.333999999997,44.0,0.0038605519501314967,787.7856399317628,0.05835126177464351,0.9203348229131324,0.007328405307073297,0.5681818181818182,569.8667,estimated,-2.2358792025355747,-2.832198369263751,0.3602150694020102,estimated,False,84.4023202870617
ordinary_matched_other_unchanged_negative_11,2020_2021,LR,A,A,A_model_A_inputs,full,post_hoc_revision,845,44,801,11397.333999999997,44.0,0.0038605519501314967,787.7856399317628,0.018269780056125152,0.8199136562800944,0.003826192783395002,0.38636363636363635,569.8667,estimated,0.27675466959840056,2.3884549979394607,1.3982009684016152,estimated,False,1562.8760265187448
ordinary_matched_other_unchanged_negative_11,2020_2021,LR,B,B,B_model_B_inputs,full,post_hoc_revision,845,44,801,11397.333999999997,44.0,0.0038605519501314967,787.7856399317628,0.01796787373431894,0.8200010114770147,0.0038263258498940664,0.3409090909090909,569.8667,estimated,0.2810155450951538,2.3896316208001864,1.397262178239015,estimated,False,1562.528561653297
ordinary_matched_other_unchanged_negative_11,2020_2021,LGBM,A,A,A_model_A_inputs,full,post_hoc_revision,845,44,801,11397.333999999997,44.0,0.0038605519501314967,787.7856399317628,0.12003000758682371,0.9091664615874078,0.007100879933653553,0.6818181818181818,569.8667,estimated,-1.8037759386047953,-2.68999473392299,0.3865611763551825,estimated,False,77.87201867586887
ordinary_matched_other_unchanged_negative_11,2020_2021,LGBM,B,B,B_model_B_inputs,full,post_hoc_revision,845,44,801,11397.333999999997,44.0,0.0038605519501314967,787.7856399317628,0.11649865812933184,0.9275024931803382,0.006562027557226623,0.5909090909090909,569.8667,estimated,-1.8872253569626334,-2.625361344180132,0.3963215826081073,estimated,False,72.20220550009923
ordinary_matched_other_unchanged_negative_12,2020_2021,LR,A,A,A_model_A_inputs,full,post_hoc_revision,845,44,801,11397.333999999997,44.0,0.0038605519501314967,787.7856399317628,0.01824608730811708,0.8200612500898229,0.0038262084208093663,0.38636363636363635,569.8667,estimated,0.27860216561470363,2.412963209613663,1.402317619391281,estimated,False,1574.9400248744632
ordinary_matched_other_unchanged_negative_12,2020_2021,LR,B,B,B_model_B_inputs,full,post_hoc_revision,845,44,801,11397.333999999997,44.0,0.0038605519501314967,787.7856399317628,0.017992497202356145,0.8200903684887965,0.0038263393157384005,0.3409090909090909,569.8667,estimated,0.28287212063371886,2.4142364792815907,1.4013943220514364,estimated,False,1574.4044427739618
ordinary_matched_other_unchanged_negative_12,2020_2021,LGBM,A,A,A_model_A_inputs,full,post_hoc_revision,845,44,801,11397.333999999997,44.0,0.0038605519501314967,787.7856399317628,0.11841925829917332,0.9301497251820486,0.006937191391225572,0.6590909090909091,569.8666999999999,estimated,-1.8600178684658202,-2.728431737823229,0.38433272325265505,estimated,False,73.66953963909751
ordinary_matched_other_unchanged_negative_12,2020_2021,LGBM,B,B,B_model_B_inputs,full,post_hoc_revision,845,44,801,11397.333999999997,44.0,0.0038605519501314967,787.7856399317628,0.07558503732464117,0.9131083633470782,0.007288214812076715,0.5909090909090909,569.8666999999999,estimated,-2.0415672876707296,-2.7574945262906456,0.36810490627053827,estimated,False,87.15680301012507
ordinary_matched_other_unchanged_negative_13,2020_2021,LR,A,A,A_model_A_inputs,full,post_hoc_revision,845,44,801,11397.333999999997,44.0,0.0038605519501314967,787.7856399317628,0.018257297303256082,0.8203213138657226,0.0038262454277887183,0.4090909090909091,569.8667,estimated,0.27773271132190097,2.384407207753019,1.3971653276990963,estimated,False,1560.2984584687008
ordinary_matched_other_unchanged_negative_13,2020_2021,LR,B,B,B_model_B_inputs,full,post_hoc_revision,845,44,801,11397.333999999997,44.0,0.0038605519501314967,787.7856399317628,0.01802511385264839,0.820408669062643,0.003826379345478403,0.3409090909090909,569.8667,estimated,0.28198233874746576,2.385394925054199,1.396193827413733,estimated,False,1560.2817983890513
ordinary_matched_other_unchanged_negative_13,2020_2021,LGBM,A,A,A_model_A_inputs,full,post_hoc_revision,845,44,801,11397.333999999997,44.0,0.0038605519501314967,787.7856399317628,0.11672764641342787,0.9148756696010665,0.007149547667332653,0.6363636363636364,569.8667,estimated,-1.728529263089909,-2.696254270542118,0.38416453457532806,estimated,False,81.99533279348668
ordinary_matched_other_unchanged_negative_13,2020_2021,LGBM,B,B,B_model_B_inputs,full,post_hoc_revision,845,44,801,11397.333999999997,44.0,0.0038605519501314967,787.7856399317628,0.09062679940302595,0.9117285123631373,0.0069581483676473856,0.6136363636363636,569.8666999999999,estimated,-2.8918642369654193,-2.9933517131750347,0.3347293048741112,estimated,False,85.75024870566963
ordinary_matched_other_unchanged_negative_14,2020_2021,LR,A,A,A_model_A_inputs,full,post_hoc_revision,845,44,801,11397.333999999997,44.0,0.0038605519501314967,787.7856399317628,0.018184483060172126,0.8197389458862535,0.003826207204714504,0.38636363636363635,569.8667,estimated,0.2779504398490629,2.388925969776598,1.3979558953894207,estimated,False,1568.3305118223177
ordinary_matched_other_unchanged_negative_14,2020_2021,LR,B,B,B_model_B_inputs,full,post_hoc_revision,845,44,801,11397.333999999997,44.0,0.0038605519501314967,787.7856399317628,0.017932786550838957,0.8198845378811208,0.003826337737072829,0.3409090909090909,569.8667,estimated,0.28224260575572446,2.390853687314529,1.3971522176833326,estimated,False,1567.9089698232558
ordinary_matched_other_unchanged_negative_14,2020_2021,LGBM,A,A,A_model_A_inputs,full,post_hoc_revision,845,44,801,11397.333999999997,44.0,0.0038605519501314967,787.7856399317628,0.12213949749895531,0.9151326385711908,0.006457040645578811,0.6818181818181818,569.8667,estimated,-1.6036133349578914,-2.6798101996014263,0.38669501349081853,estimated,False,78.96788743157609
ordinary_matched_other_unchanged_negative_14,2020_2021,LGBM,B,B,B_model_B_inputs,full,post_hoc_revision,845,44,801,11397.333999999997,44.0,0.0038605519501314967,787.7856399317628,0.07571692520534719,0.914372465392105,0.0074047627201791755,0.5227272727272727,569.8667,estimated,-2.4044697541688875,-2.990069691260068,0.3370978666125987,estimated,False,87.15682802646347
ordinary_matched_other_unchanged_negative_15,2020_2021,LR,A,A,A_model_A_inputs,full,post_hoc_revision,845,44,801,11397.333999999997,44.0,0.0038605519501314967,787.7856399317628,0.018243570467510253,0.8198554194821475,0.0038262199785503844,0.4090909090909091,569.8667,estimated,0.27884514689502476,2.4028546454464226,1.400331051962549,estimated,False,1571.9683922552078
ordinary_matched_other_unchanged_negative_15,2020_2021,LR,B,B,B_model_B_inputs,full,post_hoc_revision,845,44,801,11397.333999999997,44.0,0.0038605519501314967,787.7856399317628,0.018028748555716973,0.820146603471882,0.003826351525940851,0.3409090909090909,569.8667,estimated,0.2830988164779112,2.4041525173563634,1.3994165813415513,estimated,False,1571.5308389966353
ordinary_matched_other_unchanged_negative_15,2020_2021,LGBM,A,A,A_model_A_inputs,full,post_hoc_revision,845,44,801,11397.333999999997,44.0,0.0038605519501314967,787.7856399317628,0.11577998099123549,0.9212846280140355,0.007056790233633401,0.5909090909090909,569.8667,estimated,-1.9432570114872938,-2.8648887889394077,0.3644747524097537,estimated,False,77.93038313082425
ordinary_matched_other_unchanged_negative_15,2020_2021,LGBM,B,B,B_model_B_inputs,full,post_hoc_revision,845,44,801,11397.333999999997,44.0,0.0038605519501314967,787.7856399317628,0.06790318822133495,0.9211830759461181,0.0069889469952058095,0.6136363636363636,569.8667,estimated,-2.5744375303526823,-2.943178421304802,0.3437921298048961,estimated,False,84.89829375393774
ordinary_matched_other_unchanged_negative_16,2020_2021,LR,A,A,A_model_A_inputs,full,post_hoc_revision,845,44,801,11397.333999999997,44.0,0.0038605519501314967,787.7856399317628,0.018296880847328483,0.8200903684887964,0.003826227293928184,0.38636363636363635,569.8667,estimated,0.27922958884667076,2.4184801577417705,1.4031572317470031,estimated,False,1576.3866251341847
ordinary_matched_other_unchanged_negative_16,2020_2021,LR,B,B,B_model_B_inputs,full,post_hoc_revision,845,44,801,11397.333999999997,44.0,0.0038605519501314967,787.7856399317628,0.01797849838402485,0.8201174850729084,0.0038263564434882625,0.3409090909090909,569.8667,estimated,0.2835015992824521,2.419430759341384,1.4021761257108563,estimated,False,1575.764678429355
ordinary_matched_other_unchanged_negative_16,2020_2021,LGBM,A,A,A_model_A_inputs,full,post_hoc_revision,845,44,801,11397.333999999997,44.0,0.0038605519501314967,787.7856399317628,0.15448907976528595,0.9273057628230222,0.00789667273090611,0.5909090909090909,569.8666999999999,estimated,-1.752742059188665,-2.4096278971152385,0.43137743141991525,estimated,False,69.46259740532541
ordinary_matched_other_unchanged_negative_16,2020_2021,LGBM,B,B,B_model_B_inputs,full,post_hoc_revision,845,44,801,11397.333999999997,44.0,0.0038605519501314967,787.7856399317628,0.09151484736546922,0.9123824051876032,0.007248580138575528,0.5454545454545454,569.8667,estimated,-1.4272901632674404,-2.3345846481406296,0.4312749000925326,estimated,False,82.73128023435497
ordinary_matched_other_unchanged_negative_17,2020_2021,LR,A,A,A_model_A_inputs,full,post_hoc_revision,845,44,801,11397.333999999997,44.0,0.0038605519501314967,787.7856399317628,0.018245264123523352,0.8200612500898229,0.0038262194405721682,0.4090909090909091,569.8667,estimated,0.2789456738316873,2.399784113447306,1.3997494206291792,estimated,False,1570.6179993308644
ordinary_matched_other_unchanged_negative_17,2020_2021,LR,B,B,B_model_B_inputs,full,post_hoc_revision,845,44,801,11397.333999999997,44.0,0.0038605519501314967,787.7856399317628,0.01798244590260356,0.8200592482749616,0.003826350476245498,0.3409090909090909,569.8667,estimated,0.28320303594752383,2.4008440064939784,1.3987915560427988,estimated,False,1570.0538036557912
ordinary_matched_other_unchanged_negative_17,2020_2021,LGBM,A,A,A_model_A_inputs,full,post_hoc_revision,845,44,801,11397.333999999997,44.0,0.0038605519501314967,787.7856399317628,0.10165517182033854,0.9295120310434409,0.006784310828742218,0.6363636363636364,569.8667,estimated,-1.7937086076747082,-2.7456027366076188,0.37963780841434047,estimated,False,76.23789599606897
ordinary_matched_other_unchanged_negative_17,2020_2021,LGBM,B,B,B_model_B_inputs,full,post_hoc_revision,845,44,801,11397.333999999997,44.0,0.0038605519501314967,787.7856399317628,0.1477815302517032,0.9257586682146737,0.006215258664324969,0.6136363636363636,569.8667,estimated,-1.7576823810483098,-2.6060004327039845,0.4017714858520543,estimated,False,69.01725790241943
ordinary_matched_other_unchanged_negative_18,2020_2021,LR,A,A,A_model_A_inputs,full,post_hoc_revision,845,44,801,11397.333999999997,44.0,0.0038605519501314967,787.7856399317628,0.01825440651197688,0.8201174850729085,0.003826231243674827,0.4090909090909091,569.8667,estimated,0.27829303982685044,2.4060005932312043,1.401046717481988,estimated,False,1575.6134353083157
ordinary_matched_other_unchanged_negative_18,2020_2021,LR,B,B,B_model_B_inputs,full,post_hoc_revision,845,44,801,11397.333999999997,44.0,0.0038605519501314967,787.7856399317628,0.018025396536073813,0.8199718930780412,0.0038263601787269534,0.3409090909090909,569.8667,estimated,0.28258628173129097,2.4073463251043967,1.400135131551764,estimated,False,1574.9945700598894
ordinary_matched_other_unchanged_negative_18,2020_2021,LGBM,A,A,A_model_A_inputs,full,post_hoc_revision,845,44,801,11397.333999999997,44.0,0.0038605519501314967,787.7856399317628,0.12071824886854886,0.9122541048695084,0.00747282890145537,0.6136363636363636,569.8666999999999,estimated,-2.0742348567629008,-2.756712595409945,0.37700346075966285,estimated,False,79.27299226439901
ordinary_matched_other_unchanged_negative_18,2020_2021,LGBM,B,B,B_model_B_inputs,full,post_hoc_revision,845,44,801,11397.333999999997,44.0,0.0038605519501314967,787.7856399317628,0.09064842065312165,0.9338626833796543,0.006728000465946221,0.5909090909090909,569.8666999999999,estimated,-1.9366347287022605,-2.826286778501277,0.3664476681259681,estimated,False,74.95683031815456
ordinary_matched_other_unchanged_negative_19,2020_2021,LR,A,A,A_model_A_inputs,full,post_hoc_revision,845,44,801,11397.333999999997,44.0,0.0038605519501314967,787.7856399317628,0.018285654792991,0.8198574212970087,0.0038262270826499353,0.38636363636363635,569.8667,estimated,0.2788763994868745,2.40483545936767,1.400693593569524,estimated,False,1571.9361779153294
ordinary_matched_other_unchanged_negative_19,2020_2021,LR,B,B,B_model_B_inputs,full,post_hoc_revision,845,44,801,11397.333999999997,44.0,0.0038605519501314967,787.7856399317628,0.018021406958086725,0.8200592482749616,0.003826357817237573,0.3409090909090909,569.8667,estimated,0.2831005046207187,2.405789428710503,1.3997231835402932,estimated,False,1571.3478443704446
ordinary_matched_other_unchanged_negative_19,2020_2021,LGBM,A,A,A_model_A_inputs,full,post_hoc_revision,845,44,801,11397.333999999997,44.0,0.0038605519501314967,787.7856399317628,0.10141133268522666,0.9186890868756751,0.0068588963318917525,0.6363636363636364,569.8666999999999,estimated,-1.842376692583021,-2.7057182969361815,0.38745216043644115,estimated,False,76.0623132963809
ordinary_matched_other_unchanged_negative_19,2020_2021,LGBM,B,B,B_model_B_inputs,full,post_hoc_revision,845,44,801,11397.333999999997,44.0,0.0038605519501314967,787.7856399317628,0.06887925201106282,0.9208878883266609,0.006622123192349537,0.5454545454545454,569.8667,estimated,-2.0130545345477544,-2.9190165911054144,0.3471706205453307,estimated,False,85.83080458193629
