experiment,block,model,metric,AA,AB,BA,BB,input_substitution_A_fit,fit_difference_A_inputs,procedural_interaction,total_refit_difference,fit_difference_B_inputs
identical_input_tuned,2016_2017,LR,average_precision,0.008256239697722533,0.008256239697722533,0.008256239697722533,0.008256239697722533,0.0,0.0,0.0,0.0,0.0
identical_input_tuned,2016_2017,LR,brier,0.004176375594538639,0.004176375594538639,0.004176375594538639,0.004176375594538639,0.0,0.0,0.0,0.0,0.0
identical_input_tuned,2016_2017,LR,roc_auc,0.70573527841508,0.70573527841508,0.70573527841508,0.70573527841508,0.0,0.0,0.0,0.0,0.0
identical_input_tuned,2016_2017,LR,retrospective_recall_at_5percent,0.13725490196078433,0.13725490196078433,0.13725490196078433,0.13725490196078433,0.0,0.0,0.0,0.0,0.0
identical_input_tuned,2016_2017,LGBM,average_precision,0.2474686198347409,0.2474686198347409,0.2474686198347409,0.2474686198347409,0.0,0.0,0.0,0.0,0.0
identical_input_tuned,2016_2017,LGBM,brier,0.0038190102331260695,0.0038190102331260695,0.0038190102331260695,0.0038190102331260695,0.0,0.0,0.0,0.0,0.0
identical_input_tuned,2016_2017,LGBM,roc_auc,0.9662456690345302,0.9662456690345302,0.9662456690345302,0.9662456690345302,0.0,0.0,0.0,0.0,0.0
identical_input_tuned,2016_2017,LGBM,retrospective_recall_at_5percent,0.7450980392156863,0.7450980392156863,0.7450980392156863,0.7450980392156863,0.0,0.0,0.0,0.0,0.0
identical_input_tuned,2018_2019,LR,average_precision,0.009702777966942659,0.009702777966942659,0.009702777966942659,0.009702777966942659,0.0,0.0,0.0,0.0,0.0
identical_input_tuned,2018_2019,LR,brier,0.002425685810244508,0.002425685810244508,0.002425685810244508,0.002425685810244508,0.0,0.0,0.0,0.0,0.0
identical_input_tuned,2018_2019,LR,roc_auc,0.8138430842554385,0.8138430842554385,0.8138430842554385,0.8138430842554385,0.0,0.0,0.0,0.0,0.0
identical_input_tuned,2018_2019,LR,retrospective_recall_at_5percent,0.2857142857142857,0.2857142857142857,0.2857142857142857,0.2857142857142857,0.0,0.0,0.0,0.0,0.0
identical_input_tuned,2018_2019,LGBM,average_precision,0.1556441763943111,0.1556441763943111,0.1556441763943111,0.1556441763943111,0.0,0.0,0.0,0.0,0.0
identical_input_tuned,2018_2019,LGBM,brier,0.0037633278262219345,0.0037633278262219345,0.0037633278262219345,0.0037633278262219345,0.0,0.0,0.0,0.0,0.0
identical_input_tuned,2018_2019,LGBM,roc_auc,0.9401297169849511,0.9401297169849511,0.9401297169849511,0.9401297169849511,0.0,0.0,0.0,0.0,0.0
identical_input_tuned,2018_2019,LGBM,retrospective_recall_at_5percent,0.6785714285714286,0.6785714285714286,0.6785714285714286,0.6785714285714286,0.0,0.0,0.0,0.0,0.0
identical_input_tuned,2020_2021,LR,average_precision,0.01791466044865215,0.01791466044865215,0.01791466044865215,0.01791466044865215,0.0,0.0,0.0,0.0,0.0
identical_input_tuned,2020_2021,LR,brier,0.0038272622610305202,0.0038272622610305202,0.0038272622610305202,0.0038272622610305202,0.0,0.0,0.0,0.0,0.0
identical_input_tuned,2020_2021,LR,roc_auc,0.8198303047128965,0.8198303047128965,0.8198303047128965,0.8198303047128965,0.0,0.0,0.0,0.0,0.0
identical_input_tuned,2020_2021,LR,retrospective_recall_at_5percent,0.3181818181818182,0.3181818181818182,0.3181818181818182,0.3181818181818182,0.0,0.0,0.0,0.0,0.0
identical_input_tuned,2020_2021,LGBM,average_precision,0.07389661465695252,0.07389661465695252,0.07389661465695252,0.07389661465695252,0.0,0.0,0.0,0.0,0.0
identical_input_tuned,2020_2021,LGBM,brier,0.007117157191115842,0.007117157191115842,0.007117157191115842,0.007117157191115842,0.0,0.0,0.0,0.0,0.0
identical_input_tuned,2020_2021,LGBM,roc_auc,0.8971454752650398,0.8971454752650398,0.8971454752650398,0.8971454752650398,0.0,0.0,0.0,0.0,0.0
identical_input_tuned,2020_2021,LGBM,retrospective_recall_at_5percent,0.4772727272727273,0.4772727272727273,0.4772727272727273,0.4772727272727273,0.0,0.0,0.0,0.0,0.0
full_train_full_test,2016_2017,LR,average_precision,0.007592728368504737,0.007593132319789364,0.00760104623453021,0.007597203881855269,4.039512846269744e-07,8.317866025472562e-06,-4.2463039595678695e-06,4.475513350531667e-06,4.071562065904692e-06
full_train_full_test,2016_2017,LR,brier,0.004177580207397816,0.004177602949077881,0.004177570596403508,0.004177593691989359,2.274168006514976e-08,-9.61099430769885e-09,3.539057857535055e-10,1.3484591543204416e-08,-9.257088521945345e-09
full_train_full_test,2016_2017,LR,roc_auc,0.6977321152130224,0.697642885098362,0.6979392919516897,0.6977525844315854,-8.923011466033248e-05,0.0002071767386673251,-9.747740544396866e-05,2.0469218563023972e-05,0.00010969933322335645
full_train_full_test,2016_2017,LR,retrospective_recall_at_5percent,0.050288235294116294,0.050288235294116294,0.0392156862745098,0.0392156862745098,0.0,-0.011072549019606491,0.0,-0.011072549019606491,-0.011072549019606491
full_train_full_test,2016_2017,LGBM,average_precision,0.2474686198347409,0.21969644741588473,0.21229010249037067,0.20175951569109857,-0.027772172418856156,-0.03517851734437022,0.017241585619584054,-0.04570910414364232,-0.017936931724786165
full_train_full_test,2016_2017,LGBM,brier,0.0038190102331260695,0.004325222028117666,0.004209370690849042,0.00423852485200605,0.0005062117949915968,0.0003903604577229721,-0.00047705763383458803,0.00041951461887998085,-8.66971761116159e-05
full_train_full_test,2016_2017,LGBM,roc_auc,0.9662456690345302,0.9651140766006234,0.9641955532156491,0.962345986501129,-0.001131592433906814,-0.0020501158188811486,-0.000717974280613265,-0.0038996825334012275,-0.0027680900994944135
full_train_full_test,2016_2017,LGBM,retrospective_recall_at_5percent,0.7450980392156863,0.7450980392156863,0.7843137254901961,0.7647058823529411,0.0,0.039215686274509776,-0.019607843137254943,0.019607843137254832,0.019607843137254832
full_train_size_test,2016_2017,LR,average_precision,0.00892475301690096,0.008928105807038181,0.008935573493628344,0.008935568073990468,3.3527901372211455e-06,1.0820476727383191e-05,-3.3582097750967793e-06,1.0815057089507557e-05,7.4622669522864116e-06
full_train_size_test,2016_2017,LR,brier,0.007739322509375704,0.007739360974465837,0.007739301716673062,0.007739340766692887,3.846509013302052e-08,-2.0792702642123684e-08,5.849296923557401e-10,1.8257317183252575e-08,-2.0207772949767944e-08
full_train_size_test,2016_2017,LR,roc_auc,0.5633511946819547,0.5634388251445471,0.563780310442332,0.5638211134894334,8.763046259241403e-05,0.0004291157603772966,-4.6827415491002e-05,0.0004699188074787086,0.0003822883448862946
full_train_size_test,2016_2017,LR,retrospective_recall_at_5percent,0.0196078431372549,0.0196078431372549,0.0196078431372549,0.0196078431372549,0.0,0.0,0.0,0.0,0.0
full_train_size_test,2016_2017,LGBM,average_precision,0.2479453681130179,0.22017976454939195,0.21283179368925004,0.20231284854728004,-0.02776560356362595,-0.03511357442376786,0.017246658421655958,-0.045632519565737856,-0.017866916002111904
full_train_size_test,2016_2017,LGBM,brier,0.0070769441424091434,0.008014996958400196,0.00780031495279058,0.007854340058851257,0.0009380528159910525,0.0007233708103814365,-0.0008840277099303757,0.0007773959164421133,-0.00016065689954893915
full_train_size_test,2016_2017,LGBM,roc_auc,0.9408176471582259,0.9386693332930907,0.9398181201012662,0.9363783563601265,-0.002148313865135254,-0.0009995270569597148,-0.0012914498760044912,-0.00443929079809946,-0.002290976932964206
full_train_size_test,2016_2017,LGBM,retrospective_recall_at_5percent,0.6470588235294118,0.6274509803921569,0.6274509803921569,0.5882352941176471,-0.019607843137254943,-0.019607843137254943,-0.019607843137254832,-0.05882352941176472,-0.039215686274509776
size_train_size_test,2016_2017,LR,average_precision,0.26283738551114666,0.2620061249296056,0.2595546746084186,0.2590486043449001,-0.0008312605815410379,-0.003282710902728081,0.00032519031802258347,-0.0037887811662465354,-0.0029575205847054975
size_train_size_test,2016_2017,LR,brier,0.00668971988948913,0.0066798218693062085,0.006694769745007021,0.006685654326787949,-9.898020182921678e-06,5.0498555178909305e-06,7.826019638498133e-07,-4.0655627011809345e-06,5.832457481740744e-06
size_train_size_test,2016_2017,LR,roc_auc,0.9563438541999232,0.9567351790973937,0.9559571861392177,0.9562411628163574,0.000391324897470513,-0.0003866680607055306,-0.00010734822033076075,-0.00010269138356577834,-0.0004940162810362914
size_train_size_test,2016_2017,LR,retrospective_recall_at_5percent,0.6470588235294118,0.6666666666666666,0.6470588235294118,0.6470588235294118,0.019607843137254832,0.0,-0.019607843137254832,0.0,-0.019607843137254832
size_train_size_test,2016_2017,LGBM,average_precision,0.32216997473154596,0.32341660329945604,0.30890263547674474,0.3191678314600069,0.0012466285679100797,-0.013267339254801225,0.009018567415352063,-0.0030021432715390817,-0.004248771839449161
size_train_size_test,2016_2017,LGBM,brier,0.0069749691936361905,0.006832732654580758,0.006756279045755509,0.006714090576323532,-0.00014223653905543268,-0.00021869014788068134,0.00010004806962345559,-0.00026087861731265843,-0.00011864207825722575
size_train_size_test,2016_2017,LGBM,roc_auc,0.9485775818613016,0.9454311084708313,0.9501710815196145,0.9479263777602491,-0.00314647339047025,0.0015934996583129024,0.0009017696311048873,-0.0006512041010524605,0.0024952692894177897
size_train_size_test,2016_2017,LGBM,retrospective_recall_at_5percent,0.6666666666666666,0.6470588235294118,0.6862745098039216,0.6666666666666666,-0.019607843137254832,0.019607843137254943,-1.1102230246251565e-16,0.0,0.019607843137254832
absolute_spline_rf,2016_2017,SPLINE_LR,average_precision,0.12512167312573794,0.12041565276754977,0.12408194109660807,0.12065059166737582,-0.004706020358188165,-0.0010397320291298667,0.0012746709289559177,-0.004471081458362114,0.00023493889982605098
absolute_spline_rf,2016_2017,SPLINE_LR,brier,0.0040883354825540525,0.004089397673127709,0.004086119649793063,0.004087225265066637,1.0621905736562728e-06,-2.2158327609893627e-06,4.3424699917513077e-08,-1.1102174874155768e-06,-2.1724080610718496e-06
absolute_spline_rf,2016_2017,SPLINE_LR,roc_auc,0.8947671578122698,0.8887225253339147,0.8955331354715641,0.889953214829743,-0.006044632478355072,0.0007659776592943146,0.00046471183653395975,-0.004813942982526798,0.0012306894958282744
absolute_spline_rf,2016_2017,SPLINE_LR,retrospective_recall_at_5percent,0.5882352941176471,0.5882352941176471,0.5882352941176471,0.5882352941176471,0.0,0.0,0.0,0.0,0.0
absolute_spline_rf,2016_2017,RF,average_precision,0.11844069030982221,0.11440783406243438,0.11499205019814981,0.11243557899810028,-0.004032856247387834,-0.0034486401116723964,0.0014763850473382967,-0.0060051113117219335,-0.0019722550643340997
absolute_spline_rf,2016_2017,RF,brier,0.00410316575137892,0.004102732582370599,0.004104488554612549,0.004103945052030718,-4.331690083205636e-07,1.3228032336295645e-06,-1.103335735110414e-07,7.793006517979595e-07,1.212469660118523e-06
absolute_spline_rf,2016_2017,RF,roc_auc,0.9563286096019776,0.9558304712950604,0.9524766324304658,0.95222631128255,-0.0004981383069172507,-0.0038519771715118667,0.00024781715900146217,-0.004102298319427655,-0.0036041600125104045
absolute_spline_rf,2016_2017,RF,retrospective_recall_at_5percent,0.7450980392156863,0.7450980392156863,0.7450980392156863,0.7450980392156863,0.0,0.0,0.0,0.0,0.0
full_train_full_test,2018_2019,LR,average_precision,0.009826650687053922,0.009809008319449664,0.009826997952377467,0.009814541149384697,-1.7642367604257803e-05,3.4726532354562023e-07,5.185564611487337e-06,-1.2109537669224846e-05,5.532829935032957e-06
full_train_full_test,2018_2019,LR,brier,0.0024212424343586377,0.0024212435699779386,0.0024212108306658846,0.0024212122801681884,1.1356193008529858e-09,-3.160369275306829e-08,3.138830029225659e-10,-3.015419044929274e-08,-3.1289809750145725e-08
full_train_full_test,2018_2019,LR,roc_auc,0.8129494373423296,0.8131133321837029,0.8134711309564824,0.8137318345369411,0.00016389484137324661,0.0005216936141527739,9.680873908546328e-05,0.0007823971946114838,0.0006185023532382372
full_train_full_test,2018_2019,LR,retrospective_recall_at_5percent,0.2857142857142857,0.2857142857142857,0.2857142857142857,0.2857142857142857,0.0,0.0,0.0,0.0,0.0
full_train_full_test,2018_2019,LGBM,average_precision,0.23311717020159392,0.24055873011686624,0.2515299112730372,0.26157320713935345,0.007441559915272317,0.018412741071443278,0.002601735951043932,0.028456036937759527,0.02101447702248721
full_train_full_test,2018_2019,LGBM,brier,0.0035045288803010432,0.0034690195007707598,0.0034440315007284597,0.003385019019346088,-3.550937953028348e-05,-6.04973795725835e-05,-2.35031018520882e-05,-0.00011950986095495518,-8.40004814246717e-05
full_train_full_test,2018_2019,LGBM,roc_auc,0.9556901930044689,0.9579541574689238,0.9436994722958502,0.9450137446489606,0.0022639644644548707,-0.01199072070861873,-0.0009496921113444357,-0.010676448355508295,-0.012940412819963165
full_train_full_test,2018_2019,LGBM,retrospective_recall_at_5percent,0.75,0.7857142857142857,0.7857142857142857,0.8214285714285714,0.0357142857142857,0.0357142857142857,0.0,0.0714285714285714,0.0357142857142857
full_train_size_test,2018_2019,LR,average_precision,0.01170465602771538,0.011682663338345368,0.011680122721725908,0.011663603858310227,-2.199268937001092e-05,-2.45333059894718e-05,5.473825954329867e-06,-4.1052169405152855e-05,-1.9059480035141935e-05
full_train_size_test,2018_2019,LR,brier,0.004316059767855964,0.004316004565970256,0.0043160815070457355,0.004316027092467876,-5.520188570834472e-08,2.1739189771247114e-08,7.873078491232866e-10,-3.267538808797432e-08,2.25264976203704e-08
full_train_size_test,2018_2019,LR,roc_auc,0.7206522355807612,0.7214310741503942,0.720283818896994,0.7212357327043233,0.0007788385696330113,-0.00036841668376719205,0.0001730752376962741,0.0005834971235620934,-0.00019534144607091797
full_train_size_test,2018_2019,LR,retrospective_recall_at_5percent,0.10714285714285714,0.10714285714285714,0.10714285714285714,0.10714285714285714,0.0,0.0,0.0,0.0,0.0
full_train_size_test,2018_2019,LGBM,average_precision,0.2331629718637013,0.24060314679227968,0.25164523494016616,0.2616871350452926,0.007440174928578375,0.01848226307646486,0.002601725176548081,0.028524163181591317,0.021083988253012942
full_train_size_test,2018_2019,LGBM,brier,0.006253418477380299,0.006190056179747767,0.006145464931634044,0.0060401640274341415,-6.336229763253143e-05,-0.00010795354574625465,-4.193860656737103e-05,-0.00021325444994615712,-0.00014989215231362568
full_train_size_test,2018_2019,LGBM,roc_auc,0.9245351661807293,0.9285017242061122,0.9139704737607879,0.916482079799241,0.003966558025382927,-0.010564692419941402,-0.0014549519869297978,-0.008053086381488272,-0.0120196444068712
full_train_size_test,2018_2019,LGBM,retrospective_recall_at_5percent,0.6071428571428571,0.6428571428571429,0.6428571428571429,0.6785714285714286,0.03571428571428581,0.03571428571428581,-1.1102230246251565e-16,0.07142857142857151,0.0357142857142857
size_train_size_test,2018_2019,LR,average_precision,0.21481320571931128,0.2264600136615153,0.21963245348055335,0.22770324023960284,0.011646807942204018,0.004819247761242068,-0.003576021183154532,0.012890034520291554,0.0012432265780875362
size_train_size_test,2018_2019,LR,brier,0.004286523518745627,0.004176120036888725,0.004216644927407181,0.004109911283715594,-0.00011040348185690184,-6.987859133844587e-05,3.6698381653153464e-06,-0.00017661223503003236,-6.620875317313053e-05
size_train_size_test,2018_2019,LR,roc_auc,0.938053749469174,0.9442348711801877,0.9375846227249283,0.943944386225732,0.006181121711013704,-0.000469126744245707,0.00017864178978999057,0.005890636756557988,-0.0002904849544557164
size_train_size_test,2018_2019,LR,retrospective_recall_at_5percent,0.75,0.75,0.75,0.75,0.0,0.0,0.0,0.0,0.0
size_train_size_test,2018_2019,LGBM,average_precision,0.31975864552985445,0.32667618873876597,0.15710734769322948,0.15966434332588747,0.006917543208911525,-0.16265129783662496,-0.004360547576253537,-0.16009430220396698,-0.1670118454128785
size_train_size_test,2018_2019,LGBM,brier,0.0052809901481972975,0.00508642385557225,0.006431831797527418,0.006427298173659869,-0.00019456629262504764,0.0011508416493301206,0.00019003266875749873,0.0011463080254625717,0.0013408743180876193
size_train_size_test,2018_2019,LGBM,roc_auc,0.9484185581365357,0.9512242005896807,0.9371357470971992,0.9386428131448297,0.002805642453144963,-0.011282811039336593,-0.001298576405514451,-0.009775744991706081,-0.012581387444851044
size_train_size_test,2018_2019,LGBM,retrospective_recall_at_5percent,0.6785714285714286,0.7142857142857143,0.6559142857142898,0.6785714285714286,0.0357142857142857,-0.022657142857138823,-0.013057142857146875,0.0,-0.0357142857142857
absolute_spline_rf,2018_2019,SPLINE_LR,average_precision,0.15559819282697143,0.15602073596577246,0.12709240312248207,0.12740013696743782,0.0004225431388010237,-0.02850578970448936,-0.00011480929384527494,-0.02819805585953361,-0.028620598998334634
absolute_spline_rf,2018_2019,SPLINE_LR,brier,0.002262323319868948,0.0022620625045979602,0.0022596468794295194,0.0022593942650872435,-2.608152709876292e-07,-2.6764404394284853e-06,8.200928711728922e-09,-2.9290547817043856e-06,-2.6682395107167564e-06
absolute_spline_rf,2018_2019,SPLINE_LR,roc_auc,0.9467260250909625,0.9477238351186142,0.9468947335921398,0.9477988485028304,0.0009978100276517576,0.00016870850117733927,-9.369511696122323e-05,0.0010728234118678737,7.501338421611603e-05
absolute_spline_rf,2018_2019,SPLINE_LR,retrospective_recall_at_5percent,0.75,0.75,0.75,0.75,0.0,0.0,0.0,0.0,0.0
absolute_spline_rf,2018_2019,RF,average_precision,0.30100429587956723,0.3016248241953173,0.30215151634294474,0.3029327673010444,0.0006205283157500463,0.0011472204633775074,0.00016072264234961997,0.0019284714214771737,0.0013079431057271274
absolute_spline_rf,2018_2019,RF,brier,0.0023053543704686405,0.002304340645942838,0.0023047238249842795,0.0023036679083134367,-1.01372452580243e-06,-6.305454843609677e-07,-4.219214504034077e-08,-1.6864621552037384e-06,-6.727376294013085e-07
absolute_spline_rf,2018_2019,RF,roc_auc,0.96013206764511,0.9634598011082954,0.9628664941852862,0.965644511435201,0.0033277334631853783,0.0027344265401761936,-0.0005497162132706013,0.005512443790090971,0.0021847103269055923
absolute_spline_rf,2018_2019,RF,retrospective_recall_at_5percent,0.8571428571428571,0.8571428571428571,0.8571428571428571,0.8571428571428571,0.0,0.0,0.0,0.0,0.0
full_train_full_test,2020_2021,LR,average_precision,0.018281111243199907,0.01807086905558428,0.018243081006677413,0.01800301030529161,-0.00021024218761562727,-3.803023652249396e-05,-2.9828513770174814e-05,-0.00027810093790829604,-6.785875029266877e-05
full_train_full_test,2020_2021,LR,brier,0.003826248674397251,0.003826292607373879,0.0038263411430195632,0.0038263803423274215,4.3932976627730075e-08,9.24686223121099e-08,-4.7336687694632396e-09,1.3166793017037673e-07,8.773495354264665e-08
full_train_full_test,2020_2021,LR,roc_auc,0.8198845378811208,0.8199718930780413,0.8200592482749615,0.8201174850729085,8.73551969204911e-05,0.00017471039384064913,-2.9118398973460025e-05,0.0002329471917876802,0.0001455919948671891
full_train_full_test,2020_2021,LR,retrospective_recall_at_5percent,0.38636363636363635,0.3409090909090909,0.38636363636363635,0.3409090909090909,-0.04545454545454547,0.0,0.0,-0.04545454545454547,0.0
full_train_full_test,2020_2021,LGBM,average_precision,0.11861105903447403,0.11994706000840358,0.10572855445092337,0.10626129779979758,0.001336000973929552,-0.012882504583550655,-0.0008032576250553425,-0.012349761234676446,-0.013685762208605998
full_train_full_test,2020_2021,LGBM,brier,0.0070769062291371745,0.007086521024572653,0.0065208669558234796,0.006540138950601226,9.614795435478572e-06,-0.000556039273313695,9.657199342268108e-06,-0.0005367672785359483,-0.0005463820739714268
full_train_full_test,2020_2021,LGBM,roc_auc,0.916931973862961,0.917210053972613,0.9278413644037001,0.9266575191200953,0.00027808010965202357,0.010909390540739139,-0.0014619253932568466,0.009725545257134316,0.009447465147482292
full_train_full_test,2020_2021,LGBM,retrospective_recall_at_5percent,0.6136363636363636,0.5909090909090909,0.6363636363636364,0.5681818181818182,-0.022727272727272707,0.022727272727272707,-0.045454545454545414,-0.045454545454545414,-0.022727272727272707
full_train_size_test,2020_2021,LR,average_precision,0.02026802751708525,0.020005357783959454,0.020227702711163253,0.01993168992328613,-0.0002626697331257963,-4.032480592199711e-05,-3.334305475132665e-05,-0.00033633759379912004,-7.366786067332376e-05
full_train_size_test,2020_2021,LR,brier,0.006832493096537635,0.006832549317355298,0.006832691561894465,0.006832742995248085,5.622081766278042e-08,1.9846535683019223e-07,-4.787464043254364e-09,2.498987104497183e-07,1.9367789278693787e-07
full_train_size_test,2020_2021,LR,roc_auc,0.751805920646793,0.7522234675846549,0.7521190808501893,0.7524844344208186,0.0004175469378618901,0.0003131602033963343,-5.2193367232611365e-05,0.0006785137740256131,0.00026096683616372296
full_train_size_test,2020_2021,LR,retrospective_recall_at_5percent,0.20454545454545456,0.20454545454545456,0.20454545454545456,0.20454545454545456,0.0,0.0,0.0,0.0,0.0
full_train_size_test,2020_2021,LGBM,average_precision,0.11885001135580188,0.1202678193775035,0.10585764616377165,0.10663535634726783,0.0014178080217016192,-0.01299236519203023,-0.0006400978382054417,-0.012214655008534053,-0.013632463030235673
full_train_size_test,2020_2021,LGBM,brier,0.01264627120580502,0.012663324564484976,0.011652678611143632,0.011686906664073213,1.7053358679956776e-05,-0.0009935925946613876,1.717469424962481e-05,-0.000959364541731806,-0.0009764179004117628
full_train_size_test,2020_2021,LGBM,roc_auc,0.857263268597388,0.85770952081078,0.8748344925576123,0.873025665501673,0.0004462522133920066,0.017571223960224258,-0.002255079269331217,0.015762396904285048,0.015316144690893041
full_train_size_test,2020_2021,LGBM,retrospective_recall_at_5percent,0.36363636363636365,0.38636363636363635,0.4318181818181818,0.4318181818181818,0.022727272727272707,0.06818181818181818,-0.022727272727272707,0.06818181818181818,0.04545454545454547
size_train_size_test,2020_2021,LR,average_precision,0.10571371885200559,0.10022580486659613,0.10558212686569635,0.09982522182550675,-0.005487913985409459,-0.00013159198630924296,-0.00026899105478013496,-0.005888497026498837,-0.0004005830410893779
size_train_size_test,2020_2021,LR,brier,0.008625611725995401,0.009009671825739723,0.008827735174369725,0.009272588890558328,0.0003840600997443225,0.000202123448374324,6.0793616444280996e-05,0.0006469771645629275,0.000262917064818605
size_train_size_test,2020_2021,LR,roc_auc,0.8768083749478502,0.8750409767808198,0.8761892308599399,0.8744668497412598,-0.0017673981670304206,-0.0006191440879103061,4.501704835024878e-05,-0.002341525206590478,-0.0005741270395600573
size_train_size_test,2020_2021,LR,retrospective_recall_at_5percent,0.5,0.5,0.5,0.5,0.0,0.0,0.0,0.0,0.0
size_train_size_test,2020_2021,LGBM,average_precision,0.09686916543481938,0.09263151968161,0.07247908992762538,0.07013418902862498,-0.004237645753209382,-0.024390075507194006,0.001892744854208983,-0.026734976406194405,-0.022497330652985023
size_train_size_test,2020_2021,LGBM,brier,0.011699259469295653,0.013539436251119124,0.012646491802463682,0.013412233575213131,0.0018401767818234712,0.0009472323331680289,-0.0010744350090740214,0.0017129741059174787,-0.0001272026759059925
size_train_size_test,2020_2021,LGBM,roc_auc,0.8918504990785324,0.888583845899518,0.8866853148575466,0.8830875606779295,-0.0032666531790144226,-0.0051651842209857746,-0.0003311010006027404,-0.008762938400602938,-0.005496285221588515
size_train_size_test,2020_2021,LGBM,retrospective_recall_at_5percent,0.36363636363636365,0.36363636363636365,0.45454545454545453,0.4090909090909091,0.0,0.09090909090909088,-0.045454545454545414,0.04545454545454547,0.04545454545454547
absolute_spline_rf,2020_2021,SPLINE_LR,average_precision,0.166748914509018,0.1837101949374153,0.1840564321999655,0.19944193662184184,0.016961280428397313,0.017307517690947516,-0.0015757760065209792,0.03269302211282385,0.015731741684426537
absolute_spline_rf,2020_2021,SPLINE_LR,brier,0.0036344934623276878,0.0036294262917195997,0.0036333777499036467,0.003627262289341325,-5.067170608088079e-06,-1.1157124240410848e-06,-1.0482899542338213e-06,-7.231172986362985e-06,-2.164002378274906e-06
absolute_spline_rf,2020_2021,SPLINE_LR,roc_auc,0.9251004034265504,0.924430680250161,0.9242850882552937,0.9239647858665857,-0.0006697231763894695,-0.0008153151712567697,0.0003494207876815203,-0.001135617559964719,-0.00046589438357524937
absolute_spline_rf,2020_2021,SPLINE_LR,retrospective_recall_at_5percent,0.5681818181818182,0.5681818181818182,0.5681818181818182,0.5681818181818182,0.0,0.0,0.0,0.0,0.0
absolute_spline_rf,2020_2021,RF,average_precision,0.10001559546037807,0.10060969110642372,0.12078184185890577,0.1208184233705585,0.0005940956460456503,0.0207662463985277,-0.0005575141343929224,0.020802827910180427,0.020208732264134777
absolute_spline_rf,2020_2021,RF,brier,0.003714980745745702,0.0037159771872994807,0.003711811715706842,0.0037129194305140726,9.964415537788533e-07,-3.1690300388597693e-06,1.1127325345167138e-07,-2.0613152316292446e-06,-3.057756785408098e-06
absolute_spline_rf,2020_2021,RF,roc_auc,0.9401979309657977,0.9387128926181515,0.9386606612647886,0.9373523351258446,-0.0014850383476462392,-0.0015372697010090919,0.00017671220870218995,-0.002845595839953141,-0.001360557492306902
absolute_spline_rf,2020_2021,RF,retrospective_recall_at_5percent,0.6136363636363636,0.6136363636363636,0.6136363636363636,0.6136363636363636,0.0,0.0,0.0,0.0,0.0
grid_fixed_LGBM_0,2016_2017,LGBM,average_precision,0.2474686198347409,0.21969644741588473,0.21229010249037067,0.20175951569109857,-0.027772172418856156,-0.03517851734437022,0.017241585619584054,-0.04570910414364232,-0.017936931724786165
grid_fixed_LGBM_0,2016_2017,LGBM,brier,0.0038190102331260695,0.004325222028117666,0.004209370690849042,0.00423852485200605,0.0005062117949915968,0.0003903604577229721,-0.00047705763383458803,0.00041951461887998085,-8.66971761116159e-05
grid_fixed_LGBM_0,2016_2017,LGBM,roc_auc,0.9662456690345302,0.9651140766006234,0.9641955532156491,0.962345986501129,-0.001131592433906814,-0.0020501158188811486,-0.000717974280613265,-0.0038996825334012275,-0.0027680900994944135
grid_fixed_LGBM_0,2016_2017,LGBM,retrospective_recall_at_5percent,0.7450980392156863,0.7450980392156863,0.7843137254901961,0.7647058823529411,0.0,0.039215686274509776,-0.019607843137254943,0.019607843137254832,0.019607843137254832
grid_fixed_LGBM_0,2018_2019,LGBM,average_precision,0.23311717020159392,0.24055873011686624,0.2515299112730372,0.26157320713935345,0.007441559915272317,0.018412741071443278,0.002601735951043932,0.028456036937759527,0.02101447702248721
grid_fixed_LGBM_0,2018_2019,LGBM,brier,0.0035045288803010432,0.0034690195007707598,0.0034440315007284597,0.003385019019346088,-3.550937953028348e-05,-6.04973795725835e-05,-2.35031018520882e-05,-0.00011950986095495518,-8.40004814246717e-05
grid_fixed_LGBM_0,2018_2019,LGBM,roc_auc,0.9556901930044689,0.9579541574689238,0.9436994722958502,0.9450137446489606,0.0022639644644548707,-0.01199072070861873,-0.0009496921113444357,-0.010676448355508295,-0.012940412819963165
grid_fixed_LGBM_0,2018_2019,LGBM,retrospective_recall_at_5percent,0.75,0.7857142857142857,0.7857142857142857,0.8214285714285714,0.0357142857142857,0.0357142857142857,0.0,0.0714285714285714,0.0357142857142857
grid_fixed_LGBM_0,2020_2021,LGBM,average_precision,0.11861105903447403,0.11994706000840358,0.10572855445092337,0.10626129779979758,0.001336000973929552,-0.012882504583550655,-0.0008032576250553425,-0.012349761234676446,-0.013685762208605998
grid_fixed_LGBM_0,2020_2021,LGBM,brier,0.0070769062291371745,0.007086521024572653,0.0065208669558234796,0.006540138950601226,9.614795435478572e-06,-0.000556039273313695,9.657199342268108e-06,-0.0005367672785359483,-0.0005463820739714268
grid_fixed_LGBM_0,2020_2021,LGBM,roc_auc,0.916931973862961,0.917210053972613,0.9278413644037001,0.9266575191200953,0.00027808010965202357,0.010909390540739139,-0.0014619253932568466,0.009725545257134316,0.009447465147482292
grid_fixed_LGBM_0,2020_2021,LGBM,retrospective_recall_at_5percent,0.6136363636363636,0.5909090909090909,0.6363636363636364,0.5681818181818182,-0.022727272727272707,0.022727272727272707,-0.045454545454545414,-0.045454545454545414,-0.022727272727272707
grid_fixed_LGBM_1,2016_2017,LGBM,average_precision,0.31479548893869946,0.2965004763258937,0.2969188498797351,0.2758598199011699,-0.01829501261280575,-0.01787663905896436,-0.0027640173657594302,-0.03893566903752954,-0.02064065642472379
grid_fixed_LGBM_1,2016_2017,LGBM,brier,0.0038148420614842107,0.0038470803410207504,0.00382842277209202,0.003916357855305855,3.223827953653972e-05,1.3580710607809156e-05,5.5696803677295764e-05,0.00010151579382164464,6.927751428510492e-05
grid_fixed_LGBM_1,2016_2017,LGBM,roc_auc,0.9778442979331271,0.9766193517391681,0.9739463840645993,0.9721828081517844,-0.0012249461939589645,-0.0038979138685277803,-0.0005386297188559874,-0.005661489781342732,-0.004436543587383768
grid_fixed_LGBM_1,2016_2017,LGBM,retrospective_recall_at_5percent,0.803921568627451,0.7843137254901961,0.7843137254901961,0.7843137254901961,-0.019607843137254943,-0.019607843137254943,0.019607843137254943,-0.019607843137254943,0.0
grid_fixed_LGBM_1,2018_2019,LGBM,average_precision,0.23797604298359484,0.24513237076263256,0.2062919333404815,0.212373627160809,0.007156327779037713,-0.031684109643113356,-0.0010746339587102138,-0.025602415822785857,-0.03275874360182357
grid_fixed_LGBM_1,2018_2019,LGBM,brier,0.0031120750358680704,0.0030842571750360395,0.0037557012029560055,0.003725460191446955,-2.781786083203095e-05,0.0006436261670879351,-2.423150677019568e-06,0.0006133851555788846,0.0006412030164109155
grid_fixed_LGBM_1,2018_2019,LGBM,roc_auc,0.968926954150968,0.9723373418270622,0.9654293850553963,0.9688349590716865,0.003410387676094251,-0.00349756909557164,-4.8136598040926515e-06,-9.199507928148165e-05,-0.0035023827553757325
grid_fixed_LGBM_1,2018_2019,LGBM,retrospective_recall_at_5percent,0.8214285714285714,0.8571428571428571,0.8214285714285714,0.8571428571428571,0.0357142857142857,0.0,0.0,0.0357142857142857,0.0
grid_fixed_LGBM_1,2020_2021,LGBM,average_precision,0.05619709576569904,0.05686772054551725,0.09290746177714534,0.09155952005079128,0.0006706247798182116,0.0367103660114463,-0.002018566506172277,0.03536242428509224,0.034691799505274026
grid_fixed_LGBM_1,2020_2021,LGBM,brier,0.00807325008919554,0.008011264632038065,0.007333536947229112,0.0083453379713079,-6.198545715747558e-05,-0.0007397131419664285,0.0010737864812362637,0.00027208788211235957,0.00033407333926983515
grid_fixed_LGBM_1,2020_2021,LGBM,roc_auc,0.9109423155908541,0.9097524648626651,0.9276162403043907,0.926267693701252,-0.0011898507281890014,0.01667392471353657,-0.00015869587494976578,0.015325378110397803,0.016515228838586804
grid_fixed_LGBM_1,2020_2021,LGBM,retrospective_recall_at_5percent,0.5227272727272727,0.49237954545454554,0.5909090909090909,0.5909090909090909,-0.030347727272727165,0.06818181818181823,0.030347727272727165,0.06818181818181823,0.0985295454545454
grid_fixed_LGBM_2,2016_2017,LGBM,average_precision,0.30496308560336466,0.2872980734950927,0.292139090304337,0.28517160304876116,-0.017665012108271982,-0.012823995299027668,0.01069752485269615,-0.0197914825546035,-0.0021264704463315187
grid_fixed_LGBM_2,2016_2017,LGBM,brier,0.00374822934517512,0.0037859265176146857,0.0037643190832552394,0.003756366663224338,3.769717243956583e-05,1.608973808011954e-05,-4.5649592470467255e-05,8.137318049218113e-06,-2.9559854390347716e-05
grid_fixed_LGBM_2,2016_2017,LGBM,roc_auc,0.9643149607697987,0.9632743671154256,0.965719112235058,0.9648515335249279,-0.0010405936543731453,0.0014041514652592957,0.00017301494424304398,0.0005365727551291943,0.0015771664095023397
grid_fixed_LGBM_2,2016_2017,LGBM,retrospective_recall_at_5percent,0.803921568627451,0.803921568627451,0.803921568627451,0.803921568627451,0.0,0.0,0.0,0.0,0.0
grid_fixed_LGBM_2,2018_2019,LGBM,average_precision,0.1556441763943111,0.16931741195177574,0.16996782524171658,0.18331983796239412,0.013673235557464636,0.014323648847405474,-0.00032122283678709396,0.027675661568083015,0.01400242601061838
grid_fixed_LGBM_2,2018_2019,LGBM,brier,0.0037633278262219345,0.0036986894506008307,0.004092397087323433,0.004004721213056203,-6.463837562110377e-05,0.0003290692611014989,-2.3037498646126617e-05,0.0002413933868342685,0.0003060317624553723
grid_fixed_LGBM_2,2018_2019,LGBM,roc_auc,0.9401297169849511,0.9453749434970998,0.9462934993872023,0.9469912558779898,0.00524522651214876,0.006163782402251239,-0.004547470021361244,0.006861538893038754,0.0016163123808899948
grid_fixed_LGBM_2,2018_2019,LGBM,retrospective_recall_at_5percent,0.6785714285714286,0.7142857142857143,0.7857142857142857,0.7857142857142857,0.0357142857142857,0.1071428571428571,-0.0357142857142857,0.1071428571428571,0.0714285714285714
grid_fixed_LGBM_2,2020_2021,LGBM,average_precision,0.1089236860466421,0.1092598277477095,0.10395378263734316,0.10326705478764409,0.0003361417010673967,-0.00496990340929894,-0.0010228695507664698,-0.005656631258998013,-0.0059927729600654095
grid_fixed_LGBM_2,2020_2021,LGBM,brier,0.008315530157619912,0.008520478673292795,0.006335294401797449,0.006701910240281427,0.0002049485156728828,-0.001980235755822463,0.00016166732281109458,-0.0016136199173384849,-0.0018185684330113677
grid_fixed_LGBM_2,2020_2021,LGBM,roc_auc,0.9125361886088831,0.9129598607134024,0.9163405056331317,0.9165101194063355,0.0004236721045193237,0.00380431702424866,-0.000254058331315532,0.003973930797452452,0.003550258692933128
grid_fixed_LGBM_2,2020_2021,LGBM,retrospective_recall_at_5percent,0.5454545454545454,0.5454545454545454,0.5681818181818182,0.5909090909090909,0.0,0.022727272727272818,0.022727272727272707,0.045454545454545525,0.045454545454545525
grid_fixed_LGBM_3,2016_2017,LGBM,average_precision,0.2979786799485332,0.28940893472889884,0.3080742622071772,0.2972666019198502,-0.008569745219634384,0.010095582258643987,-0.0022379150676926085,-0.0007120780286830053,0.007857667190951378
grid_fixed_LGBM_3,2016_2017,LGBM,brier,0.004449808799599831,0.004484056030288256,0.004300850047436171,0.004315770897354634,3.424723068842523e-05,-0.0001489587521636606,-1.9326380769961633e-05,-0.000134037902245197,-0.00016828513293362223
grid_fixed_LGBM_3,2016_2017,LGBM,roc_auc,0.9769818664912828,0.9760484681812187,0.9758639763511758,0.9747609514182196,-0.0009333983100641152,-0.0011178901401069918,-0.00016962662289210506,-0.002220915073063212,-0.001287516762999097
grid_fixed_LGBM_3,2016_2017,LGBM,retrospective_recall_at_5percent,0.8235294117647058,0.8235294117647058,0.8627450980392157,0.8627450980392157,0.0,0.03921568627450989,0.0,0.03921568627450989,0.03921568627450989
grid_fixed_LGBM_3,2018_2019,LGBM,average_precision,0.21653169935713676,0.22575649226097178,0.3452861442870167,0.3518124116417178,0.009224792903835016,0.12875444492987995,-0.00269852554913394,0.13528071228458102,0.126055919380746
grid_fixed_LGBM_3,2018_2019,LGBM,brier,0.0032470182137742747,0.003214919201856932,0.0025013937663999823,0.0024933223797983356,-3.2099011917342823e-05,-0.0007456244473742924,2.4027625315696174e-05,-0.0007536958339759391,-0.0007215968220585962
grid_fixed_LGBM_3,2018_2019,LGBM,roc_auc,0.9686897459630586,0.9718937752192497,0.9642812618060771,0.9674572684631506,0.003204029256191121,-0.004408484156981474,-2.8022599117605296e-05,-0.001232477499907958,-0.004436506756099079
grid_fixed_LGBM_3,2018_2019,LGBM,retrospective_recall_at_5percent,0.8214285714285714,0.8571428571428571,0.8214285714285714,0.8571428571428571,0.0357142857142857,0.0,0.0,0.0357142857142857,0.0
grid_fixed_LGBM_3,2020_2021,LGBM,average_precision,0.07389661465695252,0.07501767501765072,0.08559502508737936,0.04259611131536193,0.0011210603606982006,0.01169841043042684,-0.04411997413271562,-0.03130050334159059,-0.03242156370228879
grid_fixed_LGBM_3,2020_2021,LGBM,brier,0.007117157191115842,0.007108850816526908,0.006386162420790523,0.007317061055297874,-8.306374588934115e-06,-0.0007309947703253187,0.0009392050090962847,0.0001999038641820319,0.000208210238770966
grid_fixed_LGBM_3,2020_2021,LGBM,roc_auc,0.8971454752650398,0.8969978814553112,0.9047384631285809,0.9038869311228522,-0.0001475938097286189,0.007592987863541012,-0.0007039381960000091,0.006741455857812384,0.006889049667541003
grid_fixed_LGBM_3,2020_2021,LGBM,retrospective_recall_at_5percent,0.4772727272727273,0.4772727272727273,0.5,0.4772727272727273,0.0,0.022727272727272707,-0.022727272727272707,0.0,0.0
transition_delete_positive_unchanged,2016_2017,LR,average_precision,0.007592728368504737,0.007593132319789364,0.00760104623453021,0.007597203881855269,4.039512846269744e-07,8.317866025472562e-06,-4.2463039595678695e-06,4.475513350531667e-06,4.071562065904692e-06
transition_delete_positive_unchanged,2016_2017,LR,brier,0.004177580207397816,0.004177602949077881,0.004177570596403508,0.004177593691989359,2.274168006514976e-08,-9.61099430769885e-09,3.539057857535055e-10,1.3484591543204416e-08,-9.257088521945345e-09
transition_delete_positive_unchanged,2016_2017,LR,roc_auc,0.6977321152130224,0.697642885098362,0.6979392919516897,0.6977525844315854,-8.923011466033248e-05,0.0002071767386673251,-9.747740544396866e-05,2.0469218563023972e-05,0.00010969933322335645
transition_delete_positive_unchanged,2016_2017,LR,retrospective_recall_at_5percent,0.050288235294116294,0.050288235294116294,0.0392156862745098,0.0392156862745098,0.0,-0.011072549019606491,0.0,-0.011072549019606491,-0.011072549019606491
transition_delete_positive_unchanged,2016_2017,LGBM,average_precision,0.2474686198347409,0.21969644741588473,0.21229010249037067,0.20175951569109857,-0.027772172418856156,-0.03517851734437022,0.017241585619584054,-0.04570910414364232,-0.017936931724786165
transition_delete_positive_unchanged,2016_2017,LGBM,brier,0.0038190102331260695,0.004325222028117666,0.004209370690849042,0.00423852485200605,0.0005062117949915968,0.0003903604577229721,-0.00047705763383458803,0.00041951461887998085,-8.66971761116159e-05
transition_delete_positive_unchanged,2016_2017,LGBM,roc_auc,0.9662456690345302,0.9651140766006234,0.9641955532156491,0.962345986501129,-0.001131592433906814,-0.0020501158188811486,-0.000717974280613265,-0.0038996825334012275,-0.0027680900994944135
transition_delete_positive_unchanged,2016_2017,LGBM,retrospective_recall_at_5percent,0.7450980392156863,0.7450980392156863,0.7843137254901961,0.7647058823529411,0.0,0.039215686274509776,-0.019607843137254943,0.019607843137254832,0.019607843137254832
transition_delete_changed_negative,2016_2017,LR,average_precision,0.007728700921307978,0.007724743325924958,0.0077501476771307445,0.007747072382485875,-3.957595383019541e-06,2.144675582276684e-05,8.823007381503212e-07,1.837146117789762e-05,2.232905656091716e-05
transition_delete_changed_negative,2016_2017,LR,brier,0.004177441537364656,0.004177464340057596,0.004177428821562988,0.004177451929227368,2.2802692940457336e-08,-1.2715801667693982e-08,3.0497143959501427e-10,1.0391862712358368e-08,-1.2410830228098968e-08
transition_delete_changed_negative,2016_2017,LR,roc_auc,0.7014981015828292,0.7012691339859131,0.7017255985316635,0.7015356516986043,-0.00022896759691615198,0.00022749694883428262,3.902076385697839e-05,3.755011577510903e-05,0.000266517712691261
transition_delete_changed_negative,2016_2017,LR,retrospective_recall_at_5percent,0.058823529411764705,0.058823529411764705,0.058823529411764705,0.058823529411764705,0.0,0.0,0.0,0.0,0.0
transition_delete_changed_negative,2016_2017,LGBM,average_precision,0.24924181239388069,0.21828930584759368,0.2329329333424933,0.2265499544098338,-0.030952506546287006,-0.016308879051387393,0.024569527613627518,-0.02269185798404688,0.008260648562240125
transition_delete_changed_negative,2016_2017,LGBM,brier,0.00395440514604567,0.00454953205642506,0.003964236773365967,0.003975382022771364,0.0005951269103793904,9.831627320297347e-06,-0.0005839816609739933,2.0976876725694454e-05,-0.000574150033653696
transition_delete_changed_negative,2016_2017,LGBM,roc_auc,0.9691106502238238,0.9676614463939854,0.9706066848010536,0.9687684556818762,-0.0014492038298383747,0.001496034577229799,-0.00038902528933904,-0.0003421945419476158,0.001107009287890759
transition_delete_changed_negative,2016_2017,LGBM,retrospective_recall_at_5percent,0.7843137254901961,0.7450980392156863,0.7450980392156863,0.7254901960784313,-0.039215686274509776,-0.039215686274509776,0.019607843137254832,-0.05882352941176472,-0.019607843137254943
transition_delete_other_unchanged_negative,2016_2017,LR,average_precision,0.007762476779670788,0.007755684039040003,0.0077576061819264654,0.007753091100615931,-6.792740630785256e-06,-4.87059774432249e-06,2.277659320250487e-06,-9.385679054857259e-06,-2.5929384240720027e-06
transition_delete_other_unchanged_negative,2016_2017,LR,brier,0.004177409602483173,0.004177432368677388,0.004177400644173471,0.004177423762916479,2.2766194215408098e-08,-8.95830970168432e-09,3.525487922428905e-10,1.4160433305966669e-08,-8.605760909441429e-09
transition_delete_other_unchanged_negative,2016_2017,LR,roc_auc,0.7024534397595379,0.7021928143571119,0.7021748491274631,0.7019662017407142,-0.00026062540242599574,-0.0002785906320748044,5.197801567713434e-05,-0.0004872380188236658,-0.00022661261639767005
transition_delete_other_unchanged_negative,2016_2017,LR,retrospective_recall_at_5percent,0.058823529411764705,0.058823529411764705,0.058823529411764705,0.058823529411764705,0.0,0.0,0.0,0.0,0.0
transition_delete_other_unchanged_negative,2016_2017,LGBM,average_precision,0.2577446836659746,0.2325041161193749,0.2570082355211969,0.24729661945994463,-0.025240567546599674,-0.0007364481447776905,0.015528951485347414,-0.01044806420602995,0.014792503340569724
transition_delete_other_unchanged_negative,2016_2017,LGBM,brier,0.0038028390376011433,0.004248630717944762,0.0038449318427944547,0.0038476112033615246,0.0004457916803436183,4.2092805193311416e-05,-0.00044311231977654797,4.477216576038133e-05,-0.000401019514583237
transition_delete_other_unchanged_negative,2016_2017,LGBM,roc_auc,0.9696897713546179,0.9686898181205791,0.9737994326323924,0.9720619202316143,-0.0009999532340387862,0.004109661277774568,-0.0007375591667393433,0.0023721488769964383,0.0033721021110352245
transition_delete_other_unchanged_negative,2016_2017,LGBM,retrospective_recall_at_5percent,0.803921568627451,0.803921568627451,0.803921568627451,0.7843137254901961,0.0,0.0,-0.019607843137254943,-0.019607843137254943,-0.019607843137254943
transition_delete_positive_unchanged,2018_2019,LR,average_precision,0.009826650687053922,0.009809008319449664,0.009826997952377467,0.009814541149384697,-1.7642367604257803e-05,3.4726532354562023e-07,5.185564611487337e-06,-1.2109537669224846e-05,5.532829935032957e-06
transition_delete_positive_unchanged,2018_2019,LR,brier,0.0024212424343586377,0.0024212435699779386,0.0024212108306658846,0.0024212122801681884,1.1356193008529858e-09,-3.160369275306829e-08,3.138830029225659e-10,-3.015419044929274e-08,-3.1289809750145725e-08
transition_delete_positive_unchanged,2018_2019,LR,roc_auc,0.8129494373423296,0.8131133321837029,0.8134711309564824,0.8137318345369411,0.00016389484137324661,0.0005216936141527739,9.680873908546328e-05,0.0007823971946114838,0.0006185023532382372
transition_delete_positive_unchanged,2018_2019,LR,retrospective_recall_at_5percent,0.2857142857142857,0.2857142857142857,0.2857142857142857,0.2857142857142857,0.0,0.0,0.0,0.0,0.0
transition_delete_positive_unchanged,2018_2019,LGBM,average_precision,0.23311717020159392,0.24055873011686624,0.2515299112730372,0.26157320713935345,0.007441559915272317,0.018412741071443278,0.002601735951043932,0.028456036937759527,0.02101447702248721
transition_delete_positive_unchanged,2018_2019,LGBM,brier,0.0035045288803010432,0.0034690195007707598,0.0034440315007284597,0.003385019019346088,-3.550937953028348e-05,-6.04973795725835e-05,-2.35031018520882e-05,-0.00011950986095495518,-8.40004814246717e-05
transition_delete_positive_unchanged,2018_2019,LGBM,roc_auc,0.9556901930044689,0.9579541574689238,0.9436994722958502,0.9450137446489606,0.0022639644644548707,-0.01199072070861873,-0.0009496921113444357,-0.010676448355508295,-0.012940412819963165
transition_delete_positive_unchanged,2018_2019,LGBM,retrospective_recall_at_5percent,0.75,0.7857142857142857,0.7857142857142857,0.8214285714285714,0.0357142857142857,0.0357142857142857,0.0,0.0714285714285714,0.0357142857142857
transition_delete_changed_negative,2018_2019,LR,average_precision,0.009981781841640176,0.009942689114193621,0.009989155309798499,0.00995042408930673,-3.909272744655537e-05,7.373468158322627e-06,3.615069547862476e-07,-3.1357752333446495e-05,7.734975113108875e-06
transition_delete_changed_negative,2018_2019,LR,brier,0.002420659584401981,0.0024206607153050372,0.002420619630975719,0.0024206210666058085,1.1309030560971434e-09,-3.99534262622743e-08,3.0472703353712216e-10,-3.8517796172640034e-08,-3.964869922873718e-08
transition_delete_changed_negative,2018_2019,LR,roc_auc,0.8141190694932828,0.8142860779567802,0.8146438767295598,0.8148171124373057,0.00016700846349737564,0.000524807236277014,6.2272442484800905e-06,0.0006980429440228697,0.0005310344805254941
transition_delete_changed_negative,2018_2019,LR,retrospective_recall_at_5percent,0.2857142857142857,0.2857142857142857,0.2857142857142857,0.2857142857142857,0.0,0.0,0.0,0.0,0.0
transition_delete_changed_negative,2018_2019,LGBM,average_precision,0.22778423222231306,0.23731323244879243,0.20149864370042908,0.21097660801633195,0.009529000226479373,-0.02628558852188398,-5.1035910576507915e-05,-0.016807624205981114,-0.026336624432460487
transition_delete_changed_negative,2018_2019,LGBM,brier,0.003695391181656568,0.0036388266180364076,0.0033890514991108704,0.0033495493624216954,-5.656456362016036e-05,-0.00030633968254569757,1.7062426930985336e-05,-0.0003458418192348726,-0.00028927725561471223
transition_delete_changed_negative,2018_2019,LGBM,roc_auc,0.9542703252706385,0.9559579645071494,0.9456608425077875,0.9473733907212919,0.0016876392365109405,-0.008609482762851006,2.4908976993476273e-05,-0.0068969345493465894,-0.00858457378585753
transition_delete_changed_negative,2018_2019,LGBM,retrospective_recall_at_5percent,0.75,0.7857142857142857,0.75,0.7857142857142857,0.0357142857142857,0.0,0.0,0.0357142857142857,0.0
transition_delete_other_unchanged_negative,2018_2019,LR,average_precision,0.011002052912327313,0.01096659823564898,0.011006212301158412,0.010975165067192007,-3.545467667833216e-05,4.15938883109937e-06,4.407442711927556e-06,-2.6887845135305233e-05,8.566831543026926e-06
transition_delete_other_unchanged_negative,2018_2019,LR,brier,0.002420431101185788,0.0024204323587835204,0.00242039782065064,0.002420399411743967,1.257597732548521e-09,-3.328053514804058e-08,3.3349559485501556e-10,-3.168944182063704e-08,-3.2947039553185564e-08
transition_delete_other_unchanged_negative,2018_2019,LR,roc_auc,0.8124840753796477,0.8128322468328192,0.8131056913550101,0.8135022671777243,0.00034817145317145304,0.0006216159753623662,4.840436954278715e-05,0.0010181917980766064,0.0006700203449051534
transition_delete_other_unchanged_negative,2018_2019,LR,retrospective_recall_at_5percent,0.2857142857142857,0.2857142857142857,0.2857142857142857,0.2857142857142857,0.0,0.0,0.0,0.0,0.0
transition_delete_other_unchanged_negative,2018_2019,LGBM,average_precision,0.16123841464841657,0.16843615991170585,0.2942703940200138,0.3038905895691764,0.007197745263289285,0.13303197937159725,0.0024224502858733177,0.14265217492075985,0.13545442965747057
transition_delete_other_unchanged_negative,2018_2019,LGBM,brier,0.004043221996276197,0.003995340138451447,0.003363124430749703,0.0033087030876955597,-4.788185782474922e-05,-0.0006800975655264934,-6.539485229394709e-06,-0.0007345189085806369,-0.0006866370507558877
transition_delete_other_unchanged_negative,2018_2019,LGBM,roc_auc,0.9626771361421813,0.9661732916533086,0.9416579885866574,0.9429850018815,0.0034961555111272524,-0.02101914755552392,-0.002169142216284614,-0.019692134260681282,-0.023188289771808535
transition_delete_other_unchanged_negative,2018_2019,LGBM,retrospective_recall_at_5percent,0.7857142857142857,0.8214285714285714,0.7142857142857143,0.75,0.0357142857142857,-0.0714285714285714,0.0,-0.0357142857142857,-0.0714285714285714
transition_delete_positive_unchanged,2020_2021,LR,average_precision,0.018475184766260398,0.01825867015979862,0.018478177053641708,0.01828021407104809,-0.00021651460646177761,2.9922873813099937e-06,1.8551623868160588e-05,-0.00019497069521230703,2.1543911249470582e-05
transition_delete_positive_unchanged,2020_2021,LR,brier,0.003826236673540528,0.0038263006100052025,0.0038263284298559706,0.003826387638635704,6.393646467470204e-08,9.175631544280569e-08,-4.727684941446819e-09,1.509650951760609e-07,8.702863050135887e-08
transition_delete_positive_unchanged,2020_2021,LR,roc_auc,0.8216256363749441,0.8215382811780237,0.8215382811780237,0.8214509259811033,-8.735519692038007e-05,-8.735519692038007e-05,-1.1102230246251565e-16,-0.00017471039384087117,-8.73551969204911e-05
transition_delete_positive_unchanged,2020_2021,LR,retrospective_recall_at_5percent,0.4090909090909091,0.3409090909090909,0.38636363636363635,0.3409090909090909,-0.06818181818181823,-0.022727272727272763,0.022727272727272763,-0.06818181818181823,0.0
transition_delete_positive_unchanged,2020_2021,LGBM,average_precision,0.12026596023058399,0.12200369311100671,0.08638431159781074,0.08941365761146364,0.0017377328804227266,-0.03388164863277325,0.001291613133230174,-0.03085230261912035,-0.03259003549954308
transition_delete_positive_unchanged,2020_2021,LGBM,brier,0.007017705814010003,0.007146649607312627,0.006947372707313261,0.006911301943661442,0.0001289437933026244,-7.03331066967414e-05,-0.0001650145569544433,-0.00010640387034856029,-0.0002353476636511847
transition_delete_positive_unchanged,2020_2021,LGBM,roc_auc,0.9144445307271144,0.9153652174290439,0.9304154260685981,0.9298973003316598,0.0009206867019294629,0.01597089534148366,-0.001438812438867676,0.015452769604545447,0.014532082902615984
transition_delete_positive_unchanged,2020_2021,LGBM,retrospective_recall_at_5percent,0.6590909090909091,0.6818181818181818,0.6363636363636364,0.5909090909090909,0.022727272727272707,-0.022727272727272707,-0.06818181818181812,-0.06818181818181812,-0.09090909090909083
transition_delete_changed_negative,2020_2021,LR,average_precision,0.018281262112569176,0.018071020372944658,0.01823506350349598,0.01800955459402355,-0.00021024173962451778,-4.6198609073195424e-05,-1.5267169847912876e-05,-0.0002717075185456261,-6.14657789211083e-05
transition_delete_changed_negative,2020_2021,LR,brier,0.003826239431604477,0.003826283422217854,0.003826326857359444,0.0038263661814894492,4.399061337726981e-08,8.74257549670493e-08,-4.666483372026825e-09,1.2674988497229228e-07,8.275927159502247e-08
transition_delete_changed_negative,2020_2021,LR,roc_auc,0.8199136562800943,0.8200010114770147,0.8200592482749615,0.8201174850729085,8.735519692038007e-05,0.0001455919948671891,-2.9118398973349002e-05,0.00020382879281422017,0.0001164735958938401
transition_delete_changed_negative,2020_2021,LR,retrospective_recall_at_5percent,0.38636363636363635,0.3409090909090909,0.38636363636363635,0.3409090909090909,-0.04545454545454547,0.0,0.0,-0.04545454545454547,0.0
transition_delete_changed_negative,2020_2021,LGBM,average_precision,0.11842739364237727,0.1218210805043852,0.102289270085219,0.10434269016065481,0.0033936868620079302,-0.016138123557158268,-0.0013402667865721196,-0.014084703481722458,-0.017478390343730388
transition_delete_changed_negative,2020_2021,LGBM,brier,0.00686540879056258,0.006802474943280199,0.006453716086263017,0.006404289300444638,-6.29338472823808e-05,-0.0004116927042995631,1.3507061464002566e-05,-0.0004611194901179413,-0.0003981856428355605
transition_delete_changed_negative,2020_2021,LGBM,roc_auc,0.9195124093063773,0.9202855021985782,0.9315202917486625,0.9308334610624677,0.000773092892200844,0.012007882442285123,-0.0014599235783956388,0.011321051756090328,0.010547958863889484
transition_delete_changed_negative,2020_2021,LGBM,retrospective_recall_at_5percent,0.6818181818181818,0.6818181818181818,0.5909090909090909,0.5681818181818182,0.0,-0.09090909090909083,-0.022727272727272707,-0.11363636363636354,-0.11363636363636354
transition_delete_other_unchanged_negative,2020_2021,LR,average_precision,0.018768667836514576,0.018662982094157225,0.018694784825666905,0.018574917023762502,-0.0001056857423573504,-7.388301084767027e-05,-1.4182059547052789e-05,-0.00019375081275207345,-8.806507039472306e-05
transition_delete_other_unchanged_negative,2020_2021,LR,brier,0.003826384506190415,0.0038264196178218394,0.00382647438397617,0.0038265046651429413,3.5111631424382395e-08,8.98777857550985e-08,-4.830464653271527e-09,1.2015895252620937e-07,8.504732110182697e-08
transition_delete_other_unchanged_negative,2020_2021,LR,roc_auc,0.8202670806974985,0.8205291462882595,0.8204437929062006,0.8207058584969616,0.0002620655907609182,0.00017671220870207893,1.1102230246251565e-16,0.00043877779946310813,0.00017671220870218995
transition_delete_other_unchanged_negative,2020_2021,LR,retrospective_recall_at_5percent,0.4090909090909091,0.36363636363636365,0.38636363636363635,0.3409090909090909,-0.04545454545454547,-0.022727272727272763,0.0,-0.06818181818181823,-0.022727272727272763
transition_delete_other_unchanged_negative,2020_2021,LGBM,average_precision,0.118428481279535,0.11992262460621347,0.11654913277902958,0.11907600307174822,0.0014941433266784793,-0.0018793485005054178,0.0010327269660401622,0.0006475217922132237,-0.0008466215344652556
transition_delete_other_unchanged_negative,2020_2021,LGBM,brier,0.007599794409501208,0.007544150131158534,0.006407114152850758,0.006370200177832387,-5.564427834267409e-05,-0.0011926802566504498,1.8730303324302963e-05,-0.001229594231668821,-0.0011739499533261468
transition_delete_other_unchanged_negative,2020_2021,LGBM,roc_auc,0.9180595841634802,0.9187393164141766,0.9266744424629333,0.925723544371116,0.0006797322506963965,0.008614858299453076,-0.0016306303425136504,0.007663960207635823,0.006984227956939426
transition_delete_other_unchanged_negative,2020_2021,LGBM,retrospective_recall_at_5percent,0.5909090909090909,0.6136363636363636,0.6363636363636364,0.6136363636363636,0.022727272727272707,0.045454545454545414,-0.045454545454545414,0.022727272727272707,0.0
ordinary_matched_changed_negative_00,2016_2017,LR,average_precision,0.007601738818434861,0.00759574656473311,0.007595835949381425,0.00758848405135042,-5.99225370175125e-06,-5.902869053436323e-06,-1.3596443292534025e-06,-1.3254767084440976e-05,-7.262513382689725e-06
ordinary_matched_changed_negative_00,2016_2017,LR,brier,0.004177576396488272,0.004177599135373883,0.00417756680952752,0.004177589902127253,2.2738885611245374e-08,-9.58696075130383e-09,3.5371412136081526e-10,1.350563898130236e-08,-9.233246629943015e-09
ordinary_matched_changed_negative_00,2016_2017,LR,roc_auc,0.6979189717415225,0.6976648249650067,0.6977695163204017,0.6975153695438857,-0.00025414677651580675,-0.00014945542112076993,-2.220446049250313e-16,-0.0004036021976367987,-0.00014945542112099197
ordinary_matched_changed_negative_00,2016_2017,LR,retrospective_recall_at_5percent,0.050288235294116294,0.050288235294116294,0.0392156862745098,0.0392156862745098,0.0,-0.011072549019606491,0.0,-0.011072549019606491,-0.011072549019606491
ordinary_matched_changed_negative_00,2016_2017,LGBM,average_precision,0.25563249728095816,0.2142495137407706,0.22339642991907374,0.21633731802007863,-0.04138298354018757,-0.03223606736188442,0.034323871641192466,-0.039295179260879526,0.0020878042793080476
ordinary_matched_changed_negative_00,2016_2017,LGBM,brier,0.0038384857422339,0.004567775938384427,0.003898622936912,0.003933536756810558,0.0007292901961505269,6.0137194678099633e-05,-0.0006943763762519688,9.50510145766581e-05,-0.0006342391815738688
ordinary_matched_changed_negative_00,2016_2017,LGBM,roc_auc,0.9722099050046535,0.9707387613081706,0.9689517748806293,0.9669875008550575,-0.001471143696482935,-0.0032581301240242055,-0.0004931303290889311,-0.005222404149596072,-0.0037512604531131366
ordinary_matched_changed_negative_00,2016_2017,LGBM,retrospective_recall_at_5percent,0.7647058823529411,0.7647058823529411,0.7900921568627464,0.7843137254901961,0.0,0.02538627450980524,-0.005778431372550297,0.019607843137254943,0.019607843137254943
ordinary_matched_changed_negative_01,2016_2017,LR,average_precision,0.007593620617587329,0.00759215674515487,0.007596117107949333,0.007593134285083033,-1.4638724324589e-06,2.4964903620038753e-06,-1.5189504338408363e-06,-4.863325042958611e-07,9.77539928163039e-07
ordinary_matched_changed_negative_01,2016_2017,LR,brier,0.004177575704373265,0.0041775984782866414,0.004177566059817527,0.004177589188637298,2.2773913376655797e-08,-9.644555737375882e-09,3.549063942037689e-10,1.3484264033483684e-08,-9.289649343172113e-09
ordinary_matched_changed_negative_01,2016_2017,LR,roc_auc,0.6977808539157444,0.6975957660521176,0.6978198746796012,0.6976802862057413,-0.0001850878636268094,3.9020763856756346e-05,4.549938976694534e-05,-0.00010056771000310771,8.452015362370169e-05
ordinary_matched_changed_negative_01,2016_2017,LR,retrospective_recall_at_5percent,0.050288235294116294,0.050288235294116294,0.0392156862745098,0.0392156862745098,0.0,-0.011072549019606491,0.0,-0.011072549019606491,-0.011072549019606491
ordinary_matched_changed_negative_01,2016_2017,LGBM,average_precision,0.22627627234957295,0.19594869417383942,0.22214864174496118,0.2086015019576696,-0.030327578175733533,-0.0041276306046117706,0.016780438388441954,-0.01767477039190335,0.012652807783830183
ordinary_matched_changed_negative_01,2016_2017,LGBM,brier,0.003896515271948836,0.004590101558117501,0.004126563285137551,0.004257476026291527,0.0006935862861686651,0.00023004801318871537,-0.0005626735450146897,0.00036096075434269076,-0.00033262553182597434
ordinary_matched_changed_negative_01,2016_2017,LGBM,roc_auc,0.9651763685887493,0.9636800457126665,0.9645462930651719,0.9623473081408145,-0.0014963228760828118,-0.0006300755235774114,-0.0007026620482746271,-0.0028290604479348502,-0.0013327375718520384
ordinary_matched_changed_negative_01,2016_2017,LGBM,retrospective_recall_at_5percent,0.7254901960784313,0.7058823529411765,0.7843137254901961,0.7647058823529411,-0.019607843137254832,0.05882352941176472,-1.1102230246251565e-16,0.039215686274509776,0.05882352941176461
ordinary_matched_changed_negative_02,2016_2017,LR,average_precision,0.007596946077152325,0.007595278621543124,0.0075950586568571295,0.007592666634070882,-1.6674556092008755e-06,-1.887420295195244e-06,-7.245671770463383e-07,-4.279443081442458e-06,-2.6119874722415823e-06
ordinary_matched_changed_negative_02,2016_2017,LR,brier,0.0041775737581101115,0.004177596552465413,0.0041775643457643945,0.004177587506631884,2.2794355301718194e-08,-9.412345717066395e-09,3.6651218778688266e-10,1.3748521772438682e-08,-9.045833529279512e-09
ordinary_matched_changed_negative_02,2016_2017,LR,roc_auc,0.6979173520850449,0.6977322642214183,0.6977191579612021,0.6976079879798972,-0.00018508786362658736,-0.00019819412384280977,7.39178823216946e-05,-0.0003093641051477025,-0.00012427624152111516
ordinary_matched_changed_negative_02,2016_2017,LR,retrospective_recall_at_5percent,0.050288235294116294,0.050288235294116294,0.0392156862745098,0.0392156862745098,0.0,-0.011072549019606491,0.0,-0.011072549019606491,-0.011072549019606491
ordinary_matched_changed_negative_02,2016_2017,LGBM,average_precision,0.2379579427372899,0.18149724223819086,0.20700048581298,0.20012300321475926,-0.05646070049909904,-0.0309574569243099,0.0495832179008783,-0.03783493952253064,0.0186257609765684
ordinary_matched_changed_negative_02,2016_2017,LGBM,brier,0.003818407909192222,0.004842762340377379,0.004102291754282746,0.00409377437882607,0.0010243544311851565,0.00028388384509052357,-0.0010328718066418322,0.00027536646963384785,-0.0007489879615513086
ordinary_matched_changed_negative_02,2016_2017,LGBM,roc_auc,0.9695278057068644,0.9683035948369462,0.9689123168095238,0.9671000021939868,-0.0012242108699181964,-0.0006154888973405326,-0.0005881037456187954,-0.0024278035128775244,-0.001203592642959328
ordinary_matched_changed_negative_02,2016_2017,LGBM,retrospective_recall_at_5percent,0.7647058823529411,0.7450980392156863,0.7843137254901961,0.7647058823529411,-0.019607843137254832,0.019607843137254943,-1.1102230246251565e-16,0.0,0.019607843137254832
ordinary_matched_changed_negative_03,2016_2017,LR,average_precision,0.007592785614051849,0.007589019858493744,0.007597710828991709,0.007594268735595163,-3.7657555581049884e-06,4.925214939860423e-06,3.2366216155908095e-07,1.4831215433145153e-06,5.248877101419504e-06
ordinary_matched_changed_negative_03,2016_2017,LR,brier,0.004177574449092206,0.004177597187446243,0.004177564834410394,0.004177587926874267,2.2738354037328545e-08,-9.61468181199382e-09,3.5410983607181423e-10,1.347778206140654e-08,-9.260571975922005e-09
ordinary_matched_changed_negative_03,2016_2017,LR,roc_auc,0.6977759949463117,0.697570586872518,0.6979392919516897,0.6976819058622189,-0.0002054080737936559,0.00016329700537798253,-5.197801567713434e-05,-9.40890840928077e-05,0.00011131898970084819
ordinary_matched_changed_negative_03,2016_2017,LR,retrospective_recall_at_5percent,0.050288235294116294,0.050288235294116294,0.0392156862745098,0.0392156862745098,0.0,-0.011072549019606491,0.0,-0.011072549019606491,-0.011072549019606491
ordinary_matched_changed_negative_03,2016_2017,LGBM,average_precision,0.19972518235891912,0.18898610375114203,0.22119994620922517,0.21245081253812606,-0.010739078607777092,0.021474763850306056,0.0019899449366779787,0.012725630179206943,0.023464708786984034
ordinary_matched_changed_negative_03,2016_2017,LGBM,brier,0.004918912690010769,0.0050721973163831814,0.004074619455424744,0.004103781261297653,0.00015328462637241233,-0.0008442932345860254,-0.00012412282049950336,-0.0008151314287131164,-0.0009684160550855287
ordinary_matched_changed_negative_03,2016_2017,LGBM,roc_auc,0.9569828115284444,0.9553692773523954,0.9658448688425998,0.9642341366722569,-0.0016135341760490363,0.008862057314155347,2.8020057061262094e-06,0.007251325143812437,0.008864859319861473
ordinary_matched_changed_negative_03,2016_2017,LGBM,retrospective_recall_at_5percent,0.7450980392156863,0.7058823529411765,0.7843137254901961,0.7843137254901961,-0.039215686274509776,0.039215686274509776,0.039215686274509776,0.039215686274509776,0.07843137254901955
ordinary_matched_changed_negative_04,2016_2017,LR,average_precision,0.007587747803930513,0.007587837446456822,0.0075956967409515595,0.0075923942457560714,8.964252630905972e-08,7.948937021046501e-06,-3.3921377217971393e-06,4.646441825558421e-06,4.556799299249362e-06
ordinary_matched_changed_negative_04,2016_2017,LR,brier,0.004177575660590504,0.004177598436114522,0.004177565583491892,0.004177588718959646,2.2775524017963622e-08,-1.0077098612157331e-08,3.599437354076529e-10,1.3058369141213944e-08,-9.717154876749678e-09
ordinary_matched_changed_negative_04,2016_2017,LR,roc_auc,0.6976126979409337,0.6974747291235515,0.6978214943360787,0.697656726682619,-0.0001379688173822613,0.00020879639514492787,-2.679883607736855e-05,4.402874168529802e-05,0.00018199755906755932
ordinary_matched_changed_negative_04,2016_2017,LR,retrospective_recall_at_5percent,0.050288235294116294,0.050288235294116294,0.0392156862745098,0.0392156862745098,0.0,-0.011072549019606491,0.0,-0.011072549019606491,-0.011072549019606491
ordinary_matched_changed_negative_04,2016_2017,LGBM,average_precision,0.24969554844959216,0.21401914341891207,0.21903120348365743,0.21381559862109323,-0.03567640503068009,-0.03066434496593473,0.030460800168115892,-0.03587994982849893,-0.00020354479781883872
ordinary_matched_changed_negative_04,2016_2017,LGBM,brier,0.0038243917317907434,0.004562245715417034,0.004158178700140755,0.004239145975380532,0.0007378539836262908,0.00033378696835001127,-0.0006568867083865133,0.0004147542435897888,-0.000323099740036502
ordinary_matched_changed_negative_04,2016_2017,LGBM,roc_auc,0.9655067882281051,0.9646253679337181,0.9636295383450711,0.9617456608277308,-0.0008814202943869809,-0.001877249883033949,-0.0010024572229533346,-0.0037611274003742645,-0.0028797071059872836
ordinary_matched_changed_negative_04,2016_2017,LGBM,retrospective_recall_at_5percent,0.7450980392156863,0.7254901960784313,0.7647058823529411,0.7254901960784313,-0.019607843137254943,0.019607843137254832,-0.019607843137254832,-0.019607843137254943,0.0
ordinary_matched_changed_negative_05,2016_2017,LR,average_precision,0.007588365275955945,0.007585486254531462,0.007593351224081273,0.007590087772428803,-2.8790214244836174e-06,4.985948125328134e-06,-3.8443022798689136e-07,1.722496472857625e-06,4.601517897341242e-06
ordinary_matched_changed_negative_05,2016_2017,LR,brier,0.004177576695330683,0.004177599416277664,0.004177567710571717,0.004177590779075236,2.2720946980629708e-08,-8.984758966337769e-09,3.475565382368706e-10,1.408374455252881e-08,-8.637202428100899e-09
ordinary_matched_changed_negative_05,2016_2017,LR,roc_auc,0.6975436390280446,0.697358551164418,0.6977491961102344,0.6976079879798971,-0.00018508786362658736,0.00020555708218983337,4.387973328923156e-05,6.434895185247758e-05,0.00024943681547906493
ordinary_matched_changed_negative_05,2016_2017,LR,retrospective_recall_at_5percent,0.058823529411764705,0.058823529411764705,0.0392156862745098,0.0392156862745098,0.0,-0.0196078431372549,0.0,-0.0196078431372549,-0.0196078431372549
ordinary_matched_changed_negative_05,2016_2017,LGBM,average_precision,0.19803412485142272,0.19163651289268138,0.23094777461887292,0.2021521418161025,-0.006397611958741334,0.032913649767450204,-0.022398020844029087,0.004118016964679783,0.010515628923421116
ordinary_matched_changed_negative_05,2016_2017,LGBM,brier,0.005014503254382301,0.005093815558420393,0.00396774058752609,0.004599443249122462,7.931230403809223e-05,-0.0010467626668562106,0.0005523903575582797,-0.00041506000525983865,-0.0004943723092979309
ordinary_matched_changed_negative_05,2016_2017,LGBM,roc_auc,0.9590379353251542,0.957665004358156,0.9656276761482753,0.9635619500802636,-0.0013729309669981982,0.006589740823121026,-0.0006927951010134992,0.004524014755109329,0.005896945722107527
ordinary_matched_changed_negative_05,2016_2017,LGBM,retrospective_recall_at_5percent,0.7254901960784313,0.7254901960784313,0.7450980392156863,0.7254901960784313,0.0,0.019607843137254943,-0.019607843137254943,0.0,0.0
ordinary_matched_changed_negative_06,2016_2017,LR,average_precision,0.007585738379887184,0.007582914062172209,0.007594872371437859,0.007594174377095759,-2.8243177149752177e-06,9.133991550674611e-06,2.1263233728752162e-06,8.43599720857461e-06,1.1260314923549827e-05
ordinary_matched_changed_negative_06,2016_2017,LR,brier,0.004177569670592201,0.004177592489194185,0.004177560544162598,0.004177583722528049,2.281860198450475e-08,-9.126429602497599e-09,3.5976346641347634e-10,1.4051935848420627e-08,-8.766666136084122e-09
ordinary_matched_changed_negative_06,2016_2017,LR,roc_auc,0.6974965199818002,0.6973349916412958,0.6976817568538228,0.6975624885901303,-0.00016152834050442433,0.00018523687202265382,4.2260076811850844e-05,6.596860833008034e-05,0.00022749694883450466
ordinary_matched_changed_negative_06,2016_2017,LR,retrospective_recall_at_5percent,0.050288235294116294,0.050288235294116294,0.0392156862745098,0.0392156862745098,0.0,-0.011072549019606491,0.0,-0.011072549019606491,-0.011072549019606491
ordinary_matched_changed_negative_06,2016_2017,LGBM,average_precision,0.18869638264500643,0.17916583225536664,0.2033818856999645,0.19450737893870748,-0.009530550389639791,0.014685503054958055,0.0006560436283827853,0.005810996293701048,0.01534154668334084
ordinary_matched_changed_negative_06,2016_2017,LGBM,brier,0.005191793727041864,0.005383803229021479,0.004861439131295841,0.0053323762305891535,0.00019200950197961492,-0.0003303545957460234,0.00027892759731369763,0.00014058250354728914,-5.142699843232578e-05
ordinary_matched_changed_negative_06,2016_2017,LGBM,roc_auc,0.9600268489806422,0.9582385311954766,0.9442543491428752,0.9425565928299945,-0.0017883177851655274,-0.015772499837766962,9.056147228481137e-05,-0.01747025615064768,-0.01568193836548215
ordinary_matched_changed_negative_06,2016_2017,LGBM,retrospective_recall_at_5percent,0.7843137254901961,0.7843137254901961,0.7254901960784313,0.7058823529411765,0.0,-0.05882352941176472,-0.019607843137254832,-0.07843137254901955,-0.07843137254901955
ordinary_matched_changed_negative_07,2016_2017,LR,average_precision,0.007587406453696207,0.007588957459043716,0.007592893314973957,0.007587204570146443,1.5510053475087035e-06,5.486861277750367e-06,-7.239750175022826e-06,-2.0188354976375528e-07,-1.7528888972724588e-06
ordinary_matched_changed_negative_07,2016_2017,LR,brier,0.004177574271060159,0.004177597046095536,0.004177564812593617,0.004177587946107076,2.27750353767181e-08,-9.458466542107413e-09,3.5847808228794964e-10,1.3675046916898637e-08,-9.099988459819464e-09
ordinary_matched_changed_negative_07,2016_2017,LR,roc_auc,0.6976378771205336,0.6975705868725178,0.697747576453757,0.6975405487234857,-6.729024801577221e-05,0.00010969933322335645,-0.00013973748225548643,-9.732839704790219e-05,-3.003814903212998e-05
ordinary_matched_changed_negative_07,2016_2017,LR,retrospective_recall_at_5percent,0.0392156862745098,0.0392156862745098,0.0392156862745098,0.0392156862745098,0.0,0.0,0.0,0.0,0.0
ordinary_matched_changed_negative_07,2016_2017,LGBM,average_precision,0.2563759268384558,0.2040266778802431,0.23939107641325064,0.24210240656769008,-0.05234924895821269,-0.016984850425205145,0.055060579112652136,-0.0142735202707657,0.03807572868744699
ordinary_matched_changed_negative_07,2016_2017,LGBM,brier,0.0037363229094724967,0.00458230159038459,0.0038214679777540633,0.0038403592066162283,0.000845978680912093,8.514506828156661e-05,-0.0008270874520499285,0.00010403629714373155,-0.0007419423837683615
ordinary_matched_changed_negative_07,2016_2017,LGBM,roc_auc,0.9713725134519519,0.9699119720267707,0.9689489728749233,0.9671789183361984,-0.00146054142518115,-0.002423540577028538,-0.000309513113543769,-0.004193595115753457,-0.002733053690572307
ordinary_matched_changed_negative_07,2016_2017,LGBM,retrospective_recall_at_5percent,0.7647058823529411,0.7450980392156863,0.7450980392156863,0.7254901960784313,-0.019607843137254832,-0.019607843137254832,-1.1102230246251565e-16,-0.039215686274509776,-0.019607843137254943
ordinary_matched_changed_negative_08,2016_2017,LR,average_precision,0.007587343192969094,0.0075846586426743376,0.007586430805138568,0.0075852856909811375,-2.684550294756137e-06,-9.123878305259889e-07,1.5394361373259613e-06,-2.0575019879561646e-06,6.270483067999724e-07
ordinary_matched_changed_negative_08,2016_2017,LR,brier,0.004177573375432485,0.004177596183856038,0.004177564295414549,0.004177587461888585,2.2808423552622692e-08,-9.080017936320683e-09,3.580504833594622e-10,1.408645609966147e-08,-8.721967452961221e-09
ordinary_matched_changed_negative_08,2016_2017,LR,roc_auc,0.6975468783409997,0.6973821106875402,0.6976110782844562,0.6975405487234855,-0.00016476765345951883,6.419994345652213e-05,9.423809248876314e-05,-6.329617514233554e-06,0.00015843803594528527
ordinary_matched_changed_negative_08,2016_2017,LR,retrospective_recall_at_5percent,0.050288235294116294,0.050288235294116294,0.0392156862745098,0.0392156862745098,0.0,-0.011072549019606491,0.0,-0.011072549019606491,-0.011072549019606491
ordinary_matched_changed_negative_08,2016_2017,LGBM,average_precision,0.26604894519186506,0.23116159101158248,0.24304852481074576,0.23736676059763562,-0.034887354180282576,-0.023000420381119296,0.02920558996717243,-0.028682184594229443,0.006205169586053133
ordinary_matched_changed_negative_08,2016_2017,LGBM,brier,0.0038305368088060883,0.004439487553120307,0.003923442664524816,0.0039273101521251335,0.0006089507443142188,9.290585571872798e-05,-0.0006050832567139016,9.677334331904515e-05,-0.0005121774009951736
ordinary_matched_changed_negative_08,2016_2017,LGBM,roc_auc,0.9662649559038649,0.9646727752788156,0.9679596219121864,0.9658483964544077,-0.0015921806250492887,0.001694666008321577,-0.000519044832729465,-0.0004165594494571767,0.001175621175592112
ordinary_matched_changed_negative_08,2016_2017,LGBM,retrospective_recall_at_5percent,0.7843137254901961,0.7647058823529411,0.7843137254901961,0.7647058823529411,-0.019607843137254943,0.0,0.0,-0.019607843137254943,0.0
ordinary_matched_changed_negative_09,2016_2017,LR,average_precision,0.007590975101473812,0.007591644611794205,0.007597675689561134,0.007596613301242746,6.695103203935987e-07,6.700588087322004e-06,-1.7318986387810514e-06,5.6381997689345514e-06,4.968689448540953e-06
ordinary_matched_changed_negative_09,2016_2017,LR,brier,0.004177577352116548,0.004177600127950328,0.004177567812937252,0.004177590943462509,2.2775833780595833e-08,-9.53917929542858e-09,3.546914758428832e-10,1.3591345961010137e-08,-9.184487819585696e-09
ordinary_matched_changed_negative_09,2016_2017,LR,roc_auc,0.6976614366436558,0.6975722065289954,0.6978450538592008,0.6977022260723859,-8.923011466033248e-05,0.00018361721554505106,-5.3597672154626075e-05,4.07894287300925e-05,0.00013001954339042499
ordinary_matched_changed_negative_09,2016_2017,LR,retrospective_recall_at_5percent,0.050288235294116294,0.050288235294116294,0.0392156862745098,0.0392156862745098,0.0,-0.011072549019606491,0.0,-0.011072549019606491,-0.011072549019606491
ordinary_matched_changed_negative_09,2016_2017,LGBM,average_precision,0.2538988873968629,0.21085990485282155,0.2531218338615187,0.22482699339446843,-0.04303898254404134,-0.0007770535353441854,0.014744142076991068,-0.02907189400239446,0.013967088541646883
ordinary_matched_changed_negative_09,2016_2017,LGBM,brier,0.003687663089581654,0.00425730774896155,0.0038316794780244028,0.0040920603436946455,0.000569644659379896,0.00014401638844274874,-0.0003092637937096537,0.0004043972541129914,-0.00016524740526690455
ordinary_matched_changed_negative_09,2016_2017,LGBM,roc_auc,0.9658729893183626,0.9643173254682559,0.9673992013350818,0.9653106510679887,-0.0015556638501067477,0.0015262120167192084,-0.0005328864169863445,-0.0005623382503738839,0.0009933255997328638
ordinary_matched_changed_negative_09,2016_2017,LGBM,retrospective_recall_at_5percent,0.7450980392156863,0.7450980392156863,0.803921568627451,0.7843137254901961,0.0,0.05882352941176472,-0.019607843137254943,0.039215686274509776,0.039215686274509776
ordinary_matched_changed_negative_10,2016_2017,LR,average_precision,0.007592994817192099,0.007590007054548627,0.007605280334620284,0.007601694750767525,-2.987762643472114e-06,1.22855174281844e-05,-5.978212092860868e-07,8.6999335754262e-06,1.1687696218898314e-05
ordinary_matched_changed_negative_10,2016_2017,LR,brier,0.004177579617691048,0.0041776023555409915,0.004177569996834032,0.004177593089064618,2.27378499431663e-08,-9.620857016438833e-09,3.5438064288628723e-10,1.3471373569613754e-08,-9.266476373552546e-09
ordinary_matched_changed_negative_10,2016_2017,LR,roc_auc,0.6977556747361447,0.6975722065289954,0.6979880306544116,0.697823263000952,-0.00018346820714931766,0.00023235591826686885,1.8700553689687816e-05,6.758826480723901e-05,0.00025105647195655667
ordinary_matched_changed_negative_10,2016_2017,LR,retrospective_recall_at_5percent,0.050288235294116294,0.050288235294116294,0.0392156862745098,0.0392156862745098,0.0,-0.011072549019606491,0.0,-0.011072549019606491,-0.011072549019606491
ordinary_matched_changed_negative_10,2016_2017,LGBM,average_precision,0.25606285981589005,0.23648561972031357,0.24007345829932436,0.2298839220763371,-0.019577240095576487,-0.015989401516565693,0.00938770387258922,-0.02617893773955296,-0.006601697643976473
ordinary_matched_changed_negative_10,2016_2017,LGBM,brier,0.003825193876096805,0.004205541340263075,0.0040961469748410795,0.00408903728318321,0.0003803474641662697,0.00027095309874427447,-0.0003874571558241395,0.00026384340708640467,-0.00011650405707986505
ordinary_matched_changed_negative_10,2016_2017,LGBM,roc_auc,0.9676835352690261,0.9658151189924203,0.965413722766906,0.963508938723754,-0.0018684162766057222,-0.0022698125021201054,-3.636776654625251e-05,-0.00417459654527208,-0.002306180268666358
ordinary_matched_changed_negative_10,2016_2017,LGBM,retrospective_recall_at_5percent,0.7647058823529411,0.7450980392156863,0.7843137254901961,0.7647058823529411,-0.019607843137254832,0.019607843137254943,-1.1102230246251565e-16,0.0,0.019607843137254832
ordinary_matched_changed_negative_11,2016_2017,LR,average_precision,0.007585711248973082,0.00758129894383147,0.007586384318911081,0.007583392345823647,-4.412305141612144e-06,6.73069937999482e-07,1.4203320541777975e-06,-2.3189031494348644e-06,2.0934019921772795e-06
ordinary_matched_changed_negative_11,2016_2017,LR,brier,0.004177569935845596,0.004177592738342702,0.0041775604513104945,0.004177583605862631,2.280249710578941e-08,-9.48453510174474e-09,3.520550309610293e-10,1.36700170350057e-08,-9.13248007078371e-09
ordinary_matched_changed_negative_11,2016_2017,LR,roc_auc,0.6975013789512329,0.6973333719848183,0.6976752782279129,0.6974901903642862,-0.00016800696641461332,0.0001738992766799896,-1.7080897212085056e-05,-1.1188586946708767e-05,0.00015681837946790456
ordinary_matched_changed_negative_11,2016_2017,LR,retrospective_recall_at_5percent,0.050288235294116294,0.050288235294116294,0.0392156862745098,0.0392156862745098,0.0,-0.011072549019606491,0.0,-0.011072549019606491,-0.011072549019606491
ordinary_matched_changed_negative_11,2016_2017,LGBM,average_precision,0.2571828035214093,0.21234073887145594,0.2701240086698882,0.2593236853076278,-0.044842064649953384,0.012941205148478907,0.03404174128769294,0.0021408817862184626,0.046982946436171846
ordinary_matched_changed_negative_11,2016_2017,LGBM,brier,0.003722552273607262,0.004456916860584,0.003974595551959508,0.004067030939755889,0.000734364586976738,0.00025204327835224574,-0.000641929199180357,0.00034447866614862677,-0.0003898859208281112
ordinary_matched_changed_negative_11,2016_2017,LGBM,roc_auc,0.9709466733708787,0.9696623862028957,0.9691043206063095,0.967187314635378,-0.0012842871679830115,-0.0018423527645692328,-0.0006327188029484621,-0.0037593587355007063,-0.002475071567517695
ordinary_matched_changed_negative_11,2016_2017,LGBM,retrospective_recall_at_5percent,0.7843137254901961,0.7843137254901961,0.8235294117647058,0.803921568627451,0.0,0.039215686274509776,-0.019607843137254832,0.019607843137254943,0.019607843137254943
ordinary_matched_changed_negative_12,2016_2017,LR,average_precision,0.007588148500418255,0.007588940060999763,0.007589349813482143,0.007589611686014393,7.915605815082827e-07,1.2013130638883346e-06,-5.296880492581743e-07,1.463185596138443e-06,6.716250146301603e-07
ordinary_matched_changed_negative_12,2016_2017,LR,brier,0.004177578311450218,0.004177601116555856,0.0041775686065359035,0.004177591767587169,2.2805105637235812e-08,-9.704914314886959e-09,3.559456280069484e-10,1.3456136950355801e-08,-9.34896868688001e-09
ordinary_matched_changed_negative_12,2016_2017,LR,roc_auc,0.6975623395817342,0.697424370764352,0.6977223972741572,0.6976502480567089,-0.00013796881738215028,0.00016005769242299905,6.581959993390285e-05,8.790847497475163e-05,0.0002258772923569019
ordinary_matched_changed_negative_12,2016_2017,LR,retrospective_recall_at_5percent,0.050288235294116294,0.050288235294116294,0.0392156862745098,0.0392156862745098,0.0,-0.011072549019606491,0.0,-0.011072549019606491,-0.011072549019606491
ordinary_matched_changed_negative_12,2016_2017,LGBM,average_precision,0.2673528039077298,0.2279451626374239,0.23347061649812303,0.24035515557007542,-0.03940764127030591,-0.03388218740960677,0.04629218034225829,-0.02699764833765439,0.01240999293265152
ordinary_matched_changed_negative_12,2016_2017,LGBM,brier,0.0037745672402768205,0.0042615865815842195,0.003932923029968011,0.00391557451011458,0.000487019341307399,0.0001583557896911907,-0.0005043678611608305,0.0001410072698377592,-0.0003460120714696398
ordinary_matched_changed_negative_12,2016_2017,LGBM,roc_auc,0.9709189902023647,0.9692514210469121,0.9699612970451376,0.9680881708074953,-0.0016675691554526306,-0.0009576931572271574,-0.00020555708218961133,-0.0028308193948693994,-0.0011632502394167687
ordinary_matched_changed_negative_12,2016_2017,LGBM,retrospective_recall_at_5percent,0.7508764705882364,0.7450980392156863,0.803921568627451,0.7843137254901961,-0.005778431372550075,0.053045098039214644,-0.013829411764704869,0.0334372549019597,0.039215686274509776
ordinary_matched_changed_negative_13,2016_2017,LR,average_precision,0.007588354721342066,0.0075859321461544515,0.007592123357319392,0.007591115359043495,-2.4225751876147394e-06,3.7686359773258377e-06,1.4145769117179796e-06,2.760637701429078e-06,5.183212889043817e-06
ordinary_matched_changed_negative_13,2016_2017,LR,brier,0.0041775678885816155,0.004177590760870183,0.004177558733733026,0.004177581964898118,2.2872288567461763e-08,-9.154848589279507e-09,3.5887652398425285e-10,1.4076316502166508e-08,-8.795972065295254e-09
ordinary_matched_changed_negative_13,2016_2017,LR,roc_auc,0.6975200795049225,0.6973333719848183,0.6975607199252568,0.6974195117949195,-0.00018670752010419012,4.0640420334359106e-05,4.549938976683432e-05,-0.00010056771000299669,8.613981010119343e-05
ordinary_matched_changed_negative_13,2016_2017,LR,retrospective_recall_at_5percent,0.058823529411764705,0.058823529411764705,0.0392156862745098,0.0392156862745098,0.0,-0.0196078431372549,0.0,-0.0196078431372549,-0.0196078431372549
ordinary_matched_changed_negative_13,2016_2017,LGBM,average_precision,0.24797205692265484,0.20792857707560988,0.22561304200343604,0.2090587395512181,-0.040043479847044955,-0.022359014919218795,0.023489177394827004,-0.038913317371436745,0.0011301624756082096
ordinary_matched_changed_negative_13,2016_2017,LGBM,brier,0.0037885968298891617,0.004528447398303247,0.004013522356575292,0.00432004995912946,0.0007398505684140851,0.00022492552668613042,-0.0004333229658599171,0.0005314531292402985,-0.00020839743917378667
ordinary_matched_changed_negative_13,2016_2017,LGBM,roc_auc,0.9670045817522697,0.965635774430663,0.965739879470413,0.9642030651823918,-0.0013688073216067131,-0.001264702281856711,-0.00016800696641439128,-0.0028015165698778155,-0.0014327092482711024
ordinary_matched_changed_negative_13,2016_2017,LGBM,retrospective_recall_at_5percent,0.7843137254901961,0.7843137254901961,0.7450980392156863,0.7450980392156863,0.0,-0.039215686274509776,0.0,-0.039215686274509776,-0.039215686274509776
ordinary_matched_changed_negative_14,2016_2017,LR,average_precision,0.007591543250566355,0.007590009416170731,0.007603318044153953,0.007599047779456526,-1.5338343956243852e-06,1.1774793587597532e-05,-2.736430301802581e-06,7.504528890170566e-06,9.038363285794951e-06
ordinary_matched_changed_negative_14,2016_2017,LR,brier,0.004177576299952992,0.004177599047677784,0.004177566686155324,0.00417758978871643,2.274772479236853e-08,-9.613797667673563e-09,3.548363131100629e-10,1.348876343780503e-08,-9.2589613545635e-09
ordinary_matched_changed_negative_14,2016_2017,LR,roc_auc,0.6977085556899001,0.6976209452317174,0.6979644711312893,0.697754204088063,-8.761045818272972e-05,0.00025591544138925393,-0.00012265658504362342,4.564839816290078e-05,0.0001332588563456305
ordinary_matched_changed_negative_14,2016_2017,LR,retrospective_recall_at_5percent,0.050288235294116294,0.050288235294116294,0.0392156862745098,0.0392156862745098,0.0,-0.011072549019606491,0.0,-0.011072549019606491,-0.011072549019606491
ordinary_matched_changed_negative_14,2016_2017,LGBM,average_precision,0.23823420663093867,0.1938627410085258,0.2255028400189581,0.21847813035798147,-0.04437146562241287,-0.012731366611980571,0.037346755961436245,-0.019756076272957196,0.024615389349455674
ordinary_matched_changed_negative_14,2016_2017,LGBM,brier,0.0039038362962977905,0.004714359277177284,0.004046222913539466,0.004025007747079745,0.0008105229808794937,0.0001423866172416753,-0.0008317381473392144,0.00012117145078195451,-0.0006893515300975392
ordinary_matched_changed_negative_14,2016_2017,LGBM,roc_auc,0.9677325719885398,0.9664108837131777,0.9671488801871659,0.9655478659556884,-0.001321688275362054,-0.0005836918013738535,-0.0002793259561154615,-0.002184706032851369,-0.000863017757489315
ordinary_matched_changed_negative_14,2016_2017,LGBM,retrospective_recall_at_5percent,0.7647058823529411,0.7450980392156863,0.7843137254901961,0.7647058823529411,-0.019607843137254832,0.019607843137254943,-1.1102230246251565e-16,0.0,0.019607843137254832
ordinary_matched_changed_negative_15,2016_2017,LR,average_precision,0.007606365424873256,0.007598985991269093,0.00761697296284817,0.00760421456473798,-7.379433604163058e-06,1.06075379749139e-05,-5.378964506026589e-06,-2.1508601352757464e-06,5.228573468887311e-06
ordinary_matched_changed_negative_15,2016_2017,LR,brier,0.004177567965169907,0.00417759069835772,0.004177558781213694,0.004177581869504455,2.273318781310929e-08,-9.183956212709121e-09,3.551029479145762e-10,1.3904334548314745e-08,-8.828853264794545e-09
ordinary_matched_changed_negative_15,2016_2017,LR,roc_auc,0.6978815706341434,0.6975063869290615,0.6981058282700225,0.6977338838778959,-0.0003751837050818274,0.00022425763587918812,3.23931295520552e-06,-0.00014768675624743377,0.00022749694883439364
ordinary_matched_changed_negative_15,2016_2017,LR,retrospective_recall_at_5percent,0.058823529411764705,0.058823529411764705,0.0392156862745098,0.0392156862745098,0.0,-0.0196078431372549,0.0,-0.0196078431372549,-0.0196078431372549
ordinary_matched_changed_negative_15,2016_2017,LGBM,average_precision,0.24951676407966664,0.22263558867194638,0.216049117178342,0.1973905808249049,-0.026881175407720254,-0.033467646901324644,0.008222639054283165,-0.05212618325476173,-0.02524500784704148
ordinary_matched_changed_negative_15,2016_2017,LGBM,brier,0.003885341374982388,0.004715080577704942,0.003964494787615622,0.004113756243482952,0.0008297392027225539,7.915341263323378e-05,-0.0006804777468552236,0.00022841486850056414,-0.0006013243342219898
ordinary_matched_changed_negative_15,2016_2017,LGBM,roc_auc,0.967894984661481,0.9667682511970066,0.9667672178561739,0.9644373290559894,-0.0011267334644744498,-0.0011277668053071288,-0.0012031553357100266,-0.0034576556054916052,-0.0023309221410171554
ordinary_matched_changed_negative_15,2016_2017,LGBM,retrospective_recall_at_5percent,0.7647058823529411,0.7508764705882365,0.7843137254901961,0.7647058823529411,-0.013829411764704647,0.019607843137254943,-0.005778431372550297,0.0,0.013829411764704647
ordinary_matched_changed_negative_16,2016_2017,LR,average_precision,0.007591329960670365,0.007592800975249109,0.007597160413231449,0.0075964695015151955,1.4710145787438789e-06,5.830452561084165e-06,-2.1619262949978263e-06,5.139540844830218e-06,3.668526266086339e-06
ordinary_matched_changed_negative_16,2016_2017,LR,brier,0.004177579555410033,0.004177602296979805,0.004177569948011988,0.004177593043816403,2.274156977229852e-08,-9.607398044654547e-09,3.5423464248701686e-10,1.348840637013099e-08,-9.25316340216753e-09
ordinary_matched_changed_negative_16,2016_2017,LR,roc_auc,0.6976833765103004,0.6975957660521177,0.6977979348129565,0.6976819058622188,-8.761045818272972e-05,0.00011455830265605371,-2.841849255497131e-05,-1.4706480816473189e-06,8.61398101010824e-05
ordinary_matched_changed_negative_16,2016_2017,LR,retrospective_recall_at_5percent,0.050288235294116294,0.050288235294116294,0.0392156862745098,0.0392156862745098,0.0,-0.011072549019606491,0.0,-0.011072549019606491,-0.011072549019606491
ordinary_matched_changed_negative_16,2016_2017,LGBM,average_precision,0.2606216797947927,0.2073672336989651,0.23354596468150296,0.2111684696527145,-0.053254446095827634,-0.027075715113289767,0.030876951067039166,-0.049453210142078236,0.003801235953749399
ordinary_matched_changed_negative_16,2016_2017,LGBM,brier,0.003746617853504081,0.004691697891686835,0.0038907060387874948,0.004473512748433706,0.0009450800381827543,0.00014408818528341373,-0.0003622733285365428,0.0007268948949296253,-0.00021818514325312906
ordinary_matched_changed_negative_16,2016_2017,LGBM,roc_auc,0.9693690696541273,0.968002766321435,0.9690460129731184,0.9669283088894296,-0.0013663033326922758,-0.00032305668100884866,-0.0007514007509965559,-0.0024407607646976803,-0.0010744574320054046
ordinary_matched_changed_negative_16,2016_2017,LGBM,retrospective_recall_at_5percent,0.7647058823529411,0.7450980392156863,0.7843137254901961,0.7647058823529411,-0.019607843137254832,0.019607843137254943,-1.1102230246251565e-16,0.0,0.019607843137254832
ordinary_matched_changed_negative_17,2016_2017,LR,average_precision,0.007595333258328648,0.0075917311445799366,0.007599488238860374,0.007597430550667691,-3.60211374871109e-06,4.154980531726263e-06,1.544425556027941e-06,2.0972923390431136e-06,5.699406087754204e-06
ordinary_matched_changed_negative_17,2016_2017,LR,brier,0.004177577256874241,0.004177600000746169,0.004177568136029628,0.004177591238491733,2.2743871928160297e-08,-9.120844612561796e-09,3.585901766495203e-10,1.3981617492248022e-08,-8.762254435912276e-09
ordinary_matched_changed_negative_17,2016_2017,LR,roc_auc,0.6976866158232555,0.6975470273493956,0.6977053163769451,0.6975876677697298,-0.00013958847385997508,1.8700553689576793e-05,2.193986664467129e-05,-9.8948053525727e-05,4.0640420334248084e-05
ordinary_matched_changed_negative_17,2016_2017,LR,retrospective_recall_at_5percent,0.050288235294116294,0.050288235294116294,0.0392156862745098,0.0392156862745098,0.0,-0.011072549019606491,0.0,-0.011072549019606491,-0.011072549019606491
ordinary_matched_changed_negative_17,2016_2017,LGBM,average_precision,0.23247196177918664,0.19132044813918214,0.2685165877675228,0.2341770992874221,-0.041151513640004495,0.03604462598833616,0.006812025159903812,0.001705137508235477,0.04285665114823997
ordinary_matched_changed_negative_17,2016_2017,LGBM,brier,0.003775479012694775,0.004261743279704272,0.003777057616223495,0.004098842763146369,0.0004862642670094971,1.578603528719965e-06,-0.00016447912008662243,0.0003233637504515942,-0.0001629005165579029
ordinary_matched_changed_negative_17,2016_2017,LGBM,roc_auc,0.9669281598810336,0.9658087893749061,0.966777233811831,0.9645879668263391,-0.0011193705061275372,-0.0001509260692026393,-0.0010698964793643961,-0.0023401930546945726,-0.0012208225485670354
ordinary_matched_changed_negative_17,2016_2017,LGBM,retrospective_recall_at_5percent,0.7647058823529411,0.7647058823529411,0.7843137254901961,0.7647058823529411,0.0,0.019607843137254943,-0.019607843137254943,0.0,0.0
ordinary_matched_changed_negative_18,2016_2017,LR,average_precision,0.007586229385134624,0.007580675210632471,0.007588150798503915,0.007589837864345206,-5.5541745021528074e-06,1.921413369291268e-06,7.241240343443776e-06,3.608479210582237e-06,9.162653712735044e-06
ordinary_matched_changed_negative_18,2016_2017,LR,brier,0.0041775819194547845,0.004177604660581859,0.004177572772684427,0.004177595865448612,2.2741127074336898e-08,-9.146770357619516e-09,3.516371109221761e-10,1.3945993827639558e-08,-8.79513324669734e-09
ordinary_matched_changed_negative_18,2016_2017,LR,roc_auc,0.6974697211457229,0.6972830136256188,0.6976330181511009,0.6975860481132524,-0.0001867075201040791,0.00016329700537798253,0.00013973748225559746,0.00011632696752950089,0.00030303448763358
ordinary_matched_changed_negative_18,2016_2017,LR,retrospective_recall_at_5percent,0.058823529411764705,0.058823529411764705,0.0392156862745098,0.0392156862745098,0.0,-0.0196078431372549,0.0,-0.0196078431372549,-0.0196078431372549
ordinary_matched_changed_negative_18,2016_2017,LGBM,average_precision,0.26111298083888285,0.20945729153335071,0.23053859607514754,0.21597512349411344,-0.05165568930553213,-0.030574384763735307,0.03709221672449803,-0.04513785734476941,0.006517831960762721
ordinary_matched_changed_negative_18,2016_2017,LGBM,brier,0.0037390879514251018,0.004550449137848301,0.0039317720288808795,0.003979526126621214,0.0008113611864231994,0.00019268407745577773,-0.0007636070886828648,0.00024043817519611233,-0.0005709230112270871
ordinary_matched_changed_negative_18,2016_2017,LGBM,roc_auc,0.967530691526554,0.9660358392985529,0.9672258883740469,0.9660561595087198,-0.0014948522280011645,-0.0003048031525071382,0.0003251233626740957,-0.001474532017834207,2.032021016695751e-05
ordinary_matched_changed_negative_18,2016_2017,LGBM,retrospective_recall_at_5percent,0.7843137254901961,0.7843137254901961,0.7843137254901961,0.7843137254901961,0.0,0.0,0.0,0.0,0.0
ordinary_matched_changed_negative_19,2016_2017,LR,average_precision,0.0076047634405019505,0.00760285729019578,0.00761079057658775,0.0076049463582279105,-1.9061503061705912e-06,6.027136085799342e-06,-3.938068053668808e-06,1.8291772595994266e-07,2.089068032130534e-06
ordinary_matched_changed_negative_19,2016_2017,LR,brier,0.004177562267638004,0.004177585064912243,0.004177552938838308,0.004177576094415816,2.2797274239379217e-08,-9.328799696270429e-09,3.5830326899910503e-10,1.3826777812107893e-08,-8.970496427271324e-09
ordinary_matched_changed_negative_19,2016_2017,LR,roc_auc,0.6979441509211223,0.69780618210374,0.6979880306544116,0.6978232630009521,-0.0001379688173822613,4.387973328934258e-05,-2.6798836077257526e-05,-0.00012088792017017624,1.7080897212085056e-05
ordinary_matched_changed_negative_19,2016_2017,LR,retrospective_recall_at_5percent,0.0392156862745098,0.0392156862745098,0.0392156862745098,0.0392156862745098,0.0,0.0,0.0,0.0,0.0
ordinary_matched_changed_negative_19,2016_2017,LGBM,average_precision,0.2532257717004477,0.2016228778987697,0.25304131927696116,0.24719895967187724,-0.051602893801677985,-0.00018445242348652524,0.045760534196594066,-0.006026812028570444,0.04557608177310754
ordinary_matched_changed_negative_19,2016_2017,LGBM,brier,0.0038664443481850864,0.004830493278074704,0.003853207146423451,0.003901188726949129,0.0009640489298896175,-1.3237201761635321e-05,-0.0009160673493639397,3.474437876404245e-05,-0.000929304551125575
ordinary_matched_changed_negative_19,2016_2017,LGBM,roc_auc,0.9666049541916286,0.9652580867366668,0.9629053737374008,0.9607576315046797,-0.0013468674549618198,-0.003699580454227802,-0.0008008747777592529,-0.005847322686948875,-0.004500455231987055
ordinary_matched_changed_negative_19,2016_2017,LGBM,retrospective_recall_at_5percent,0.7450980392156863,0.7450980392156863,0.7647058823529411,0.7450980392156863,0.0,0.019607843137254832,-0.019607843137254832,0.0,0.0
ordinary_matched_other_unchanged_negative_00,2016_2017,LR,average_precision,0.007620441383244854,0.0076184437960623175,0.007608672487901725,0.007606659676239479,-1.9975871825362104e-06,-1.1768895343129172e-05,-1.5224479709037564e-08,-1.378170700537442e-05,-1.178411982283821e-05
ordinary_matched_other_unchanged_negative_00,2016_2017,LR,brier,0.004177536265826967,0.004177559003103681,0.004177527081677648,0.004177550172339575,2.2737276714202004e-08,-9.184149319524382e-09,3.5338521345296137e-10,1.3906512608130583e-08,-8.83076410607142e-09
ordinary_matched_other_unchanged_negative_00,2016_2017,LR,roc_auc,0.6985753990759893,0.6983699910021955,0.6982862061726126,0.6981547159811405,-0.0002054080737937669,-0.00028919290337670045,7.39178823216946e-05,-0.00042068309484877275,-0.00021527502105500584
ordinary_matched_other_unchanged_negative_00,2016_2017,LR,retrospective_recall_at_5percent,0.058823529411764705,0.058823529411764705,0.0392156862745098,0.0392156862745098,0.0,-0.0196078431372549,0.0,-0.0196078431372549,-0.0196078431372549
ordinary_matched_other_unchanged_negative_00,2016_2017,LGBM,average_precision,0.2532844963988231,0.22482355128277282,0.27407816752084807,0.23411693148806856,-0.028460945116050296,0.02079367112202496,-0.011500290916729217,-0.019167564910754553,0.009293380205295743
ordinary_matched_other_unchanged_negative_00,2016_2017,LGBM,brier,0.003866632783118814,0.004405507084746597,0.0037928113926245593,0.004405761605424287,0.000538874301627783,-7.382139049425494e-05,7.407591117194502e-05,0.0005391288223054731,2.545206776900788e-07
ordinary_matched_other_unchanged_negative_00,2016_2017,LGBM,roc_auc,0.9649784627637595,0.9637331963596334,0.9693830602467801,0.9669916245004493,-0.001245266404126144,0.004404597483020578,-0.0011461693422046837,0.0020131617366897503,0.0032584281408158944
ordinary_matched_other_unchanged_negative_00,2016_2017,LGBM,retrospective_recall_at_5percent,0.7843137254901961,0.7647058823529411,0.7843137254901961,0.7647058823529411,-0.019607843137254943,0.0,0.0,-0.019607843137254943,0.0
ordinary_matched_other_unchanged_negative_01,2016_2017,LR,average_precision,0.007590544890121825,0.0075897568038915215,0.007600499609547439,0.007602426683845732,-7.880862303031103e-07,9.954719425614086e-06,2.7151605285959807e-06,1.1881793723906957e-05,1.2669879954210067e-05
ordinary_matched_other_unchanged_negative_01,2016_2017,LR,brier,0.004177573486909924,0.004177596285689968,0.004177562001706511,0.004177585317510743,2.2798780043541134e-08,-1.1485203413319489e-08,5.170241882193616e-10,1.1830600818441006e-08,-1.0968179225100128e-08
ordinary_matched_other_unchanged_negative_01,2016_2017,LR,roc_auc,0.6974981396382778,0.6974357083596948,0.6978401948897683,0.6977477254621529,-6.243127858296393e-05,0.0003420552514905584,-3.0038149032463046e-05,0.0002495858238751314,0.00031201710245809533
ordinary_matched_other_unchanged_negative_01,2016_2017,LR,retrospective_recall_at_5percent,0.050288235294116294,0.050288235294116294,0.058823529411764705,0.058823529411764705,0.0,0.00853529411764841,0.0,0.00853529411764841,0.00853529411764841
ordinary_matched_other_unchanged_negative_01,2016_2017,LGBM,average_precision,0.2685604725138468,0.23177093129520945,0.2954237374046899,0.2586041621462818,-0.03678954121863734,0.02686326489084312,-3.0034039770809873e-05,-0.009956310367565002,0.026833230851072337
ordinary_matched_other_unchanged_negative_01,2016_2017,LGBM,brier,0.003815877649246794,0.004355938512989202,0.003687465630002117,0.004137184354584629,0.0005400608637424077,-0.0001284120192446771,-9.034213915989518e-05,0.0003213067053378354,-0.00021875415840457227
ordinary_matched_other_unchanged_negative_01,2016_2017,LGBM,roc_auc,0.968380752032223,0.9670151840235715,0.9667613255459087,0.9645535070151229,-0.0013655680086515076,-0.0016194264863143015,-0.0008422505221342691,-0.0038272450171000783,-0.0024616770084485706
ordinary_matched_other_unchanged_negative_01,2016_2017,LGBM,retrospective_recall_at_5percent,0.7843137254901961,0.7647058823529411,0.7450980392156863,0.7254901960784313,-0.019607843137254943,-0.039215686274509776,0.0,-0.05882352941176472,-0.039215686274509776
ordinary_matched_other_unchanged_negative_02,2016_2017,LR,average_precision,0.007592555555872901,0.007591929428000951,0.007599081617527058,0.007598947209845937,-6.261278719492391e-07,6.526061654157228e-06,4.917201908280142e-07,6.391653973036003e-06,7.017781844985242e-06
ordinary_matched_other_unchanged_negative_02,2016_2017,LR,brier,0.004177575179677635,0.0041775979059719215,0.004177565639497986,0.004177588719705205,2.272629428656109e-08,-9.540179648874492e-09,3.539129319468648e-10,1.3540027569633462e-08,-9.186266716927627e-09
ordinary_matched_other_unchanged_negative_02,2016_2017,LR,roc_auc,0.6978011741259114,0.6976900041446066,0.6979628514748119,0.6978468225240743,-0.00011116998130478173,0.0001616773489004908,-4.85896943280828e-06,4.564839816290078e-05,0.0001568183794676825
ordinary_matched_other_unchanged_negative_02,2016_2017,LR,retrospective_recall_at_5percent,0.050288235294116294,0.050288235294116294,0.0392156862745098,0.0392156862745098,0.0,-0.011072549019606491,0.0,-0.011072549019606491,-0.011072549019606491
ordinary_matched_other_unchanged_negative_02,2016_2017,LGBM,average_precision,0.289564586715163,0.2804567195667678,0.27808874026787533,0.2509240376302894,-0.009107867148395177,-0.011475846447287663,-0.018056835489190737,-0.03864054908487358,-0.0295326819364784
ordinary_matched_other_unchanged_negative_02,2016_2017,LGBM,brier,0.0036957512733950546,0.0037276460919851216,0.003698881033646355,0.0039186203915832,3.189481859006702e-05,3.129760251300434e-06,0.00018784453934677812,0.00022286911818814557,0.00019097429959807856
ordinary_matched_other_unchanged_negative_02,2016_2017,LGBM,roc_auc,0.9645512913250616,0.9630453995185094,0.9621829777946039,0.960347103655945,-0.0015058918065521398,-0.002368313530457633,-0.00032998233210679295,-0.004204187669116566,-0.002698295862564426
ordinary_matched_other_unchanged_negative_02,2016_2017,LGBM,retrospective_recall_at_5percent,0.7843137254901961,0.7647058823529411,0.7647058823529411,0.7450980392156863,-0.019607843137254943,-0.019607843137254943,1.1102230246251565e-16,-0.039215686274509776,-0.019607843137254832
ordinary_matched_other_unchanged_negative_03,2016_2017,LR,average_precision,0.007592837329294502,0.007587036565214119,0.007572471271474161,0.0075690607159869016,-5.800764080383415e-06,-2.0366057820341357e-05,2.390208593124228e-06,-2.3776613307600544e-05,-1.797584922721713e-05
ordinary_matched_other_unchanged_negative_03,2016_2017,LR,brier,0.004177583491430713,0.004177606193887178,0.004177574370964431,0.004177597429877361,2.2702456465087395e-08,-9.120466282382111e-09,3.5645646503934536e-10,1.3938446647744629e-08,-8.764009817342766e-09
ordinary_matched_other_unchanged_negative_03,2016_2017,LR,roc_auc,0.6980196884599215,0.6977371231908509,0.6976062193150236,0.6975137498874083,-0.000282565269070556,-0.0004134691448978156,0.00019009584145524006,-0.0005059385725131316,-0.00022337330344257555
ordinary_matched_other_unchanged_negative_03,2016_2017,LR,retrospective_recall_at_5percent,0.058823529411764705,0.058823529411764705,0.050288235294116294,0.050288235294116294,0.0,-0.00853529411764841,0.0,-0.00853529411764841,-0.00853529411764841
ordinary_matched_other_unchanged_negative_03,2016_2017,LGBM,average_precision,0.26077850766159016,0.23419894193612634,0.2211979324443632,0.21323067768010653,-0.026579565725463827,-0.039580575217226965,0.018612310961207162,-0.04754782998148363,-0.020968264256019803
ordinary_matched_other_unchanged_negative_03,2016_2017,LGBM,brier,0.003761192938330725,0.004359464505124968,0.004034569261105333,0.0040308589640280406,0.0005982715667942431,0.0002733763227746075,-0.0006019818638715352,0.00026966602569731537,-0.0003286055410969277
ordinary_matched_other_unchanged_negative_03,2016_2017,LGBM,roc_auc,0.9639403730983005,0.9626316420747588,0.9700128377535657,0.9683150814406848,-0.001308731023541676,0.006072464655265231,-0.00038902528933926206,0.0043747083423842925,0.0056834393659259685
ordinary_matched_other_unchanged_negative_03,2016_2017,LGBM,retrospective_recall_at_5percent,0.7254901960784313,0.7254901960784313,0.7647058823529411,0.7450980392156863,0.0,0.039215686274509776,-0.019607843137254832,0.019607843137254943,0.019607843137254943
ordinary_matched_other_unchanged_negative_04,2016_2017,LR,average_precision,0.007607371517910662,0.007602512272377911,0.007596673798102226,0.007598845119549913,-4.8592455327515355e-06,-1.069771980843643e-05,7.0305669804390444e-06,-8.526398360748921e-06,-3.667152827997386e-06
ordinary_matched_other_unchanged_negative_04,2016_2017,LR,brier,0.004177553632052461,0.004177576566661153,0.004177543905709237,0.0041775672067982245,2.2934608691349556e-08,-9.72634322388144e-09,3.6648029576313856e-10,1.3574745763231255e-08,-9.359862928118301e-09
ordinary_matched_other_unchanged_negative_04,2016_2017,LR,roc_auc,0.6978873139360127,0.6977477254621529,0.6978085370842584,0.6977412468362427,-0.00013958847385975304,-7.877685175428084e-05,7.229822584409185e-05,-0.00014606709976994203,-6.478625910188995e-06
ordinary_matched_other_unchanged_negative_04,2016_2017,LR,retrospective_recall_at_5percent,0.0392156862745098,0.0392156862745098,0.0392156862745098,0.0392156862745098,0.0,0.0,0.0,0.0,0.0
ordinary_matched_other_unchanged_negative_04,2016_2017,LGBM,average_precision,0.25647269046779525,0.21359379169219062,0.2598556199910073,0.2545369348856995,-0.042878898775604635,0.0033829295232120637,0.03756021367029683,-0.001935755582095744,0.04094314319350889
ordinary_matched_other_unchanged_negative_04,2016_2017,LGBM,brier,0.003875471324750553,0.004640150622860588,0.003932064870998009,0.003925276958537318,0.0007646792981100348,5.659354624745587e-05,-0.0007714672105707254,4.9805633786765245e-05,-0.0007148736643232696
ordinary_matched_other_unchanged_negative_04,2016_2017,LGBM,roc_auc,0.9681619396814211,0.9665697590563719,0.9669206479142908,0.9652140579949816,-0.0015921806250491777,-0.0012412917671302814,-0.00011440929425998725,-0.0029478816864394464,-0.0013557010613902687
ordinary_matched_other_unchanged_negative_04,2016_2017,LGBM,retrospective_recall_at_5percent,0.7843137254901961,0.7647058823529411,0.7647058823529411,0.7450980392156863,-0.019607843137254943,-0.019607843137254943,1.1102230246251565e-16,-0.039215686274509776,-0.019607843137254832
ordinary_matched_other_unchanged_negative_05,2016_2017,LR,average_precision,0.007597481591031436,0.007592891807888384,0.007595663034917514,0.007597784606876057,-4.589783143052299e-06,-1.8185561139220582e-06,6.7113551015952205e-06,3.0301584462086306e-07,4.892798987673162e-06
ordinary_matched_other_unchanged_negative_05,2016_2017,LR,brier,0.004177577221107292,0.00417759998350228,0.004177567696078542,0.004177590816932423,2.2762394987982382e-08,-9.525028750109743e-09,3.584588927768584e-10,1.3595825130649497e-08,-9.166569857332885e-09
ordinary_matched_other_unchanged_negative_05,2016_2017,LR,roc_auc,0.6977792342592668,0.6976160862622847,0.6976565776742232,0.6976079879798971,-0.0001631479969821381,-0.00012265658504362342,0.00011455830265605371,-0.00017124627936970782,-8.09828238756971e-06
ordinary_matched_other_unchanged_negative_05,2016_2017,LR,retrospective_recall_at_5percent,0.0392156862745098,0.0392156862745098,0.0392156862745098,0.0392156862745098,0.0,0.0,0.0,0.0,0.0
ordinary_matched_other_unchanged_negative_05,2016_2017,LGBM,average_precision,0.27190921483459435,0.24503126863850316,0.22773510365667787,0.21022073347507336,-0.026877946196091185,-0.044174111177916475,0.009363576014486674,-0.061688481359520986,-0.0348105351634298
ordinary_matched_other_unchanged_negative_05,2016_2017,LGBM,brier,0.003800523565519611,0.00404125347378635,0.003973270682248068,0.004302508608192673,0.00024072990826673945,0.0001727471167284572,8.850801767786584e-05,0.0005019850426730625,0.00026125513440632304
ordinary_matched_other_unchanged_negative_05,2016_2017,LGBM,roc_auc,0.9625239997052618,0.9606077290583709,0.9706966502397546,0.968800699803031,-0.0019162706468909274,0.008172650534492787,2.0320210167290575e-05,0.00627670009776915,0.008192970744660077
ordinary_matched_other_unchanged_negative_05,2016_2017,LGBM,retrospective_recall_at_5percent,0.7647058823529411,0.7450980392156863,0.7647058823529411,0.7450980392156863,-0.019607843137254832,0.0,0.0,-0.019607843137254832,0.0
ordinary_matched_other_unchanged_negative_06,2016_2017,LR,average_precision,0.007596087431140914,0.007599663473155362,0.007593773727198661,0.0075893584690180805,3.576042014447403e-06,-2.313703942252894e-06,-7.991300195028285e-06,-6.728962122833776e-06,-1.0305004137281179e-05
ordinary_matched_other_unchanged_negative_06,2016_2017,LR,brier,0.00417757222368531,0.0041775950054980865,0.004177563880698378,0.004177587047121078,2.278181277654001e-08,-8.342986931517138e-09,3.846099229029565e-10,1.482343576792583e-08,-7.958377008614181e-09
ordinary_matched_other_unchanged_negative_06,2016_2017,LR,roc_auc,0.697903510500788,0.6979036595091839,0.6979092538026572,0.6976989867594309,1.4900839584441883e-07,5.7433018691988025e-06,-0.00021041605162219756,-0.00020452374135715434,-0.00020467274975299876
ordinary_matched_other_unchanged_negative_06,2016_2017,LR,retrospective_recall_at_5percent,0.058823529411764705,0.058823529411764705,0.0392156862745098,0.0392156862745098,0.0,-0.0196078431372549,0.0,-0.0196078431372549,-0.0196078431372549
ordinary_matched_other_unchanged_negative_06,2016_2017,LGBM,average_precision,0.2709678340894064,0.2633348518998093,0.25056232012569013,0.2172267141953915,-0.007632982189597071,-0.02040551396371626,-0.025702623740701536,-0.053741119894014894,-0.04610813770441782
ordinary_matched_other_unchanged_negative_06,2016_2017,LGBM,brier,0.003786369486227055,0.0037886282316789447,0.003827708765328894,0.004233004323874791,2.2587454518896606e-06,4.133927910183891e-05,0.00040303681309400733,0.0004466348376477359,0.00044437609219584624
ordinary_matched_other_unchanged_negative_06,2016_2017,LGBM,roc_auc,0.9650974330106602,0.9638531999473667,0.9683455568969662,0.9667501369589618,-0.001244233063293465,0.0032481238863060202,-0.00035118687471091814,0.001652703948301637,0.002896937011595102
ordinary_matched_other_unchanged_negative_06,2016_2017,LGBM,retrospective_recall_at_5percent,0.7647058823529411,0.6862745098039216,0.7647058823529411,0.7450980392156863,-0.07843137254901955,0.0,0.05882352941176472,-0.019607843137254832,0.05882352941176472
ordinary_matched_other_unchanged_negative_07,2016_2017,LR,average_precision,0.007590168984239431,0.007588609441897234,0.007595460642628749,0.007595035146200653,-1.5595423421971288e-06,5.291658389318041e-06,1.1340459141013712e-06,4.866161961222283e-06,6.425704303419412e-06
ordinary_matched_other_unchanged_negative_07,2016_2017,LR,brier,0.004177568470996559,0.004177591314882605,0.004177558756650411,0.004177581963829044,2.2843886045807726e-08,-9.714346147805808e-09,3.632925869856418e-10,1.349283248498756e-08,-9.351053560820166e-09
ordinary_matched_other_unchanged_negative_07,2016_2017,LR,roc_auc,0.697688235479733,0.6975957660521176,0.6977711359768791,0.6976567266826191,-9.246942761542698e-05,8.290049714609893e-05,-2.193986664456027e-05,-3.150879711388832e-05,6.096063050153866e-05
ordinary_matched_other_unchanged_negative_07,2016_2017,LR,retrospective_recall_at_5percent,0.050288235294116294,0.050288235294116294,0.0392156862745098,0.0392156862745098,0.0,-0.011072549019606491,0.0,-0.011072549019606491,-0.011072549019606491
ordinary_matched_other_unchanged_negative_07,2016_2017,LGBM,average_precision,0.2652127360594798,0.25273802475009055,0.24378228784441255,0.22202618432197074,-0.012474711309389264,-0.02143044821506726,-0.009281392213052575,-0.04318655173750907,-0.030711840428119808
ordinary_matched_other_unchanged_negative_07,2016_2017,LGBM,brier,0.003790193823771353,0.003869214599026444,0.004048649636331423,0.0045134071347854516,7.902077525509098e-05,0.0002584558125600699,0.0003857367231989376,0.0007232133110140985,0.0006441925357590075
ordinary_matched_other_unchanged_negative_07,2016_2017,LGBM,roc_auc,0.9608216727218012,0.9592565889496213,0.9702142711903636,0.9673548842945435,-0.0015650837721798982,0.00939259846856244,-0.0012943031236402058,0.006533211572742337,0.008098295344922235
ordinary_matched_other_unchanged_negative_07,2016_2017,LGBM,retrospective_recall_at_5percent,0.803921568627451,0.7843137254901961,0.7450980392156863,0.7450980392156863,-0.019607843137254943,-0.05882352941176472,0.019607843137254943,-0.05882352941176472,-0.039215686274509776
ordinary_matched_other_unchanged_negative_08,2016_2017,LR,average_precision,0.007607482481879811,0.007607302713626397,0.0076063870383343765,0.007602461448872648,-1.7976825341346758e-07,-1.0954435454343242e-06,-3.7458212083152018e-06,-5.0210330071629936e-06,-4.841264753749526e-06
ordinary_matched_other_unchanged_negative_08,2016_2017,LR,brier,0.004177556048420455,0.004177578853200455,0.0041775462456690865,0.0041775694213414425,2.2804780000149072e-08,-9.802751368449825e-09,3.708923558901067e-10,1.3372920987589354e-08,-9.431859012559718e-09
ordinary_matched_other_unchanged_negative_08,2016_2017,LR,roc_auc,0.6977117950028552,0.6976713035909169,0.6976143175974113,0.697372392748675,-4.049141193829264e-05,-9.747740544385763e-05,-0.00020143343679801529,-0.00033940225418016556,-0.0002989108422418729
ordinary_matched_other_unchanged_negative_08,2016_2017,LR,retrospective_recall_at_5percent,0.050288235294116156,0.050288235294116294,0.058823529411764705,0.058823529411764705,1.3877787807814457e-16,0.00853529411764855,-1.3877787807814457e-16,0.00853529411764855,0.00853529411764841
ordinary_matched_other_unchanged_negative_08,2016_2017,LGBM,average_precision,0.24192199455132585,0.21718372688669782,0.2865511414354617,0.25578227501977324,-0.024738267664628028,0.04462914688413583,-0.0060305987510604064,0.013860280468447395,0.03859854813307542
ordinary_matched_other_unchanged_negative_08,2016_2017,LGBM,brier,0.003843672040298537,0.003991398405097049,0.003769768820696195,0.004047062414535464,0.00014772636479851208,-7.390321960234168e-05,0.00012956722904075655,0.00020339037423692695,5.566400943841487e-05
ordinary_matched_other_unchanged_negative_08,2016_2017,LGBM,roc_auc,0.9673819714294739,0.9652084637015081,0.9684278710784674,0.9665157240769684,-0.002173507727965762,0.0010458996489934869,0.0002613607264667639,-0.0008662473525055114,0.0013072603754602508
ordinary_matched_other_unchanged_negative_08,2016_2017,LGBM,retrospective_recall_at_5percent,0.7843137254901961,0.7647058823529411,0.7450980392156863,0.7450980392156863,-0.019607843137254943,-0.039215686274509776,0.019607843137254943,-0.039215686274509776,-0.019607843137254832
ordinary_matched_other_unchanged_negative_09,2016_2017,LR,average_precision,0.0075834735885932526,0.007588544584554842,0.00759412580740075,0.007590694735803294,5.07099596158949e-06,1.0652218807497178e-05,-8.502067559044806e-06,7.221147210041863e-06,2.1501512484523727e-06
ordinary_matched_other_unchanged_negative_09,2016_2017,LR,brier,0.004177564574389021,0.004177587311080424,0.004177555418108249,0.004177578505513776,2.273669140375606e-08,-9.156280771777103e-09,3.50714123541207e-10,1.3931124755520163e-08,-8.805566648235896e-09
ordinary_matched_other_unchanged_negative_09,2016_2017,LR,roc_auc,0.6978889335924902,0.6978484421805518,0.6980238121053133,0.6978671427342413,-4.0491411938403665e-05,0.00013487851282312224,-0.00011617795913354545,-2.1790858248826872e-05,1.8700553689576793e-05
ordinary_matched_other_unchanged_negative_09,2016_2017,LR,retrospective_recall_at_5percent,0.050288235294116294,0.050288235294116294,0.0392156862745098,0.0392156862745098,0.0,-0.011072549019606491,0.0,-0.011072549019606491,-0.011072549019606491
ordinary_matched_other_unchanged_negative_09,2016_2017,LGBM,average_precision,0.24864079335391986,0.22227014089285918,0.22167199016535327,0.21158016368361415,-0.026370652461060684,-0.026968803188566592,0.016278825979321565,-0.03706062967030571,-0.010689977209245027
ordinary_matched_other_unchanged_negative_09,2016_2017,LGBM,brier,0.00387046212404249,0.004412473225485492,0.0039861572355693155,0.004010526027361262,0.0005420111014430022,0.0001156951115268254,-0.0005176423096510557,0.00014006390331877195,-0.0004019471981242303
ordinary_matched_other_unchanged_negative_09,2016_2017,LGBM,roc_auc,0.9674795978433137,0.9661928066864166,0.9663081003131134,0.9639776251972838,-0.0012867911568971158,-0.001171497530200294,-0.0010436839589325064,-0.003501972646029916,-0.0022151814891328003
ordinary_matched_other_unchanged_negative_09,2016_2017,LGBM,retrospective_recall_at_5percent,0.7312686274509816,0.7254901960784313,0.7647058823529411,0.7450980392156863,-0.005778431372550297,0.03343725490195948,-0.013829411764704536,0.013829411764704647,0.019607843137254943
ordinary_matched_other_unchanged_negative_10,2016_2017,LR,average_precision,0.007601073870007461,0.007594949256530597,0.007606999689777662,0.007602662882785029,-6.12461347686364e-06,5.925819770200881e-06,1.7878064842305821e-06,1.5890127775678234e-06,7.713626254431463e-06
ordinary_matched_other_unchanged_negative_10,2016_2017,LR,brier,0.004177563962734511,0.0041775867273244295,0.004177556482529246,0.004177579637560087,2.2764589918851386e-08,-7.480205264226436e-09,3.904409217811433e-10,1.5674825576406093e-08,-7.089764342445293e-09
ordinary_matched_other_unchanged_negative_10,2016_2017,LR,roc_auc,0.6979506295470322,0.6977151833242063,0.6980099705210564,0.6977980838213523,-0.0002354462228258969,5.9340974024157944e-05,2.355952312182996e-05,-0.00015254572567990898,8.29004971459879e-05
ordinary_matched_other_unchanged_negative_10,2016_2017,LR,retrospective_recall_at_5percent,0.050288235294116156,0.050288235294116294,0.0392156862745098,0.0392156862745098,1.3877787807814457e-16,-0.011072549019606352,-1.3877787807814457e-16,-0.011072549019606352,-0.011072549019606491
ordinary_matched_other_unchanged_negative_10,2016_2017,LGBM,average_precision,0.24332456445184542,0.2065094261527032,0.23539991763059884,0.2106327103706345,-0.03681513829914221,-0.007924646821246578,0.012047931039177867,-0.03269185408121092,0.004123284217931289
ordinary_matched_other_unchanged_negative_10,2016_2017,LGBM,brier,0.003921889733640384,0.004646726399284125,0.003853557408056699,0.004282238642651171,0.000724836665643741,-6.833232558368495e-05,-0.0002961554310492694,0.0003603489090107867,-0.00036448775663295435
ordinary_matched_other_unchanged_negative_10,2016_2017,LGBM,roc_auc,0.9689541298611479,0.9676680740282912,0.9690290810843022,0.9668236175340347,-0.0012860558328566807,7.495122315426261e-05,-0.0009194077174108362,-0.0021305123271132542,-0.0008444564942565735
ordinary_matched_other_unchanged_negative_10,2016_2017,LGBM,retrospective_recall_at_5percent,0.803921568627451,0.803921568627451,0.7450980392156863,0.7254901960784313,0.0,-0.05882352941176472,-0.019607843137254943,-0.07843137254901966,-0.07843137254901966
ordinary_matched_other_unchanged_negative_11,2016_2017,LR,average_precision,0.007605735516082318,0.007606466191365738,0.007613526464170379,0.007612612303207675,7.306752834194616e-07,7.79094808806089e-06,-1.644836246123861e-06,6.876787125356491e-06,6.14611184193703e-06
ordinary_matched_other_unchanged_negative_11,2016_2017,LR,brier,0.004177548022775541,0.004177570784537741,0.004177538689165205,0.004177561809455507,2.2761762199889624e-08,-9.333610336004217e-09,3.585281021720177e-10,1.3786679966057425e-08,-8.975082233832199e-09
ordinary_matched_other_unchanged_negative_11,2016_2017,LR,roc_auc,0.6980855080598556,0.6979662397961629,0.698031910387701,0.697865523077764,-0.0001192682636926845,-5.3597672154626075e-05,-4.711904624432606e-05,-0.00021998498209163664,-0.00010071671839895213
ordinary_matched_other_unchanged_negative_11,2016_2017,LR,retrospective_recall_at_5percent,0.050288235294116294,0.050288235294116294,0.0392156862745098,0.0392156862745098,0.0,-0.011072549019606491,0.0,-0.011072549019606491,-0.011072549019606491
ordinary_matched_other_unchanged_negative_11,2016_2017,LGBM,average_precision,0.2615815353392046,0.24255570488671477,0.28445753327937784,0.2646553886773264,-0.019025830452489817,0.022875997940173254,-0.0007763141495615855,0.0030738533381218236,0.02209968379061164
ordinary_matched_other_unchanged_negative_11,2016_2017,LGBM,brier,0.003836615753609153,0.004008358745090248,0.003740400039641867,0.003873567436283997,0.00017174299148109504,-9.621571396728609e-05,-3.8575594838965305e-05,3.695168267484365e-05,-0.0001347913088062514
ordinary_matched_other_unchanged_negative_11,2016_2017,LGBM,roc_auc,0.9654777737019666,0.9636794496790828,0.9678122234547919,0.965927759621807,-0.0017983240228838238,0.002334449752825263,-8.61398101010824e-05,0.00044998591984035663,0.0022483099427241804
ordinary_matched_other_unchanged_negative_11,2016_2017,LGBM,retrospective_recall_at_5percent,0.7647058823529411,0.7450980392156863,0.7647058823529411,0.7450980392156863,-0.019607843137254832,0.0,0.0,-0.019607843137254832,0.0
ordinary_matched_other_unchanged_negative_12,2016_2017,LR,average_precision,0.0075882271162907786,0.007589715727646676,0.0075958967169954,0.007590839783152342,1.4886113558973402e-06,7.66960070462154e-06,-6.545545198955588e-06,2.6126668615632925e-06,1.1240555056659524e-06
ordinary_matched_other_unchanged_negative_12,2016_2017,LR,brier,0.004177577703705808,0.004177600467310385,0.004177567720134958,0.004177590845563399,2.2763604576835073e-08,-9.98357085023327e-09,3.618238642727478e-10,1.314185759087455e-08,-9.621746985960522e-09
ordinary_matched_other_unchanged_negative_12,2016_2017,LR,roc_auc,0.6977085556899002,0.6975990053650728,0.6978889335924903,0.6976583463390966,-0.00010955032482740101,0.00018037790259006758,-0.00012103692856624271,-5.0209350803576136e-05,5.934097402382488e-05
ordinary_matched_other_unchanged_negative_12,2016_2017,LR,retrospective_recall_at_5percent,0.050288235294116294,0.050288235294116294,0.0392156862745098,0.0392156862745098,0.0,-0.011072549019606491,0.0,-0.011072549019606491,-0.011072549019606491
ordinary_matched_other_unchanged_negative_12,2016_2017,LGBM,average_precision,0.2635044889667776,0.2198488451080554,0.23732354326195956,0.2297046185459792,-0.04365564385872217,-0.02618094570481802,0.03603671914274181,-0.03379987042079838,0.009855773437923793
ordinary_matched_other_unchanged_negative_12,2016_2017,LGBM,brier,0.0037940136438413333,0.004257955477494346,0.0038318873476566513,0.0038443802236879715,0.0004639418336530128,3.787370381531799e-05,-0.00045144895762169214,5.036657984663819e-05,-0.0004135752538063746
ordinary_matched_other_unchanged_negative_12,2016_2017,LGBM,roc_auc,0.9672229470778838,0.9661920713623757,0.9668998903968746,0.9652418901718915,-0.0010308757155080839,-0.0003230566810091817,-0.0006271245094749966,-0.0019810569059922623,-0.0009501811904841784
ordinary_matched_other_unchanged_negative_12,2016_2017,LGBM,retrospective_recall_at_5percent,0.7450980392156863,0.7254901960784313,0.7254901960784313,0.7058823529411765,-0.019607843137254943,-0.019607843137254943,1.1102230246251565e-16,-0.039215686274509776,-0.019607843137254832
ordinary_matched_other_unchanged_negative_13,2016_2017,LR,average_precision,0.007602734699331172,0.007600068843307856,0.0076042091435597255,0.007601454698229558,-2.665856023316253e-06,1.4744442285536882e-06,-8.858930685123195e-08,-1.2800011016137966e-06,1.3858549217024563e-06
ordinary_matched_other_unchanged_negative_13,2016_2017,LR,brier,0.00417755216176563,0.004177575092879624,0.004177543256934605,0.004177566537050226,2.2931113994630048e-08,-8.90483102446854e-09,3.4900162620976616e-10,1.4375284596371274e-08,-8.555829398258774e-09
ordinary_matched_other_unchanged_negative_13,2016_2017,LR,roc_auc,0.6977914561870462,0.6976989867594309,0.6978337162638582,0.6976908884770433,-9.246942761531596e-05,4.2260076811961866e-05,-5.035835919953158e-05,-0.00010056771000288567,-8.09828238756971e-06
ordinary_matched_other_unchanged_negative_13,2016_2017,LR,retrospective_recall_at_5percent,0.0392156862745098,0.0392156862745098,0.0392156862745098,0.0392156862745098,0.0,0.0,0.0,0.0,0.0
ordinary_matched_other_unchanged_negative_13,2016_2017,LGBM,average_precision,0.23637209859137973,0.19914489909088393,0.2181261720042206,0.20974530410208586,-0.0372271995004958,-0.018245926587159123,0.028846331598361058,-0.026626794489293865,0.010600405011201935
ordinary_matched_other_unchanged_negative_13,2016_2017,LGBM,brier,0.00383772408160624,0.004695821210563585,0.004070888608299728,0.004116694263244875,0.0008580971289573452,0.00023316452669348842,-0.0008122914740121981,0.00027897018163863547,-0.0005791269473187097
ordinary_matched_other_unchanged_negative_13,2016_2017,LGBM,roc_auc,0.9667106788878563,0.9647064997659907,0.9685664262114946,0.96699618545309,-0.002004179121865679,0.001855747323638246,0.0004339383634610616,0.0002855065652336286,0.0022896856870993076
ordinary_matched_other_unchanged_negative_13,2016_2017,LGBM,retrospective_recall_at_5percent,0.7647058823529411,0.7450980392156863,0.7843137254901961,0.7647058823529411,-0.019607843137254832,0.019607843137254943,-1.1102230246251565e-16,0.0,0.019607843137254832
ordinary_matched_other_unchanged_negative_14,2016_2017,LR,average_precision,0.007736116989048489,0.0077307635066403615,0.0077342878881267755,0.007732077484042606,-5.353482408127809e-06,-1.829100921713761e-06,3.1430783239581525e-06,-4.0395050058834175e-06,1.3139774022443915e-06
ordinary_matched_other_unchanged_negative_14,2016_2017,LR,brier,0.0041774344745471766,0.004177457278320235,0.004177425456739103,0.004177448618363603,2.2803773058223398e-08,-9.017808073191746e-09,3.5785144118782863e-10,1.414381642621948e-08,-8.659956632003918e-09
ordinary_matched_other_unchanged_negative_14,2016_2017,LR,roc_auc,0.701620758167873,0.7014072518116913,0.7015119431670861,0.70127649694426,-0.0002135063561816697,-0.00010881500078685491,-2.1939866644449246e-05,-0.00034426122361297384,-0.00013075486743130416
ordinary_matched_other_unchanged_negative_14,2016_2017,LR,retrospective_recall_at_5percent,0.058823529411764705,0.058823529411764705,0.058823529411764705,0.058823529411764705,0.0,0.0,0.0,0.0,0.0
ordinary_matched_other_unchanged_negative_14,2016_2017,LGBM,average_precision,0.27245965936713284,0.2551672047509411,0.27906686241147916,0.24841433803705135,-0.01729245461619172,0.00660720304434631,-0.01336006975823606,-0.0240453213300815,-0.006752866713889777
ordinary_matched_other_unchanged_negative_14,2016_2017,LGBM,brier,0.0037361468664417626,0.0039269414230507045,0.0039061194795987067,0.004505699414900837,0.00019079455660894187,0.00016997261315694406,0.0004087853786931884,0.0007695525484590743,0.0005787579918501325
ordinary_matched_other_unchanged_negative_14,2016_2017,LGBM,roc_auc,0.9630250793083424,0.9617458001181879,0.9669274148390539,0.9646196149139099,-0.0012792791901544698,0.0039023355307115093,-0.001028520734989491,0.0015945356055675486,0.0028738147957220184
ordinary_matched_other_unchanged_negative_14,2016_2017,LGBM,retrospective_recall_at_5percent,0.7254901960784313,0.7254901960784313,0.7900921568627464,0.7843137254901961,0.0,0.06460196078431502,-0.005778431372550297,0.05882352941176472,0.05882352941176472
ordinary_matched_other_unchanged_negative_15,2016_2017,LR,average_precision,0.007634899900611709,0.007630392596170129,0.007633501344940449,0.007627283322854346,-4.507304441580401e-06,-1.398555671260418e-06,-1.7107176445221861e-06,-7.616577757363005e-06,-3.109273315782604e-06
ordinary_matched_other_unchanged_negative_15,2016_2017,LR,brier,0.004177507745961548,0.004177530742594302,0.004177497748332578,0.004177521111829155,2.299663275345115e-08,-9.997628970352668e-09,3.668638240417188e-10,1.3365867607140203e-08,-9.630765146310949e-09
ordinary_matched_other_unchanged_negative_15,2016_2017,LR,roc_auc,0.6985095794760553,0.6983935505253177,0.6986005782555891,0.6984390499150845,-0.00011602895073759001,9.099877953377966e-05,-4.549938976694534e-05,-7.052956097075569e-05,4.549938976683432e-05
ordinary_matched_other_unchanged_negative_15,2016_2017,LR,retrospective_recall_at_5percent,0.0392156862745098,0.0392156862745098,0.0392156862745098,0.0392156862745098,0.0,0.0,0.0,0.0,0.0
ordinary_matched_other_unchanged_negative_15,2016_2017,LGBM,average_precision,0.222191201206115,0.17654107612228073,0.23060544563248284,0.21078020992033905,-0.04565012508383426,0.008414244426367845,0.025824889371690474,-0.01141099128577594,0.03423913379805832
ordinary_matched_other_unchanged_negative_15,2016_2017,LGBM,brier,0.004142943157338669,0.005101192919473073,0.00412240643611049,0.004961113926860164,0.0009582497621344046,-2.053672122817856e-05,-0.00011954227138473092,0.0008181707695214951,-0.00014007899261290948
ordinary_matched_other_unchanged_negative_15,2016_2017,LGBM,roc_auc,0.944130947515852,0.942927056856101,0.9452523749857059,0.9424701452851626,-0.0012038906597510168,0.0011214274698538862,-0.0015783390407922981,-0.0016608022306894288,-0.00045691157093841195
ordinary_matched_other_unchanged_negative_15,2016_2017,LGBM,retrospective_recall_at_5percent,0.7450980392156863,0.7254901960784313,0.7843137254901961,0.7647058823529411,-0.019607843137254943,0.039215686274509776,0.0,0.019607843137254832,0.039215686274509776
ordinary_matched_other_unchanged_negative_16,2016_2017,LR,average_precision,0.007590748537202465,0.007591278816310113,0.0075913125885580645,0.007589534924113947,5.30279107647906e-07,5.640513555992335e-07,-2.3079435517653693e-06,-1.2136130885182297e-06,-1.7438921961661358e-06
ordinary_matched_other_unchanged_negative_16,2016_2017,LR,brier,0.004177560033298232,0.0041775827851205155,0.004177550793062295,0.004177573902114872,2.2751822283811896e-08,-9.240235936645858e-09,3.572302930895943e-10,1.3868816640255632e-08,-8.883005643556263e-09
ordinary_matched_other_unchanged_negative_16,2016_2017,LR,roc_auc,0.6980603288802558,0.6979426802730406,0.6979815520285014,0.6978923219138412,-0.00011764860721519277,-7.877685175439186e-05,2.841849255497131e-05,-0.00016800696641461332,-5.0358359199420555e-05
ordinary_matched_other_unchanged_negative_16,2016_2017,LR,retrospective_recall_at_5percent,0.058823529411764705,0.058823529411764705,0.0392156862745098,0.0392156862745098,0.0,-0.0196078431372549,0.0,-0.0196078431372549,-0.0196078431372549
ordinary_matched_other_unchanged_negative_16,2016_2017,LGBM,average_precision,0.2617229000544871,0.2300639653132095,0.28573548597878734,0.25711345871788494,-0.03165893474127762,0.024012585924300223,0.003036907480375217,-0.0046094413366021825,0.02704949340467544
ordinary_matched_other_unchanged_negative_16,2016_2017,LGBM,brier,0.003896490024372738,0.004558499391442199,0.0038073931721461685,0.0040655135710135695,0.0006620093670694606,-8.909685222656958e-05,-0.00040388896820205914,0.00016902354664083147,-0.0004929858204286292
ordinary_matched_other_unchanged_negative_16,2016_2017,LGBM,roc_auc,0.9679070575808644,0.9663222399141622,0.967416570531147,0.9652152306262713,-0.001584817666702154,-0.0004904870497173253,-0.0006165222381735447,-0.002691826954593024,-0.00110700928789087
ordinary_matched_other_unchanged_negative_16,2016_2017,LGBM,retrospective_recall_at_5percent,0.7843137254901961,0.7647058823529411,0.7843137254901961,0.7704843137254903,-0.019607843137254943,0.0,0.0057784313725491865,-0.013829411764705757,0.0057784313725491865
ordinary_matched_other_unchanged_negative_17,2016_2017,LR,average_precision,0.007568768909968874,0.007564273833954129,0.007577653751691879,0.007574888658744924,-4.495076014745039e-06,8.884841723005334e-06,1.7299830677901598e-06,6.119748776050454e-06,1.0614824790795493e-05
ordinary_matched_other_unchanged_negative_17,2016_2017,LR,brier,0.004177573503674435,0.004177596345822961,0.004177564388342688,0.004177587591947433,2.2842148525957506e-08,-9.115331747223954e-09,3.6145621912231363e-10,1.4088272997855866e-08,-8.75387552810164e-09
ordinary_matched_other_unchanged_negative_17,2016_2017,LR,roc_auc,0.6973324876523814,0.6971571177276199,0.6974299650578254,0.6973155557635653,-0.0001753699247615259,9.747740544396866e-05,6.096063050142764e-05,-1.6931888816129614e-05,0.0001584380359453963
ordinary_matched_other_unchanged_negative_17,2016_2017,LR,retrospective_recall_at_5percent,0.0392156862745098,0.0392156862745098,0.0392156862745098,0.0392156862745098,0.0,0.0,0.0,0.0,0.0
ordinary_matched_other_unchanged_negative_17,2016_2017,LGBM,average_precision,0.2426372776597344,0.22056848662254122,0.25066923524065415,0.25021525170844755,-0.02206879103719317,0.008031957580919763,0.021614807504986566,0.00757797404871316,0.02964676508590633
ordinary_matched_other_unchanged_negative_17,2016_2017,LGBM,brier,0.0038295384983442872,0.004159656686118757,0.003922004638721037,0.003916725603807567,0.0003301181877744695,9.246614037674954e-05,-0.00033539722268793957,8.718710546327946e-05,-0.00024293108231119003
ordinary_matched_other_unchanged_negative_17,2016_2017,LGBM,roc_auc,0.9681653280027721,0.9671441702261293,0.9628840201864011,0.9607281796712922,-0.0010211577766428004,-0.005281307816371039,-0.001134682738466064,-0.007437148331479904,-0.006415990554837103
ordinary_matched_other_unchanged_negative_17,2016_2017,LGBM,retrospective_recall_at_5percent,0.7647058823529411,0.7647058823529411,0.7254901960784313,0.7058823529411765,0.0,-0.039215686274509776,-0.019607843137254832,-0.05882352941176461,-0.05882352941176461
ordinary_matched_other_unchanged_negative_18,2016_2017,LR,average_precision,0.007588092814017288,0.007591223440386475,0.007594777756587826,0.0075913243498210705,3.1306263691870465e-06,6.68494257053797e-06,-6.584033135942358e-06,3.231535803782659e-06,1.0090943459561269e-07
ordinary_matched_other_unchanged_negative_18,2016_2017,LR,brier,0.004177549492116803,0.004177572363366653,0.004177539583250601,0.004177562813793629,2.2871249849738817e-08,-9.90886620238357e-09,3.5929317854233034e-10,1.3321676825897577e-08,-9.54957302384124e-09
ordinary_matched_other_unchanged_negative_18,2016_2017,LR,roc_auc,0.6978214943360787,0.6978549208064619,0.6978856942795351,0.6977964641648748,3.342647038329094e-05,6.419994345641111e-05,-0.0001226565850435124,-2.5030171203810347e-05,-5.845664158710129e-05
ordinary_matched_other_unchanged_negative_18,2016_2017,LR,retrospective_recall_at_5percent,0.050288235294116294,0.050288235294116294,0.0392156862745098,0.0392156862745098,0.0,-0.011072549019606491,0.0,-0.011072549019606491,-0.011072549019606491
ordinary_matched_other_unchanged_negative_18,2016_2017,LGBM,average_precision,0.24841660257874967,0.20620301313196948,0.23572724630715203,0.22865535047255447,-0.04221358944678019,-0.012689356271597646,0.03514169361218264,-0.0197612521061952,0.022452337340584994
ordinary_matched_other_unchanged_negative_18,2016_2017,LGBM,brier,0.003887908850977051,0.004607323648888426,0.0037877834752766235,0.003845406091795426,0.0007194147979113748,-0.00010012537570042732,-0.0006617921813925724,-4.2502759181624935e-05,-0.0007619175570929997
ordinary_matched_other_unchanged_negative_18,2016_2017,LGBM,roc_auc,0.9684059312118227,0.9665772710231147,0.9648030928389979,0.9628445621152952,-0.0018286601887079756,-0.0036028383728248237,-0.0001298705349946916,-0.005561369096527491,-0.0037327089078195153
ordinary_matched_other_unchanged_negative_18,2016_2017,LGBM,retrospective_recall_at_5percent,0.7647058823529411,0.7254901960784313,0.7254901960784313,0.7058823529411765,-0.039215686274509776,-0.039215686274509776,0.019607843137254943,-0.05882352941176461,-0.019607843137254832
ordinary_matched_other_unchanged_negative_19,2016_2017,LR,average_precision,0.007580191692142675,0.007585054816272739,0.00759494653835107,0.007588481753991983,4.86312413006465e-06,1.4754846208395525e-05,-1.1327908489152175e-05,8.290061849308e-06,3.4269377192433503e-06
ordinary_matched_other_unchanged_negative_19,2016_2017,LR,brier,0.0041775730186127315,0.004177595744034963,0.004177564146397004,0.004177587214752404,2.2725422231528736e-08,-8.872215727720456e-09,3.429331688412085e-10,1.4196139672649488e-08,-8.529282558879248e-09
ordinary_matched_other_unchanged_negative_19,2016_2017,LR,roc_auc,0.6972861039301778,0.6972643130719292,0.6974932806688452,0.6973285130153856,-2.1790858248604827e-05,0.00020717673866743613,-0.00014297679521102502,4.2409085207806285e-05,6.419994345641111e-05
ordinary_matched_other_unchanged_negative_19,2016_2017,LR,retrospective_recall_at_5percent,0.050288235294116294,0.050288235294116294,0.0392156862745098,0.0392156862745098,0.0,-0.011072549019606491,0.0,-0.011072549019606491,-0.011072549019606491
ordinary_matched_other_unchanged_negative_19,2016_2017,LGBM,average_precision,0.22864134184793847,0.19577553750050739,0.2424409049581378,0.23411046709149871,-0.03286580434743108,0.013799563110199337,0.024535366480791992,0.005469125243560247,0.03833492959099133
ordinary_matched_other_unchanged_negative_19,2016_2017,LGBM,brier,0.0038472339641633818,0.004288390917950542,0.0040322948232685615,0.004032253839260832,0.00044115695378716064,0.0001850608591051797,-0.00044119793779488986,0.00018501987509745048,-0.00025613707868971016
ordinary_matched_other_unchanged_negative_19,2016_2017,LGBM,roc_auc,0.9688593054530141,0.9674270335119919,0.964178025293249,0.9623227152768598,-0.001432271941022245,-0.0046812801597651,-0.00042303807536703264,-0.006536590176154378,-0.0051043182351321326
ordinary_matched_other_unchanged_negative_19,2016_2017,LGBM,retrospective_recall_at_5percent,0.7647058823529411,0.7647058823529411,0.7450980392156863,0.7254901960784313,0.0,-0.019607843137254832,-0.019607843137254943,-0.039215686274509776,-0.039215686274509776
ordinary_matched_changed_negative_00,2018_2019,LR,average_precision,0.009829166929048673,0.009813328086120334,0.009821744598634798,0.009805989214640359,-1.5838842928338898e-05,-7.422330413875064e-06,8.345893389924419e-08,-2.3177714408314717e-05,-7.33887147997582e-06
ordinary_matched_changed_negative_00,2018_2019,LR,brier,0.002421250091324462,0.002421251237570133,0.0024212161242137655,0.0024212175842654214,1.1462456708626056e-09,-3.396711069662481e-08,3.1380598510336033e-10,-3.250705904065884e-08,-3.365330471152145e-08
ordinary_matched_changed_negative_00,2018_2019,LR,roc_auc,0.812991614467624,0.8132460908038341,0.8134742445786066,0.8136443666642281,0.0002544763362101188,0.0004826301109825959,-8.435425058861412e-05,0.0006527521966041006,0.0003982758603939818
ordinary_matched_changed_negative_00,2018_2019,LR,retrospective_recall_at_5percent,0.2857142857142857,0.2857142857142857,0.2857142857142857,0.2857142857142857,0.0,0.0,0.0,0.0,0.0
ordinary_matched_changed_negative_00,2018_2019,LGBM,average_precision,0.22753196846006193,0.2376119118148484,0.25521621816951795,0.26487458875030845,0.010079943354786458,0.027684249709456016,-0.0004215727739959596,0.037342620290246514,0.027262676935460056
ordinary_matched_changed_negative_00,2018_2019,LGBM,brier,0.0035270124917645973,0.003464380782172419,0.0033141807323741343,0.003242392141730515,-6.263170959217848e-05,-0.00021283175939046297,-9.156881051440753e-06,-0.0002846203500340822,-0.00022198864044190372
ordinary_matched_changed_negative_00,2018_2019,LGBM,roc_auc,0.9520680603421965,0.9542054934307684,0.9489325307727374,0.9499283543094739,0.0021374330885719495,-0.0031355295694590612,-0.0011416095518355096,-0.0021397060327226214,-0.004277139121294571
ordinary_matched_changed_negative_00,2018_2019,LGBM,retrospective_recall_at_5percent,0.7142857142857143,0.75,0.75,0.75,0.0357142857142857,0.0357142857142857,-0.0357142857142857,0.0357142857142857,0.0
ordinary_matched_changed_negative_01,2018_2019,LR,average_precision,0.009837458273333901,0.009819714902214024,0.00982819562956993,0.00981563033493312,-1.774337111987677e-05,-9.262643763970416e-06,5.178076483066188e-06,-2.1827938400780997e-05,-4.084567280904228e-06
ordinary_matched_changed_negative_01,2018_2019,LR,brier,0.002421241154689702,0.0024212424396229805,0.0024212096175324524,0.002421211212903294,1.284933278267869e-09,-3.153715724983283e-08,3.104375632424772e-10,-2.9941786408322485e-08,-3.1226719686590354e-08
ordinary_matched_changed_negative_01,2018_2019,LR,roc_auc,0.8130431324592908,0.8132039136785398,0.8135679396955678,0.8138255296539023,0.00016078121924900657,0.000524807236277014,9.680873908546328e-05,0.0007823971946114838,0.0006216159753624773
ordinary_matched_changed_negative_01,2018_2019,LR,retrospective_recall_at_5percent,0.2857142857142857,0.2857142857142857,0.2857142857142857,0.2857142857142857,0.0,0.0,0.0,0.0,0.0
ordinary_matched_changed_negative_01,2018_2019,LGBM,average_precision,0.2651024998018416,0.27505528235485843,0.18760367861017826,0.19712025161096822,0.009952782553016848,-0.07749882119166332,-0.00043620955222689606,-0.06798224819087337,-0.07793503074389022
ordinary_matched_changed_negative_01,2018_2019,LGBM,brier,0.003573246551730271,0.0035286674161364574,0.003826869005877869,0.003779331362765943,-4.457913559381341e-05,0.0002536224541475982,-2.958507518112559e-06,0.00020608481103567226,0.00025066394662948566
ordinary_matched_changed_negative_01,2018_2019,LGBM,roc_auc,0.947918579727994,0.9496048053800605,0.9397982407736095,0.9409783409221444,0.001686225652066553,-0.008120338954384465,-0.0005061255035316847,-0.006940238805849597,-0.00862646445791615
ordinary_matched_changed_negative_01,2018_2019,LGBM,retrospective_recall_at_5percent,0.75,0.7857142857142857,0.7857142857142857,0.75,0.0357142857142857,0.0357142857142857,-0.0714285714285714,0.0,-0.0357142857142857
ordinary_matched_changed_negative_02,2018_2019,LR,average_precision,0.009859204778880973,0.009841904913873685,0.009837784705617324,0.009825415338510788,-1.7299865007288154e-05,-2.142007326364978e-05,4.93049790075209e-06,-3.3789440370185844e-05,-1.648957536289769e-05
ordinary_matched_changed_negative_02,2018_2019,LR,brier,0.0024212443051974853,0.0024212455534995047,0.002421212526769393,0.0024212140853707483,1.248302019477704e-09,-3.177842809211351e-08,3.102993357054218e-10,-3.021982673693038e-08,-3.146812875640809e-08
ordinary_matched_changed_negative_02,2018_2019,LR,roc_auc,0.8131306003320036,0.8133366722986713,0.8133836630837696,0.8136443666642282,0.00020607196666777572,0.0002530627517660644,5.463161379082315e-05,0.0005137663322246633,0.00030769436555688756
ordinary_matched_changed_negative_02,2018_2019,LR,retrospective_recall_at_5percent,0.2857142857142857,0.2857142857142857,0.2857142857142857,0.2857142857142857,0.0,0.0,0.0,0.0,0.0
ordinary_matched_changed_negative_02,2018_2019,LGBM,average_precision,0.2510410507816628,0.2611365121045624,0.28011132988015486,0.2891793720457177,0.010095461322899624,0.02907027909849208,-0.0010274191573367841,0.03813832126405492,0.028042859941155296
ordinary_matched_changed_negative_02,2018_2019,LGBM,brier,0.0032773577944845123,0.0032255687623605816,0.003206172145868195,0.0031708605539637635,-5.178903212393069e-05,-7.118564861631742e-05,1.6477440219499293e-05,-0.00010649724052074882,-5.470820839681813e-05
ordinary_matched_changed_negative_02,2018_2019,LGBM,roc_auc,0.9593660979208257,0.9617752754939086,0.9526149493865783,0.9539668716584144,0.002409177573082899,-0.006751148534247409,-0.0010572553012467845,-0.005399226262411294,-0.007808403835494193
ordinary_matched_changed_negative_02,2018_2019,LGBM,retrospective_recall_at_5percent,0.75,0.7857142857142857,0.75,0.7857142857142857,0.0357142857142857,0.0,0.0,0.0357142857142857,0.0
ordinary_matched_changed_negative_03,2018_2019,LR,average_precision,0.009826508161389705,0.009809367265333262,0.00982738994283906,0.009811618879538011,-1.7140896056443145e-05,8.817814493543297e-07,1.36983275539522e-06,-1.4889281851693595e-05,2.2516142047495497e-06
ordinary_matched_changed_negative_03,2018_2019,LR,brier,0.0024212504418106135,0.0024212515947603136,0.0024212187256362192,0.0024212201899830765,1.1529497001214195e-09,-3.171617439425706e-08,3.113971571919172e-10,-3.025182753694372e-08,-3.140477723706514e-08
ordinary_matched_changed_negative_03,2018_2019,LR,roc_auc,0.8128073378558257,0.8130165234446174,0.8134258402090638,0.8135959622946856,0.0002091855887916827,0.0006185023532381262,-3.906350316995599e-05,0.0007886244388598529,0.0005794388500681702
ordinary_matched_changed_negative_03,2018_2019,LR,retrospective_recall_at_5percent,0.2857142857142857,0.2857142857142857,0.2857142857142857,0.2857142857142857,0.0,0.0,0.0,0.0,0.0
ordinary_matched_changed_negative_03,2018_2019,LGBM,average_precision,0.21785365391995393,0.2307019365533454,0.24585077058300123,0.25531543308660953,0.012848282633391467,0.0279971166630473,-0.0033836201297831603,0.03746177916665561,0.02461349653326414
ordinary_matched_changed_negative_03,2018_2019,LGBM,brier,0.0035765479049739216,0.0035159675527725353,0.0035915079607263052,0.0035293650602572766,-6.0580352201386294e-05,1.4960055752383673e-05,-1.562548267642315e-06,-4.7182844716644936e-05,1.3397507484741358e-05
ordinary_matched_changed_negative_03,2018_2019,LGBM,roc_auc,0.9547402144398889,0.9563451994634911,0.9539391355125322,0.9547959731848887,0.001604985023602179,-0.000801078927356702,-0.0007481473512456205,5.5758744999856447e-05,-0.0015492262786023225
ordinary_matched_changed_negative_03,2018_2019,LGBM,retrospective_recall_at_5percent,0.7857142857142857,0.7857142857142857,0.8214285714285714,0.7857142857142857,0.0,0.0357142857142857,-0.0357142857142857,0.0,0.0
ordinary_matched_changed_negative_04,2018_2019,LR,average_precision,0.009845657280504308,0.009829539015105151,0.009828435483654037,0.009808966266760767,-1.6118265399156506e-05,-1.7221796850271087e-05,-3.350951494113588e-06,-3.669101374354118e-05,-2.0572748344384675e-05
ordinary_matched_changed_negative_04,2018_2019,LR,brier,0.002421254988267296,0.0024212561521193107,0.002421223376640657,0.0024212248538812045,1.1638520147627673e-09,-3.161162663882153e-08,3.133885325724839e-10,-3.0134386091486276e-08,-3.1298238106249043e-08
ordinary_matched_changed_negative_04,2018_2019,LR,roc_auc,0.8130275643486699,0.8132398635595857,0.8135101944596526,0.8135897350504371,0.00021229921091581172,0.0004826301109827069,-0.00013275862013129025,0.0005621707017672284,0.00034987149085141667
ordinary_matched_changed_negative_04,2018_2019,LR,retrospective_recall_at_5percent,0.2857142857142857,0.2857142857142857,0.2857142857142857,0.2857142857142857,0.0,0.0,0.0,0.0,0.0
ordinary_matched_changed_negative_04,2018_2019,LGBM,average_precision,0.18373680768767742,0.1937275803395632,0.2578194538753733,0.2692685924195057,0.009990772651885776,0.07408264618769589,0.0014583658922465992,0.08553178473182826,0.07554101207994249
ordinary_matched_changed_negative_04,2018_2019,LGBM,brier,0.0035662015854247844,0.003519091686158062,0.003520318418385199,0.0034468261152421683,-4.7109899266722325e-05,-4.5883167039585324e-05,-2.6382403876308406e-05,-0.00011937547018261606,-7.226557091589373e-05
ordinary_matched_changed_negative_04,2018_2019,LGBM,roc_auc,0.948515286726363,0.9501061172237883,0.9505862066191179,0.9517147887759855,0.0015908304974253662,0.0020709198927548744,-0.0004622483405577471,0.0031995020496224935,0.0016086715521971273
ordinary_matched_changed_negative_04,2018_2019,LGBM,retrospective_recall_at_5percent,0.7142857142857143,0.75,0.7857142857142857,0.75,0.0357142857142857,0.0714285714285714,-0.0714285714285714,0.0357142857142857,0.0
ordinary_matched_changed_negative_05,2018_2019,LR,average_precision,0.009830445965867856,0.009813276643817254,0.009816472655765717,0.009803919701671918,-1.716932205060237e-05,-1.397331010213887e-05,4.616367956802869e-06,-2.652626419593837e-05,-9.356942145336e-06
ordinary_matched_changed_negative_05,2018_2019,LR,brier,0.0024212476139642545,0.0024212489388577715,0.0024212160719618058,0.0024212177107236603,1.324893516944925e-09,-3.154200244872771e-08,3.1386833757029997e-10,-2.990324059421248e-08,-3.122813411115741e-08
ordinary_matched_changed_negative_05,2018_2019,LR,roc_auc,0.8128979193506627,0.8131071049394545,0.8133259178478544,0.8135835078061888,0.00020918558879179372,0.0004279984971916617,4.840436954267613e-05,0.0006855884555261316,0.00047640286673433785
ordinary_matched_changed_negative_05,2018_2019,LR,retrospective_recall_at_5percent,0.2857142857142857,0.2857142857142857,0.2857142857142857,0.2857142857142857,0.0,0.0,0.0,0.0,0.0
ordinary_matched_changed_negative_05,2018_2019,LGBM,average_precision,0.23307431721534835,0.24185794965710028,0.2488569763619313,0.26183336434612076,0.008783632441751926,0.015782659146582945,0.004192755542437532,0.028759047130772403,0.019975414689020476
ordinary_matched_changed_negative_05,2018_2019,LGBM,brier,0.003378871284055565,0.0033207514124540946,0.003239730419917039,0.003190875284368991,-5.811987160147039e-05,-0.00013914086413852576,9.264736053422352e-06,-0.0001879959996865738,-0.0001298761280851034
ordinary_matched_changed_negative_05,2018_2019,LGBM,roc_auc,0.9536891863828906,0.9551458446757404,0.9442582429222579,0.9461847903843581,0.0014566582928497995,-0.009430943460632668,0.0004698891692503926,-0.007504395998532476,-0.008961054291382275
ordinary_matched_changed_negative_05,2018_2019,LGBM,retrospective_recall_at_5percent,0.8214285714285714,0.8214285714285714,0.7857142857142857,0.8214285714285714,0.0,-0.0357142857142857,0.0357142857142857,0.0,0.0
ordinary_matched_changed_negative_06,2018_2019,LR,average_precision,0.009821338559828625,0.009803698157505803,0.009821604614950576,0.009808542980998858,-1.764040232282195e-05,2.6605512195090886e-07,4.5787683711044636e-06,-1.2795578829766577e-05,4.844823493055372e-06
ordinary_matched_changed_negative_06,2018_2019,LR,brier,0.0024212415366986154,0.002421242714197511,0.002421209905884019,0.0024212113971170007,1.1774988956970989e-09,-3.163081459646791e-08,3.137340860194515e-10,-3.013958161475136e-08,-3.131708051044846e-08
ordinary_matched_changed_negative_06,2018_2019,LR,roc_auc,0.8129556645865779,0.8131195594279512,0.8136101168208622,0.8138224160317782,0.00016389484137335764,0.0006544522342842862,4.840436954267613e-05,0.00086675144520032,0.0007028566038269624
ordinary_matched_changed_negative_06,2018_2019,LR,retrospective_recall_at_5percent,0.2857142857142857,0.2857142857142857,0.2857142857142857,0.2857142857142857,0.0,0.0,0.0,0.0,0.0
ordinary_matched_changed_negative_06,2018_2019,LGBM,average_precision,0.17954941467395583,0.1873446962210081,0.27642628399637936,0.2856020948306136,0.00779528154705228,0.09687686932242354,0.001380529287181964,0.10605268015665778,0.0982573986096055
ordinary_matched_changed_negative_06,2018_2019,LGBM,brier,0.003857180312342317,0.0038119559656831013,0.003297256204173758,0.0032515229832892002,-4.5224346659215615e-05,-0.000559924108168559,-5.0887422534205e-07,-0.0006056573290531167,-0.0005604329823939011
ordinary_matched_changed_negative_06,2018_2019,LGBM,roc_auc,0.9531782472195548,0.954801913975902,0.9444863966970304,0.9455026020041917,0.0016236667563471752,-0.008691850522524414,-0.0006074614491858865,-0.007675645215363125,-0.0092993119717103
ordinary_matched_changed_negative_06,2018_2019,LGBM,retrospective_recall_at_5percent,0.7857142857142857,0.8214285714285714,0.7857142857142857,0.7857142857142857,0.0357142857142857,0.0,-0.0357142857142857,0.0,-0.0357142857142857
ordinary_matched_changed_negative_07,2018_2019,LR,average_precision,0.009885534036882571,0.009854844686639976,0.00983117988836312,0.009815136192289296,-3.068935024259575e-05,-5.435414851945146e-05,1.4645654168771866e-05,-7.039784459327535e-05,-3.9708494350679593e-05
ordinary_matched_changed_negative_07,2018_2019,LR,brier,0.002421225362212246,0.0024212264683386086,0.002421200164384015,0.002421201571467609,1.1061263628132922e-09,-2.5197828230644898e-08,3.009572309246866e-10,-2.379074463690692e-08,-2.489687099972021e-08
ordinary_matched_changed_negative_07,2018_2019,LR,roc_auc,0.8132664725742592,0.813475658163051,0.8137069255599475,0.813873934023445,0.00020918558879179372,0.00044045298568828883,-4.217712529430706e-05,0.0006074614491857755,0.0003982758603939818
ordinary_matched_changed_negative_07,2018_2019,LR,retrospective_recall_at_5percent,0.2857142857142857,0.2857142857142857,0.2857142857142857,0.2857142857142857,0.0,0.0,0.0,0.0,0.0
ordinary_matched_changed_negative_07,2018_2019,LGBM,average_precision,0.25413811150500104,0.2673813240946448,0.20446246611482818,0.21175286834179166,0.013243212589643782,-0.04967564539017286,-0.005952810362680305,-0.04238524316320938,-0.05562845575285316
ordinary_matched_changed_negative_07,2018_2019,LGBM,brier,0.0032885945475068386,0.0032377503224864557,0.003406383356137141,0.0033704723251619566,-5.0844225020382945e-05,0.00011778880863030222,1.4933194045198706e-05,8.187777765511798e-05,0.00013272200267550093
ordinary_matched_changed_negative_07,2018_2019,LGBM,roc_auc,0.9540653804351799,0.9559905143128358,0.9474192543751812,0.9489647941251883,0.0019251338776559157,-0.006646126059998703,-0.00037959412764876355,-0.0051005863099915505,-0.007025720187647466
ordinary_matched_changed_negative_07,2018_2019,LGBM,retrospective_recall_at_5percent,0.7142857142857143,0.75,0.7142857142857143,0.75,0.0357142857142857,0.0,0.0,0.0357142857142857,0.0
ordinary_matched_changed_negative_08,2018_2019,LR,average_precision,0.009828445641989673,0.009810780777998414,0.009828335085089384,0.0098078673774592,-1.7664863991259314e-05,-1.105569002891188e-07,-2.8028436389240102e-06,-2.0578264530472443e-05,-2.913400539213129e-06
ordinary_matched_changed_negative_08,2018_2019,LR,brier,0.0024212492466410477,0.0024212505135049753,0.002421217401300361,0.002421218978407063,1.266863927564671e-09,-3.184534068693609e-08,3.102427746128067e-10,-3.0268233984758613e-08,-3.1535097912323284e-08
ordinary_matched_changed_negative_08,2018_2019,LR,roc_auc,0.8130493597035391,0.8132132545449124,0.8135648260734436,0.8138224160317782,0.00016389484137335764,0.0005154663699045159,9.369511696122323e-05,0.0007730563282390968,0.0006091614868657391
ordinary_matched_changed_negative_08,2018_2019,LR,retrospective_recall_at_5percent,0.2857142857142857,0.2857142857142857,0.2857142857142857,0.2857142857142857,0.0,0.0,0.0,0.0,0.0
ordinary_matched_changed_negative_08,2018_2019,LGBM,average_precision,0.26548832259989086,0.2747391257982868,0.2185657394827373,0.22803185204259596,0.00925080319839594,-0.046922583117153555,0.00021530936146274549,-0.037456470557294896,-0.04670727375569084
ordinary_matched_changed_negative_08,2018_2019,LGBM,brier,0.003430343525882423,0.0033965732515526233,0.0038072930540547023,0.0037574857546925945,-3.377027432979957e-05,0.00037694952817227947,-1.6037025032308253e-05,0.00032714222881017165,0.0003609125031399712
ordinary_matched_changed_negative_08,2018_2019,LGBM,roc_auc,0.9614865493143323,0.9633242153192753,0.9514124809767033,0.952534835889323,0.0018376660049429505,-0.010074068337629027,-0.0007153110923232564,-0.008951713425009333,-0.010789379429952284
ordinary_matched_changed_negative_08,2018_2019,LGBM,retrospective_recall_at_5percent,0.75,0.7857142857142857,0.7857142857142857,0.7857142857142857,0.0357142857142857,0.0357142857142857,-0.0357142857142857,0.0357142857142857,0.0
ordinary_matched_changed_negative_09,2018_2019,LR,average_precision,0.009825850206440391,0.009808205349039966,0.00982070636898214,0.009807658353534057,-1.764485740042565e-05,-5.1438374582511714e-06,4.596841952341987e-06,-1.8191852906334835e-05,-5.469955059091841e-07
ordinary_matched_changed_negative_09,2018_2019,LR,brier,0.0024212442196447454,0.002421245341865941,0.0024212119981516576,0.0024212134333130935,1.1222211957449824e-09,-3.222149308782993e-08,3.1294024012765154e-10,-3.0786331651957294e-08,-3.1908552847702276e-08
ordinary_matched_changed_negative_09,2018_2019,LR,roc_auc,0.8130462460814151,0.8132101409227883,0.8135195353260252,0.8137318345369411,0.00016389484137324661,0.0004732892446100978,4.840436954267613e-05,0.0006855884555260205,0.0005216936141527739
ordinary_matched_changed_negative_09,2018_2019,LR,retrospective_recall_at_5percent,0.2857142857142857,0.2857142857142857,0.2857142857142857,0.2857142857142857,0.0,0.0,0.0,0.0,0.0
ordinary_matched_changed_negative_09,2018_2019,LGBM,average_precision,0.20994618109495045,0.22038373520570753,0.19028812439507656,0.1892362943410569,0.010437554110757086,-0.019658056699873888,-0.01148938416477674,-0.02070988675389354,-0.031147440864650627
ordinary_matched_changed_negative_09,2018_2019,LGBM,brier,0.0036418940876172035,0.0035913856675716697,0.0037349741035961185,0.0038716923948540665,-5.0508420045533835e-05,9.308001597891497e-05,0.0001872267113034818,0.00022979830723686293,0.00028030672728239676
ordinary_matched_changed_negative_09,2018_2019,LGBM,roc_auc,0.9506501790992813,0.9521863779829158,0.9584455555398079,0.9590433896693857,0.001536198883634543,0.007795376440526636,-0.0009383647540567308,0.008393210570104448,0.006857011686469905
ordinary_matched_changed_negative_09,2018_2019,LGBM,retrospective_recall_at_5percent,0.7857142857142857,0.8214285714285714,0.8214285714285714,0.8214285714285714,0.0357142857142857,0.0357142857142857,-0.0357142857142857,0.0357142857142857,0.0
ordinary_matched_changed_negative_10,2018_2019,LR,average_precision,0.009835724593707344,0.009818701055294254,0.0098266848336609,0.009814304893935722,-1.7023538413089845e-05,-9.0397600464448e-06,4.643598687912101e-06,-2.1419699771622544e-05,-4.396161358532699e-06
ordinary_matched_changed_negative_10,2018_2019,LR,brier,0.0024212441032950226,0.002421245268932885,0.002421212402682042,0.0024212138823318935,1.1656378622743047e-09,-3.1700612980554294e-08,3.1401198915398387e-10,-3.0220963129126005e-08,-3.138660099140031e-08
ordinary_matched_changed_negative_10,2018_2019,LR,roc_auc,0.8129463237202054,0.8131586229311213,0.8134680173343583,0.8137318345369411,0.00021229921091592274,0.000521693614152885,5.1517991666916174e-05,0.0007855108167357239,0.0005732116058198011
ordinary_matched_changed_negative_10,2018_2019,LR,retrospective_recall_at_5percent,0.2857142857142857,0.2857142857142857,0.2857142857142857,0.2857142857142857,0.0,0.0,0.0,0.0,0.0
ordinary_matched_changed_negative_10,2018_2019,LGBM,average_precision,0.26872541931816424,0.27898688994602727,0.1888089272658132,0.18964853841461218,0.010261470627863034,-0.07991649205235105,-0.009421859479064043,-0.07907688090355205,-0.08933835153141509
ordinary_matched_changed_negative_10,2018_2019,LGBM,brier,0.003316638722433703,0.0032680380569318278,0.004365897660199035,0.0044689323317260886,-4.860066550187517e-05,0.001049258937765332,0.00015163533702892886,0.0011522936092923856,0.0012008942747942608
ordinary_matched_changed_negative_10,2018_2019,LGBM,roc_auc,0.9532957241823004,0.9558283195091422,0.9483825281062316,0.9496829323864009,0.0025325953268418022,-0.004913196076068771,-0.0012321910466724928,-0.0036127917958994615,-0.006145387122741264
ordinary_matched_changed_negative_10,2018_2019,LGBM,retrospective_recall_at_5percent,0.7857142857142857,0.7857142857142857,0.75,0.7857142857142857,0.0,-0.0357142857142857,0.0357142857142857,0.0,0.0
ordinary_matched_changed_negative_11,2018_2019,LR,average_precision,0.00982719814463879,0.009809580079047081,0.009826098823516125,0.009813494672013739,-1.7618065591707907e-05,-1.0993211226641153e-06,5.013914089321489e-06,-1.3703472625050533e-05,3.914592966657374e-06
ordinary_matched_changed_negative_11,2018_2019,LR,brier,0.0024212429379380602,0.0024212441231406,0.0024212114060240012,0.0024212129052012163,1.1852025398433053e-09,-3.153191405896871e-08,3.139746752520156e-10,-3.003273684387339e-08,-3.12179393837167e-08
ordinary_matched_changed_negative_11,2018_2019,LR,roc_auc,0.8129494373423296,0.8131133321837029,0.8134711309564825,0.8137287209148168,0.00016389484137324661,0.000521693614152885,9.369511696111221e-05,0.0007792835724872438,0.0006153887311139972
ordinary_matched_changed_negative_11,2018_2019,LR,retrospective_recall_at_5percent,0.2857142857142857,0.2857142857142857,0.2857142857142857,0.2857142857142857,0.0,0.0,0.0,0.0,0.0
ordinary_matched_changed_negative_11,2018_2019,LGBM,average_precision,0.23401374747588385,0.24443563979218108,0.24446829617405105,0.2543407951158696,0.010421892316297227,0.010454548698167199,-0.0005493933744786794,0.020327047639985746,0.00990515532368852
ordinary_matched_changed_negative_11,2018_2019,LGBM,brier,0.003758525079231277,0.0036814468222139047,0.003479975708073794,0.0034257194998660303,-7.707825701737218e-05,-0.0002785493711574827,2.2822048809608298e-05,-0.00033280557936524657,-0.0002557273223478744
ordinary_matched_changed_negative_11,2018_2019,LGBM,roc_auc,0.9494822469860081,0.9520352240832749,0.9463042538380193,0.9475873899698879,0.002552977097266762,-0.0031779931479888335,-0.0012698409653981724,-0.0018948570161202438,-0.004447834113387006
ordinary_matched_changed_negative_11,2018_2019,LGBM,retrospective_recall_at_5percent,0.7142857142857143,0.75,0.75,0.7857142857142857,0.0357142857142857,0.0357142857142857,0.0,0.0714285714285714,0.0357142857142857
ordinary_matched_changed_negative_12,2018_2019,LR,average_precision,0.00982719814463879,0.009809580079047081,0.009826098823516125,0.009813494672013739,-1.7618065591707907e-05,-1.0993211226641153e-06,5.013914089321489e-06,-1.3703472625050533e-05,3.914592966657374e-06
ordinary_matched_changed_negative_12,2018_2019,LR,brier,0.002421242994677194,0.002421244176742047,0.0024212114428380526,0.0024212129388152246,1.182064853118281e-09,-3.155183914138604e-08,3.1391231888194815e-10,-3.005586196938581e-08,-3.123792682250409e-08
ordinary_matched_changed_negative_12,2018_2019,LR,roc_auc,0.8129494373423296,0.8131133321837029,0.8134711309564824,0.813728720914817,0.00016389484137324661,0.0005216936141527739,9.369511696133426e-05,0.0007792835724873548,0.0006153887311141082
ordinary_matched_changed_negative_12,2018_2019,LR,retrospective_recall_at_5percent,0.2857142857142857,0.2857142857142857,0.2857142857142857,0.2857142857142857,0.0,0.0,0.0,0.0,0.0
ordinary_matched_changed_negative_12,2018_2019,LGBM,average_precision,0.21151546369526342,0.22143540831543929,0.2245420921627902,0.23412197398603551,0.009919944620175869,0.01302662846752678,-0.0003400627969305514,0.022606510290772097,0.012686565670596228
ordinary_matched_changed_negative_12,2018_2019,LGBM,brier,0.003540978330729074,0.0034849006800520906,0.0034813513383930243,0.003438867261984226,-5.607765067698351e-05,-5.962699233604983e-05,1.35935742681852e-05,-0.00010211106874484814,-4.603341806786463e-05
ordinary_matched_changed_negative_12,2018_2019,LGBM,roc_auc,0.9590787853256938,0.9606415932240017,0.9490947255764308,0.9505949745790194,0.001562807898307872,-0.009984059749262975,-6.255889571926687e-05,-0.00848381074667437,-0.010046618644982241
ordinary_matched_changed_negative_12,2018_2019,LGBM,retrospective_recall_at_5percent,0.8214285714285714,0.8214285714285714,0.7142857142857143,0.75,0.0,-0.1071428571428571,0.0357142857142857,-0.0714285714285714,-0.0714285714285714
ordinary_matched_changed_negative_13,2018_2019,LR,average_precision,0.009821524823197208,0.009803898535377513,0.009830393595341788,0.009817829361069416,-1.7626287819694914e-05,8.868772144579595e-06,5.062053547322948e-06,-3.6954621277923705e-06,1.3930825691902543e-05
ordinary_matched_changed_negative_13,2018_2019,LR,brier,0.0024212407292615087,0.002421241904008587,0.0024212092426493543,0.002421210730551975,1.1747470782599856e-09,-3.148661215437998e-08,3.131555422961063e-10,-2.9998709533823886e-08,-3.117345661208387e-08
ordinary_matched_changed_negative_13,2018_2019,LR,roc_auc,0.8129525509644537,0.8131164458058271,0.8136132304429864,0.8138708204013209,0.00016389484137335764,0.0006606794785326553,9.369511696111221e-05,0.0009182694368671251,0.0007543745954937675
ordinary_matched_changed_negative_13,2018_2019,LR,retrospective_recall_at_5percent,0.2857142857142857,0.2857142857142857,0.2857142857142857,0.2857142857142857,0.0,0.0,0.0,0.0,0.0
ordinary_matched_changed_negative_13,2018_2019,LGBM,average_precision,0.2787196878646782,0.2871822099487841,0.27763846500594075,0.2872757401623777,0.008462522084105861,-0.0010812228587374628,0.001174753072331114,0.008556052297699512,9.35302135936511e-05
ordinary_matched_changed_negative_13,2018_2019,LGBM,brier,0.0033752317023798897,0.003337184485994358,0.0033339608445663626,0.0032929504856956658,-3.804721638553171e-05,-4.127085781352718e-05,-2.9631424851650837e-06,-8.228121668422397e-05,-4.423400029869226e-05
ordinary_matched_changed_negative_13,2018_2019,LGBM,roc_auc,0.950447220754738,0.9520006877866731,0.9461777224621363,0.9482574103147929,0.0015534670319351518,-0.004269498292601703,0.0005262208207215124,-0.002189810439945039,-0.003743277471880191
ordinary_matched_changed_negative_13,2018_2019,LGBM,retrospective_recall_at_5percent,0.75,0.7857142857142857,0.6785714285714286,0.7142857142857143,0.0357142857142857,-0.0714285714285714,0.0,-0.0357142857142857,-0.0714285714285714
ordinary_matched_changed_negative_14,2018_2019,LR,average_precision,0.009822522975590673,0.009804909261684005,0.009816803065118099,0.009805118589403973,-1.7613713906667813e-05,-5.719910472573586e-06,5.929238192542083e-06,-1.7404386186699317e-05,2.0932771996849675e-07
ordinary_matched_changed_negative_14,2018_2019,LR,brier,0.002421236069531042,0.0024212372280797124,0.0024212046252490693,0.002421206098336141,1.1585486701937153e-09,-3.1444281972919236e-08,3.145384014011099e-10,-2.997119490132441e-08,-3.1129743571518126e-08
ordinary_matched_changed_negative_14,2018_2019,LR,roc_auc,0.8128588558474925,0.8130227506888659,0.8134258402090638,0.8136834301673984,0.00016389484137335764,0.000566984361571321,9.369511696122323e-05,0.0008245743199059019,0.0006606794785325443
ordinary_matched_changed_negative_14,2018_2019,LR,retrospective_recall_at_5percent,0.2857142857142857,0.2857142857142857,0.2857142857142857,0.2857142857142857,0.0,0.0,0.0,0.0,0.0
ordinary_matched_changed_negative_14,2018_2019,LGBM,average_precision,0.20632530137179947,0.2164769308688809,0.2572871057878406,0.2666892593935336,0.010151629497081427,0.05096180441604112,-0.000749475891388407,0.06036395802173414,0.05021232852465271
ordinary_matched_changed_negative_14,2018_2019,LGBM,brier,0.003530059582531234,0.0034843116996570085,0.00323704907245167,0.0031934080010622328,-4.574788287422561e-05,-0.0002930105100795639,2.1068114847882027e-06,-0.0003366515814690013,-0.0002909036985947757
ordinary_matched_changed_negative_14,2018_2019,LGBM,roc_auc,0.9548228686527978,0.9565308896597337,0.942293472634961,0.9437266355352616,0.0017080210069359003,-0.012529396017836758,-0.00027485810663530064,-0.011096233117536158,-0.012804254124472059
ordinary_matched_changed_negative_14,2018_2019,LGBM,retrospective_recall_at_5percent,0.7857142857142857,0.8214285714285714,0.75,0.7857142857142857,0.0357142857142857,-0.0357142857142857,0.0,0.0,-0.0357142857142857
ordinary_matched_changed_negative_15,2018_2019,LR,average_precision,0.009822440288143598,0.009805267243113713,0.009822982318000283,0.009812238630942069,-1.717304502988487e-05,5.420298566857773e-07,6.4293579716701715e-06,-1.0201657201528921e-05,6.971387828355949e-06
ordinary_matched_changed_negative_15,2018_2019,LR,brier,0.0024212467879855953,0.002421247910702844,0.0024212150444232784,0.0024212164798659646,1.1227172485965553e-09,-3.1743562316915996e-08,3.1272543755955784e-10,-3.030811963075988e-08,-3.143083687935644e-08
ordinary_matched_changed_negative_15,2018_2019,LR,roc_auc,0.8128166787221983,0.81302586431099,0.8134227265869397,0.8137708980401113,0.0002091855887916827,0.000606047864741388,0.00013898586437988136,0.0009542193179129521,0.0007450337291212694
ordinary_matched_changed_negative_15,2018_2019,LR,retrospective_recall_at_5percent,0.2857142857142857,0.2857142857142857,0.2857142857142857,0.2857142857142857,0.0,0.0,0.0,0.0,0.0
ordinary_matched_changed_negative_15,2018_2019,LGBM,average_precision,0.18730573169915374,0.197072093478773,0.22829206827706974,0.23851820713158828,0.00976636177961926,0.040986336577916005,0.00045977707489927577,0.05121247543243454,0.04144611365281528
ordinary_matched_changed_negative_15,2018_2019,LGBM,brier,0.003599278740976698,0.0035569845808789634,0.0034374813358157064,0.0033879350817034477,-4.229416009773456e-05,-0.00016179740516099154,-7.252094014524157e-06,-0.00021134365927325026,-0.0001690494991755157
ordinary_matched_changed_negative_15,2018_2019,LGBM,roc_auc,0.958581714235299,0.9606129977184129,0.9360249542116962,0.9370301186148053,0.002031283483113877,-0.02255676002360285,-0.001026119080004717,-0.02155159562049369,-0.023582879103607568
ordinary_matched_changed_negative_15,2018_2019,LGBM,retrospective_recall_at_5percent,0.7857142857142857,0.8214285714285714,0.75,0.7142857142857143,0.0357142857142857,-0.0357142857142857,-0.0714285714285714,-0.0714285714285714,-0.1071428571428571
ordinary_matched_changed_negative_16,2018_2019,LR,average_precision,0.009818807858481325,0.00980119176297641,0.009816145824496076,0.009803216820249665,-1.7616095504914553e-05,-2.6620339852491404e-06,4.6870912585039726e-06,-1.559103823165972e-05,2.025057273254832e-06
ordinary_matched_changed_negative_16,2018_2019,LR,brier,0.0024212464333762014,0.0024212476152722495,0.0024212148771724697,0.002421216374026879,1.1818960480441953e-09,-3.155620373167245e-08,3.1495836104109e-10,-3.0059349322587164e-08,-3.124124537063136e-08
ordinary_matched_changed_negative_16,2018_2019,LR,roc_auc,0.8129432100980811,0.8131071049394545,0.8134227265869397,0.8136381394199799,0.00016389484137335764,0.0004795164888585779,5.151799166680515e-05,0.0006949293218987407,0.000531034480525383
ordinary_matched_changed_negative_16,2018_2019,LR,retrospective_recall_at_5percent,0.2857142857142857,0.2857142857142857,0.2857142857142857,0.2857142857142857,0.0,0.0,0.0,0.0,0.0
ordinary_matched_changed_negative_16,2018_2019,LGBM,average_precision,0.20082810401052192,0.21050381611814653,0.28536415965480355,0.29545433951002464,0.009675712107624607,0.08453605564428163,0.0004144677475964864,0.09462623549950272,0.08495052339187811
ordinary_matched_changed_negative_16,2018_2019,LGBM,brier,0.0033986269761574037,0.0033629696525343065,0.0036106578893229254,0.003567209779924286,-3.565732362309721e-05,0.0002120309131655217,-7.790785775541997e-06,0.0001685828037668825,0.0002042401273899797
ordinary_matched_changed_negative_16,2018_2019,LGBM,roc_auc,0.9592690027285049,0.9603789031526276,0.9542111664502787,0.9555928113589125,0.001109900424122734,-0.005057836278226202,0.0002717444845110606,-0.0036761913695924076,-0.0047860917937151415
ordinary_matched_changed_negative_16,2018_2019,LGBM,retrospective_recall_at_5percent,0.8928571428571429,0.8214285714285714,0.7857142857142857,0.7857142857142857,-0.07142857142857151,-0.1071428571428572,0.07142857142857151,-0.1071428571428572,-0.0357142857142857
ordinary_matched_changed_negative_17,2018_2019,LR,average_precision,0.00981739711173396,0.009799799477611853,0.009821870164222406,0.009817829361069416,-1.759763412210666e-05,4.473052488447246e-06,1.3556830969116071e-05,4.322493354566581e-07,1.8029883457563317e-05
ordinary_matched_changed_negative_17,2018_2019,LR,brier,0.0024212455129679488,0.0024212466826435347,0.0024212139332746045,0.0024212154176047195,1.169675585988711e-09,-3.1579693344271215e-08,3.146545289947622e-10,-3.009536322928774e-08,-3.126503881527645e-08
ordinary_matched_changed_negative_17,2018_2019,LR,roc_auc,0.8128619694696169,0.81302586431099,0.8135648260734437,0.8138708204013209,0.0001638948413731356,0.0007028566038268513,0.00014209948650401039,0.0010088509317039973,0.0008449560903308617
ordinary_matched_changed_negative_17,2018_2019,LR,retrospective_recall_at_5percent,0.2857142857142857,0.2857142857142857,0.2857142857142857,0.2857142857142857,0.0,0.0,0.0,0.0,0.0
ordinary_matched_changed_negative_17,2018_2019,LGBM,average_precision,0.22673569106445335,0.23989392723236666,0.2038214246619616,0.21273015514338164,0.013158236167913312,-0.02291426640249175,-0.004249505686493266,-0.014005535921071705,-0.027163772088985016
ordinary_matched_changed_negative_17,2018_2019,LGBM,brier,0.0035245822632659907,0.003460315290692577,0.003458497219606301,0.0034190614258672682,-6.426697257341362e-05,-6.60850436596896e-05,2.4831178834380796e-05,-0.00010552083739872242,-4.12538648253088e-05
ordinary_matched_changed_negative_17,2018_2019,LGBM,roc_auc,0.9560610004904833,0.9573880137853258,0.9515559940476517,0.9524332134904333,0.0013270132948425273,-0.004505006442831583,-0.00044979385206089795,-0.0036277870000499535,-0.004954800294892481
ordinary_matched_changed_negative_17,2018_2019,LGBM,retrospective_recall_at_5percent,0.8214285714285714,0.8214285714285714,0.75,0.75,0.0,-0.0714285714285714,0.0,-0.0714285714285714,-0.0714285714285714
ordinary_matched_changed_negative_18,2018_2019,LR,average_precision,0.009817372300089087,0.009799732210221922,0.009827986549588184,0.009815429150574572,-1.7640089867165115e-05,1.0614249499097533e-05,5.082690853553187e-06,-1.9431495145143945e-06,1.569694035265072e-05
ordinary_matched_changed_negative_18,2018_2019,LR,brier,0.0024212428944335295,0.0024212440609566502,0.0024212113242546253,0.0024212128039448415,1.1665231207207138e-09,-3.157017890425412e-08,3.131670955544563e-10,-3.009048868797895e-08,-3.1257011808699664e-08
ordinary_matched_changed_negative_18,2018_2019,LR,roc_auc,0.8129072602170353,0.8130711550584084,0.8135617124513194,0.8138193024096539,0.0001638948413731356,0.0006544522342840642,9.369511696144528e-05,0.000912042192618645,0.0007481473512455095
ordinary_matched_changed_negative_18,2018_2019,LR,retrospective_recall_at_5percent,0.2857142857142857,0.2857142857142857,0.2857142857142857,0.2857142857142857,0.0,0.0,0.0,0.0,0.0
ordinary_matched_changed_negative_18,2018_2019,LGBM,average_precision,0.2076341989107689,0.21821058944311716,0.3020202712962696,0.31829363605875777,0.010576390532348268,0.09438607238550073,0.005696974230139873,0.11065943714798887,0.1000830466156406
ordinary_matched_changed_negative_18,2018_2019,LGBM,brier,0.003375365159435593,0.003316766620045051,0.003015287239827312,0.0029273661633389637,-5.85985393905422e-05,-0.00036007791960828133,-2.932253709780593e-05,-0.00044799899609662946,-0.00038940045670608726
ordinary_matched_changed_negative_18,2018_2019,LGBM,roc_auc,0.9572917779527113,0.9588905357320651,0.9473518818196579,0.9487833446822789,0.00159875777935381,-0.00993989613305335,-0.0001672949167328408,-0.00850843327043238,-0.01010719104978619
ordinary_matched_changed_negative_18,2018_2019,LGBM,retrospective_recall_at_5percent,0.7142857142857143,0.75,0.75,0.7857142857142857,0.0357142857142857,0.0357142857142857,0.0,0.0714285714285714,0.0357142857142857
ordinary_matched_changed_negative_19,2018_2019,LR,average_precision,0.009835048159186089,0.009817379147823213,0.009818910454292758,0.009803700715107616,-1.766901136287559e-05,-1.6137704893330607e-05,2.459272177733271e-06,-3.1347444078472925e-05,-1.3678432715597336e-05
ordinary_matched_changed_negative_19,2018_2019,LR,brier,0.0024212460783082103,0.002421247260660819,0.0024212143833205312,0.0024212158796260122,1.182352608614795e-09,-3.1694987679114356e-08,3.139528723800078e-10,-3.019868219811955e-08,-3.138103480673435e-08
ordinary_matched_changed_negative_19,2018_2019,LR,roc_auc,0.8131243730877552,0.8132882679291285,0.8134289538311882,0.8135990759168097,0.00016389484137324661,0.0003045807434329806,6.227244248258046e-06,0.00047470282905448524,0.00031080798768123863
ordinary_matched_changed_negative_19,2018_2019,LR,retrospective_recall_at_5percent,0.2857142857142857,0.2857142857142857,0.2857142857142857,0.2857142857142857,0.0,0.0,0.0,0.0,0.0
ordinary_matched_changed_negative_19,2018_2019,LGBM,average_precision,0.18687873298496258,0.19728024755648643,0.2352345389244893,0.2450402408967432,0.010401514571523857,0.048355805939526736,-0.0005958125992699681,0.058161507911780624,0.04775999334025677
ordinary_matched_changed_negative_19,2018_2019,LGBM,brier,0.003463692397033997,0.0034070388184397776,0.0033798762227122453,0.003332530823799761,-5.6653578594219236e-05,-8.381617432175149e-05,9.308179681734741e-06,-0.00013116157323423598,-7.450799464001675e-05
ordinary_matched_changed_negative_19,2018_2019,LGBM,roc_auc,0.9483663870891398,0.9499541039644409,0.9450440401922291,0.9463475580945225,0.0015877168753011262,-0.0033223468969106884,-0.0002841989730076877,-0.00201882899461725,-0.003606545869918376
ordinary_matched_changed_negative_19,2018_2019,LGBM,retrospective_recall_at_5percent,0.8214285714285714,0.8214285714285714,0.6785714285714286,0.7142857142857143,0.0,-0.1428571428571428,0.0357142857142857,-0.1071428571428571,-0.1071428571428571
ordinary_matched_other_unchanged_negative_00,2018_2019,LR,average_precision,0.00983302214634463,0.009815647154347497,0.009828232075308299,0.009815917362640996,-1.7374991997132563e-05,-4.79007103633064e-06,5.0602793298295395e-06,-1.7104783703633664e-05,2.7020829349889974e-07
ordinary_matched_other_unchanged_negative_00,2018_2019,LR,brier,0.002421253588620723,0.0024212551082778183,0.0024212214476059756,0.0024212232758066433,1.519657095473692e-09,-3.214101474725839e-08,3.085435722020857e-10,-3.031281407958261e-08,-3.1832471175056304e-08
ordinary_matched_other_unchanged_negative_00,2018_2019,LR,roc_auc,0.8129494373423295,0.8131617365532455,0.8135554852070711,0.8138161887875297,0.00021229921091603376,0.0006060478647416101,4.8404369542565107e-05,0.000866751445200209,0.0006544522342841752
ordinary_matched_other_unchanged_negative_00,2018_2019,LR,retrospective_recall_at_5percent,0.2857142857142857,0.2857142857142857,0.2857142857142857,0.2857142857142857,0.0,0.0,0.0,0.0,0.0
ordinary_matched_other_unchanged_negative_00,2018_2019,LGBM,average_precision,0.2715175543813031,0.28192463267232704,0.24758878460378636,0.2535191356326251,0.010407078291023941,-0.023928769777516734,-0.004476727262185176,-0.01799841874867797,-0.02840549703970191
ordinary_matched_other_unchanged_negative_00,2018_2019,LGBM,brier,0.003298162515171106,0.0032706637730181756,0.003488226122531255,0.0034597777789555023,-2.7498742152930623e-05,0.00019006360736014902,-9.49601422822223e-07,0.00016161526378439617,0.0001891140059373268
ordinary_matched_other_unchanged_negative_00,2018_2019,LGBM,roc_auc,0.954649632945052,0.9571680737457171,0.9498898637127746,0.9511480908676495,0.0025184408006651005,-0.004759769232277389,-0.0012602136457902091,-0.0035015420774024975,-0.006019982878067598
ordinary_matched_other_unchanged_negative_00,2018_2019,LGBM,retrospective_recall_at_5percent,0.75,0.7857142857142857,0.7857142857142857,0.7857142857142857,0.0357142857142857,0.0357142857142857,-0.0357142857142857,0.0357142857142857,0.0
ordinary_matched_other_unchanged_negative_01,2018_2019,LR,average_precision,0.009860914347432142,0.009838739684985482,0.009840715443049517,0.009823166325770235,-2.2174662446659832e-05,-2.019890438262513e-05,4.625545167377676e-06,-3.7748021661907286e-05,-1.5573359215247454e-05
ordinary_matched_other_unchanged_negative_01,2018_2019,LR,brier,0.002421246150703947,0.002421247535710353,0.00242121402261204,0.002421215726928115,1.3850064060037803e-09,-3.2128091906943185e-08,3.193096689835251e-10,-3.042377583195588e-08,-3.180878223795966e-08
ordinary_matched_other_unchanged_negative_01,2018_2019,LR,roc_auc,0.8134023448165147,0.8136568211527251,0.8137428754409936,0.8138645931570725,0.0002544763362103408,0.00034053062447880755,-0.00013275862013140127,0.0004622483405577471,0.00020777200434740628
ordinary_matched_other_unchanged_negative_01,2018_2019,LR,retrospective_recall_at_5percent,0.2857142857142857,0.2857142857142857,0.2857142857142857,0.2857142857142857,0.0,0.0,0.0,0.0,0.0
ordinary_matched_other_unchanged_negative_01,2018_2019,LGBM,average_precision,0.2626400479528343,0.2742164933468486,0.28021138640030663,0.28657808489263065,0.011576445394014312,0.01757133844747233,-0.005209746901690293,0.023938036939796348,0.012361591545782036
ordinary_matched_other_unchanged_negative_01,2018_2019,LGBM,brier,0.003440859514501231,0.0033757717981559507,0.0031843756034945743,0.0031563830527545867,-6.50877163452801e-05,-0.00025648391100665646,3.709516560529251e-05,-0.00028447646174664405,-0.00021938874540136395
ordinary_matched_other_unchanged_negative_01,2018_2019,LGBM,roc_auc,0.9546745419220455,0.9576022994871571,0.95093495097876,0.9526070221046501,0.002927757565111655,-0.0037395909432854646,-0.0012556864392215816,-0.0020675198173953913,-0.004995277382507046
ordinary_matched_other_unchanged_negative_01,2018_2019,LGBM,retrospective_recall_at_5percent,0.8214285714285714,0.8571428571428571,0.75,0.7857142857142857,0.0357142857142857,-0.0714285714285714,0.0,-0.0357142857142857,-0.0714285714285714
ordinary_matched_other_unchanged_negative_02,2018_2019,LR,average_precision,0.009831475705207853,0.00981791459044859,0.009802929170816075,0.009773205175179682,-1.3561114759263332e-05,-2.8546534391778178e-05,-1.616288087713004e-05,-5.827053002817155e-05,-4.470941526890822e-05
ordinary_matched_other_unchanged_negative_02,2018_2019,LR,brier,0.002421255962900021,0.002421257083921411,0.002421223914362051,0.0024212253514318775,1.1210213898653343e-09,-3.2048537970154334e-08,3.160484365535843e-10,-3.0611468143735415e-08,-3.173248953360075e-08
ordinary_matched_other_unchanged_negative_02,2018_2019,LR,roc_auc,0.8129885008454997,0.8132913815512528,0.8133836630837695,0.8134116856828874,0.000302880705753128,0.00039516223826985275,-0.00027485810663530064,0.0004231848373876801,0.00012030413163455211
ordinary_matched_other_unchanged_negative_02,2018_2019,LR,retrospective_recall_at_5percent,0.2857142857142857,0.2857142857142857,0.2857142857142857,0.2857142857142857,0.0,0.0,0.0,0.0,0.0
ordinary_matched_other_unchanged_negative_02,2018_2019,LGBM,average_precision,0.21139772538523266,0.2246751363264874,0.2337738414723889,0.2440597621303594,0.01327741094125473,0.022376116087156228,-0.002991490283284215,0.032662036745126743,0.019384625803872013
ordinary_matched_other_unchanged_negative_02,2018_2019,LGBM,brier,0.0034019603865132315,0.0033417807787956767,0.003401634607777878,0.00334925089324504,-6.017960771755471e-05,-3.257787353533499e-07,7.795893184716404e-06,-5.270949326819166e-05,7.470114449363054e-06
ordinary_matched_other_unchanged_negative_02,2018_2019,LGBM,roc_auc,0.9586989047448093,0.9600743224091947,0.9462912264430516,0.9475947443453452,0.0013754176643853144,-0.012407678301757707,-7.189976209176496e-05,-0.011104160399464158,-0.012479578063849472
ordinary_matched_other_unchanged_negative_02,2018_2019,LGBM,retrospective_recall_at_5percent,0.8214285714285714,0.8214285714285714,0.7857142857142857,0.7857142857142857,0.0,-0.0357142857142857,0.0,-0.0357142857142857,-0.0357142857142857
ordinary_matched_other_unchanged_negative_03,2018_2019,LR,average_precision,0.009786855370402527,0.009776092060662066,0.00978573335434565,0.0097684378077751,-1.076330974046115e-05,-1.1220160568772841e-06,-6.532236830088592e-06,-1.8417562627427025e-05,-7.654252886965876e-06
ordinary_matched_other_unchanged_negative_03,2018_2019,LR,brier,0.0024213409692727434,0.0024213419544389975,0.002421307224407116,0.002421308517414271,9.851662541304762e-10,-3.3744865627488574e-08,3.0784090120777874e-10,-3.245185847215032e-08,-3.3437024726280795e-08
ordinary_matched_other_unchanged_negative_03,2018_2019,LR,roc_auc,0.8124778481353991,0.812722983605237,0.812869896751545,0.8130337915929181,0.00024513546983784273,0.00039204861614583475,-8.124062846470714e-05,0.0005559434575189703,0.0003108079876811276
ordinary_matched_other_unchanged_negative_03,2018_2019,LR,retrospective_recall_at_5percent,0.2857142857142857,0.2857142857142857,0.2857142857142857,0.2857142857142857,0.0,0.0,0.0,0.0,0.0
ordinary_matched_other_unchanged_negative_03,2018_2019,LGBM,average_precision,0.18546113925263583,0.19026448981248187,0.23123102771929976,0.24485269835658913,0.004803350559846042,0.04576988846666394,0.00881832007744332,0.0593915591039533,0.05458820854410726
ordinary_matched_other_unchanged_negative_03,2018_2019,LGBM,brier,0.003992598208322769,0.00395972817419591,0.0034011604282928013,0.00333659234528581,-3.2870034126858405e-05,-0.0005914377800299675,-3.169804888013272e-05,-0.0006560058630369586,-0.0006231358289101002
ordinary_matched_other_unchanged_negative_03,2018_2019,LGBM,roc_auc,0.9580557798678131,0.9594062885552048,0.9460574183305017,0.9469408650175318,0.0013505086873917271,-0.011998361537311375,-0.0004670620003616177,-0.011114914850281266,-0.012465423537672993
ordinary_matched_other_unchanged_negative_03,2018_2019,LGBM,retrospective_recall_at_5percent,0.75,0.75,0.7857142857142857,0.7857142857142857,0.0,0.0357142857142857,0.0,0.0357142857142857,0.0357142857142857
ordinary_matched_other_unchanged_negative_04,2018_2019,LR,average_precision,0.009815883708306477,0.009798935175367502,0.009831674836834644,0.009811616355700353,-1.6948532938975205e-05,1.579112852816665e-05,-3.109948195315071e-06,-4.2673526061236255e-06,1.268118033285158e-05
ordinary_matched_other_unchanged_negative_04,2018_2019,LR,brier,0.0024212393227546593,0.002421240418437887,0.002421208634837968,0.0024212100525633352,1.095683227741312e-09,-3.06879166913146e-08,3.2204213948339167e-10,-2.9270191324089895e-08,-3.036587455183121e-08
ordinary_matched_other_unchanged_negative_04,2018_2019,LR,roc_auc,0.8129853872233755,0.8132008000564157,0.8138365705579548,0.8138677067791967,0.0002154128330401628,0.0008511833345792308,-0.00018427661179820642,0.0008823195558211872,0.0006669067227810244
ordinary_matched_other_unchanged_negative_04,2018_2019,LR,retrospective_recall_at_5percent,0.2857142857142857,0.2857142857142857,0.2857142857142857,0.2857142857142857,0.0,0.0,0.0,0.0,0.0
ordinary_matched_other_unchanged_negative_04,2018_2019,LGBM,average_precision,0.16871225238521945,0.17474581522866287,0.21122194698587746,0.21917300258866276,0.0060335628434434185,0.04250969460065801,0.0019174927593418878,0.050460750203443316,0.0444271873599999
ordinary_matched_other_unchanged_negative_04,2018_2019,LGBM,brier,0.004208920360635244,0.004182696615937667,0.005217727499987924,0.0051500137919167415,-2.6223744697577607e-05,0.0010088071393526792,-4.148996337360444e-05,0.0009410934312814971,0.0009673171759790747
ordinary_matched_other_unchanged_negative_04,2018_2019,LGBM,roc_auc,0.959302125440662,0.9628107354402862,0.9426744803470544,0.943840712422648,0.0035086099996242126,-0.01662764509360759,-0.002342377924030581,-0.015461413018013959,-0.01897002301763817
ordinary_matched_other_unchanged_negative_04,2018_2019,LGBM,retrospective_recall_at_5percent,0.7142857142857143,0.75,0.75,0.7857142857142857,0.0357142857142857,0.0357142857142857,0.0,0.0714285714285714,0.0357142857142857
ordinary_matched_other_unchanged_negative_05,2018_2019,LR,average_precision,0.009834815918281612,0.009817620354606624,0.009828675938318404,0.009816101100001513,-1.7195563674987993e-05,-6.139979963208295e-06,4.620725358096822e-06,-1.8714818280099466e-05,-1.5192546051114725e-06
ordinary_matched_other_unchanged_negative_05,2018_2019,LR,brier,0.002421237123999636,0.002421238376876151,0.0024212057688848257,0.002421207340116842,1.2528765147741538e-09,-3.135511481055023e-08,3.183555016827988e-10,-2.9783882794093275e-08,-3.103675930886743e-08
ordinary_matched_other_unchanged_negative_05,2018_2019,LR,roc_auc,0.8131790047015464,0.8133881902903382,0.8137428754409936,0.8140004653993279,0.00020918558879179372,0.000563870739447192,4.8404369542565107e-05,0.0008214606977815508,0.0006122751089897571
ordinary_matched_other_unchanged_negative_05,2018_2019,LR,retrospective_recall_at_5percent,0.2857142857142857,0.2857142857142857,0.2857142857142857,0.2857142857142857,0.0,0.0,0.0,0.0,0.0
ordinary_matched_other_unchanged_negative_05,2018_2019,LGBM,average_precision,0.1743347361639546,0.18033068922422474,0.21704571243803172,0.2149746101839868,0.005995953060270148,0.042710976274077134,-0.008067055314315064,0.04063987402003222,0.03464392095976207
ordinary_matched_other_unchanged_negative_05,2018_2019,LGBM,brier,0.004157821439983676,0.004202416728921195,0.003614045195263116,0.0037113298334651872,4.459528893751858e-05,-0.0005437762447205599,5.2689349264552036e-05,-0.0004464916065184889,-0.0004910868954560075
ordinary_matched_other_unchanged_negative_05,2018_2019,LGBM,roc_auc,0.9609982648655719,0.9644256342367317,0.9327685476041319,0.9338020210595941,0.0034273693711597275,-0.02822971726144008,-0.002393895915697497,-0.02719624380597785,-0.030623613177137576
ordinary_matched_other_unchanged_negative_05,2018_2019,LGBM,retrospective_recall_at_5percent,0.75,0.7857142857142857,0.75,0.7857142857142857,0.0357142857142857,0.0,0.0,0.0357142857142857,0.0
ordinary_matched_other_unchanged_negative_06,2018_2019,LR,average_precision,0.009826926945990539,0.009809867863886785,0.009827497204340133,0.00981561946984793,-1.7059082103754175e-05,5.702583495935387e-07,5.1813476115523255e-06,-1.1307476142608311e-05,5.751605961145864e-06
ordinary_matched_other_unchanged_negative_06,2018_2019,LR,brier,0.0024212431415824376,0.0024212442785138065,0.002421211401330566,0.0024212128493151562,1.1369313689287008e-09,-3.1740251871682085e-08,3.110532213745909e-10,-3.029226728137879e-08,-3.1429198650307494e-08
ordinary_matched_other_unchanged_negative_06,2018_2019,LR,roc_auc,0.8129463237202055,0.8131586229311214,0.8134680173343583,0.8137740116622354,0.00021229921091592274,0.0005216936141527739,9.369511696122323e-05,0.0008276879420299199,0.0006153887311139972
ordinary_matched_other_unchanged_negative_06,2018_2019,LR,retrospective_recall_at_5percent,0.2857142857142857,0.2857142857142857,0.2857142857142857,0.2857142857142857,0.0,0.0,0.0,0.0,0.0
ordinary_matched_other_unchanged_negative_06,2018_2019,LGBM,average_precision,0.29142715463715174,0.30097136739096275,0.25684150029917047,0.2707675216750374,0.00954421275381101,-0.034585654337981275,0.004381808622055949,-0.020659632962114316,-0.030203845715925326
ordinary_matched_other_unchanged_negative_06,2018_2019,LGBM,brier,0.003460557416553867,0.0034121733038353997,0.0031576902255398397,0.003089163019361486,-4.838411271846721e-05,-0.00030286719101402714,-2.014309345988634e-05,-0.0003713943971923807,-0.0003230102844739135
ordinary_matched_other_unchanged_negative_06,2018_2019,LGBM,roc_auc,0.9520714604175563,0.9535094369776609,0.951184327201931,0.951780461293829,0.0014379765601045813,-0.0008871332156252798,-0.0008418424682066217,-0.0002909991237273202,-0.0017289756838319015
ordinary_matched_other_unchanged_negative_06,2018_2019,LGBM,retrospective_recall_at_5percent,0.75,0.75,0.7857142857142857,0.7857142857142857,0.0,0.0357142857142857,0.0,0.0357142857142857,0.0357142857142857
ordinary_matched_other_unchanged_negative_07,2018_2019,LR,average_precision,0.009850819705333877,0.009838177411449923,0.009838191057222825,0.009820788037181657,-1.264229388395384e-05,-1.2628648111051577e-05,-4.760726157213707e-06,-3.0031668152219124e-05,-1.7389374268265284e-05
ordinary_matched_other_unchanged_negative_07,2018_2019,LR,brier,0.0024212554060966795,0.0024212568003891335,0.002421223965816965,0.0024212256714288435,1.394292454062751e-09,-3.144027971432525e-08,3.1131942423295866e-10,-2.9734667836029544e-08,-3.1128960290092295e-08
ordinary_matched_other_unchanged_negative_07,2018_2019,LR,roc_auc,0.8128916921064142,0.8131945728121672,0.8134133857205671,0.8135382170587703,0.00030288070575301695,0.000521693614152885,-0.00017804936754983736,0.0006465249523560646,0.0003436442466030476
ordinary_matched_other_unchanged_negative_07,2018_2019,LR,retrospective_recall_at_5percent,0.2857142857142857,0.2857142857142857,0.2857142857142857,0.2857142857142857,0.0,0.0,0.0,0.0,0.0
ordinary_matched_other_unchanged_negative_07,2018_2019,LGBM,average_precision,0.17512596598146957,0.17988613699171613,0.19973876284077904,0.1971853602739184,0.004760171010246561,0.024612796859309477,-0.007313573577107213,0.022059394292448825,0.017299223282202264
ordinary_matched_other_unchanged_negative_07,2018_2019,LGBM,brier,0.004023169927586786,0.003986324206885262,0.004547313625778998,0.0049688726090527935,-3.684572070152426e-05,0.0005241436981922119,0.0004584047039753198,0.0009457026814660074,0.0009825484021675317
ordinary_matched_other_unchanged_negative_07,2018_2019,LGBM,roc_auc,0.9522548963513808,0.9561009233533595,0.9389484710234748,0.9402723706961933,0.003846027001978669,-0.013306425327906046,-0.00252212732926016,-0.011982525655187537,-0.015828552657166206
ordinary_matched_other_unchanged_negative_07,2018_2019,LGBM,retrospective_recall_at_5percent,0.7142857142857143,0.75,0.75,0.7857142857142857,0.0357142857142857,0.0357142857142857,0.0,0.0714285714285714,0.0357142857142857
ordinary_matched_other_unchanged_negative_08,2018_2019,LR,average_precision,0.009838385821588668,0.009824971208223097,0.009828871995010511,0.009812357805400424,-1.3414613365571662e-05,-9.513826578157539e-06,-3.0995762445151093e-06,-2.602801618824431e-05,-1.2613402822672648e-05
ordinary_matched_other_unchanged_negative_08,2018_2019,LR,brier,0.0024212273833434314,0.0024212285641764023,0.002421195972546121,0.002421197467333598,1.1808329709005194e-09,-3.141079731039387e-08,3.139545060558413e-10,-2.991600983343751e-08,-3.1096842804338026e-08
ordinary_matched_other_unchanged_negative_08,2018_2019,LR,roc_auc,0.8128042242337015,0.8131071049394545,0.8131931592277231,0.8134085720607631,0.00030288070575301695,0.0003889349940215947,-8.746787271296519e-05,0.0006043478270616465,0.0003014671213086295
ordinary_matched_other_unchanged_negative_08,2018_2019,LR,retrospective_recall_at_5percent,0.2857142857142857,0.2857142857142857,0.2857142857142857,0.2857142857142857,0.0,0.0,0.0,0.0,0.0
ordinary_matched_other_unchanged_negative_08,2018_2019,LGBM,average_precision,0.2401015169146182,0.24947479269983827,0.25828698491965674,0.26791006026609954,0.00937327578522007,0.018185468005038535,0.00024979956122272995,0.027808543351481335,0.018435267566261265
ordinary_matched_other_unchanged_negative_08,2018_2019,LGBM,brier,0.0034273979412982295,0.0033755332040819003,0.0035324349315735085,0.0034820703613484393,-5.1864737216329206e-05,0.00010503699027527907,1.500166991259995e-06,5.467242005020986e-05,0.00010653715726653907
ordinary_matched_other_unchanged_negative_08,2018_2019,LGBM,roc_auc,0.9488589309729658,0.9503000211551947,0.944535928197782,0.9458003825969052,0.0014410901822289324,-0.004323002775183826,-0.00017663578310567196,-0.003058548376060566,-0.004499638558289498
ordinary_matched_other_unchanged_negative_08,2018_2019,LGBM,retrospective_recall_at_5percent,0.7857142857142857,0.7857142857142857,0.7857142857142857,0.8214285714285714,0.0,0.0,0.0357142857142857,0.0357142857142857,0.0357142857142857
ordinary_matched_other_unchanged_negative_09,2018_2019,LR,average_precision,0.009803344377019135,0.00978566357065337,0.009825899084517089,0.009806262270332385,-1.7680806365764912e-05,2.2554707497953602e-05,-1.956007818939079e-06,2.9178933132496115e-06,2.0598699679014523e-05
ordinary_matched_other_unchanged_negative_09,2018_2019,LR,brier,0.0024212690195794377,0.0024212706223777254,0.0024212373034636896,0.002421239217475297,1.6027982877551972e-09,-3.1716115748026824e-08,3.1121331943786967e-10,-2.9802104140833757e-08,-3.1404902428588954e-08
ordinary_matched_other_unchanged_negative_09,2018_2019,LR,roc_auc,0.8126980746282435,0.8128681967138651,0.8136757893387057,0.8138459114243274,0.00017012208562161568,0.000977714710462152,1.1102230246251565e-16,0.0011478367960838787,0.000977714710462263
ordinary_matched_other_unchanged_negative_09,2018_2019,LR,retrospective_recall_at_5percent,0.2857142857142857,0.2857142857142857,0.2857142857142857,0.2857142857142857,0.0,0.0,0.0,0.0,0.0
ordinary_matched_other_unchanged_negative_09,2018_2019,LGBM,average_precision,0.17823966525730522,0.18495395512990892,0.28726221841633565,0.2963439995903427,0.006714289872603696,0.10902255315903042,0.002367491301403346,0.11810433433303746,0.11139004446043377
ordinary_matched_other_unchanged_negative_09,2018_2019,LGBM,brier,0.0039648974129137,0.003946715922697267,0.0037474073026488373,0.003704620229563649,-1.8181490216433345e-05,-0.00021749011026486265,-2.4605582868755457e-05,-0.000260277183350051,-0.00024209569313361767
ordinary_matched_other_unchanged_negative_09,2018_2019,LGBM,roc_auc,0.9619731524071454,0.9654395852814751,0.9573747186188554,0.958753249905365,0.0034664328743296835,-0.004598433788290057,-0.002087901587820018,-0.0032199025017803917,-0.006686335376110075
ordinary_matched_other_unchanged_negative_09,2018_2019,LGBM,retrospective_recall_at_5percent,0.7142857142857143,0.75,0.7857142857142857,0.7857142857142857,0.0357142857142857,0.0714285714285714,-0.0357142857142857,0.0714285714285714,0.0357142857142857
ordinary_matched_other_unchanged_negative_10,2018_2019,LR,average_precision,0.00984630233772692,0.009828408980085803,0.009852923621249097,0.009828884743806564,-1.7893357641117838e-05,6.62128352217628e-06,-6.14551980141452e-06,-1.7417593920356078e-05,4.757637207617599e-07
ordinary_matched_other_unchanged_negative_10,2018_2019,LR,brier,0.0024212802267851627,0.0024212814189905714,0.002421246950225885,0.0024212484450454015,1.192205408614283e-09,-3.327655927762643e-08,3.0261410781731723e-10,-3.178173976119483e-08,-3.2973945169809116e-08
ordinary_matched_other_unchanged_negative_10,2018_2019,LR,roc_auc,0.8127260972273612,0.8128899920687345,0.8133414859584753,0.813511608044097,0.00016389484137324661,0.0006153887311141082,6.227244248369068e-06,0.0007855108167357239,0.0006216159753624773
ordinary_matched_other_unchanged_negative_10,2018_2019,LR,retrospective_recall_at_5percent,0.2857142857142857,0.2857142857142857,0.2857142857142857,0.2857142857142857,0.0,0.0,0.0,0.0,0.0
ordinary_matched_other_unchanged_negative_10,2018_2019,LGBM,average_precision,0.2929559895315908,0.301363085090668,0.27398945917417294,0.28131698151676765,0.008407095559077205,-0.018966530357417855,-0.001079573216482499,-0.011639008014823149,-0.020046103573900353
ordinary_matched_other_unchanged_negative_10,2018_2019,LGBM,brier,0.003158894325308664,0.003133374926024371,0.0037827597630690326,0.0037413567975611377,-2.5519399284293018e-05,0.0006238654377603687,-1.5883566223601816e-05,0.0005824624722524738,0.0006079818715367669
ordinary_matched_other_unchanged_negative_10,2018_2019,LGBM,roc_auc,0.9500738538713376,0.9519647379056274,0.9414069123258069,0.9423996222404191,0.0018908840342898303,-0.008666941545530715,-0.0008981741196776305,-0.0076742316309185155,-0.009565115665208346
ordinary_matched_other_unchanged_negative_10,2018_2019,LGBM,retrospective_recall_at_5percent,0.75,0.7857142857142857,0.6428571428571429,0.6785714285714286,0.0357142857142857,-0.1071428571428571,0.0,-0.0714285714285714,-0.1071428571428571
ordinary_matched_other_unchanged_negative_11,2018_2019,LR,average_precision,0.009816588802058504,0.009800294465317787,0.009817224365455356,0.009803370465840426,-1.629433674071694e-05,6.355633968523067e-07,2.4404371257863433e-06,-1.3218336218078289e-05,3.07600052263865e-06
ordinary_matched_other_unchanged_negative_11,2018_2019,LR,brier,0.0024212423848984773,0.0024212436421612777,0.0024212105101905613,0.002421212076817547,1.257262800379716e-09,-3.1874707916070694e-08,3.093641853108009e-10,-3.030808093038018e-08,-3.156534373075989e-08
ordinary_matched_other_unchanged_negative_11,2018_2019,LR,roc_auc,0.8128526286032443,0.8130618141920359,0.8134289538311881,0.8136412530421041,0.0002091855887916827,0.0005763252279438191,3.1136221243510676e-06,0.0007886244388598529,0.0005794388500681702
ordinary_matched_other_unchanged_negative_11,2018_2019,LR,retrospective_recall_at_5percent,0.2857142857142857,0.2857142857142857,0.2857142857142857,0.2857142857142857,0.0,0.0,0.0,0.0,0.0
ordinary_matched_other_unchanged_negative_11,2018_2019,LGBM,average_precision,0.18135446418929602,0.18598443010279814,0.19381466940219472,0.19003409645084862,0.004629965913502121,0.0124602052128987,-0.008410538864848216,0.008679632261552606,0.004049666348050485
ordinary_matched_other_unchanged_negative_11,2018_2019,LGBM,brier,0.0038452694491726133,0.003875220558643006,0.003916291808476315,0.004157347975147489,2.995110947039267e-05,7.102235930370182e-05,0.0002111050572007815,0.000312078525974876,0.0002821274165044833
ordinary_matched_other_unchanged_negative_11,2018_2019,LGBM,roc_auc,0.9574395504587254,0.9607936064833488,0.936791210389216,0.9383149547843536,0.003354056024623353,-0.02064834006950944,-0.0018303116294857702,-0.019124595674371858,-0.02247865169899521
ordinary_matched_other_unchanged_negative_11,2018_2019,LGBM,retrospective_recall_at_5percent,0.7142857142857143,0.75,0.7142857142857143,0.75,0.0357142857142857,0.0,0.0,0.0357142857142857,0.0
ordinary_matched_other_unchanged_negative_12,2018_2019,LR,average_precision,0.00982874220604923,0.009811628624298071,0.009818559597876355,0.009805621493698841,-1.7113581751158555e-05,-1.0182608172874114e-05,4.175477573644185e-06,-2.3120712350388484e-05,-6.007130599229929e-06
ordinary_matched_other_unchanged_negative_12,2018_2019,LR,brier,0.0024212480269737895,0.002421249203356028,0.0024212165172893055,0.002421218008998239,1.1763822385831013e-09,-3.1509684484017086e-08,3.1532669487674414e-10,-3.001797555055724e-08,-3.119435778914034e-08
ordinary_matched_other_unchanged_negative_12,2018_2019,LR,roc_auc,0.8129463237202054,0.8131555093089972,0.8134742445786066,0.8136896574116468,0.00020918558879179372,0.000527920858401254,6.227244248369068e-06,0.0007433336914414168,0.0005341481026496231
ordinary_matched_other_unchanged_negative_12,2018_2019,LR,retrospective_recall_at_5percent,0.2857142857142857,0.2857142857142857,0.2857142857142857,0.2857142857142857,0.0,0.0,0.0,0.0,0.0
ordinary_matched_other_unchanged_negative_12,2018_2019,LGBM,average_precision,0.2701396857913318,0.2799361926163352,0.2805975551413838,0.29016349170409733,0.009796506825003382,0.010457869350051996,-0.000230570262289842,0.020023805912765535,0.010227299087762154
ordinary_matched_other_unchanged_negative_12,2018_2019,LGBM,brier,0.0036348959777035375,0.0035881303704263586,0.003258608008917648,0.0032148963135411757,-4.676560727717889e-05,-0.0003762879687858895,3.053911900706679e-06,-0.0004199996641623617,-0.00037323405688518283
ordinary_matched_other_unchanged_negative_12,2018_2019,LGBM,roc_auc,0.9431183334081024,0.9446327369368674,0.9397011455812886,0.9412826352123418,0.0015144035287650848,-0.0034171878268137723,6.70861022881164e-05,-0.0018356981957605711,-0.003350101724525656
ordinary_matched_other_unchanged_negative_12,2018_2019,LGBM,retrospective_recall_at_5percent,0.7857142857142857,0.7857142857142857,0.7142857142857143,0.75,0.0,-0.0714285714285714,0.0357142857142857,-0.0357142857142857,-0.0357142857142857
ordinary_matched_other_unchanged_negative_13,2018_2019,LR,average_precision,0.009795369830103581,0.009778083519950907,0.009799332304882436,0.009777721818852092,-1.7286310152674414e-05,3.962474778854835e-06,-4.324175877670061e-06,-1.764801125148964e-05,-3.6170109881522583e-07
ordinary_matched_other_unchanged_negative_13,2018_2019,LR,brier,0.0024212442138551137,0.002421245563745673,0.002421224224114637,0.0024212258436256927,1.3498905591415034e-09,-1.998974047661556e-08,2.696204965020599e-10,-1.8370229420971995e-08,-1.97201199801135e-08
ordinary_matched_other_unchanged_negative_13,2018_2019,LR,roc_auc,0.8131727774572978,0.8133366722986711,0.8135195353260251,0.8136834301673984,0.00016389484137335764,0.00034675786872728764,0.0,0.0005106527101006453,0.00034675786872728764
ordinary_matched_other_unchanged_negative_13,2018_2019,LR,retrospective_recall_at_5percent,0.2857142857142857,0.2857142857142857,0.2857142857142857,0.2857142857142857,0.0,0.0,0.0,0.0,0.0
ordinary_matched_other_unchanged_negative_13,2018_2019,LGBM,average_precision,0.2653329175372076,0.2747031438299955,0.2534121878130421,0.2605151873062848,0.009370226292787887,-0.011920729724165524,-0.0022672267995451634,-0.004817730230922801,-0.014187956523710687
ordinary_matched_other_unchanged_negative_13,2018_2019,LGBM,brier,0.003101475214447357,0.0030556639432439987,0.0032419486153164472,0.003212984881833105,-4.581127120335815e-05,0.00014047340086909043,1.684753772001604e-05,0.00011150966738574832,0.00015732093858910647
ordinary_matched_other_unchanged_negative_13,2018_2019,LGBM,roc_auc,0.9560757279231307,0.9577166628277787,0.9523601865971326,0.9534763142655036,0.001640934904648006,-0.0037155413259980508,-0.000524807236277014,-0.0025994136576270588,-0.004240348562275065
ordinary_matched_other_unchanged_negative_13,2018_2019,LGBM,retrospective_recall_at_5percent,0.7142857142857143,0.75,0.75,0.7857142857142857,0.0357142857142857,0.0357142857142857,0.0,0.0714285714285714,0.0357142857142857
ordinary_matched_other_unchanged_negative_14,2018_2019,LR,average_precision,0.009827074063092902,0.009809400343506846,0.009817575392396744,0.009813494672013739,-1.7673719586056708e-05,-9.498670696158479e-06,1.3592999203051667e-05,-1.357939107916352e-05,4.094328506893188e-06
ordinary_matched_other_unchanged_negative_14,2018_2019,LR,brier,0.0024212442169191353,0.002421245365863117,0.0024212126996306046,0.0024212141622148645,1.1489439816214642e-09,-3.151728853074964e-08,3.1364027824540286e-10,-3.0054704270882776e-08,-3.120364825250424e-08
ordinary_matched_other_unchanged_negative_14,2018_2019,LR,roc_auc,0.812994728089748,0.8131586229311213,0.8134227265869396,0.8137287209148168,0.00016389484137324661,0.0004279984971915507,0.00014209948650401039,0.0007339928250688077,0.0005700979836955611
ordinary_matched_other_unchanged_negative_14,2018_2019,LR,retrospective_recall_at_5percent,0.2857142857142857,0.2857142857142857,0.2857142857142857,0.2857142857142857,0.0,0.0,0.0,0.0,0.0
ordinary_matched_other_unchanged_negative_14,2018_2019,LGBM,average_precision,0.17425088553165388,0.17764933730853633,0.23665076049609862,0.2439274187372485,0.003398451776882444,0.06239987496444474,0.003878206464267425,0.06967653320559461,0.06627808142871217
ordinary_matched_other_unchanged_negative_14,2018_2019,LGBM,brier,0.003950137261551496,0.004004332611865253,0.0035154869469101804,0.0034688851950835046,5.419535031375711e-05,-0.0004346503146413156,-0.00010079710214043296,-0.0004812520664679914,-0.0005354474167817485
ordinary_matched_other_unchanged_negative_14,2018_2019,LGBM,roc_auc,0.9525993812759573,0.9558801239540446,0.9483403509809372,0.9495314920335243,0.0032807426780873117,-0.004259030295020172,-0.0020896016255002037,-0.003067889242433064,-0.006348631920520376
ordinary_matched_other_unchanged_negative_14,2018_2019,LGBM,retrospective_recall_at_5percent,0.7142857142857143,0.75,0.7857142857142857,0.7857142857142857,0.0357142857142857,0.0714285714285714,-0.0357142857142857,0.0714285714285714,0.0357142857142857
ordinary_matched_other_unchanged_negative_15,2018_2019,LR,average_precision,0.009844778347883307,0.009822313331006884,0.009842873169680032,0.009823819043176616,-2.246501687642316e-05,-1.9051782032750153e-06,3.410890373006792e-06,-2.0959304706691384e-05,1.5057121697317766e-06
ordinary_matched_other_unchanged_negative_15,2018_2019,LR,brier,0.0024212106709758144,0.002421211747833475,0.002421179000684406,0.0024211803998583008,1.0768576607679547e-09,-3.167029140847821e-08,3.223162340325325e-10,-3.0271117513677726e-08,-3.134797517444568e-08
ordinary_matched_other_unchanged_negative_15,2018_2019,LR,roc_auc,0.8131274867098794,0.8133428995429196,0.8137459890631177,0.8138224160317782,0.0002154128330401628,0.0006185023532382372,-0.00013898586437965932,0.0006949293218987407,0.0004795164888585779
ordinary_matched_other_unchanged_negative_15,2018_2019,LR,retrospective_recall_at_5percent,0.2857142857142857,0.2857142857142857,0.2857142857142857,0.2857142857142857,0.0,0.0,0.0,0.0,0.0
ordinary_matched_other_unchanged_negative_15,2018_2019,LGBM,average_precision,0.26167481634744516,0.27581354905501587,0.3080072415924848,0.3172186038149833,0.014138732707570711,0.046332425245039666,-0.004927370485072247,0.05554378746753813,0.04140505475996742
ordinary_matched_other_unchanged_negative_15,2018_2019,LGBM,brier,0.0030994701837485424,0.003048364431801958,0.0030050576700832573,0.0029630504427242345,-5.11057519465845e-05,-9.44125136652851e-05,9.098524587561677e-06,-0.00013641974102430792,-8.531398907772342e-05
ordinary_matched_other_unchanged_negative_15,2018_2019,LGBM,roc_auc,0.9566732755994731,0.9584749917233701,0.9329027198087075,0.9349402305360697,0.0018017161238970125,-0.02377055579076559,0.0002357946034651226,-0.021733045063403456,-0.023534761187300468
ordinary_matched_other_unchanged_negative_15,2018_2019,LGBM,retrospective_recall_at_5percent,0.7857142857142857,0.8214285714285714,0.75,0.7857142857142857,0.0357142857142857,-0.0357142857142857,0.0,0.0,-0.0357142857142857
ordinary_matched_other_unchanged_negative_16,2018_2019,LR,average_precision,0.009838804440012573,0.009825644180349362,0.009827511973659877,0.00979685861228044,-1.316025966321098e-05,-1.1292466352695596e-05,-1.749310171622609e-05,-4.1945827732132665e-05,-2.8785568068921685e-05
ordinary_matched_other_unchanged_negative_16,2018_2019,LR,brier,0.002421250103294733,0.0024212513014609093,0.002421217966938388,0.0024212194933996814,1.1981661765178564e-09,-3.213635634468845e-08,3.2829511678600376e-10,-3.060989505138459e-08,-3.1808061227902446e-08
ordinary_matched_other_unchanged_negative_16,2018_2019,LR,roc_auc,0.8134351810754363,0.8137411754033136,0.8139693291780861,0.8139098839044909,0.000305994327877257,0.0005341481026497341,-0.00036543960147239485,0.00047470282905459626,0.00016870850117733927
ordinary_matched_other_unchanged_negative_16,2018_2019,LR,retrospective_recall_at_5percent,0.2857142857142857,0.2857142857142857,0.2857142857142857,0.2857142857142857,0.0,0.0,0.0,0.0,0.0
ordinary_matched_other_unchanged_negative_16,2018_2019,LGBM,average_precision,0.27922337548139603,0.28842190085070774,0.2741095694236475,0.281626203786767,0.009198525369311705,-0.005113806057748527,-0.0016818910061922043,0.0024028283053709742,-0.006795697063940731
ordinary_matched_other_unchanged_negative_16,2018_2019,LGBM,brier,0.003289019856819616,0.0032452254919318885,0.003192956570857534,0.003147498219015706,-4.379436488772745e-05,-9.60632859620821e-05,-1.6639869541003154e-06,-0.00014152163780390987,-9.772727291618242e-05
ordinary_matched_other_unchanged_negative_16,2018_2019,LGBM,roc_auc,0.9550773449890081,0.9570743786287559,0.9433212917526457,0.9443983559178466,0.0019970336397477917,-0.011756053236362418,-0.0009199694745468667,-0.010678989071161493,-0.012676022710909285
ordinary_matched_other_unchanged_negative_16,2018_2019,LGBM,retrospective_recall_at_5percent,0.8214285714285714,0.8571428571428571,0.75,0.7857142857142857,0.0357142857142857,-0.0714285714285714,0.0,-0.0357142857142857,-0.0714285714285714
ordinary_matched_other_unchanged_negative_17,2018_2019,LR,average_precision,0.009836655453033931,0.009819940049442104,0.009819231702541538,0.00980853884374311,-1.6715403591827105e-05,-1.7423750492392975e-05,6.022544793399254e-06,-2.8116609290820826e-05,-1.1401205698993722e-05
ordinary_matched_other_unchanged_negative_17,2018_2019,LR,brier,0.002421246139903643,0.0024212473493723276,0.0024212147466776313,0.002421216272247609,1.2094686844925373e-09,-3.139322601181105e-08,3.161012931442164e-10,-2.9867656034174295e-08,-3.107712471866683e-08
ordinary_matched_other_unchanged_negative_17,2018_2019,LR,roc_auc,0.812991614467624,0.8132460908038341,0.8134258402090639,0.8137740116622354,0.0002544763362101188,0.00043422574143991977,9.369511696133426e-05,0.0007823971946113728,0.000527920858401254
ordinary_matched_other_unchanged_negative_17,2018_2019,LR,retrospective_recall_at_5percent,0.2857142857142857,0.2857142857142857,0.2857142857142857,0.2857142857142857,0.0,0.0,0.0,0.0,0.0
ordinary_matched_other_unchanged_negative_17,2018_2019,LGBM,average_precision,0.24458860879639027,0.25416523385184603,0.18294775238989755,0.18840441866339275,0.009576625055455756,-0.06164085640649272,-0.004119958781960559,-0.056184190132997525,-0.06576081518845328
ordinary_matched_other_unchanged_negative_17,2018_2019,LGBM,brier,0.003252860980135678,0.0032085483293725734,0.004148155348598696,0.0044408409036488265,-4.431265076310477e-05,0.0008952943684630175,0.0003369982058132356,0.0011879799235131484,0.0012322925742762531
ordinary_matched_other_unchanged_negative_17,2018_2019,LGBM,roc_auc,0.9534938688670398,0.9555064706174087,0.9491227481755489,0.9497330367936234,0.002012601750368881,-0.004371120691490926,-0.0014023131322943305,-0.003760832073416376,-0.005773433823785257
ordinary_matched_other_unchanged_negative_17,2018_2019,LGBM,retrospective_recall_at_5percent,0.75,0.7857142857142857,0.75,0.75,0.0357142857142857,0.0,-0.0357142857142857,0.0,-0.0357142857142857
ordinary_matched_other_unchanged_negative_18,2018_2019,LR,average_precision,0.009840749209660852,0.009824975639057919,0.009819012781709182,0.009796140236183819,-1.5773570602933135e-05,-2.173642795167026e-05,-7.0989749224297655e-06,-4.460897347703316e-05,-2.8835402874100025e-05
ordinary_matched_other_unchanged_negative_18,2018_2019,LR,brier,0.0024212612903339857,0.002421262864001608,0.002421229719842453,0.0024212315984752934,1.5736676224273327e-09,-3.1570491532649514e-08,3.049652180092677e-10,-2.9691858692212914e-08,-3.1265526314640246e-08
ordinary_matched_other_unchanged_negative_18,2018_2019,LR,roc_auc,0.8129494373423296,0.8131586229311214,0.813516421703901,0.8136834301673983,0.00020918558879179372,0.0005669843615714321,-4.2177125294529105e-05,0.0007339928250686967,0.000524807236276903
ordinary_matched_other_unchanged_negative_18,2018_2019,LR,retrospective_recall_at_5percent,0.2857142857142857,0.2857142857142857,0.2857142857142857,0.2857142857142857,0.0,0.0,0.0,0.0,0.0
ordinary_matched_other_unchanged_negative_18,2018_2019,LGBM,average_precision,0.2564384945834349,0.2656900297956962,0.17081174290798815,0.17764576759773534,0.009251535212261353,-0.08562675167544673,-0.0024175105225141547,-0.07879272698569953,-0.08804426219796088
ordinary_matched_other_unchanged_negative_18,2018_2019,LGBM,brier,0.003205334813171867,0.003163237221972632,0.003463063219280649,0.0034452252663729494,-4.209759119923502e-05,0.00025772840610878206,2.425963829153551e-05,0.00023989045320108255,0.00028198804440031757
ordinary_matched_other_unchanged_negative_18,2018_2019,LGBM,roc_auc,0.9539674445648855,0.9555302524631931,0.9448226678864432,0.9457468781143232,0.0015628078983076499,-0.009144776678442268,-0.0006385976704276208,-0.008220566450562239,-0.009783374348869889
ordinary_matched_other_unchanged_negative_18,2018_2019,LGBM,retrospective_recall_at_5percent,0.7142857142857143,0.75,0.8928571428571429,0.8928571428571429,0.0357142857142857,0.1785714285714286,-0.0357142857142857,0.1785714285714286,0.1428571428571429
ordinary_matched_other_unchanged_negative_19,2018_2019,LR,average_precision,0.009825782962486635,0.009808617968347899,0.009829328938796403,0.009813477931445547,-1.7164994138736678e-05,3.545976309768037e-06,1.3139867878798894e-06,-1.2305031041088751e-05,4.859963097647926e-06
ordinary_matched_other_unchanged_negative_19,2018_2019,LR,brier,0.002421248921164296,0.002421250034558561,0.002421216972509937,0.002421218397356855,1.113394265239015e-09,-3.194865435878977e-08,3.1145265273063716e-10,-3.0523807440820117e-08,-3.163720170605913e-08
ordinary_matched_other_unchanged_negative_19,2018_2019,LR,roc_auc,0.8128526286032443,0.813061814192036,0.8134227265869397,0.8135928486725614,0.00020918558879179372,0.0005700979836954501,-3.9063503170067015e-05,0.0007402200693171768,0.000531034480525383
ordinary_matched_other_unchanged_negative_19,2018_2019,LR,retrospective_recall_at_5percent,0.2857142857142857,0.2857142857142857,0.2857142857142857,0.2857142857142857,0.0,0.0,0.0,0.0,0.0
ordinary_matched_other_unchanged_negative_19,2018_2019,LGBM,average_precision,0.230274478816346,0.24028574135126712,0.22469476723616508,0.23416470609448492,0.010011262534921128,-0.005579711580180918,-0.0005413236766012852,0.0038902272781389247,-0.0061210352567822035
ordinary_matched_other_unchanged_negative_19,2018_2019,LGBM,brier,0.003423813085240837,0.003376994489384748,0.003447882887094459,0.0034007903093853024,-4.681859585608898e-05,2.4069801853621956e-05,-2.73981853067453e-07,-2.302277585553448e-05,2.3795820000554503e-05
ordinary_matched_other_unchanged_negative_19,2018_2019,LGBM,roc_auc,0.9554040075405457,0.956815375085977,0.9456311198709899,0.9470940054080881,0.0014113675454313634,-0.009772887669555752,5.151799166680515e-05,-0.008310002132457583,-0.009721369677888947
ordinary_matched_other_unchanged_negative_19,2018_2019,LGBM,retrospective_recall_at_5percent,0.7142857142857143,0.75,0.7142857142857143,0.75,0.0357142857142857,0.0,0.0,0.0357142857142857,0.0
ordinary_matched_positive_unchanged_00,2020_2021,LR,average_precision,0.01832219853109734,0.018156330370995347,0.01834684904512177,0.01818954960030822,-0.00016586816010199373,2.465051402442825e-05,8.568715288443524e-06,-0.00013264893078912196,3.321922931287177e-05
ordinary_matched_positive_unchanged_00,2020_2021,LR,brier,0.0038263275215847494,0.003826367219485093,0.0038264208218129563,0.0038264558487556295,3.969790034370757e-08,9.330022820693354e-08,-4.670957670562664e-09,1.2832717088007844e-07,8.862927053637087e-08
ordinary_matched_positive_unchanged_00,2020_2021,LR,roc_auc,0.8204046654329202,0.820637612624708,0.8204960242595635,0.8206998530523776,0.00023294719178779122,9.135882664323969e-05,-2.911839897368207e-05,0.00029518761945734884,6.224042766955762e-05
ordinary_matched_positive_unchanged_00,2020_2021,LR,retrospective_recall_at_5percent,0.4090909090909091,0.4090909090909091,0.38636363636363635,0.38636363636363635,0.0,-0.022727272727272763,0.0,-0.022727272727272763,-0.022727272727272763
ordinary_matched_positive_unchanged_00,2020_2021,LGBM,average_precision,0.11943167248162276,0.12251870147461091,0.13546301808736536,0.13685186780384387,0.0030870289929881556,0.016031345605742597,-0.0016981792765096426,0.01742019532222111,0.014333166329232955
ordinary_matched_positive_unchanged_00,2020_2021,LGBM,brier,0.006806953110292323,0.006724826330380382,0.007844087170178418,0.007786599580060831,-8.212677991194153e-05,0.0010371340598860947,2.4639189794354623e-05,0.0009796464697685078,0.0010617732496804493
ordinary_matched_positive_unchanged_00,2020_2021,LGBM,roc_auc,0.9231422001037526,0.9248530872076879,0.9240927298616353,0.9238657881144318,0.001710887103935299,0.0009505297578826788,-0.0019378288511388009,0.000723588010679177,-0.000987299093256122
ordinary_matched_positive_unchanged_00,2020_2021,LGBM,retrospective_recall_at_5percent,0.5909090909090909,0.6136363636363636,0.7272727272727273,0.6818181818181818,0.022727272727272707,0.13636363636363635,-0.06818181818181823,0.09090909090909083,0.06818181818181812
ordinary_matched_positive_unchanged_01,2020_2021,LR,average_precision,0.018227633638996925,0.018099468460432783,0.01830053862081072,0.018107742476824777,-0.00012816517856414217,7.290498181379557e-05,-6.463096542180108e-05,-0.00011989116217214768,8.274016391994488e-06
ordinary_matched_positive_unchanged_01,2020_2021,LR,brier,0.003826550892634334,0.0038265890776325354,0.003826644546075169,0.0038266781955273764,3.818499820160137e-08,9.365344083534996e-08,-4.5355459943330345e-09,1.273028930426183e-07,8.911789484101693e-08
ordinary_matched_positive_unchanged_01,2020_2021,LR,roc_auc,0.8199698912631798,0.8202610752529144,0.8202610752529144,0.8204066672477816,0.00029118398973460025,0.00029118398973460025,-0.00014559199486741115,0.00043677598460178935,0.0001455919948671891
ordinary_matched_positive_unchanged_01,2020_2021,LR,retrospective_recall_at_5percent,0.4090909090909091,0.3409090909090909,0.38636363636363635,0.3409090909090909,-0.06818181818181823,-0.022727272727272763,0.022727272727272763,-0.06818181818181823,0.0
ordinary_matched_positive_unchanged_01,2020_2021,LGBM,average_precision,0.1202806063180938,0.1223248107915694,0.1103332380136944,0.11249498126673928,0.0020442044734756,-0.009947368304399393,0.00011753877956927061,-0.007785625051354522,-0.009829829524830122
ordinary_matched_positive_unchanged_01,2020_2021,LGBM,brier,0.006681496906988132,0.0066318962246126305,0.006517170268941318,0.006463433296296863,-4.960068237550106e-05,-0.00016432663804681353,-4.1362902689539086e-06,-0.0002180636106912685,-0.00016846292831576744
ordinary_matched_positive_unchanged_01,2020_2021,LGBM,roc_auc,0.9272830182025675,0.9271303277722018,0.9232424750137882,0.9221771051409385,-0.0001526904303656984,-0.004040543188779333,-0.0009126794424839657,-0.005105913061628997,-0.004953222631263299
ordinary_matched_positive_unchanged_01,2020_2021,LGBM,retrospective_recall_at_5percent,0.6136363636363636,0.6136363636363636,0.6136363636363636,0.6136363636363636,0.0,0.0,0.0,0.0,0.0
ordinary_matched_positive_unchanged_02,2020_2021,LR,average_precision,0.01877685672273275,0.018420692113543066,0.018812531447579987,0.01849601548589739,-0.0003561646091896839,3.5674724847237216e-05,3.964864750708591e-05,-0.0002808412368353608,7.532337235432313e-05
ordinary_matched_positive_unchanged_02,2020_2021,LR,brier,0.0038262735648509714,0.0038263319760184033,0.0038263679576327546,0.0038264217575385206,5.8411167431961925e-08,9.439278178318897e-08,-4.611261665912747e-09,1.4819268754923814e-07,8.978152011727622e-08
ordinary_matched_positive_unchanged_02,2020_2021,LR,roc_auc,0.8218937074102892,0.821806352213369,0.8220995380179648,0.8220995380179648,-8.735519692026905e-05,0.00020583060767553896,8.735519692026905e-05,0.00020583060767553896,0.000293185804595808
ordinary_matched_positive_unchanged_02,2020_2021,LR,retrospective_recall_at_5percent,0.4090909090909091,0.3181818181818182,0.38636363636363635,0.3181818181818182,-0.09090909090909094,-0.022727272727272763,0.022727272727272763,-0.09090909090909094,0.0
ordinary_matched_positive_unchanged_02,2020_2021,LGBM,average_precision,0.11580415016019918,0.11877063105956302,0.12484792742873688,0.1265626286683238,0.002966480899363841,0.009043777268537695,-0.001251779659776922,0.010758478508124614,0.007791997608760773
ordinary_matched_positive_unchanged_02,2020_2021,LGBM,brier,0.007244467392189171,0.007149535480058487,0.006927958959132117,0.006876281753444169,-9.493191213068384e-05,-0.0003165084330570538,4.325470644273542e-05,-0.00036818563874500224,-0.0002732537266143184
ordinary_matched_positive_unchanged_02,2020_2021,LGBM,roc_auc,0.9112036565246355,0.9112799096563348,0.924789753789104,0.9238388556972869,7.62531316992332e-05,0.013586097264468466,-0.001027151223516376,0.012635199172651324,0.01255894604095209
ordinary_matched_positive_unchanged_02,2020_2021,LGBM,retrospective_recall_at_5percent,0.6363636363636364,0.6136363636363636,0.6590909090909091,0.6363636363636364,-0.022727272727272707,0.022727272727272707,0.0,0.0,0.022727272727272707
ordinary_matched_positive_unchanged_03,2020_2021,LR,average_precision,0.017966892611127425,0.017823437376640553,0.017927009229901446,0.017807214062421473,-0.00014345523448687156,-3.988338122597884e-05,2.3660067006898294e-05,-0.0001596785487059521,-1.6223314219080548e-05
ordinary_matched_positive_unchanged_03,2020_2021,LR,brier,0.0038265510259429085,0.0038265840392524074,0.003826643041127985,0.0038266713792096682,3.301330949887979e-08,9.201518507643419e-08,-4.675227815564148e-09,1.2035326675974983e-07,8.733995726087004e-08
ordinary_matched_positive_unchanged_03,2020_2021,LR,roc_auc,0.8191314631375337,0.8193644103293214,0.8189256325298582,0.8193332901154865,0.0002329471917876802,-0.00020583060767553896,0.00017471039384064913,0.00020182697795279037,-3.112021383488983e-05
ordinary_matched_positive_unchanged_03,2020_2021,LR,retrospective_recall_at_5percent,0.36363636363636365,0.3181818181818182,0.36363636363636365,0.3409090909090909,-0.04545454545454547,0.0,0.022727272727272707,-0.022727272727272763,0.022727272727272707
ordinary_matched_positive_unchanged_03,2020_2021,LGBM,average_precision,0.11568644642445772,0.11747745149432087,0.1305122366372021,0.13245058630832512,0.0017910050698631552,0.014825790212744383,0.00014734460125986892,0.016764139883867407,0.014973134814004252
ordinary_matched_positive_unchanged_03,2020_2021,LGBM,brier,0.006775711286656224,0.0067766964055814465,0.00722657137274108,0.007180276527829856,9.851189252223225e-07,0.00045086008608485623,-4.7279963836446316e-05,0.00040456524117363224,0.0004035801222484099
ordinary_matched_positive_unchanged_03,2020_2021,LGBM,roc_auc,0.9237445862318353,0.9252145188845377,0.9296834624645389,0.9294936463757543,0.0014699326527023437,0.005938876232703616,-0.0016597487414869994,0.00574906014391896,0.004279127491216617
ordinary_matched_positive_unchanged_03,2020_2021,LGBM,retrospective_recall_at_5percent,0.5909090909090909,0.6136363636363636,0.6590909090909091,0.6363636363636364,0.022727272727272707,0.06818181818181812,-0.045454545454545414,0.045454545454545414,0.022727272727272707
ordinary_matched_positive_unchanged_04,2020_2021,LR,average_precision,0.0184214800987358,0.018225415449762025,0.01838712767948697,0.018186235726571416,-0.00019606464897377676,-3.435241924883148e-05,-4.8273039417769115e-06,-0.00023524437216438515,-3.917972319060839e-05
ordinary_matched_positive_unchanged_04,2020_2021,LR,brier,0.003826230518588011,0.003826276300474416,0.0038263232887652374,0.003826364346347602,4.5781886405180106e-08,9.277017722639572e-08,-4.724304040418931e-09,1.338277595911569e-07,8.804587318597679e-08
ordinary_matched_positive_unchanged_04,2020_2021,LR,roc_auc,0.8204609004160058,0.8205191372139526,0.8206356108098466,0.8207229660067669,5.823679794680903e-05,0.00017471039384076015,2.9118398973460025e-05,0.0002620655907610292,0.00020382879281422017
ordinary_matched_positive_unchanged_04,2020_2021,LR,retrospective_recall_at_5percent,0.4090909090909091,0.4090909090909091,0.4090909090909091,0.4090909090909091,0.0,0.0,0.0,0.0,0.0
ordinary_matched_positive_unchanged_04,2020_2021,LGBM,average_precision,0.1131302302432517,0.11434530493103276,0.06457026053444415,0.0673252169399782,0.0012150746877810648,-0.04855996970880755,0.0015398817177529889,-0.045805013303273495,-0.04702008799105456
ordinary_matched_positive_unchanged_04,2020_2021,LGBM,brier,0.00727740466330297,0.007453797058864333,0.006929720476158859,0.006887065000998345,0.00017639239556136322,-0.000347684187144111,-0.0002190478707218774,-0.00039033966230462517,-0.0005667320578659884
ordinary_matched_positive_unchanged_04,2020_2021,LGBM,roc_auc,0.9110129316119038,0.9128031666533142,0.9205453818075107,0.9200894964982421,0.001790235041410404,0.00953245019560689,-0.0022461203506789484,0.009076564886338345,0.007286329844927941
ordinary_matched_positive_unchanged_04,2020_2021,LGBM,retrospective_recall_at_5percent,0.6136363636363636,0.6363636363636364,0.5681818181818182,0.5454545454545454,0.022727272727272707,-0.045454545454545414,-0.045454545454545525,-0.06818181818181823,-0.09090909090909094
ordinary_matched_positive_unchanged_05,2020_2021,LR,average_precision,0.01853253712012727,0.018304377117853,0.018543688804260744,0.018309932557744588,-0.0002281600022742726,1.1151684133473005e-05,-5.5962442418837355e-06,-0.00022260456238268334,5.55543989158927e-06
ordinary_matched_positive_unchanged_05,2020_2021,LR,brier,0.003826375258386654,0.003826416172255331,0.0038264668005385397,0.0038265030105566317,4.091386867710947e-08,9.154215188569154e-08,-4.703850585083269e-09,1.2775216997771774e-07,8.683830130060827e-08
ordinary_matched_positive_unchanged_05,2020_2021,LR,roc_auc,0.8199407728642063,0.8201446016570205,0.8199427746790676,0.8201466034718818,0.00020382879281422017,2.0018148613187847e-06,0.0,0.00020583060767553896,2.0018148613187847e-06
ordinary_matched_positive_unchanged_05,2020_2021,LR,retrospective_recall_at_5percent,0.38636363636363635,0.36363636363636365,0.36363636363636365,0.36363636363636365,-0.022727272727272707,-0.022727272727272707,0.022727272727272707,-0.022727272727272707,0.0
ordinary_matched_positive_unchanged_05,2020_2021,LGBM,average_precision,0.11964543133333289,0.12060936760457576,0.11148439669913406,0.11219146429137308,0.000963936271242874,-0.00816103463419883,-0.0002568686790038466,-0.0074539670419598025,-0.008417903313202676
ordinary_matched_positive_unchanged_05,2020_2021,LGBM,brier,0.00729269299698936,0.007294103818610441,0.006810475727735385,0.006788933162352591,1.4108216210813665e-06,-0.0004822172692539751,-2.2953387003875163e-05,-0.0005037598346367689,-0.0005051706562578502
ordinary_matched_positive_unchanged_05,2020_2021,LGBM,roc_auc,0.9196026751421061,0.9199078718358703,0.9306414589918545,0.9298632694790167,0.0003051966937641648,0.011038783849748324,-0.0010833862066019773,0.010260594336910511,0.009955397643146346
ordinary_matched_positive_unchanged_05,2020_2021,LGBM,retrospective_recall_at_5percent,0.6136363636363636,0.6136363636363636,0.6136363636363636,0.5909090909090909,0.0,0.0,-0.022727272727272707,-0.022727272727272707,-0.022727272727272707
ordinary_matched_positive_unchanged_06,2020_2021,LR,average_precision,0.01826826232676117,0.018048003542349707,0.01833841012712923,0.018127689211242106,-0.00022025878441146382,7.014780036805959e-05,9.537868524339688e-06,-0.00014057311551906454,7.968566889239928e-05
ordinary_matched_positive_unchanged_06,2020_2021,LR,brier,0.0038261804622284393,0.0038262545141456157,0.0038262711007049587,0.0038263402205850733,7.405191717636816e-08,9.06384765193835e-08,-4.932037061741723e-09,1.5975835663400995e-07,8.570643945764178e-08
ordinary_matched_positive_unchanged_06,2020_2021,LR,roc_auc,0.8186495542350675,0.8184437236273919,0.8188845032417165,0.8187951462299348,-0.00020583060767553896,0.00023494900664899898,0.0001164735958938401,0.00014559199486730012,0.0003514226025428391
ordinary_matched_positive_unchanged_06,2020_2021,LR,retrospective_recall_at_5percent,0.38636363636363635,0.36363636363636365,0.38636363636363635,0.36363636363636365,-0.022727272727272707,0.0,0.0,-0.022727272727272707,0.0
ordinary_matched_positive_unchanged_06,2020_2021,LGBM,average_precision,0.09688776340434609,0.0999371949798217,0.11760846786690657,0.1200307775142848,0.003049431575475617,0.020720704462560482,-0.000627121928097385,0.023143014109938714,0.020093582534463097
ordinary_matched_positive_unchanged_06,2020_2021,LGBM,brier,0.008475995543058341,0.008358534139533682,0.0064753455869195915,0.0064482747412117295,-0.00011746140352465913,-0.00200064995613875,9.039055781679718e-05,-0.002027720801846612,-0.0019102593983219528
ordinary_matched_positive_unchanged_06,2020_2021,LGBM,roc_auc,0.9313585010679369,0.9318946431386274,0.9261544990781011,0.9253089725169565,0.0005361420706904152,-0.005204001989835838,-0.0013816686318349758,-0.006049528550980399,-0.006585670621670814
ordinary_matched_positive_unchanged_06,2020_2021,LGBM,retrospective_recall_at_5percent,0.6590909090909091,0.6590909090909091,0.6363636363636364,0.6136363636363636,0.0,-0.022727272727272707,-0.022727272727272707,-0.045454545454545414,-0.045454545454545414
ordinary_matched_positive_unchanged_07,2020_2021,LR,average_precision,0.018541715831843896,0.018332929498962567,0.0184851406866349,0.018314021357037327,-0.00020878633288132914,-5.6575145208997285e-05,3.7667003283756856e-05,-0.00022769447480656957,-1.890814192524043e-05
ordinary_matched_positive_unchanged_07,2020_2021,LR,brier,0.0038256370242472637,0.0038256808000187207,0.0038257358645536347,0.0038257750032195765,4.377577145697406e-08,9.884030637095226e-08,-4.637105515108847e-09,1.3797897231281747e-07,9.420320085584341e-08
ordinary_matched_positive_unchanged_07,2020_2021,LR,roc_auc,0.819533115278578,0.8194728766657696,0.81970982748728,0.8197389458862536,-6.0238612808349856e-05,0.00017671220870207893,8.93570117819209e-05,0.00020583060767564998,0.00026606922048399984
ordinary_matched_positive_unchanged_07,2020_2021,LR,retrospective_recall_at_5percent,0.38636363636363635,0.36363636363636365,0.36363636363636365,0.36363636363636365,-0.022727272727272707,-0.022727272727272707,0.022727272727272707,-0.022727272727272707,0.0
ordinary_matched_positive_unchanged_07,2020_2021,LGBM,average_precision,0.05975527029827874,0.06067473311144559,0.11328197076077946,0.1156661711783417,0.0009194628131668492,0.05352670046250072,0.0014647376043953886,0.05591090088006296,0.05499143806689611
ordinary_matched_positive_unchanged_07,2020_2021,LGBM,brier,0.006812819826917806,0.006922884185490588,0.006650395656730443,0.00660047814247004,0.0001100643585727817,-0.0001624241701873629,-0.00015998187283318508,-0.00021234168444776626,-0.00032240604302054797
ordinary_matched_positive_unchanged_07,2020_2021,LGBM,roc_auc,0.9134919991543704,0.9147601048291198,0.9266171144889334,0.9259825151561014,0.0012681056747494424,0.013125115334562953,-0.0019027050075813845,0.012490516001731011,0.011222410326981569
ordinary_matched_positive_unchanged_07,2020_2021,LGBM,retrospective_recall_at_5percent,0.5681818181818182,0.5909090909090909,0.7272727272727273,0.6136363636363636,0.022727272727272707,0.15909090909090906,-0.13636363636363635,0.045454545454545414,0.022727272727272707
ordinary_matched_positive_unchanged_08,2020_2021,LR,average_precision,0.018685384864965158,0.01845396595939906,0.01867833492322414,0.018416270509270357,-0.0002314189055660984,-7.049941741017057e-06,-3.06455083876854e-05,-0.00026911435569480086,-3.769545012870246e-05
ordinary_matched_positive_unchanged_08,2020_2021,LR,brier,0.0038263584714296984,0.0038263947833791197,0.0038264506122774344,0.003826482250749675,3.631194942128879e-08,9.214084773596573e-08,-4.673477180770769e-09,1.2377931997648375e-07,8.746737055519496e-08
ordinary_matched_positive_unchanged_08,2020_2021,LR,roc_auc,0.8203464286349734,0.8204629022308672,0.820408669062643,0.8204377874616164,0.00011647359589372908,6.224042766955762e-05,-8.735519692026905e-05,9.135882664301764e-05,-2.5114769250711433e-05
ordinary_matched_positive_unchanged_08,2020_2021,LR,retrospective_recall_at_5percent,0.38636363636363635,0.38636363636363635,0.38636363636363635,0.36363636363636365,0.0,0.0,-0.022727272727272707,-0.022727272727272707,-0.022727272727272707
ordinary_matched_positive_unchanged_08,2020_2021,LGBM,average_precision,0.12008204228319597,0.12455567209185632,0.11611961676139156,0.1187929490885113,0.004473629808660354,-0.003962425521804411,-0.0018002974815406053,-0.0012890931946846623,-0.005762723003345016
ordinary_matched_positive_unchanged_08,2020_2021,LGBM,brier,0.00702266389497529,0.006728816959721038,0.0064657171948637356,0.006423861003960804,-0.00029384693525425203,-0.0005569467001115547,0.0002519907443513207,-0.000598802891014486,-0.00030495595576023396
ordinary_matched_positive_unchanged_08,2020_2021,LGBM,roc_auc,0.9149550175385416,0.915726108615881,0.9245790107277587,0.9235176444846317,0.0007710910773394142,0.00962399318921714,-0.0018324573204664407,0.008562626946090113,0.007791535868750699
ordinary_matched_positive_unchanged_08,2020_2021,LGBM,retrospective_recall_at_5percent,0.6136363636363636,0.5681818181818182,0.6590909090909091,0.6363636363636364,-0.045454545454545414,0.045454545454545414,0.022727272727272707,0.022727272727272707,0.06818181818181812
ordinary_matched_positive_unchanged_09,2020_2021,LR,average_precision,0.018394446485622825,0.01816677356224946,0.018366787652519895,0.01819963085996949,-0.00022767292337336556,-2.765883310293024e-05,6.0516130822960146e-05,-0.00019481562565333566,3.2857297720029904e-05
ordinary_matched_positive_unchanged_09,2020_2021,LR,brier,0.0038263326301694726,0.003826383302550869,0.003826425086033834,0.0038264710673969553,5.0672381396357075e-08,9.245586436159789e-08,-4.691018275215786e-09,1.3843722748273918e-07,8.77648460863821e-08
ordinary_matched_positive_unchanged_09,2020_2021,LR,roc_auc,0.8213966928128792,0.8214549296108261,0.8213113394308201,0.8215442866226078,5.823679794692005e-05,-8.535338205906129e-05,0.00017471039384076015,0.0001475938097286189,8.935701178169886e-05
ordinary_matched_positive_unchanged_09,2020_2021,LR,retrospective_recall_at_5percent,0.4090909090909091,0.3181818181818182,0.38636363636363635,0.3181818181818182,-0.09090909090909094,-0.022727272727272763,0.022727272727272763,-0.09090909090909094,0.0
ordinary_matched_positive_unchanged_09,2020_2021,LGBM,average_precision,0.09688554923343472,0.09775180903816341,0.06994513666902986,0.07319669711891008,0.0008662598047286946,-0.026940412564404853,0.0023853006451515224,-0.023688852114524636,-0.02455511191925333
ordinary_matched_positive_unchanged_09,2020_2021,LGBM,brier,0.006872451489388629,0.007015198167409271,0.006379714607620855,0.006328773435559166,0.00014274667802064139,-0.0004927368817677739,-0.0001936878500823306,-0.0005436780538294632,-0.0006864247318501045
ordinary_matched_positive_unchanged_09,2020_2021,LGBM,roc_auc,0.9193087646805304,0.9192123092332504,0.922386214721357,0.9221381618346254,-9.645544727998612e-05,0.0030774500408266015,-0.00015159743945158954,0.002829397154095026,0.002925852601375012
ordinary_matched_positive_unchanged_09,2020_2021,LGBM,retrospective_recall_at_5percent,0.6363636363636364,0.5909090909090909,0.6590909090909091,0.6590909090909091,-0.045454545454545414,0.022727272727272707,0.045454545454545414,0.022727272727272707,0.06818181818181812
ordinary_matched_positive_unchanged_10,2020_2021,LR,average_precision,0.018888022553934136,0.018525229230891477,0.018909467555432546,0.018548143028658516,-0.00036279332304265874,2.1445001498410915e-05,1.4687962686284195e-06,-0.0003398795252756194,2.2913797767039334e-05
ordinary_matched_positive_unchanged_10,2020_2021,LR,brier,0.0038264260381039293,0.003826477239855611,0.003826517568746802,0.0038265642158623317,5.1201751681811264e-08,9.153064287276483e-08,-4.5546361521729695e-09,1.3817775840240312e-07,8.697600672059186e-08
ordinary_matched_positive_unchanged_10,2020_2021,LR,roc_auc,0.8212551044477346,0.8212531026328732,0.8214298148415754,0.8214589332405487,-2.001814861429807e-06,0.00017471039384076015,3.112021383477881e-05,0.00020382879281410915,0.00020583060767553896
ordinary_matched_positive_unchanged_10,2020_2021,LR,retrospective_recall_at_5percent,0.38636363636363635,0.38636363636363635,0.38636363636363635,0.38636363636363635,0.0,0.0,0.0,0.0,0.0
ordinary_matched_positive_unchanged_10,2020_2021,LGBM,average_precision,0.12006791327851611,0.12077149923161662,0.12419256318980014,0.12550355883248573,0.0007035859531005079,0.0041246499112840285,0.0006074096895850867,0.005435645553969623,0.004732059600869115
ordinary_matched_positive_unchanged_10,2020_2021,LGBM,brier,0.006903254287703771,0.00692354592074376,0.006668942545263043,0.0066493507883807305,2.029163303998889e-05,-0.0002343117424407279,-3.988338992230115e-05,-0.00025390349932304015,-0.00027419513236302904
ordinary_matched_positive_unchanged_10,2020_2021,LGBM,roc_auc,0.9071652993176847,0.9077847929555729,0.9191486074807317,0.9183433013837817,0.0006194936378881577,0.011983308163046935,-0.0014247997348381114,0.011178002066096981,0.010558508428208824
ordinary_matched_positive_unchanged_10,2020_2021,LGBM,retrospective_recall_at_5percent,0.6363636363636364,0.6363636363636364,0.6590909090909091,0.6590909090909091,0.0,0.022727272727272707,0.0,0.022727272727272707,0.022727272727272707
ordinary_matched_positive_unchanged_11,2020_2021,LR,average_precision,0.018596278624226085,0.018324032342798925,0.01851209538813072,0.018266106603769854,-0.00027224628142715965,-8.418323609536357e-05,2.6257497066292657e-05,-0.00033017202045623056,-5.7925739029070916e-05
ordinary_matched_positive_unchanged_11,2020_2021,LR,brier,0.0038255426783136348,0.0038256010693555665,0.0038256415639852065,0.003825695290183185,5.839104193173725e-08,9.88856715716975e-08,-4.664843953391257e-09,1.526118695500435e-07,9.422082761830625e-08
ordinary_matched_positive_unchanged_11,2020_2021,LR,roc_auc,0.8212511008180119,0.8212219824190384,0.8211948658349263,0.8212531026328732,-2.9118398973460025e-05,-5.6234983085601264e-05,8.735519692038007e-05,2.0018148613187847e-06,3.112021383477881e-05
ordinary_matched_positive_unchanged_11,2020_2021,LR,retrospective_recall_at_5percent,0.38636363636363635,0.36363636363636365,0.38636363636363635,0.36363636363636365,-0.022727272727272707,0.0,0.0,-0.022727272727272707,0.0
ordinary_matched_positive_unchanged_11,2020_2021,LGBM,average_precision,0.12132333502052571,0.12368797679645215,0.1047717762282014,0.10801762770563761,0.002364641775926435,-0.01655155879232431,0.0008812097015097747,-0.013305707314888102,-0.015670349090814537
ordinary_matched_positive_unchanged_11,2020_2021,LGBM,brier,0.006852990937250034,0.006799679214242153,0.00662312417268894,0.006565652018683707,-5.3311723007881326e-05,-0.00022986676456109457,-4.160430997351104e-06,-0.000287338918566327,-0.00023402719555844567
ordinary_matched_positive_unchanged_11,2020_2021,LGBM,roc_auc,0.9201339047591268,0.9203246296718585,0.9265137447731221,0.9254132510567149,0.0001907249127316435,0.006379840013995275,-0.001291218629138835,0.005279346297588083,0.00508862138485644
ordinary_matched_positive_unchanged_11,2020_2021,LGBM,retrospective_recall_at_5percent,0.5681818181818182,0.5681818181818182,0.6136363636363636,0.6136363636363636,0.0,0.045454545454545414,0.0,0.045454545454545414,0.045454545454545414
ordinary_matched_positive_unchanged_12,2020_2021,LR,average_precision,0.01832219853109734,0.018156330370995347,0.01834684904512177,0.01818954960030822,-0.00016586816010199373,2.465051402442825e-05,8.568715288443524e-06,-0.00013264893078912196,3.321922931287177e-05
ordinary_matched_positive_unchanged_12,2020_2021,LR,brier,0.0038263275215847494,0.003826367219485093,0.0038264208218129563,0.0038264558487556295,3.969790034370757e-08,9.330022820693354e-08,-4.670957670562664e-09,1.2832717088007844e-07,8.862927053637087e-08
ordinary_matched_positive_unchanged_12,2020_2021,LR,roc_auc,0.8204046654329202,0.820637612624708,0.8204960242595635,0.8206998530523776,0.00023294719178779122,9.135882664323969e-05,-2.911839897368207e-05,0.00029518761945734884,6.224042766955762e-05
ordinary_matched_positive_unchanged_12,2020_2021,LR,retrospective_recall_at_5percent,0.4090909090909091,0.4090909090909091,0.38636363636363635,0.38636363636363635,0.0,-0.022727272727272763,0.0,-0.022727272727272763,-0.022727272727272763
ordinary_matched_positive_unchanged_12,2020_2021,LGBM,average_precision,0.11943167248162276,0.12251870147461091,0.13546301808736536,0.13685186780384387,0.0030870289929881556,0.016031345605742597,-0.0016981792765096426,0.01742019532222111,0.014333166329232955
ordinary_matched_positive_unchanged_12,2020_2021,LGBM,brier,0.006806953110292323,0.006724826330380382,0.007844087170178418,0.007786599580060831,-8.212677991194153e-05,0.0010371340598860947,2.4639189794354623e-05,0.0009796464697685078,0.0010617732496804493
ordinary_matched_positive_unchanged_12,2020_2021,LGBM,roc_auc,0.9231422001037526,0.9248530872076879,0.9240927298616353,0.9238657881144318,0.001710887103935299,0.0009505297578826788,-0.0019378288511388009,0.000723588010679177,-0.000987299093256122
ordinary_matched_positive_unchanged_12,2020_2021,LGBM,retrospective_recall_at_5percent,0.5909090909090909,0.6136363636363636,0.7272727272727273,0.6818181818181818,0.022727272727272707,0.13636363636363635,-0.06818181818181823,0.09090909090909083,0.06818181818181812
ordinary_matched_positive_unchanged_13,2020_2021,LR,average_precision,0.018976270217796822,0.018613672369587258,0.018969148976253448,0.018625718796818402,-0.0003625978482095643,-7.121241543374401e-06,1.9167668774518892e-05,-0.0003505514209784198,1.2046427231144491e-05
ordinary_matched_positive_unchanged_13,2020_2021,LR,brier,0.0038262613641333264,0.0038263137355245623,0.0038263535388401116,0.003826401134082896,5.2371391235858655e-08,9.217470678521064e-08,-4.776148451561546e-09,1.3976994956950775e-07,8.73985583336491e-08
ordinary_matched_positive_unchanged_13,2020_2021,LR,roc_auc,0.8214569314256875,0.821427813026714,0.8215754068364426,0.8216045252354162,-2.9118398973571047e-05,0.00011847541075504786,5.8236797947142094e-05,0.0001475938097286189,0.00017671220870218995
ordinary_matched_positive_unchanged_13,2020_2021,LR,retrospective_recall_at_5percent,0.38636363636363635,0.38636363636363635,0.38636363636363635,0.38636363636363635,0.0,0.0,0.0,0.0,0.0
ordinary_matched_positive_unchanged_13,2020_2021,LGBM,average_precision,0.12271701867205848,0.12540932356579607,0.11691808948644179,0.1190109854017768,0.0026923048937375904,-0.005798929185616683,-0.0005994089784025769,-0.0037060332702816695,-0.00639833816401926
ordinary_matched_positive_unchanged_13,2020_2021,LGBM,brier,0.006731162201099154,0.006640069744902736,0.006494492489910628,0.00643487090234286,-9.10924561964184e-05,-0.0002366697111885266,3.147086862865037e-05,-0.0002962912987562946,-0.00020519884255987622
ordinary_matched_positive_unchanged_13,2020_2021,LGBM,roc_auc,0.9231210889642245,0.9239192966256761,0.9287669635592994,0.9280470108444083,0.0007982076614515554,0.005645874595074929,-0.0015181603763426699,0.0049259218801838145,0.004127714218732259
ordinary_matched_positive_unchanged_13,2020_2021,LGBM,retrospective_recall_at_5percent,0.6590909090909091,0.6818181818181818,0.6136363636363636,0.5909090909090909,0.022727272727272707,-0.045454545454545414,-0.045454545454545414,-0.06818181818181812,-0.09090909090909083
ordinary_matched_positive_unchanged_14,2020_2021,LR,average_precision,0.01832219853109734,0.018156330370995347,0.01834684904512177,0.01818954960030822,-0.00016586816010199373,2.465051402442825e-05,8.568715288443524e-06,-0.00013264893078912196,3.321922931287177e-05
ordinary_matched_positive_unchanged_14,2020_2021,LR,brier,0.0038263275215847494,0.003826367219485093,0.0038264208218129563,0.0038264558487556295,3.969790034370757e-08,9.330022820693354e-08,-4.670957670562664e-09,1.2832717088007844e-07,8.862927053637087e-08
ordinary_matched_positive_unchanged_14,2020_2021,LR,roc_auc,0.8204046654329202,0.820637612624708,0.8204960242595635,0.8206998530523776,0.00023294719178779122,9.135882664323969e-05,-2.911839897368207e-05,0.00029518761945734884,6.224042766955762e-05
ordinary_matched_positive_unchanged_14,2020_2021,LR,retrospective_recall_at_5percent,0.4090909090909091,0.4090909090909091,0.38636363636363635,0.38636363636363635,0.0,-0.022727272727272763,0.0,-0.022727272727272763,-0.022727272727272763
ordinary_matched_positive_unchanged_14,2020_2021,LGBM,average_precision,0.11943167248162276,0.12251870147461091,0.13546301808736536,0.13685186780384387,0.0030870289929881556,0.016031345605742597,-0.0016981792765096426,0.01742019532222111,0.014333166329232955
ordinary_matched_positive_unchanged_14,2020_2021,LGBM,brier,0.006806953110292323,0.006724826330380382,0.007844087170178418,0.007786599580060831,-8.212677991194153e-05,0.0010371340598860947,2.4639189794354623e-05,0.0009796464697685078,0.0010617732496804493
ordinary_matched_positive_unchanged_14,2020_2021,LGBM,roc_auc,0.9231422001037526,0.9248530872076879,0.9240927298616353,0.9238657881144318,0.001710887103935299,0.0009505297578826788,-0.0019378288511388009,0.000723588010679177,-0.000987299093256122
ordinary_matched_positive_unchanged_14,2020_2021,LGBM,retrospective_recall_at_5percent,0.5909090909090909,0.6136363636363636,0.7272727272727273,0.6818181818181818,0.022727272727272707,0.13636363636363635,-0.06818181818181823,0.09090909090909083,0.06818181818181812
ordinary_matched_positive_unchanged_15,2020_2021,LR,average_precision,0.01817069525010275,0.017956190181647465,0.01817655752358738,0.018001080067100127,-0.00021450506845528683,5.862273484629615e-06,3.902761196803231e-05,-0.0001696151830026249,4.4889885452661926e-05
ordinary_matched_positive_unchanged_15,2020_2021,LR,brier,0.0038265870014002243,0.0038266242723982782,0.003826681078376997,0.003826713763734043,3.727099805389891e-08,9.407697677257451e-08,-4.58564100797379e-09,1.2676233381849963e-07,8.949133576460072e-08
ordinary_matched_positive_unchanged_15,2020_2021,LR,roc_auc,0.8199990096621533,0.8202028384549674,0.820115483258047,0.8203484304498347,0.00020382879281410915,0.00011647359589361805,2.911839897368207e-05,0.00034942078768140927,0.00014559199486730012
ordinary_matched_positive_unchanged_15,2020_2021,LR,retrospective_recall_at_5percent,0.4090909090909091,0.3409090909090909,0.38636363636363635,0.3409090909090909,-0.06818181818181823,-0.022727272727272763,0.022727272727272763,-0.06818181818181823,0.0
ordinary_matched_positive_unchanged_15,2020_2021,LGBM,average_precision,0.1243800271281639,0.12603508800421273,0.12040717284588189,0.12246134136357793,0.0016550608760488306,-0.003972854282282015,0.00039910764164721724,-0.0019186857645859673,-0.003573746640634798
ordinary_matched_positive_unchanged_15,2020_2021,LGBM,brier,0.007824805091835772,0.007619593384584539,0.00767269576241,0.007615285145971692,-0.00020521170725123355,-0.00015210932942577235,0.00014780109081292524,-0.00020951994586408066,-4.308238612847105e-06
ordinary_matched_positive_unchanged_15,2020_2021,LGBM,roc_auc,0.926918491719942,0.9263441309999184,0.9325902057412474,0.9319364970837488,-0.0005743607200235923,0.005671714021305396,-7.934793747499391e-05,0.00501800536380681,0.005592366083830402
ordinary_matched_positive_unchanged_15,2020_2021,LGBM,retrospective_recall_at_5percent,0.6818181818181818,0.6136363636363636,0.5909090909090909,0.5454545454545454,-0.06818181818181812,-0.09090909090909083,0.022727272727272596,-0.13636363636363635,-0.06818181818181823
ordinary_matched_positive_unchanged_16,2020_2021,LR,average_precision,0.017966892611127425,0.017823437376640553,0.017927009229901446,0.017807214062421473,-0.00014345523448687156,-3.988338122597884e-05,2.3660067006898294e-05,-0.0001596785487059521,-1.6223314219080548e-05
ordinary_matched_positive_unchanged_16,2020_2021,LR,brier,0.0038265510259429085,0.0038265840392524074,0.003826643041127985,0.0038266713792096682,3.301330949887979e-08,9.201518507643419e-08,-4.675227815564148e-09,1.2035326675974983e-07,8.733995726087004e-08
ordinary_matched_positive_unchanged_16,2020_2021,LR,roc_auc,0.8191314631375337,0.8193644103293214,0.8189256325298582,0.8193332901154865,0.0002329471917876802,-0.00020583060767553896,0.00017471039384064913,0.00020182697795279037,-3.112021383488983e-05
ordinary_matched_positive_unchanged_16,2020_2021,LR,retrospective_recall_at_5percent,0.36363636363636365,0.3181818181818182,0.36363636363636365,0.3409090909090909,-0.04545454545454547,0.0,0.022727272727272707,-0.022727272727272763,0.022727272727272707
ordinary_matched_positive_unchanged_16,2020_2021,LGBM,average_precision,0.11568644642445772,0.11747745149432087,0.1305122366372021,0.13245058630832512,0.0017910050698631552,0.014825790212744383,0.00014734460125986892,0.016764139883867407,0.014973134814004252
ordinary_matched_positive_unchanged_16,2020_2021,LGBM,brier,0.006775711286656224,0.0067766964055814465,0.00722657137274108,0.007180276527829856,9.851189252223225e-07,0.00045086008608485623,-4.7279963836446316e-05,0.00040456524117363224,0.0004035801222484099
ordinary_matched_positive_unchanged_16,2020_2021,LGBM,roc_auc,0.9237445862318353,0.9252145188845377,0.9296834624645389,0.9294936463757543,0.0014699326527023437,0.005938876232703616,-0.0016597487414869994,0.00574906014391896,0.004279127491216617
ordinary_matched_positive_unchanged_16,2020_2021,LGBM,retrospective_recall_at_5percent,0.5909090909090909,0.6136363636363636,0.6590909090909091,0.6363636363636364,0.022727272727272707,0.06818181818181812,-0.045454545454545414,0.045454545454545414,0.022727272727272707
ordinary_matched_positive_unchanged_17,2020_2021,LR,average_precision,0.018596278624226085,0.018324032342798925,0.01851209538813072,0.018266106603769854,-0.00027224628142715965,-8.418323609536357e-05,2.6257497066292657e-05,-0.00033017202045623056,-5.7925739029070916e-05
ordinary_matched_positive_unchanged_17,2020_2021,LR,brier,0.0038255426783136348,0.0038256010693555665,0.0038256415639852065,0.003825695290183185,5.839104193173725e-08,9.88856715716975e-08,-4.664843953391257e-09,1.526118695500435e-07,9.422082761830625e-08
ordinary_matched_positive_unchanged_17,2020_2021,LR,roc_auc,0.8212511008180119,0.8212219824190384,0.8211948658349263,0.8212531026328732,-2.9118398973460025e-05,-5.6234983085601264e-05,8.735519692038007e-05,2.0018148613187847e-06,3.112021383477881e-05
ordinary_matched_positive_unchanged_17,2020_2021,LR,retrospective_recall_at_5percent,0.38636363636363635,0.36363636363636365,0.38636363636363635,0.36363636363636365,-0.022727272727272707,0.0,0.0,-0.022727272727272707,0.0
ordinary_matched_positive_unchanged_17,2020_2021,LGBM,average_precision,0.12132333502052571,0.12368797679645215,0.1047717762282014,0.10801762770563761,0.002364641775926435,-0.01655155879232431,0.0008812097015097747,-0.013305707314888102,-0.015670349090814537
ordinary_matched_positive_unchanged_17,2020_2021,LGBM,brier,0.006852990937250034,0.006799679214242153,0.00662312417268894,0.006565652018683707,-5.3311723007881326e-05,-0.00022986676456109457,-4.160430997351104e-06,-0.000287338918566327,-0.00023402719555844567
ordinary_matched_positive_unchanged_17,2020_2021,LGBM,roc_auc,0.9201339047591268,0.9203246296718585,0.9265137447731221,0.9254132510567149,0.0001907249127316435,0.006379840013995275,-0.001291218629138835,0.005279346297588083,0.00508862138485644
ordinary_matched_positive_unchanged_17,2020_2021,LGBM,retrospective_recall_at_5percent,0.5681818181818182,0.5681818181818182,0.6136363636363636,0.6136363636363636,0.0,0.045454545454545414,0.0,0.045454545454545414,0.045454545454545414
ordinary_matched_positive_unchanged_18,2020_2021,LR,average_precision,0.018541715831843896,0.018332929498962567,0.0184851406866349,0.018314021357037327,-0.00020878633288132914,-5.6575145208997285e-05,3.7667003283756856e-05,-0.00022769447480656957,-1.890814192524043e-05
ordinary_matched_positive_unchanged_18,2020_2021,LR,brier,0.0038256370242472637,0.0038256808000187207,0.0038257358645536347,0.0038257750032195765,4.377577145697406e-08,9.884030637095226e-08,-4.637105515108847e-09,1.3797897231281747e-07,9.420320085584341e-08
ordinary_matched_positive_unchanged_18,2020_2021,LR,roc_auc,0.819533115278578,0.8194728766657696,0.81970982748728,0.8197389458862536,-6.0238612808349856e-05,0.00017671220870207893,8.93570117819209e-05,0.00020583060767564998,0.00026606922048399984
ordinary_matched_positive_unchanged_18,2020_2021,LR,retrospective_recall_at_5percent,0.38636363636363635,0.36363636363636365,0.36363636363636365,0.36363636363636365,-0.022727272727272707,-0.022727272727272707,0.022727272727272707,-0.022727272727272707,0.0
ordinary_matched_positive_unchanged_18,2020_2021,LGBM,average_precision,0.05975527029827874,0.06067473311144559,0.11328197076077946,0.1156661711783417,0.0009194628131668492,0.05352670046250072,0.0014647376043953886,0.05591090088006296,0.05499143806689611
ordinary_matched_positive_unchanged_18,2020_2021,LGBM,brier,0.006812819826917806,0.006922884185490588,0.006650395656730443,0.00660047814247004,0.0001100643585727817,-0.0001624241701873629,-0.00015998187283318508,-0.00021234168444776626,-0.00032240604302054797
ordinary_matched_positive_unchanged_18,2020_2021,LGBM,roc_auc,0.9134919991543704,0.9147601048291198,0.9266171144889334,0.9259825151561014,0.0012681056747494424,0.013125115334562953,-0.0019027050075813845,0.012490516001731011,0.011222410326981569
ordinary_matched_positive_unchanged_18,2020_2021,LGBM,retrospective_recall_at_5percent,0.5681818181818182,0.5909090909090909,0.7272727272727273,0.6136363636363636,0.022727272727272707,0.15909090909090906,-0.13636363636363635,0.045454545454545414,0.022727272727272707
ordinary_matched_positive_unchanged_19,2020_2021,LR,average_precision,0.018553996546065772,0.018269969011074232,0.0185996167544652,0.018322529657451795,-0.00028402753499153985,4.5620208399429346e-05,6.940437978133346e-06,-0.00023146688861397716,5.256064637756269e-05
ordinary_matched_positive_unchanged_19,2020_2021,LR,brier,0.003826479824577193,0.003826512584254448,0.003826572175967399,0.0038266003220819612,3.27596772552001e-08,9.235139020614264e-08,-4.6135626929032225e-09,1.204975047684395e-07,8.773782751323941e-08
ordinary_matched_positive_unchanged_19,2020_2021,LR,roc_auc,0.8200281280611267,0.8200863648590736,0.8202048402698289,0.8203504322646962,5.823679794692005e-05,0.00017671220870218995,8.735519692038007e-05,0.0003223042035694901,0.00026406740562257003
ordinary_matched_positive_unchanged_19,2020_2021,LR,retrospective_recall_at_5percent,0.36363636363636365,0.36363636363636365,0.36363636363636365,0.36363636363636365,0.0,0.0,0.0,0.0,0.0
ordinary_matched_positive_unchanged_19,2020_2021,LGBM,average_precision,0.12262053549467353,0.12407390028914399,0.1293630632305985,0.13064290959692923,0.0014533647944704603,0.006742527735924986,-0.00017351842813974339,0.008022374102255703,0.006569009307785242
ordinary_matched_positive_unchanged_19,2020_2021,LGBM,brier,0.0071852542547613234,0.0069641938452468825,0.006987939112437476,0.006987606784352848,-0.00022106040951444094,-0.00019731514232384714,0.00022072808142981244,-0.00019764747040847564,2.34129391059653e-05
ordinary_matched_positive_unchanged_19,2020_2021,LGBM,roc_auc,0.9349569874845101,0.934823406378811,0.9253167956094347,0.9245134913273462,-0.00013358110569905435,-0.009640191875075366,-0.0006697231763894695,-0.01044349615716389,-0.010309915051464835
ordinary_matched_positive_unchanged_19,2020_2021,LGBM,retrospective_recall_at_5percent,0.6590909090909091,0.6363636363636364,0.6818181818181818,0.6590909090909091,-0.022727272727272707,0.022727272727272707,0.0,0.0,0.022727272727272707
ordinary_matched_changed_negative_00,2020_2021,LR,average_precision,0.01822611657430151,0.018014971484413597,0.01821928200436525,0.018018737882989716,-0.00021114508988791247,-6.834569936258611e-06,1.0600968512377434e-05,-0.00020737869131179365,3.7663985761188234e-06
ordinary_matched_changed_negative_00,2020_2021,LR,brier,0.003826260189073217,0.0038263020299443137,0.003826352708062193,0.0038263898247827225,4.184087109681406e-08,9.251898897607441e-08,-4.724150567264607e-09,1.2963570950562386e-07,8.77948384088098e-08
ordinary_matched_changed_negative_00,2020_2021,LR,roc_auc,0.8198263010831739,0.8199136562800943,0.8200592482749616,0.8201174850729085,8.735519692038007e-05,0.0002329471917876802,-2.9118398973460025e-05,0.00029118398973460025,0.00020382879281422017
ordinary_matched_changed_negative_00,2020_2021,LR,retrospective_recall_at_5percent,0.4090909090909091,0.3409090909090909,0.4090909090909091,0.3409090909090909,-0.06818181818181823,0.0,0.0,-0.06818181818181823,0.0
ordinary_matched_changed_negative_00,2020_2021,LGBM,average_precision,0.07971703279685602,0.08137051660588837,0.06137035434903664,0.06459817544131007,0.0016534838090323523,-0.018346678447819377,0.0015743372832410785,-0.015118857355545953,-0.016772341164578305
ordinary_matched_changed_negative_00,2020_2021,LGBM,brier,0.007643715554264105,0.007415574366051883,0.006987954108892629,0.006949980732846304,-0.00022814118821222213,-0.0006557614453714762,0.00019016781216589767,-0.0006937348214178006,-0.0004655936332055785
ordinary_matched_changed_negative_00,2020_2021,LGBM,roc_auc,0.9249431688764496,0.9253126078127447,0.9197080466727788,0.9193586258850973,0.00036943893629515223,-0.005235122203670728,-0.0007188597239766725,-0.005584542991352248,-0.0059539819276474
ordinary_matched_changed_negative_00,2020_2021,LGBM,retrospective_recall_at_5percent,0.5454545454545454,0.5681818181818182,0.5909090909090909,0.5909090909090909,0.022727272727272818,0.045454545454545525,-0.022727272727272818,0.045454545454545525,0.022727272727272707
ordinary_matched_changed_negative_01,2020_2021,LR,average_precision,0.01828907556995152,0.018079034528228795,0.018245857703518786,0.01800581849466551,-0.0002100410417227236,-4.321786643273276e-05,-2.9998167130552283e-05,-0.00028325707528600863,-7.321603356328504e-05
ordinary_matched_changed_negative_01,2020_2021,LR,brier,0.0038262443282591966,0.003826288352118098,0.003826336523510323,0.00382637581118713,4.402385890122512e-08,9.219525112617866e-08,-4.7361820940811095e-09,1.3148292793332267e-07,8.745906903209755e-08
ordinary_matched_changed_negative_01,2020_2021,LR,roc_auc,0.8200010114770147,0.820088366673935,0.8200592482749616,0.8201174850729085,8.735519692038007e-05,5.823679794692005e-05,-2.9118398973460025e-05,0.0001164735958938401,2.9118398973460025e-05
ordinary_matched_changed_negative_01,2020_2021,LR,retrospective_recall_at_5percent,0.38636363636363635,0.3409090909090909,0.38636363636363635,0.3409090909090909,-0.04545454545454547,0.0,0.0,-0.04545454545454547,0.0
ordinary_matched_changed_negative_01,2020_2021,LGBM,average_precision,0.11792733381898654,0.11865118153169034,0.08094339987414019,0.08398681024258699,0.0007238477127037984,-0.03698393394484635,0.002319562655742999,-0.03394052357639955,-0.03466437128910335
ordinary_matched_changed_negative_01,2020_2021,LGBM,brier,0.00702840730573862,0.007055651125840465,0.007010692168988276,0.00698613089856099,2.724382010184552e-05,-1.7715136750343433e-05,-5.180509052913219e-05,-4.22764071776301e-05,-6.952022727947562e-05
ordinary_matched_changed_negative_01,2020_2021,LGBM,roc_auc,0.9219945716546194,0.9217485205827495,0.9159228389731968,0.9152420137315861,-0.0002460510718699238,-0.006071732681422581,-0.00043477416974080363,-0.006752557923033309,-0.006506506851163385
ordinary_matched_changed_negative_01,2020_2021,LGBM,retrospective_recall_at_5percent,0.5909090909090909,0.5909090909090909,0.5681818181818182,0.5454545454545454,0.0,-0.022727272727272707,-0.022727272727272818,-0.045454545454545525,-0.045454545454545525
ordinary_matched_changed_negative_02,2020_2021,LR,average_precision,0.018238139217831927,0.01802640581138597,0.01816845960874627,0.01797191633508576,-0.00021173340644595542,-6.967960908565649e-05,1.5190132785444094e-05,-0.0002662228827461678,-5.448947630021239e-05
ordinary_matched_changed_negative_02,2020_2021,LR,brier,0.0038261971852947517,0.0038262420004449385,0.003826283018013313,0.003826323142873371,4.4815150186758995e-08,8.583271856113517e-08,-4.6902901285061915e-09,1.2595757861938797e-07,8.114242843262898e-08
ordinary_matched_changed_negative_02,2020_2021,LR,roc_auc,0.8198574212970087,0.8199136562800943,0.8199427746790677,0.8200301298759881,5.6234983085601264e-05,8.535338205906129e-05,3.112021383477881e-05,0.00017270857897944136,0.0001164735958938401
ordinary_matched_changed_negative_02,2020_2021,LR,retrospective_recall_at_5percent,0.38636363636363635,0.3409090909090909,0.36363636363636365,0.3409090909090909,-0.04545454545454547,-0.022727272727272707,0.022727272727272707,-0.04545454545454547,0.0
ordinary_matched_changed_negative_02,2020_2021,LGBM,average_precision,0.10033131106090433,0.1013146081889951,0.1068301975011003,0.10809790084791646,0.0009832971280907682,0.006498886440195972,0.00028440621872538596,0.007766589787012126,0.006783292658921358
ordinary_matched_changed_negative_02,2020_2021,LGBM,brier,0.008085464768025595,0.00799135440392009,0.006693144949676469,0.006682722440454851,-9.411036410550584e-05,-0.0013923198183491258,8.368785488388833e-05,-0.0014027423275707442,-0.0013086319634652384
ordinary_matched_changed_negative_02,2020_2021,LGBM,roc_auc,0.9269001070522552,0.9272926589429398,0.9301837560346919,0.9294678069495237,0.0003925518906845449,0.0032836489824367154,-0.0011085009758527997,0.0025676998972684606,0.0021751480065839157
ordinary_matched_changed_negative_02,2020_2021,LGBM,retrospective_recall_at_5percent,0.5454545454545454,0.5454545454545454,0.6363636363636364,0.5909090909090909,0.0,0.09090909090909094,-0.045454545454545414,0.045454545454545525,0.045454545454545525
ordinary_matched_changed_negative_03,2020_2021,LR,average_precision,0.018281111243199907,0.01807086905558428,0.01827789557655177,0.01805267961019375,-0.00021024218761562727,-3.2156666481368557e-06,-1.4973778742391475e-05,-0.0002284316330061556,-1.818944539052833e-05
ordinary_matched_changed_negative_03,2020_2021,LR,brier,0.003826242840373191,0.003826287030666582,0.0038263352800769718,0.0038263747286401625,4.4190293391112995e-08,9.243970378091174e-08,-4.741730200326366e-09,1.3188826697169836e-07,8.769797358058537e-08
ordinary_matched_changed_negative_03,2020_2021,LR,roc_auc,0.8198845378811208,0.8199718930780413,0.8201174850729085,0.8202048402698288,8.73551969204911e-05,0.0002329471917876802,-2.220446049250313e-16,0.00032030238870794925,0.00023294719178745815
ordinary_matched_changed_negative_03,2020_2021,LR,retrospective_recall_at_5percent,0.38636363636363635,0.3409090909090909,0.38636363636363635,0.3409090909090909,-0.04545454545454547,0.0,0.0,-0.04545454545454547,0.0
ordinary_matched_changed_negative_03,2020_2021,LGBM,average_precision,0.12128369051547877,0.12286849823086107,0.062334788855455785,0.06507628738885177,0.0015848077153823026,-0.058948901660022986,0.0011566908180136726,-0.056207403126627004,-0.057792210842009306
ordinary_matched_changed_negative_03,2020_2021,LGBM,brier,0.007062944178699244,0.0069857084666744545,0.006896117688349102,0.006858332119492254,-7.72357120247891e-05,-0.0001668264903501417,3.9450143167940946e-05,-0.00020461205920698985,-0.00012737634718220075
ordinary_matched_changed_negative_03,2020_2021,LGBM,roc_auc,0.9193708209412328,0.9198547316585604,0.9259173640896233,0.9256010653306381,0.0004839107173275625,0.006546543148390538,-0.0008002094763127632,0.006230244389405337,0.005746333672077775
ordinary_matched_changed_negative_03,2020_2021,LGBM,retrospective_recall_at_5percent,0.7045454545454546,0.7045454545454546,0.6136363636363636,0.6136363636363636,0.0,-0.09090909090909094,0.0,-0.09090909090909094,-0.09090909090909094
ordinary_matched_changed_negative_04,2020_2021,LR,average_precision,0.018281132588205677,0.01807086905558428,0.018225748501256845,0.0180027173621772,-0.0002102635326213971,-5.538408694883215e-05,-1.2767606458248537e-05,-0.0002784152260284778,-6.815169340708069e-05
ordinary_matched_changed_negative_04,2020_2021,LR,brier,0.0038262513551521288,0.0038262951590021547,0.003826343833969696,0.003826382898773,4.380385002595785e-08,9.247881756734022e-08,-4.739046721886908e-09,1.3154362087141117e-07,8.773977084545331e-08
ordinary_matched_changed_negative_04,2020_2021,LR,roc_auc,0.8198865396959822,0.8199718930780412,0.8200301298759881,0.8200883666739349,8.535338205895027e-05,0.00014359018000587032,-2.711658411214124e-05,0.00020182697795267934,0.00011647359589372908
ordinary_matched_changed_negative_04,2020_2021,LR,retrospective_recall_at_5percent,0.38636363636363635,0.3409090909090909,0.36363636363636365,0.3409090909090909,-0.04545454545454547,-0.022727272727272707,0.022727272727272707,-0.04545454545454547,0.0
ordinary_matched_changed_negative_04,2020_2021,LGBM,average_precision,0.12091882667653607,0.12410248089767005,0.08613845547786954,0.08852966367695245,0.0031836542211339802,-0.03478037119866653,-0.0007924460220510715,-0.03238916299958362,-0.035572817220717604
ordinary_matched_changed_negative_04,2020_2021,LGBM,brier,0.006730116153673053,0.006604046239941667,0.006976740733068571,0.006956164986220016,-0.00012606991373138605,0.00024662457939551765,0.00010549416688283159,0.0002260488325469632,0.00035211874627834924
ordinary_matched_changed_negative_04,2020_2021,LGBM,roc_auc,0.9254915060032755,0.9255657573201133,0.9216116605043074,0.9212080065484016,7.42513168378034e-05,-0.0038798454989680264,-0.00047790527274360617,-0.004283499454873829,-0.004357750771711633
ordinary_matched_changed_negative_04,2020_2021,LGBM,retrospective_recall_at_5percent,0.6363636363636364,0.6363636363636364,0.5909090909090909,0.5909090909090909,0.0,-0.045454545454545414,0.0,-0.045454545454545414,-0.045454545454545414
ordinary_matched_changed_negative_05,2020_2021,LR,average_precision,0.01829939901411131,0.018088258576924768,0.01826400917105952,0.018021944396490158,-0.00021114043718654246,-3.5389843051791825e-05,-3.0924337382817746e-05,-0.00027745461762115203,-6.631418043460957e-05
ordinary_matched_changed_negative_05,2020_2021,LR,brier,0.0038262454152012872,0.003826289520164488,0.003826337832287091,0.0038263772030435045,4.4104963200716774e-08,9.241708580397592e-08,-4.734206787444101e-09,1.317878422172486e-07,8.768287901653182e-08
ordinary_matched_changed_negative_05,2020_2021,LR,roc_auc,0.8199136562800943,0.8200010114770147,0.820088366673935,0.8201174850729085,8.735519692038007e-05,0.00017471039384076015,-5.823679794692005e-05,0.00020382879281422017,0.0001164735958938401
ordinary_matched_changed_negative_05,2020_2021,LR,retrospective_recall_at_5percent,0.4090909090909091,0.3409090909090909,0.38636363636363635,0.3409090909090909,-0.06818181818181823,-0.022727272727272763,0.022727272727272763,-0.06818181818181823,0.0
ordinary_matched_changed_negative_05,2020_2021,LGBM,average_precision,0.11843813182277665,0.11939611110946002,0.08232765855023728,0.08581701336036367,0.0009579792866833692,-0.03611047327253937,0.0025313755234430135,-0.03262111846241299,-0.03357909774909636
ordinary_matched_changed_negative_05,2020_2021,LGBM,brier,0.006904739322737351,0.007167893254080395,0.006967312803744657,0.006912486100627201,0.00026315393134304383,6.257348100730583e-05,-0.0003179806344604996,7.746777889850072e-06,-0.00025540715345319376
ordinary_matched_changed_negative_05,2020_2021,LGBM,roc_auc,0.9145593708420814,0.9155091759429843,0.9271123114384494,0.9260549488250452,0.0009498051009029229,0.012552940596368023,-0.00200716771430709,0.011495577982963856,0.010545772882060933
ordinary_matched_changed_negative_05,2020_2021,LGBM,retrospective_recall_at_5percent,0.5454545454545454,0.5454545454545454,0.5909090909090909,0.5454545454545454,0.0,0.045454545454545525,-0.045454545454545525,0.0,0.0
ordinary_matched_changed_negative_06,2020_2021,LR,average_precision,0.01828355062125444,0.01807349132308805,0.018268852880020843,0.01804471640210996,-0.00021005929816638944,-1.4697741233596351e-05,-1.4077179744494822e-05,-0.0002388342191444806,-2.8774920978091173e-05
ordinary_matched_changed_negative_06,2020_2021,LR,brier,0.003826241261928348,0.003826285572156123,0.0038263333585780504,0.0038263729270459237,4.431022777471802e-08,9.209664970227793e-08,-4.74175990139436e-09,1.316651175756016e-07,8.735488980088357e-08
ordinary_matched_changed_negative_06,2020_2021,LR,roc_auc,0.8199136562800943,0.8200010114770147,0.8201757218708553,0.8202630770677757,8.735519692038007e-05,0.0002620655907610292,0.0,0.00034942078768140927,0.0002620655907610292
ordinary_matched_changed_negative_06,2020_2021,LR,retrospective_recall_at_5percent,0.38636363636363635,0.3409090909090909,0.38636363636363635,0.3409090909090909,-0.04545454545454547,0.0,0.0,-0.04545454545454547,0.0
ordinary_matched_changed_negative_06,2020_2021,LGBM,average_precision,0.1195285856049241,0.12100681421638203,0.05787447831161577,0.060631030322288434,0.001478228611457924,-0.061654107293308336,0.0012783233992147425,-0.05889755528263567,-0.06037578389409359
ordinary_matched_changed_negative_06,2020_2021,LGBM,brier,0.00679856816863456,0.006805112799943264,0.007126376825996642,0.007134736950602291,6.544631308703919e-06,0.00032780865736208205,1.8154932969454557e-06,0.0003361687819677314,0.0003296241506590275
ordinary_matched_changed_negative_06,2020_2021,LGBM,roc_auc,0.9249404424046084,0.9256864187126971,0.9193657243205958,0.9189891869488023,0.0007459763080887027,-0.005574718084012553,-0.0011225136798822533,-0.005951255455806104,-0.0066972317638948065
ordinary_matched_changed_negative_06,2020_2021,LGBM,retrospective_recall_at_5percent,0.5681818181818182,0.5909090909090909,0.5454545454545454,0.5454545454545454,0.022727272727272707,-0.022727272727272818,-0.022727272727272707,-0.022727272727272818,-0.045454545454545525
ordinary_matched_changed_negative_07,2020_2021,LR,average_precision,0.018276314892796616,0.01806683540210442,0.018206551823132015,0.017966202855539744,-0.0002094794906921972,-6.976306966460094e-05,-3.086947690007433e-05,-0.0003101120372568725,-0.00010063254656467527
ordinary_matched_changed_negative_07,2020_2021,LR,brier,0.003826248816273416,0.003826292173001466,0.003826341235360365,0.003826379858664452,4.33567280497954e-08,9.241908694888543e-08,-4.7334239626842245e-09,1.310423910359966e-07,8.76856629862012e-08
ordinary_matched_changed_negative_07,2020_2021,LR,roc_auc,0.8197971826842003,0.8198845378811208,0.8198845378811207,0.8199136562800943,8.73551969204911e-05,8.735519692038007e-05,-5.823679794692005e-05,0.00011647359589395112,2.9118398973460025e-05
ordinary_matched_changed_negative_07,2020_2021,LR,retrospective_recall_at_5percent,0.38636363636363635,0.3409090909090909,0.38636363636363635,0.3409090909090909,-0.04545454545454547,0.0,0.0,-0.04545454545454547,0.0
ordinary_matched_changed_negative_07,2020_2021,LGBM,average_precision,0.1209250425861399,0.12285358536142757,0.06302555610612019,0.06617365673094565,0.0019285427752876727,-0.057899486480019705,0.0012195578495377835,-0.05475138585519425,-0.05667992863048192
ordinary_matched_changed_negative_07,2020_2021,LGBM,brier,0.00701222844179402,0.006914159387432614,0.007009898051274571,0.00696211766027598,-9.806905436140611e-05,-2.330390519449284e-06,5.0288663362815095e-05,-5.01107815180403e-05,4.795827284336581e-05
ordinary_matched_changed_negative_07,2020_2021,LGBM,roc_auc,0.9184099137751087,0.9191790030375868,0.9225143308724845,0.9217401449893694,0.0007690892624780954,0.0041044170973757454,-0.0015432751455931593,0.0033302312142606816,0.002561141951782586
ordinary_matched_changed_negative_07,2020_2021,LGBM,retrospective_recall_at_5percent,0.6818181818181818,0.6590909090909091,0.6590909090909091,0.6590909090909091,-0.022727272727272707,-0.022727272727272707,0.022727272727272707,-0.022727272727272707,0.0
ordinary_matched_changed_negative_08,2020_2021,LR,average_precision,0.01825852281365539,0.018047295772811386,0.01820567201269647,0.017981248516236642,-0.00021122704084400312,-5.2850800958917366e-05,-1.3196455615826358e-05,-0.00027727429741874685,-6.604725657474372e-05
ordinary_matched_changed_negative_08,2020_2021,LR,brier,0.0038262282713741767,0.0038262719367844716,0.0038263189358063035,0.0038263578652277335,4.3665410294924795e-08,9.06644321268385e-08,-4.735988864967844e-09,1.2959385355679545e-07,8.592844326187066e-08
ordinary_matched_changed_negative_08,2020_2021,LR,roc_auc,0.8199156580949557,0.8200010114770145,0.8199718930780412,0.8200592482749616,8.535338205883924e-05,5.623498308549024e-05,2.0018148615408293e-06,0.00014359018000587032,5.823679794703107e-05
ordinary_matched_changed_negative_08,2020_2021,LR,retrospective_recall_at_5percent,0.4090909090909091,0.3409090909090909,0.36363636363636365,0.3409090909090909,-0.06818181818181823,-0.04545454545454547,0.04545454545454547,-0.06818181818181823,0.0
ordinary_matched_changed_negative_08,2020_2021,LGBM,average_precision,0.12127531033245904,0.12285937032895143,0.06178027846421433,0.06465232170304518,0.0015840599964923874,-0.059495031868244716,0.0012879832423384613,-0.05662298862941387,-0.058207048625906255
ordinary_matched_changed_negative_08,2020_2021,LGBM,brier,0.007099955826193003,0.007156628899588884,0.0068721065783742125,0.006863849632309304,5.6673073395881526e-05,-0.00022784924781879025,-6.493001946079012e-05,-0.00023610619388369884,-0.00029277926727958037
ordinary_matched_changed_negative_08,2020_2021,LGBM,roc_auc,0.9200285332284541,0.9205997991427021,0.9180191795323185,0.9171947641107019,0.0005712659142479426,-0.0020093536961356406,-0.0013956813358645404,-0.0028337691177522384,-0.003405035032000181
ordinary_matched_changed_negative_08,2020_2021,LGBM,retrospective_recall_at_5percent,0.6363636363636364,0.6590909090909091,0.5227272727272727,0.5227272727272727,0.022727272727272707,-0.11363636363636365,-0.022727272727272707,-0.11363636363636365,-0.13636363636363635
ordinary_matched_changed_negative_09,2020_2021,LR,average_precision,0.01828677199601166,0.018076663821749,0.018228525198098217,0.01800581849466551,-0.00021010817426266037,-5.824679791344156e-05,-1.259852917004714e-05,-0.0002809535013461491,-7.08453270834887e-05
ordinary_matched_changed_negative_09,2020_2021,LR,brier,0.0038262420805448686,0.0038262861559105127,0.003826334288275152,0.0038263736265737964,4.407536564410633e-08,9.22077302832093e-08,-4.737066999511291e-09,1.3154602892780434e-07,8.747066328369801e-08
ordinary_matched_changed_negative_09,2020_2021,LR,roc_auc,0.8199718930780411,0.8200592482749617,0.8200301298759882,0.8201174850729085,8.735519692060212e-05,5.8236797947142094e-05,-3.3306690738754696e-16,0.00014559199486741115,5.823679794680903e-05
ordinary_matched_changed_negative_09,2020_2021,LR,retrospective_recall_at_5percent,0.38636363636363635,0.3409090909090909,0.36363636363636365,0.3409090909090909,-0.04545454545454547,-0.022727272727272707,0.022727272727272707,-0.04545454545454547,0.0
ordinary_matched_changed_negative_09,2020_2021,LGBM,average_precision,0.1234644765130895,0.12470556447944903,0.10793174062844066,0.1106722446897712,0.001241087966359522,-0.015532735884648846,0.0014994160949710206,-0.012792231823318304,-0.014033319789677826
ordinary_matched_changed_negative_09,2020_2021,LGBM,brier,0.006673947411085046,0.006646437251239095,0.006392583884118077,0.006313725810226463,-2.75101598459504e-05,-0.00028136352696696895,-5.134791404566314e-05,-0.0003602216008585825,-0.0003327114410126321
ordinary_matched_changed_negative_09,2020_2021,LGBM,roc_auc,0.9218438830391152,0.9225898593472039,0.9260509451953225,0.9246943913327383,0.0007459763080887027,0.004207062156207253,-0.002102530170672856,0.0028505082936230997,0.002104531985534397
ordinary_matched_changed_negative_09,2020_2021,LGBM,retrospective_recall_at_5percent,0.5909090909090909,0.6136363636363636,0.5909090909090909,0.5909090909090909,0.022727272727272707,0.0,-0.022727272727272707,0.0,-0.022727272727272707
ordinary_matched_changed_negative_10,2020_2021,LR,average_precision,0.018242484186995474,0.018032819214171443,0.018200341476734924,0.017977603280769694,-0.00020966497282403143,-4.214271026055025e-05,-1.3073223141198825e-05,-0.0002648809062257805,-5.521593340174907e-05
ordinary_matched_changed_negative_10,2020_2021,LR,brier,0.003826253621292616,0.0038262972844964726,0.0038263456970757024,0.00382638462858813,4.366320385676761e-08,9.207578308655096e-08,-4.731691429296636e-09,1.3100729551402193e-07,8.734409165725432e-08
ordinary_matched_changed_negative_10,2020_2021,LR,roc_auc,0.8197700661000884,0.8198845378811208,0.8200010114770147,0.8200883666739349,0.00011447178103241029,0.0002309453769262504,-2.711658411214124e-05,0.00031830057384651944,0.00020382879281410915
ordinary_matched_changed_negative_10,2020_2021,LR,retrospective_recall_at_5percent,0.38636363636363635,0.3409090909090909,0.36363636363636365,0.3409090909090909,-0.04545454545454547,-0.022727272727272707,0.022727272727272707,-0.04545454545454547,0.0
ordinary_matched_changed_negative_10,2020_2021,LGBM,average_precision,0.11751479059223438,0.11972568951568878,0.07903908711861475,0.08119463233899894,0.002210898923454399,-0.03847570347361963,-5.535370307020726e-05,-0.03632015825323544,-0.03853105717668984
ordinary_matched_changed_negative_10,2020_2021,LGBM,brier,0.007597642625567963,0.007658616150743039,0.007050767138078009,0.007041068842557741,6.097352517507593e-05,-0.0005468754874899534,-7.06718206953446e-05,-0.0005565737830102221,-0.000617547308185298
ordinary_matched_changed_negative_10,2020_2021,LGBM,roc_auc,0.9131405765518275,0.9137720810788836,0.9247446208712397,0.9247195061019889,0.0006315045270561814,0.011604044319412199,-0.0006566192963068929,0.011578929550161488,0.010947425023105306
ordinary_matched_changed_negative_10,2020_2021,LGBM,retrospective_recall_at_5percent,0.5454545454545454,0.5681818181818182,0.5909090909090909,0.5909090909090909,0.022727272727272818,0.045454545454545525,-0.022727272727272818,0.045454545454545525,0.022727272727272707
ordinary_matched_changed_negative_11,2020_2021,LR,average_precision,0.018233437514553714,0.018008435803491055,0.018147150633998986,0.01798300329663774,-0.00022500171106265912,-8.628688055472775e-05,6.085437370141264e-05,-0.00025043421791597423,-2.5432506853315107e-05
ordinary_matched_changed_negative_11,2020_2021,LR,brier,0.003826231901983279,0.003826275064726438,0.0038263244607937607,0.003826362882019192,4.316274315871102e-08,9.255881048154252e-08,-4.741517727491901e-09,1.3098003591276164e-07,8.781729275405062e-08
ordinary_matched_changed_negative_11,2020_2021,LR,roc_auc,0.8199738948929025,0.8200321316908494,0.8199136562800942,0.8199718930780412,5.823679794692005e-05,-6.0238612808349856e-05,1.1102230246251565e-16,-2.0018148613187847e-06,-6.0238612808238834e-05
ordinary_matched_changed_negative_11,2020_2021,LR,retrospective_recall_at_5percent,0.38636363636363635,0.3409090909090909,0.36363636363636365,0.3409090909090909,-0.04545454545454547,-0.022727272727272707,0.022727272727272707,-0.04545454545454547,0.0
ordinary_matched_changed_negative_11,2020_2021,LGBM,average_precision,0.1260775984609826,0.12866179992124246,0.059513302088549866,0.0625596616454385,0.002584201460259866,-0.06656429637243273,0.00046215809662875085,-0.0635179368155441,-0.06610213827580397
ordinary_matched_changed_negative_11,2020_2021,LGBM,brier,0.006666721111041657,0.006545133721173816,0.007075633224515991,0.007044905131554195,-0.00012158738986784139,0.0004089121134743341,9.085929690604531e-05,0.000378184020512538,0.0004997714103803794
ordinary_matched_changed_negative_11,2020_2021,LGBM,roc_auc,0.9244976609754225,0.924569910477399,0.9114586236798982,0.9107095525660338,7.224950197648461e-05,-0.013039037295524358,-0.000821320615840837,-0.01378810840938871,-0.013860357911365195
ordinary_matched_changed_negative_11,2020_2021,LGBM,retrospective_recall_at_5percent,0.6818181818181818,0.6818181818181818,0.5454545454545454,0.5454545454545454,0.0,-0.13636363636363635,0.0,-0.13636363636363635,-0.13636363636363635
ordinary_matched_changed_negative_12,2020_2021,LR,average_precision,0.01827722362123231,0.01806689747053021,0.018217673982155496,0.017977310337655282,-0.00021032615070210037,-5.954963907681479e-05,-3.003749379811363e-05,-0.0002999132835770288,-8.958713287492842e-05
ordinary_matched_changed_negative_12,2020_2021,LR,brier,0.003826249756015006,0.003826293599376384,0.003826342206387893,0.003826381316986482,4.3843361378047285e-08,9.245037288670155e-08,-4.732762788877548e-09,1.3156097147587129e-07,8.7717610097824e-08
ordinary_matched_changed_negative_12,2020_2021,LR,roc_auc,0.8198263010831739,0.8199136562800943,0.8200301298759881,0.8200592482749616,8.735519692038007e-05,0.00020382879281422017,-5.823679794692005e-05,0.0002329471917876802,0.00014559199486730012
ordinary_matched_changed_negative_12,2020_2021,LR,retrospective_recall_at_5percent,0.38636363636363635,0.3409090909090909,0.38636363636363635,0.3409090909090909,-0.04545454545454547,0.0,0.0,-0.04545454545454547,0.0
ordinary_matched_changed_negative_12,2020_2021,LGBM,average_precision,0.12363572556454276,0.12499382350504205,0.0637793847322309,0.06714466246893713,0.0013580979404992921,-0.059856340832311866,0.0020071797962069454,-0.05649106309560563,-0.05784916103610492
ordinary_matched_changed_negative_12,2020_2021,LGBM,brier,0.00724317083717787,0.007314837449904143,0.006801670028629849,0.006767150501306852,7.166661272627311e-05,-0.0004415008085480211,-0.00010618614004926936,-0.00047602033587101737,-0.0005476869485972905
ordinary_matched_changed_negative_12,2020_2021,LGBM,roc_auc,0.9304287141156478,0.9308563898498897,0.916864452647687,0.9159446747697045,0.00042767573424196126,-0.013564261467960748,-0.0013474536122244363,-0.014484039345943223,-0.014911715080185184
ordinary_matched_changed_negative_12,2020_2021,LGBM,retrospective_recall_at_5percent,0.6363636363636364,0.6590909090909091,0.5681818181818182,0.5681818181818182,0.022727272727272707,-0.06818181818181812,-0.022727272727272707,-0.06818181818181812,-0.09090909090909083
ordinary_matched_changed_negative_13,2020_2021,LR,average_precision,0.018291780239502276,0.018080878547581884,0.018227698674997985,0.018003309392648444,-0.00021090169192039196,-6.408156450429109e-05,-1.3487590429149543e-05,-0.0002884708468538326,-7.756915493344063e-05
ordinary_matched_changed_negative_13,2020_2021,LR,brier,0.003826235118503336,0.0038262794450210917,0.003826327527698155,0.003826367112517724,4.432651775580082e-08,9.240919481923529e-08,-4.741698186871979e-09,1.3199401438816413e-07,8.766749663236331e-08
ordinary_matched_changed_negative_13,2020_2021,LR,roc_auc,0.8201486052867433,0.8202339586688023,0.8200010114770148,0.820088366673935,8.535338205906129e-05,-0.00014759380972850789,2.0018148612077624e-06,-6.0238612808238834e-05,-0.00014559199486730012
ordinary_matched_changed_negative_13,2020_2021,LR,retrospective_recall_at_5percent,0.4090909090909091,0.3409090909090909,0.36363636363636365,0.3409090909090909,-0.06818181818181823,-0.04545454545454547,0.04545454545454547,-0.06818181818181823,0.0
ordinary_matched_changed_negative_13,2020_2021,LGBM,average_precision,0.11413078161481202,0.11494137175370402,0.062376069785408085,0.06452777470887859,0.000810590138891995,-0.051754711829403936,0.0013411147845785176,-0.04960300690593343,-0.050413597044825426
ordinary_matched_changed_negative_13,2020_2021,LGBM,brier,0.006802829181405805,0.006731825308868474,0.007080795163773448,0.007040362911195969,-7.100387253733149e-05,0.00027796598236764277,3.057161995985262e-05,0.0002375337297901639,0.0003085376023274954
ordinary_matched_changed_negative_13,2020_2021,LGBM,roc_auc,0.9123865929842933,0.9121365382827005,0.918251217900159,0.9179971595688433,-0.0002500547015927834,0.0058646249158657016,-4.003629722859614e-06,0.0056105665845500585,0.005860621286142842
ordinary_matched_changed_negative_13,2020_2021,LGBM,retrospective_recall_at_5percent,0.5909090909090909,0.5909090909090909,0.5454545454545454,0.5454545454545454,0.0,-0.045454545454545525,0.0,-0.045454545454545525,-0.045454545454545525
ordinary_matched_changed_negative_14,2020_2021,LR,average_precision,0.018273867655330588,0.018064574432876707,0.018262552939334747,0.01803800342669922,-0.000209293222453881,-1.1314715995840857e-05,-1.5256290181644289e-05,-0.00023586422863136614,-2.6571006177485146e-05
ordinary_matched_changed_negative_14,2020_2021,LR,brier,0.0038262441132060733,0.0038262882030351227,0.0038263361842539208,0.003826375534838799,4.408982904940614e-08,9.207104784744041e-08,-4.73924417114871e-09,1.3142163272569785e-07,8.73318036762917e-08
ordinary_matched_changed_negative_14,2020_2021,LR,roc_auc,0.8198263010831739,0.8199136562800943,0.8200883666739349,0.820146603471882,8.735519692038007e-05,0.0002620655907610292,-2.9118398973349002e-05,0.00032030238870806027,0.0002329471917876802
ordinary_matched_changed_negative_14,2020_2021,LR,retrospective_recall_at_5percent,0.38636363636363635,0.3409090909090909,0.38636363636363635,0.3409090909090909,-0.04545454545454547,0.0,0.0,-0.04545454545454547,0.0
ordinary_matched_changed_negative_14,2020_2021,LGBM,average_precision,0.08186250687683488,0.10404720572801465,0.11459218281560486,0.11608098772530705,0.022184698851179768,0.03272967593876998,-0.020695893941477583,0.03421848084847216,0.012033781997292395
ordinary_matched_changed_negative_14,2020_2021,LGBM,brier,0.007574675571435712,0.007529408808512905,0.006140649828471609,0.0061157867472618095,-4.526676292280693e-05,-0.0014340257429641028,2.040368171300766e-05,-0.001458888824173902,-0.0014136220612510951
ordinary_matched_changed_negative_14,2020_2021,LGBM,roc_auc,0.9300851146055831,0.9317377649115717,0.9342723427801439,0.9332983317339373,0.001652650305988601,0.004187228174560853,-0.0026266613521952475,0.0032132171283542066,0.0015605668223656055
ordinary_matched_changed_negative_14,2020_2021,LGBM,retrospective_recall_at_5percent,0.5681818181818182,0.5681818181818182,0.7272727272727273,0.7272727272727273,0.0,0.15909090909090906,0.0,0.15909090909090906,0.15909090909090906
ordinary_matched_changed_negative_15,2020_2021,LR,average_precision,0.018287484427968705,0.018078106790779237,0.01823869354619633,0.018015853854352844,-0.00020937763718946803,-4.879088177237381e-05,-1.34620546540197e-05,-0.00027163057361586154,-6.225293642639351e-05
ordinary_matched_changed_negative_15,2020_2021,LR,brier,0.003826228734531301,0.0038262726877367607,0.003826319340762951,0.003826358544639577,4.3953205459794364e-08,9.060623165028231e-08,-4.749328833854316e-09,1.2981010827622236e-07,8.5856902816428e-08
ordinary_matched_changed_negative_15,2020_2021,LR,roc_auc,0.8198574212970088,0.8199427746790677,0.820030129875988,0.8200883666739349,8.535338205895027e-05,0.00017270857897921932,-2.7116584112030218e-05,0.00023094537692613937,0.0001455919948671891
ordinary_matched_changed_negative_15,2020_2021,LR,retrospective_recall_at_5percent,0.38636363636363635,0.3409090909090909,0.36363636363636365,0.3409090909090909,-0.04545454545454547,-0.022727272727272707,0.022727272727272707,-0.04545454545454547,0.0
ordinary_matched_changed_negative_15,2020_2021,LGBM,average_precision,0.12094077927173,0.12102467303474063,0.1260475922090176,0.1300960766462604,8.389376301062845e-05,0.005106812937287597,0.003964590674232188,0.009155297374530413,0.009071403611519785
ordinary_matched_changed_negative_15,2020_2021,LGBM,brier,0.0067779716558306,0.006959703308433948,0.006213535701209603,0.006135174452539177,0.00018173165260334818,-0.0005644359546209971,-0.00026009290127377346,-0.0006427972032914224,-0.0008245288558947706
ordinary_matched_changed_negative_15,2020_2021,LGBM,roc_auc,0.922169097881493,0.9221037626480477,0.9301104135418011,0.9288723350899719,-6.533523344531833e-05,0.00794131566030809,-0.0011727432183838982,0.006703237208478874,0.006768572441924192
ordinary_matched_changed_negative_15,2020_2021,LGBM,retrospective_recall_at_5percent,0.5681818181818182,0.5909090909090909,0.6818181818181818,0.5909090909090909,0.022727272727272707,0.11363636363636354,-0.11363636363636354,0.022727272727272707,0.0
ordinary_matched_changed_negative_16,2020_2021,LR,average_precision,0.018285155446035196,0.01807502901532887,0.018245857703518786,0.01800581849466551,-0.00021012643070632622,-3.9297742516410106e-05,-2.9912778146949648e-05,-0.000279336951369686,-6.921052066335975e-05
ordinary_matched_changed_negative_16,2020_2021,LR,brier,0.0038262397825481066,0.0038262839384791162,0.0038263320267695523,0.0038263714440485066,4.4155931009683125e-08,9.224422144573155e-08,-4.7386520553825695e-09,1.316615004000321e-07,8.750556939034898e-08
ordinary_matched_changed_negative_16,2020_2021,LR,roc_auc,0.8199427746790677,0.8200301298759881,0.8200592482749616,0.8201174850729085,8.735519692038007e-05,0.0001164735958938401,-2.9118398973460025e-05,0.00017471039384076015,8.735519692038007e-05
ordinary_matched_changed_negative_16,2020_2021,LR,retrospective_recall_at_5percent,0.38636363636363635,0.3409090909090909,0.38636363636363635,0.3409090909090909,-0.04545454545454547,0.0,0.0,-0.04545454545454547,0.0
ordinary_matched_changed_negative_16,2020_2021,LGBM,average_precision,0.09520516189392704,0.09597839814512499,0.06554225713353026,0.06714511870134372,0.0007732362511979479,-0.029662904760396777,0.0008296253166155121,-0.028060043192583317,-0.028833279443781265
ordinary_matched_changed_negative_16,2020_2021,LGBM,brier,0.007341982222867397,0.007486836707550492,0.007002294646191937,0.006969049254298409,0.00014485448468309556,-0.00033968757667545996,-0.00017809987657662306,-0.00037293296856898746,-0.000517787453252083
ordinary_matched_changed_negative_16,2020_2021,LGBM,roc_auc,0.9089264159601217,0.9105710590066649,0.9178775911671738,0.9171225146087254,0.001644643046543215,0.008951175207052131,-0.0023997196049916347,0.008196098648603711,0.006551455602060496
ordinary_matched_changed_negative_16,2020_2021,LGBM,retrospective_recall_at_5percent,0.6363636363636364,0.6590909090909091,0.5227272727272727,0.5227272727272727,0.022727272727272707,-0.11363636363636365,-0.022727272727272707,-0.11363636363636365,-0.13636363636363635
ordinary_matched_changed_negative_17,2020_2021,LR,average_precision,0.018281111243199907,0.01807086905558428,0.018243081006677413,0.0180027173621772,-0.00021024218761562727,-3.803023652249396e-05,-3.0121456884586728e-05,-0.00027839388102270796,-6.815169340708069e-05
ordinary_matched_changed_negative_17,2020_2021,LR,brier,0.0038262475156152433,0.0038262914710349458,0.003826340484619851,0.0038263796772233377,4.3955419702472465e-08,9.296900460760427e-08,-4.762816215638649e-09,1.3216160809443808e-07,8.820618839196562e-08
ordinary_matched_changed_negative_17,2020_2021,LR,roc_auc,0.8198845378811208,0.8199718930780413,0.8200592482749615,0.820088366673935,8.73551969204911e-05,0.00017471039384064913,-5.823679794692005e-05,0.00020382879281422017,0.00011647359589372908
ordinary_matched_changed_negative_17,2020_2021,LR,retrospective_recall_at_5percent,0.38636363636363635,0.3409090909090909,0.38636363636363635,0.3409090909090909,-0.04545454545454547,0.0,0.0,-0.04545454545454547,0.0
ordinary_matched_changed_negative_17,2020_2021,LGBM,average_precision,0.10240442232329537,0.10355651796635013,0.08371985457531683,0.08753593245030726,0.001152095643054754,-0.01868456774797854,0.0026639822319356743,-0.014868489872988111,-0.016020585516042865
ordinary_matched_changed_negative_17,2020_2021,LGBM,brier,0.0067986335007815405,0.0067694932455325315,0.0070374616043481705,0.006985568583456005,-2.9140255249008977e-05,0.00023882810356663006,-2.275276564315653e-05,0.00018693508267446455,0.00021607533792347353
ordinary_matched_changed_negative_17,2020_2021,LGBM,roc_auc,0.9263592366948623,0.9272136793393994,0.919895860946702,0.9195253290194926,0.0008544426445370457,-0.00646337574816036,-0.0012249745717464178,-0.0068339076753697325,-0.007688350319906778
ordinary_matched_changed_negative_17,2020_2021,LGBM,retrospective_recall_at_5percent,0.6590909090909091,0.6818181818181818,0.6136363636363636,0.6136363636363636,0.022727272727272707,-0.045454545454545414,-0.022727272727272707,-0.045454545454545414,-0.06818181818181812
ordinary_matched_changed_negative_18,2020_2021,LR,average_precision,0.018301723933056936,0.018090629283404564,0.01826400917105952,0.01802223733960457,-0.00021109464965237204,-3.7714761997417745e-05,-3.067718180257625e-05,-0.00027948659345236604,-6.8391943799994e-05
ordinary_matched_changed_negative_18,2020_2021,LR,brier,0.0038262456114910993,0.0038262895871387093,0.003826337752189206,0.0038263769944949814,4.397564760992914e-08,9.214069810652495e-08,-4.733341834369659e-09,1.3138300388208443e-07,8.740735627215529e-08
ordinary_matched_changed_negative_18,2020_2021,LR,roc_auc,0.819944776493929,0.8200301298759881,0.820088366673935,0.820146603471882,8.535338205906129e-05,0.00014359018000598134,-2.711658411214124e-05,0.0002018269779529014,0.0001164735958938401
ordinary_matched_changed_negative_18,2020_2021,LR,retrospective_recall_at_5percent,0.4090909090909091,0.3409090909090909,0.38636363636363635,0.3409090909090909,-0.06818181818181823,-0.022727272727272763,0.022727272727272763,-0.06818181818181823,0.0
ordinary_matched_changed_negative_18,2020_2021,LGBM,average_precision,0.09637146100301185,0.09788933467654541,0.061817854582552546,0.06416588053360159,0.0015178736735335652,-0.0345536064204593,0.0008301522775154696,-0.03220558046941026,-0.03372345414294382
ordinary_matched_changed_negative_18,2020_2021,LGBM,brier,0.008254925188130488,0.008189196918247515,0.006987565470469426,0.006958544243069946,-6.572826988297288e-05,-0.0012673597176610625,3.6707042483492824e-05,-0.0012963809450605426,-0.0012306526751775697
ordinary_matched_changed_negative_18,2020_2021,LGBM,roc_auc,0.9222553600874991,0.923119811806343,0.9216618900428087,0.9211979974740948,0.0008644517188438616,-0.0005934700446903474,-0.0013283442875577922,-0.001057362613404278,-0.0019218143322481396
ordinary_matched_changed_negative_18,2020_2021,LGBM,retrospective_recall_at_5percent,0.5227272727272727,0.5227272727272727,0.6136363636363636,0.6136363636363636,0.0,0.09090909090909094,0.0,0.09090909090909094,0.09090909090909094
ordinary_matched_changed_negative_19,2020_2021,LR,average_precision,0.018301157984086887,0.018085352082594784,0.018240106890613148,0.018014943440589383,-0.00021580590149210266,-6.105109347373863e-05,-9.357548531662568e-06,-0.00028621454349750386,-7.04086420054012e-05
ordinary_matched_changed_negative_19,2020_2021,LR,brier,0.003826208676408972,0.0038262534171259986,0.003826301453165622,0.003826341417106967,4.474071702660273e-08,9.277675665003357e-08,-4.776775681600287e-09,1.3274069799503602e-07,8.799998096843328e-08
ordinary_matched_changed_negative_19,2020_2021,LR,roc_auc,0.8202068420846903,0.8202630770677757,0.820030129875988,0.8201174850729084,5.623498308537922e-05,-0.00017671220870230098,3.1120213835000854e-05,-8.93570117819209e-05,-0.00014559199486730012
ordinary_matched_changed_negative_19,2020_2021,LR,retrospective_recall_at_5percent,0.4090909090909091,0.3409090909090909,0.38636363636363635,0.3409090909090909,-0.06818181818181823,-0.022727272727272763,0.022727272727272763,-0.06818181818181823,0.0
ordinary_matched_changed_negative_19,2020_2021,LGBM,average_precision,0.08396118980995797,0.08569829230047654,0.05704097230527904,0.06001108335382209,0.0017371024905185745,-0.026920217504678927,0.0012330085580244815,-0.023950106456135878,-0.025687208946654452
ordinary_matched_changed_negative_19,2020_2021,LGBM,brier,0.007336323684111916,0.007269364338154618,0.007000027254454575,0.006944624337237362,-6.695934595729765e-05,-0.0003362964296573408,1.1556428740084473e-05,-0.00039169934687455395,-0.0003247400009172563
ordinary_matched_changed_negative_19,2020_2021,LGBM,roc_auc,0.928508901598261,0.9289948141304499,0.92091591373472,0.9200674765347671,0.0004859125321888813,-0.007592987863541012,-0.0013343497321418596,-0.00844142506349399,-0.008927337595682872
ordinary_matched_changed_negative_19,2020_2021,LGBM,retrospective_recall_at_5percent,0.6590909090909091,0.6590909090909091,0.5909090909090909,0.5454545454545454,0.0,-0.06818181818181812,-0.045454545454545525,-0.11363636363636365,-0.11363636363636365
ordinary_matched_other_unchanged_negative_00,2020_2021,LR,average_precision,0.018270327075416704,0.018061015900635014,0.0182624996604325,0.018037982525024435,-0.00020931117478168934,-7.827414984205167e-06,-1.520596062637436e-05,-0.00023234455039226887,-2.3033375610579526e-05
ordinary_matched_other_unchanged_negative_00,2020_2021,LR,brier,0.003826242922126222,0.0038262870791864905,0.0038263354089491343,0.0038263748240577617,4.4157060268695814e-08,9.248682291242497e-08,-4.7419516412475216e-09,1.3190193153987326e-07,8.774487127117744e-08
ordinary_matched_other_unchanged_negative_00,2020_2021,LR,roc_auc,0.819768064285227,0.8198554194821474,0.8200592482749615,0.8201174850729085,8.735519692038007e-05,0.0002911839897344892,-2.9118398973349002e-05,0.0003494207876815203,0.0002620655907611402
ordinary_matched_other_unchanged_negative_00,2020_2021,LR,retrospective_recall_at_5percent,0.38636363636363635,0.3409090909090909,0.38636363636363635,0.3409090909090909,-0.04545454545454547,0.0,0.0,-0.04545454545454547,0.0
ordinary_matched_other_unchanged_negative_00,2020_2021,LGBM,average_precision,0.11882166342628661,0.12082567457584525,0.09471908339419473,0.09849720073835752,0.0020040111495586432,-0.024102580032091883,0.0017741061946041498,-0.02032446268792909,-0.022328473837487733
ordinary_matched_other_unchanged_negative_00,2020_2021,LGBM,brier,0.006835430678154167,0.006876064278662391,0.006178390509584356,0.00612667871805623,4.0633600508223865e-05,-0.0006570401685698111,-9.234539203635019e-05,-0.0007087519600979374,-0.0007493855606061613
ordinary_matched_other_unchanged_negative_00,2020_2021,LGBM,roc_auc,0.9171026806270789,0.9179942489300349,0.9324781041090109,0.9315543226013057,0.0008915683029560029,0.015375423481931993,-0.0018153498106612265,0.01445164197422677,0.013560073671270767
ordinary_matched_other_unchanged_negative_00,2020_2021,LGBM,retrospective_recall_at_5percent,0.7272727272727273,0.6818181818181818,0.5681818181818182,0.5681818181818182,-0.045454545454545525,-0.15909090909090906,0.045454545454545525,-0.15909090909090906,-0.11363636363636354
ordinary_matched_other_unchanged_negative_01,2020_2021,LR,average_precision,0.0182749674279905,0.01806338660711481,0.018263419828550807,0.018038968399785544,-0.00021158082087568975,-1.1547599439692968e-05,-1.2870607889573643e-05,-0.00023599902820495636,-2.441820732926661e-05
ordinary_matched_other_unchanged_negative_01,2020_2021,LR,brier,0.003826222657298403,0.0038262671106003066,0.003826314994838702,0.003826354702494001,4.445330190365124e-08,9.233754029881053e-08,-4.7456466044197565e-09,1.32045195598042e-07,8.759189369439077e-08
ordinary_matched_other_unchanged_negative_01,2020_2021,LR,roc_auc,0.8198263010831739,0.8198845378811208,0.820030129875988,0.820088366673935,5.823679794692005e-05,0.00020382879281410915,1.1102230246251565e-16,0.0002620655907611402,0.00020382879281422017
ordinary_matched_other_unchanged_negative_01,2020_2021,LR,retrospective_recall_at_5percent,0.38636363636363635,0.3409090909090909,0.38636363636363635,0.3409090909090909,-0.04545454545454547,0.0,0.0,-0.04545454545454547,0.0
ordinary_matched_other_unchanged_negative_01,2020_2021,LGBM,average_precision,0.09621665847974996,0.09782833001228945,0.08816187490648014,0.09022814045966818,0.0016116715325394937,-0.008054783573269816,0.00045459402064854104,-0.005988518020081782,-0.007600189552621275
ordinary_matched_other_unchanged_negative_01,2020_2021,LGBM,brier,0.007774036274990626,0.00784515928104899,0.0071145674949447376,0.0070704544382139654,7.112300605836407e-05,-0.0006594687800458889,-0.00011523606278913533,-0.000703581836776661,-0.000774704842835025
ordinary_matched_other_unchanged_negative_01,2020_2021,LGBM,roc_auc,0.9156806073640821,0.91530607180715,0.9254873182065855,0.9246428846363552,-0.0003745355569321207,0.009806710842503397,-0.000469898013298109,0.008962277272273167,0.009336812829205288
ordinary_matched_other_unchanged_negative_01,2020_2021,LGBM,retrospective_recall_at_5percent,0.5227272727272727,0.5227272727272727,0.5909090909090909,0.5909090909090909,0.0,0.06818181818181823,0.0,0.06818181818181823,0.06818181818181823
ordinary_matched_other_unchanged_negative_02,2020_2021,LR,average_precision,0.01828586448531428,0.01807411953432298,0.01822625954396783,0.01800192437302859,-0.00021174495099129942,-5.960494134645e-05,-1.2590219947941628e-05,-0.00028394011228569105,-7.219516129439163e-05
ordinary_matched_other_unchanged_negative_02,2020_2021,LR,brier,0.003826228630353363,0.0038262727729631504,0.0038263205514698375,0.0038263599471990042,4.4142609787519577e-08,9.192111647456785e-08,-4.746880620781074e-09,1.3131684564130636e-07,8.717423585378678e-08
ordinary_matched_other_unchanged_negative_02,2020_2021,LR,roc_auc,0.8198263010831739,0.8198845378811208,0.8199718930780412,0.8200592482749616,5.823679794692005e-05,0.00014559199486730012,2.9118398973460025e-05,0.0002329471917876802,0.00017471039384076015
ordinary_matched_other_unchanged_negative_02,2020_2021,LR,retrospective_recall_at_5percent,0.38636363636363635,0.3409090909090909,0.38636363636363635,0.3409090909090909,-0.04545454545454547,0.0,0.0,-0.04545454545454547,0.0
ordinary_matched_other_unchanged_negative_02,2020_2021,LGBM,average_precision,0.10237480272018,0.10351522757105207,0.09239322623321836,0.09411023806270495,0.0011404248508720682,-0.009981576486961644,0.0005765869786145267,-0.008264564657475049,-0.009404989508347117
ordinary_matched_other_unchanged_negative_02,2020_2021,LGBM,brier,0.006829834940415947,0.00681238043679661,0.0066137241492085245,0.006556911192274973,-1.7454503619337286e-05,-0.00021611079120742276,-3.9358453314214045e-05,-0.0002729237481409741,-0.0002554692445216368
ordinary_matched_other_unchanged_negative_02,2020_2021,LGBM,roc_auc,0.9240408668422069,0.9242607101539121,0.9272659106927621,0.9258220016332576,0.00021984331170521454,0.0032250438505552204,-0.001663752371209748,0.001781134791050687,0.0015612914793454724
ordinary_matched_other_unchanged_negative_02,2020_2021,LGBM,retrospective_recall_at_5percent,0.6363636363636364,0.6363636363636364,0.5227272727272727,0.5,0.0,-0.11363636363636365,-0.022727272727272707,-0.13636363636363635,-0.13636363636363635
ordinary_matched_other_unchanged_negative_03,2020_2021,LR,average_precision,0.018272348449769025,0.018061357694749012,0.018230525648143578,0.018006098711411372,-0.00021099075502001297,-4.1822801625446965e-05,-1.3436181712192519e-05,-0.00026624973835765245,-5.5258983337639483e-05
ordinary_matched_other_unchanged_negative_03,2020_2021,LR,brier,0.0038262398084701137,0.003826283852549995,0.0038263326501614334,0.0038263718709764635,4.404407988149728e-08,9.284169131965406e-08,-4.823264851318981e-09,1.3206250634983235e-07,8.801842646833508e-08
ordinary_matched_other_unchanged_negative_03,2020_2021,LR,roc_auc,0.8200321316908494,0.8201174850729085,0.8199718930780412,0.8200592482749615,8.535338205906129e-05,-6.0238612808238834e-05,2.0018148612077624e-06,2.7116584112030218e-05,-5.823679794703107e-05
ordinary_matched_other_unchanged_negative_03,2020_2021,LR,retrospective_recall_at_5percent,0.4090909090909091,0.3409090909090909,0.36363636363636365,0.3409090909090909,-0.06818181818181823,-0.04545454545454547,0.04545454545454547,-0.06818181818181823,0.0
ordinary_matched_other_unchanged_negative_03,2020_2021,LGBM,average_precision,0.11622863195439274,0.117898448596765,0.09253585160411602,0.09574771855342464,0.0016698166423722571,-0.02369278035027672,0.0015420503069363545,-0.02048091340096811,-0.022150730043340366
ordinary_matched_other_unchanged_negative_03,2020_2021,LGBM,brier,0.006982797364694178,0.00690436939546146,0.006505891054819053,0.0064525695045067515,-7.842796923271823e-05,-0.0004769063098751256,2.510641892041702e-05,-0.0005302278601874268,-0.00045179989095470857
ordinary_matched_other_unchanged_negative_03,2020_2021,LGBM,roc_auc,0.9150753105971907,0.9161375856642647,0.9226089686718706,0.9216620742097761,0.0010622750670740144,0.007533658074679872,-0.0020091695291685197,0.006586763612585367,0.005524488545511352
ordinary_matched_other_unchanged_negative_03,2020_2021,LGBM,retrospective_recall_at_5percent,0.5681818181818182,0.5909090909090909,0.6590909090909091,0.6363636363636364,0.022727272727272707,0.09090909090909083,-0.045454545454545414,0.06818181818181812,0.045454545454545414
ordinary_matched_other_unchanged_negative_04,2020_2021,LR,average_precision,0.018303203150237805,0.018090918653319098,0.018196500340319614,0.01801499632616994,-0.00021228449691870765,-0.00010670280991819173,3.078048276903417e-05,-0.0002882068240678652,-7.592232714915756e-05
ordinary_matched_other_unchanged_negative_04,2020_2021,LR,brier,0.0038262256541647392,0.003826269038697219,0.0038263175241564345,0.003826356172536537,4.338453247956092e-08,9.186999169524465e-08,-4.736152376966923e-09,1.3051837179783865e-07,8.713383931827773e-08
ordinary_matched_other_unchanged_negative_04,2020_2021,LR,roc_auc,0.8199136562800944,0.8199427746790677,0.8199718930780411,0.820030129875988,2.9118398973349002e-05,5.8236797946698005e-05,2.9118398973571047e-05,0.00011647359589361805,8.735519692026905e-05
ordinary_matched_other_unchanged_negative_04,2020_2021,LR,retrospective_recall_at_5percent,0.38636363636363635,0.3409090909090909,0.38636363636363635,0.3409090909090909,-0.04545454545454547,0.0,0.0,-0.04545454545454547,0.0
ordinary_matched_other_unchanged_negative_04,2020_2021,LGBM,average_precision,0.09825987928756896,0.09995619353148208,0.06620652403277821,0.0688325057651382,0.0016963142439131162,-0.03205335525479075,0.0009296674884468753,-0.029427373522430758,-0.031123687766343874
ordinary_matched_other_unchanged_negative_04,2020_2021,LGBM,brier,0.0068487065440029984,0.006887255194326772,0.006984098621202896,0.006933944977742036,3.854865032377336e-05,0.00013539207719989732,-8.87022937846333e-05,8.523843373903738e-05,4.6689783415264016e-05
ordinary_matched_other_unchanged_negative_04,2020_2021,LGBM,roc_auc,0.9127922487550604,0.9157029956614917,0.9223858463874225,0.9218968390494579,0.0029107469064313385,0.009593597632362116,-0.0033997542443959805,0.009104590294397474,0.006193843387966136
ordinary_matched_other_unchanged_negative_04,2020_2021,LGBM,retrospective_recall_at_5percent,0.5454545454545454,0.5681818181818182,0.5909090909090909,0.5909090909090909,0.022727272727272818,0.045454545454545525,-0.022727272727272818,0.045454545454545525,0.022727272727272707
ordinary_matched_other_unchanged_negative_05,2020_2021,LR,average_precision,0.018286932742319052,0.01807667655933245,0.018212434212182833,0.01797069803929712,-0.00021025618298660398,-7.449853013621888e-05,-3.147998989910805e-05,-0.0003162347030219309,-0.00010597852003532693
ordinary_matched_other_unchanged_negative_05,2020_2021,LR,brier,0.003826206045561734,0.0038262505474453068,0.003826297356614449,0.0038263370625131513,4.450188357272081e-08,9.131105271507553e-08,-4.795984870527292e-09,1.3101695141726905e-07,8.651506784454824e-08
ordinary_matched_other_unchanged_negative_05,2020_2021,LR,roc_auc,0.8199427746790677,0.8200301298759881,0.8200592482749616,0.820088366673935,8.735519692038007e-05,0.0001164735958938401,-5.823679794692005e-05,0.00014559199486730012,5.823679794692005e-05
ordinary_matched_other_unchanged_negative_05,2020_2021,LR,retrospective_recall_at_5percent,0.38636363636363635,0.3409090909090909,0.38636363636363635,0.3409090909090909,-0.04545454545454547,0.0,0.0,-0.04545454545454547,0.0
ordinary_matched_other_unchanged_negative_05,2020_2021,LGBM,average_precision,0.11867753555078381,0.1212510238915408,0.13058377796730464,0.1354056851284954,0.002573488340756991,0.01190624241652083,0.0022484188204337785,0.0167281495777116,0.014154661236954608
ordinary_matched_other_unchanged_negative_05,2020_2021,LGBM,brier,0.006798933792352186,0.006746763953447233,0.006472518982446393,0.006412996914597714,-5.2169838904952796e-05,-0.0003264148099057923,-7.352228943726356e-06,-0.00038593687775447146,-0.00033376703884951866
ordinary_matched_other_unchanged_negative_05,2020_2021,LGBM,roc_auc,0.9256784114532516,0.9251874023004256,0.9268993823952754,0.9260318358706559,-0.0004910091528259608,0.0012209709420237802,-0.0003765373717935505,0.0003534244174042689,0.0008444335702302297
ordinary_matched_other_unchanged_negative_05,2020_2021,LGBM,retrospective_recall_at_5percent,0.5909090909090909,0.5454545454545454,0.6818181818181818,0.6590909090909091,-0.045454545454545525,0.09090909090909083,0.022727272727272818,0.06818181818181812,0.11363636363636365
ordinary_matched_other_unchanged_negative_06,2020_2021,LR,average_precision,0.018253023377604156,0.01804527733424243,0.018257545381610563,0.01803395925427062,-0.00020774604336172564,4.522004006406177e-06,-1.5840083978216346e-05,-0.0002190641233335358,-1.1318079971810169e-05
ordinary_matched_other_unchanged_negative_06,2020_2021,LR,brier,0.003826257983581897,0.0038263008035066353,0.003826350531926814,0.003826388593638555,4.28199247383583e-08,9.254834491692968e-08,-4.758212997224565e-09,1.306100566580634e-07,8.779013191970511e-08
ordinary_matched_other_unchanged_negative_06,2020_2021,LR,roc_auc,0.8199738948929025,0.8200903684887964,0.8201174850729084,0.8201174850729085,0.0001164735958938401,0.00014359018000587032,-0.00011647359589372908,0.00014359018000598134,2.711658411214124e-05
ordinary_matched_other_unchanged_negative_06,2020_2021,LR,retrospective_recall_at_5percent,0.38636363636363635,0.3409090909090909,0.36363636363636365,0.3409090909090909,-0.04545454545454547,-0.022727272727272707,0.022727272727272707,-0.04545454545454547,0.0
ordinary_matched_other_unchanged_negative_06,2020_2021,LGBM,average_precision,0.12046283247473191,0.12256549361453192,0.13464120395297324,0.13740705257180663,0.0021026611398000106,0.01417837147824133,0.000663187479033378,0.01694422009707472,0.014841558957274709
ordinary_matched_other_unchanged_negative_06,2020_2021,LGBM,brier,0.007063308534207448,0.006922907798809706,0.0067384835466513,0.006716770691889348,-0.00014040073539774243,-0.00032482498755614844,0.00011868788063579098,-0.0003465378423180999,-0.00020613710692035745
ordinary_matched_other_unchanged_negative_06,2020_2021,LGBM,roc_auc,0.9185312998246723,0.9184619609615042,0.9163051976226072,0.9167368769865719,-6.933886316806692e-05,-0.0022261022020650945,0.0005010182271327768,-0.0017944228381003846,-0.0017250839749323177
ordinary_matched_other_unchanged_negative_06,2020_2021,LGBM,retrospective_recall_at_5percent,0.6818181818181818,0.6590909090909091,0.5681818181818182,0.5681818181818182,-0.022727272727272707,-0.11363636363636354,0.022727272727272707,-0.11363636363636354,-0.09090909090909083
ordinary_matched_other_unchanged_negative_07,2020_2021,LR,average_precision,0.01822204965220919,0.018006660969877755,0.018218128913204987,0.017995406665499425,-0.0002153886823314348,-3.920739004202589e-06,-7.333565374127715e-06,-0.0002266429867097651,-1.1254304378330304e-05
ordinary_matched_other_unchanged_negative_07,2020_2021,LR,brier,0.003826238870387128,0.0038262824114002857,0.003826331047284608,0.0038263698566655883,4.3541013157802344e-08,9.21768974803186e-08,-4.73163217764791e-09,1.3098627846047303e-07,8.744526530267069e-08
ordinary_matched_other_unchanged_negative_07,2020_2021,LR,roc_auc,0.8200612500898229,0.8201174850729085,0.8200321316908494,0.8201194868877698,5.6234983085601264e-05,-2.9118398973460025e-05,3.112021383477881e-05,5.823679794692005e-05,2.0018148613187847e-06
ordinary_matched_other_unchanged_negative_07,2020_2021,LR,retrospective_recall_at_5percent,0.38636363636363635,0.3409090909090909,0.36363636363636365,0.3409090909090909,-0.04545454545454547,-0.022727272727272707,0.022727272727272707,-0.04545454545454547,0.0
ordinary_matched_other_unchanged_negative_07,2020_2021,LGBM,average_precision,0.11928739306507762,0.1212832455923388,0.10683219367467547,0.10998218344295374,0.0019958525272611854,-0.012455199390402141,0.0011541372410170808,-0.009305209622123875,-0.01130106214938506
ordinary_matched_other_unchanged_negative_07,2020_2021,LGBM,brier,0.007058966611001825,0.007007185532660676,0.006160653560609559,0.006108086606915651,-5.1781078341149415e-05,-0.0008983130503922663,-7.858753527587026e-07,-0.0009508800040861744,-0.000899098925745025
ordinary_matched_other_unchanged_negative_07,2020_2021,LGBM,roc_auc,0.9206018009575634,0.9217825514353927,0.9306447379645975,0.9297229582717537,0.0011807504778292843,0.01004293700703407,-0.002102530170673078,0.009121157314190276,0.007940406836360991
ordinary_matched_other_unchanged_negative_07,2020_2021,LGBM,retrospective_recall_at_5percent,0.6363636363636364,0.6590909090909091,0.5,0.5,0.022727272727272707,-0.13636363636363635,-0.022727272727272707,-0.13636363636363635,-0.15909090909090906
ordinary_matched_other_unchanged_negative_08,2020_2021,LR,average_precision,0.018258891442076867,0.018048634361109678,0.018219063948298975,0.017979057076749728,-0.0002102570809671897,-3.98274937778928e-05,-2.9749790582057206e-05,-0.0002798343653271397,-6.957728435995e-05
ordinary_matched_other_unchanged_negative_08,2020_2021,LR,brier,0.0038262403070280786,0.003826283945602618,0.0038263322007846224,0.003826371104112996,4.363857453951875e-08,9.18937565438406e-08,-4.7352461660966905e-09,1.3079708491726266e-07,8.715851037774391e-08
ordinary_matched_other_unchanged_negative_08,2020_2021,LR,roc_auc,0.8197971826842004,0.8198845378811208,0.8200010114770145,0.8200592482749616,8.735519692038007e-05,0.00020382879281410915,-2.9118398973349002e-05,0.0002620655907611402,0.00017471039384076015
ordinary_matched_other_unchanged_negative_08,2020_2021,LR,retrospective_recall_at_5percent,0.38636363636363635,0.3409090909090909,0.38636363636363635,0.3409090909090909,-0.04545454545454547,0.0,0.0,-0.04545454545454547,0.0
ordinary_matched_other_unchanged_negative_08,2020_2021,LGBM,average_precision,0.11951936256695234,0.12190159568394661,0.07332480887272785,0.07695508410359071,0.002382233116994273,-0.04619455369422448,0.001248042113868586,-0.042564278463361624,-0.0449465115803559
ordinary_matched_other_unchanged_negative_08,2020_2021,LGBM,brier,0.0069948941198128434,0.00688969000917108,0.007426985106696421,0.007382249732691839,-0.00010520411064176335,0.0004320909868835779,6.0468736637181095e-05,0.00038735561287899564,0.000492559723520759
ordinary_matched_other_unchanged_negative_08,2020_2021,LGBM,roc_auc,0.9209934440243008,0.9220908429349324,0.9185606023906129,0.9188135677310142,0.0010973989106315418,-0.0024328416336879544,-0.0008444335702302297,-0.0021798762932866422,-0.003277275203918184
ordinary_matched_other_unchanged_negative_08,2020_2021,LGBM,retrospective_recall_at_5percent,0.5681818181818182,0.5909090909090909,0.5454545454545454,0.5681818181818182,0.022727272727272707,-0.022727272727272818,1.1102230246251565e-16,0.0,-0.022727272727272707
ordinary_matched_other_unchanged_negative_09,2020_2021,LR,average_precision,0.01833226590481139,0.018158085202338484,0.018268630171184342,0.018080222864539357,-0.0001741807024729057,-6.363573362704739e-05,-1.4226604172079549e-05,-0.00025204304027203264,-7.786233779912693e-05
ordinary_matched_other_unchanged_negative_09,2020_2021,LR,brier,0.003826237825581874,0.0038262818536843454,0.0038263287501134682,0.0038263680194580542,4.4028102471563996e-08,9.092453159441002e-08,-4.758757885577752e-09,1.3019387618039627e-07,8.616577370883227e-08
ordinary_matched_other_unchanged_negative_09,2020_2021,LR,roc_auc,0.820088366673935,0.8202048402698289,0.8200592482749616,0.8201757218708554,0.0001164735958938401,-2.9118398973460025e-05,0.0,8.735519692038007e-05,-2.9118398973460025e-05
ordinary_matched_other_unchanged_negative_09,2020_2021,LR,retrospective_recall_at_5percent,0.4090909090909091,0.3409090909090909,0.38636363636363635,0.3409090909090909,-0.06818181818181823,-0.022727272727272763,0.022727272727272763,-0.06818181818181823,0.0
ordinary_matched_other_unchanged_negative_09,2020_2021,LGBM,average_precision,0.12162397388900142,0.1260028233965249,0.06569697449580127,0.06854799122898039,0.004378849507523486,-0.05592699939320016,-0.0015278327743443593,-0.05307598266002103,-0.05745483216754452
ordinary_matched_other_unchanged_negative_09,2020_2021,LGBM,brier,0.007107928992601768,0.00695876131174996,0.006947918353722633,0.006914579242747967,-0.00014916768085180762,-0.00016001063887913485,0.00011582856987714212,-0.00019334974985380036,-4.418206900199274e-05
ordinary_matched_other_unchanged_negative_09,2020_2021,LGBM,roc_auc,0.9239695261641776,0.9243269542113045,0.9175541939726901,0.9174457276362418,0.00035742804712690646,-0.006415332191487488,-0.00046589438357524937,-0.006523798527935831,-0.006881226575062738
ordinary_matched_other_unchanged_negative_09,2020_2021,LGBM,retrospective_recall_at_5percent,0.6363636363636364,0.6363636363636364,0.6136363636363636,0.6136363636363636,0.0,-0.022727272727272707,0.0,-0.022727272727272707,-0.022727272727272707
ordinary_matched_other_unchanged_negative_10,2020_2021,LR,average_precision,0.018259002668188654,0.018047862231002108,0.018262534504536153,0.018037985398104008,-0.00021114043718654593,3.531836347499262e-06,-1.3408669245599386e-05,-0.00022101727008464606,-9.876832898100124e-06
ordinary_matched_other_unchanged_negative_10,2020_2021,LR,brier,0.0038262372957663165,0.003826281511297478,0.003826329913178764,0.003826369389150688,4.4215531161320015e-08,9.261741244727048e-08,-4.739559237264268e-09,1.3209338437132623e-07,8.787785321000621e-08
ordinary_matched_other_unchanged_negative_10,2020_2021,LR,roc_auc,0.8198554194821472,0.8199427746790677,0.8200592482749616,0.8201757218708554,8.73551969204911e-05,0.0002038287928143312,2.9118398973349002e-05,0.0003203023887081713,0.0002329471917876802
ordinary_matched_other_unchanged_negative_10,2020_2021,LR,retrospective_recall_at_5percent,0.4090909090909091,0.3409090909090909,0.38636363636363635,0.3409090909090909,-0.06818181818181823,-0.022727272727272763,0.022727272727272763,-0.06818181818181823,0.0
ordinary_matched_other_unchanged_negative_10,2020_2021,LGBM,average_precision,0.1260168010323144,0.12871371946486704,0.05688891360845301,0.05835126177464351,0.002696918432552625,-0.0691278874238614,-0.0012345702663621172,-0.06766553925767091,-0.07036245769022353
ordinary_matched_other_unchanged_negative_10,2020_2021,LGBM,brier,0.006505322247099271,0.006431692900581702,0.007343888537850565,0.007328405307073297,-7.362934651756851e-05,0.0008385662907512944,5.8146115740300396e-05,0.0008230830599740262,0.0008967124064915948
ordinary_matched_other_unchanged_negative_10,2020_2021,LGBM,roc_auc,0.9253180727673163,0.926240761284107,0.9186259376240584,0.9203348229131324,0.0009226885167907817,-0.006692135143257838,0.0007861967722831986,-0.004983249854183858,-0.005905938370974639
ordinary_matched_other_unchanged_negative_10,2020_2021,LGBM,retrospective_recall_at_5percent,0.6590909090909091,0.6363636363636364,0.5681818181818182,0.5681818181818182,-0.022727272727272707,-0.09090909090909083,0.022727272727272707,-0.09090909090909083,-0.06818181818181812
ordinary_matched_other_unchanged_negative_11,2020_2021,LR,average_precision,0.018269780056125152,0.018037196295103617,0.01816448939899882,0.01796787373431894,-0.00023258376102153547,-0.00010529065712633345,3.596809634165768e-05,-0.00030190632180621124,-6.932256078467577e-05
ordinary_matched_other_unchanged_negative_11,2020_2021,LR,brier,0.003826192783395002,0.0038262381960336624,0.003826285228333615,0.0038263258498940664,4.541263866038661e-08,9.244493861301079e-08,-4.79107820907862e-09,1.3306649906431878e-07,8.765386040393217e-08
ordinary_matched_other_unchanged_negative_11,2020_2021,LR,roc_auc,0.8199136562800944,0.8199136562800943,0.8199136562800944,0.8200010114770147,-1.1102230246251565e-16,0.0,8.735519692038007e-05,8.735519692026905e-05,8.735519692038007e-05
ordinary_matched_other_unchanged_negative_11,2020_2021,LR,retrospective_recall_at_5percent,0.38636363636363635,0.3409090909090909,0.36363636363636365,0.3409090909090909,-0.04545454545454547,-0.022727272727272707,0.022727272727272707,-0.04545454545454547,0.0
ordinary_matched_other_unchanged_negative_11,2020_2021,LGBM,average_precision,0.12003000758682371,0.12324841425621089,0.1146677322383038,0.11649865812933184,0.0032184066693871777,-0.005362275348519907,-0.0013874807783591375,-0.003531349457491867,-0.006749756126879045
ordinary_matched_other_unchanged_negative_11,2020_2021,LGBM,brier,0.007100879933653553,0.006825583555450316,0.006630078420700749,0.006562027557226623,-0.00027529637820323735,-0.0004708015129528042,0.00020724551472911176,-0.0005388523764269298,-0.00026355599822369246
ordinary_matched_other_unchanged_negative_11,2020_2021,LGBM,roc_auc,0.9091664615874078,0.9103220972959863,0.9286240980362732,0.9275024931803382,0.001155635708578573,0.019457636448865445,-0.0022772405645136162,0.018336031592930402,0.01718039588435183
ordinary_matched_other_unchanged_negative_11,2020_2021,LGBM,retrospective_recall_at_5percent,0.6818181818181818,0.6818181818181818,0.6363636363636364,0.5909090909090909,0.0,-0.045454545454545414,-0.045454545454545414,-0.09090909090909083,-0.09090909090909083
ordinary_matched_other_unchanged_negative_12,2020_2021,LR,average_precision,0.01824608730811708,0.018016537131679798,0.018198980027002855,0.017992497202356145,-0.00022955017643728343,-4.710728111422674e-05,2.306735179057398e-05,-0.0002535901057609362,-2.403992932365276e-05
ordinary_matched_other_unchanged_negative_12,2020_2021,LR,brier,0.0038262084208093663,0.0038262519100456236,0.003826300586237656,0.0038263393157384005,4.3489236257326924e-08,9.2165428289704e-08,-4.759735512845087e-09,1.3089492903418584e-07,8.740569277685892e-08
ordinary_matched_other_unchanged_negative_12,2020_2021,LR,roc_auc,0.8200612500898229,0.8201194868877698,0.820003013291876,0.8200903684887965,5.823679794692005e-05,-5.823679794692005e-05,2.9118398973571047e-05,2.9118398973571047e-05,-2.9118398973349002e-05
ordinary_matched_other_unchanged_negative_12,2020_2021,LR,retrospective_recall_at_5percent,0.38636363636363635,0.3409090909090909,0.36363636363636365,0.3409090909090909,-0.04545454545454547,-0.022727272727272707,0.022727272727272707,-0.04545454545454547,0.0
ordinary_matched_other_unchanged_negative_12,2020_2021,LGBM,average_precision,0.11841925829917332,0.12029791821578671,0.0737213312261836,0.07558503732464117,0.0018786599166133872,-0.044697927072989724,-1.4953818155818976e-05,-0.042834220974532156,-0.04471288089114554
ordinary_matched_other_unchanged_negative_12,2020_2021,LGBM,brier,0.006937191391225572,0.006877833849873727,0.007316306048039532,0.007288214812076715,-5.935754135184476e-05,0.0003791146568139607,3.1266305389027714e-05,0.00035102342085114365,0.0004103809622029884
ordinary_matched_other_unchanged_negative_12,2020_2021,LGBM,roc_auc,0.9301497251820486,0.9306065193152641,0.9130572249846297,0.9131083633470782,0.0004567941332154213,-0.017092500197418925,-0.0004056557707668995,-0.017041361834970403,-0.017498155968185825
ordinary_matched_other_unchanged_negative_12,2020_2021,LGBM,retrospective_recall_at_5percent,0.6590909090909091,0.6590909090909091,0.5681818181818182,0.5909090909090909,0.0,-0.09090909090909083,0.022727272727272707,-0.06818181818181812,-0.06818181818181812
ordinary_matched_other_unchanged_negative_13,2020_2021,LR,average_precision,0.018257297303256082,0.018026106988368568,0.018207610836139997,0.01802511385264839,-0.00023119031488751454,-4.968646711608557e-05,4.869333139590967e-05,-0.00023218345060769044,-9.931357201758972e-07
ordinary_matched_other_unchanged_negative_13,2020_2021,LR,brier,0.0038262454277887183,0.003826291695035665,0.0038263379001217553,0.003826379345478403,4.6267246946868346e-08,9.247233303697963e-08,-4.821890299371023e-09,1.3391768968447695e-07,8.765044273760861e-08
ordinary_matched_other_unchanged_negative_13,2020_2021,LR,roc_auc,0.8203213138657226,0.8203795506636695,0.8202339586688022,0.820408669062643,5.823679794692005e-05,-8.735519692038007e-05,0.0001164735958938401,8.735519692038007e-05,2.9118398973460025e-05
ordinary_matched_other_unchanged_negative_13,2020_2021,LR,retrospective_recall_at_5percent,0.4090909090909091,0.3181818181818182,0.4090909090909091,0.3409090909090909,-0.09090909090909094,0.0,0.022727272727272707,-0.06818181818181823,0.022727272727272707
ordinary_matched_other_unchanged_negative_13,2020_2021,LGBM,average_precision,0.11672764641342787,0.11827500583188323,0.08776946182021662,0.09062679940302595,0.0015473594184553657,-0.028958184593211242,0.0013099781643539643,-0.026100847010401912,-0.027648206428857278
ordinary_matched_other_unchanged_negative_13,2020_2021,LGBM,brier,0.007149547667332653,0.007309122147366744,0.007005572214861146,0.0069581483676473856,0.00015957448003409147,-0.00014397545247150662,-0.00020699832724785198,-0.00019139929968526714,-0.0003509737797193586
ordinary_matched_other_unchanged_negative_13,2020_2021,LGBM,roc_auc,0.9148756696010665,0.9156216459091552,0.9123068767128837,0.9117285123631373,0.0007459763080887027,-0.0025687928881827915,-0.0013243406578350436,-0.0031471572379291324,-0.003893133546017835
ordinary_matched_other_unchanged_negative_13,2020_2021,LGBM,retrospective_recall_at_5percent,0.6363636363636364,0.6590909090909091,0.6136363636363636,0.6136363636363636,0.022727272727272707,-0.022727272727272707,-0.022727272727272707,-0.022727272727272707,-0.045454545454545414
ordinary_matched_other_unchanged_negative_14,2020_2021,LR,average_precision,0.018184483060172126,0.018015118946488717,0.018147410828349503,0.017932786550838957,-0.00016936411368340815,-3.70722318226227e-05,-4.526016382713771e-05,-0.00025169650933316856,-8.233239564976041e-05
ordinary_matched_other_unchanged_negative_14,2020_2021,LR,brier,0.003826207204714504,0.003826250398939977,0.003826299299919095,0.003826337737072829,4.3194225473296155e-08,9.209520459088627e-08,-4.7570717391295925e-09,1.3053235832505283e-07,8.733813285175668e-08
ordinary_matched_other_unchanged_negative_14,2020_2021,LR,roc_auc,0.8197389458862535,0.8198263010831739,0.8198554194821474,0.8198845378811208,8.735519692038007e-05,0.0001164735958938401,-5.823679794692005e-05,0.00014559199486730012,5.823679794692005e-05
ordinary_matched_other_unchanged_negative_14,2020_2021,LR,retrospective_recall_at_5percent,0.38636363636363635,0.3409090909090909,0.38636363636363635,0.3409090909090909,-0.04545454545454547,0.0,0.0,-0.04545454545454547,0.0
ordinary_matched_other_unchanged_negative_14,2020_2021,LGBM,average_precision,0.12213949749895531,0.1244223764718783,0.07334401250999778,0.07571692520534719,0.0022828789729229942,-0.04879548498895753,9.003372242641361e-05,-0.04642257229360812,-0.04870545126653111
ordinary_matched_other_unchanged_negative_14,2020_2021,LGBM,brier,0.006457040645578811,0.006409407112595272,0.007464208827741653,0.0074047627201791755,-4.763353298353843e-05,0.0010071681821628422,-1.1812574578939049e-05,0.0009477220746003647,0.0009953556075839032
ordinary_matched_other_unchanged_negative_14,2020_2021,LGBM,roc_auc,0.9151326385711908,0.9156727842716038,0.9147058716608957,0.914372465392105,0.0005401457004130528,-0.0004267669102950844,-0.0008735519692036897,-0.0007601731790857214,-0.0013003188794987741
ordinary_matched_other_unchanged_negative_14,2020_2021,LGBM,retrospective_recall_at_5percent,0.6818181818181818,0.6590909090909091,0.5454545454545454,0.5227272727272727,-0.022727272727272707,-0.13636363636363635,0.0,-0.15909090909090906,-0.13636363636363635
ordinary_matched_other_unchanged_negative_15,2020_2021,LR,average_precision,0.018243570467510253,0.01803234110351196,0.01827219977665214,0.018028748555716973,-0.0002112293639982936,2.8629309141887938e-05,-3.222185693687457e-05,-0.00021482191179328022,-3.5925477949866336e-06
ordinary_matched_other_unchanged_negative_15,2020_2021,LR,brier,0.0038262199785503844,0.0038262637151284615,0.0038263125360081213,0.003826351525940851,4.373657807709569e-08,9.255745773680338e-08,-4.7466453471749215e-09,1.3154739046672415e-07,8.781081238962846e-08
ordinary_matched_other_unchanged_negative_15,2020_2021,LR,roc_auc,0.8198554194821475,0.8199427746790677,0.820088366673935,0.820146603471882,8.735519692026905e-05,0.00023294719178756917,-2.9118398973349002e-05,0.0002911839897344892,0.00020382879281422017
ordinary_matched_other_unchanged_negative_15,2020_2021,LR,retrospective_recall_at_5percent,0.4090909090909091,0.3409090909090909,0.4090909090909091,0.3409090909090909,-0.06818181818181823,0.0,0.0,-0.06818181818181823,0.0
ordinary_matched_other_unchanged_negative_15,2020_2021,LGBM,average_precision,0.11577998099123549,0.11796933206478165,0.06488244192717224,0.06790318822133495,0.0021893510735461613,-0.050897539064063246,0.0008313952206165515,-0.047876792769900534,-0.050066143843446695
ordinary_matched_other_unchanged_negative_15,2020_2021,LGBM,brier,0.007056790233633401,0.007038126580294154,0.007037054675018596,0.0069889469952058095,-1.866365333924678e-05,-1.9735558614805346e-05,-2.9444026473539504e-05,-6.784323842759163e-05,-4.917958508834485e-05
ordinary_matched_other_unchanged_negative_15,2020_2021,LGBM,roc_auc,0.9212846280140355,0.9219683638944546,0.9216389612553867,0.9211830759461181,0.0006837358804190341,0.00035433324135114574,-0.0011396211896875785,-0.00010155206791739868,-0.0007852879483364328
ordinary_matched_other_unchanged_negative_15,2020_2021,LGBM,retrospective_recall_at_5percent,0.5909090909090909,0.5681818181818182,0.6136363636363636,0.6136363636363636,-0.022727272727272707,0.022727272727272707,0.022727272727272707,0.022727272727272707,0.045454545454545414
ordinary_matched_other_unchanged_negative_16,2020_2021,LR,average_precision,0.018296880847328483,0.01808614871240283,0.01820183726318289,0.01797849838402485,-0.00021073213492565218,-9.504358414559252e-05,-1.2606744232389333e-05,-0.00031838246330363404,-0.00010765032837798186
ordinary_matched_other_unchanged_negative_16,2020_2021,LR,brier,0.003826227293928184,0.0038262704475435848,0.003826318067335271,0.0038263564434882625,4.3153615400699785e-08,9.077340708697063e-08,-4.777462409184807e-09,1.291495600784856e-07,8.599594467778582e-08
ordinary_matched_other_unchanged_negative_16,2020_2021,LR,roc_auc,0.8200903684887964,0.8201466034718818,0.8200883666739349,0.8201174850729084,5.623498308549024e-05,-2.001814861429807e-06,-2.7116584112030218e-05,2.7116584112030218e-05,-2.9118398973460025e-05
ordinary_matched_other_unchanged_negative_16,2020_2021,LR,retrospective_recall_at_5percent,0.38636363636363635,0.3409090909090909,0.36363636363636365,0.3409090909090909,-0.04545454545454547,-0.022727272727272707,0.022727272727272707,-0.04545454545454547,0.0
ordinary_matched_other_unchanged_negative_16,2020_2021,LGBM,average_precision,0.15448907976528595,0.15550496930644264,0.09060514747685906,0.09151484736546922,0.0010158895411566948,-0.06388393228842688,-0.00010618965254652335,-0.06297423239981673,-0.06399012194097342
ordinary_matched_other_unchanged_negative_16,2020_2021,LGBM,brier,0.00789667273090611,0.007821185679495598,0.00725980349009707,0.007248580138575528,-7.548705141051208e-05,-0.0006368692408090402,6.426369988896986e-05,-0.0006480925923305824,-0.0005726055409200704
ordinary_matched_other_unchanged_negative_16,2020_2021,LGBM,roc_auc,0.9273057628230222,0.9271410615034884,0.912519989923025,0.9123824051876032,-0.00016470131953383316,-0.014785772899997274,2.7116584112030218e-05,-0.014923357635419077,-0.014758656315885244
ordinary_matched_other_unchanged_negative_16,2020_2021,LGBM,retrospective_recall_at_5percent,0.5909090909090909,0.5909090909090909,0.5227272727272727,0.5454545454545454,0.0,-0.06818181818181823,0.022727272727272707,-0.045454545454545525,-0.045454545454545525
ordinary_matched_other_unchanged_negative_17,2020_2021,LR,average_precision,0.018245264123523352,0.018034144036936428,0.018207146679219837,0.01798244590260356,-0.0002111200865869238,-3.8117444303514825e-05,-1.358069002935225e-05,-0.0002628182209197909,-5.1698134332867074e-05
ordinary_matched_other_unchanged_negative_17,2020_2021,LR,brier,0.0038262194405721682,0.003826263011670732,0.0038263116458239735,0.003826350476245498,4.3571098563757044e-08,9.220525180528294e-08,-4.74067703929576e-09,1.3103567332974422e-07,8.746457476598718e-08
ordinary_matched_other_unchanged_negative_17,2020_2021,LR,roc_auc,0.8200612500898229,0.8201486052867433,0.8200010114770147,0.8200592482749616,8.735519692038007e-05,-6.0238612808238834e-05,-2.9118398973460025e-05,-2.0018148613187847e-06,-8.935701178169886e-05
ordinary_matched_other_unchanged_negative_17,2020_2021,LR,retrospective_recall_at_5percent,0.4090909090909091,0.3409090909090909,0.36363636363636365,0.3409090909090909,-0.06818181818181823,-0.04545454545454547,0.04545454545454547,-0.06818181818181823,0.0
ordinary_matched_other_unchanged_negative_17,2020_2021,LGBM,average_precision,0.10165517182033854,0.10355239307042131,0.1444948839935335,0.1477815302517032,0.0018972212500827784,0.04283971217319496,0.0013894250080869336,0.04612635843136467,0.044229137181281894
ordinary_matched_other_unchanged_negative_17,2020_2021,LGBM,brier,0.006784310828742218,0.00680935052034927,0.006227994949792848,0.006215258664324969,2.5039691607052147e-05,-0.0005563158789493698,-3.777597707493169e-05,-0.0005690521644172494,-0.0005940918560243015
ordinary_matched_other_unchanged_negative_17,2020_2021,LGBM,roc_auc,0.9295120310434409,0.9302851239356419,0.925867134551122,0.9257586682146737,0.000773092892200955,-0.0036448964923189164,-0.0008815592286492979,-0.0037533628287672594,-0.004526455720968214
ordinary_matched_other_unchanged_negative_17,2020_2021,LGBM,retrospective_recall_at_5percent,0.6363636363636364,0.6363636363636364,0.6136363636363636,0.6136363636363636,0.0,-0.022727272727272707,0.0,-0.022727272727272707,-0.022727272727272707
ordinary_matched_other_unchanged_negative_18,2020_2021,LR,average_precision,0.01825440651197688,0.01808682423767085,0.018224146281260404,0.018025396536073813,-0.00016758227430602873,-3.0260230716474407e-05,-3.116747088056232e-05,-0.00022900997590306546,-6.142770159703673e-05
ordinary_matched_other_unchanged_negative_18,2020_2021,LR,brier,0.003826231243674827,0.0038262741938719876,0.003826321972453749,0.0038263601787269534,4.295019716054824e-08,9.072877892209175e-08,-4.743923956353896e-09,1.289350521262861e-07,8.598485496573785e-08
ordinary_matched_other_unchanged_negative_18,2020_2021,LR,roc_auc,0.8201174850729085,0.8202339586688022,0.8199136562800943,0.8199718930780412,0.00011647359589372908,-0.00020382879281422017,-5.823679794680903e-05,-0.00014559199486730012,-0.0002620655907610292
ordinary_matched_other_unchanged_negative_18,2020_2021,LR,retrospective_recall_at_5percent,0.4090909090909091,0.3409090909090909,0.38636363636363635,0.3409090909090909,-0.06818181818181823,-0.022727272727272763,0.022727272727272763,-0.06818181818181823,0.0
ordinary_matched_other_unchanged_negative_18,2020_2021,LGBM,average_precision,0.12071824886854886,0.12235390372032023,0.0881913408740493,0.09064842065312165,0.001635654851771376,-0.03252690799449956,0.0008214249273009733,-0.03006982821542721,-0.03170548306719859
ordinary_matched_other_unchanged_negative_18,2020_2021,LGBM,brier,0.00747282890145537,0.007398172997334633,0.00675424076508988,0.006728000465946221,-7.465590412073734e-05,-0.0007185881363654901,4.841560497707842e-05,-0.000744828435509149,-0.0006701725313884117
ordinary_matched_other_unchanged_negative_18,2020_2021,LGBM,roc_auc,0.9122541048695084,0.91354932712837,0.9346368692627693,0.9338626833796543,0.0012952222588615836,0.022382764393260923,-0.0020694081419766475,0.02160857851014586,0.020313356251284276
ordinary_matched_other_unchanged_negative_18,2020_2021,LGBM,retrospective_recall_at_5percent,0.6136363636363636,0.6363636363636364,0.6590909090909091,0.5909090909090909,0.022727272727272707,0.045454545454545414,-0.09090909090909083,-0.022727272727272707,-0.045454545454545414
ordinary_matched_other_unchanged_negative_19,2020_2021,LR,average_precision,0.018285654792991,0.018076257717187877,0.018244246649930213,0.018021406958086725,-0.00020939707580312425,-4.140814306078863e-05,-1.3442616040363481e-05,-0.00026424783490427636,-5.4850759101152113e-05
ordinary_matched_other_unchanged_negative_19,2020_2021,LR,brier,0.0038262270826499353,0.0038262710050483424,0.0038263186266291652,0.003826357817237573,4.3922398407138935e-08,9.154397922995702e-08,-4.731789999320307e-09,1.3073458763777565e-07,8.681218923063672e-08
ordinary_matched_other_unchanged_negative_19,2020_2021,LR,roc_auc,0.8198574212970087,0.8199427746790677,0.8200010114770145,0.8200592482749616,8.535338205906129e-05,0.00014359018000587032,-2.7116584112030218e-05,0.0002018269779529014,0.0001164735958938401
ordinary_matched_other_unchanged_negative_19,2020_2021,LR,retrospective_recall_at_5percent,0.38636363636363635,0.3409090909090909,0.36363636363636365,0.3409090909090909,-0.04545454545454547,-0.022727272727272707,0.022727272727272707,-0.04545454545454547,0.0
ordinary_matched_other_unchanged_negative_19,2020_2021,LGBM,average_precision,0.10141133268522666,0.10347417510579308,0.0653090492805295,0.06887925201106282,0.002062842420566424,-0.036102283404697164,0.0015073603099668986,-0.03253208067416384,-0.034594923094730265
ordinary_matched_other_unchanged_negative_19,2020_2021,LGBM,brier,0.0068588963318917525,0.006879298593485178,0.006701897738765937,0.006622123192349537,2.0402261593425834e-05,-0.00015699859312581516,-0.00010017680800982615,-0.00023677313954221547,-0.0002571754011356413
ordinary_matched_other_unchanged_negative_19,2020_2021,LGBM,roc_auc,0.9186890868756751,0.9204310941934455,0.9222524494486906,0.9208878883266609,0.001742007317770411,0.0035633625730154828,-0.0031065684398000615,0.0021988014509858322,0.0004567941332154213
ordinary_matched_other_unchanged_negative_19,2020_2021,LGBM,retrospective_recall_at_5percent,0.6363636363636364,0.6363636363636364,0.5454545454545454,0.5454545454545454,0.0,-0.09090909090909094,0.0,-0.09090909090909094,-0.09090909090909094
