CERT,FIN,NAME,FAILDATE,RESDATE,RESTYPE,RESTYPE1,QBFASSET,QBFDEP
25744.0,10553,SMALL BUSINESS BANK,7/17/2026,7/17/2026,FAILURE,PA,72947.0,68773.0
28722.0,10552,KENTLAND FS&LA,7/10/2026,7/10/2026,FAILURE,PA,3808.0,3656.0
25796.0,10551,COMMUNITY BANK AND TRUST - WEST GEORGIA,5/1/2026,5/1/2026,FAILURE,PI,305716.0,296420.0
57488.0,10550,METROPOLITAN CAPITAL B&T,1/30/2026,1/30/2026,FAILURE,PA,261185.0,212152.0
5520.0,10549,SANTA ANNA NATIONAL BANK,6/27/2025,6/27/2025,FAILURE,PI,76938.0,71376.0
28611.0,10548,PULASKI SAVINGS BANK,1/17/2025,1/17/2025,FAILURE,PA,49466.0,42741.0
4134.0,10547,FIRST NB OF LINDSAY,10/18/2024,10/18/2024,FAILURE,PI,107850.0,97515.0
27332.0,10546,REPUBLIC BANK,4/26/2024,4/26/2024,FAILURE,PA,5866190.0,4373927.0
8758.0,10545,CITIZENS BANK,11/3/2023,11/3/2023,FAILURE,PA,60448.0,52311.0
25851.0,10544,HEARTLAND TRI-STATE BANK,7/28/2023,7/28/2023,FAILURE,PA,139446.0,130110.0
59017.0,10543,FIRST REPUBLIC BANK,5/1/2023,5/1/2023,FAILURE,PA,212638872.0,176436706.0
57053.0,10540,SIGNATURE BANK,3/12/2023,3/20/2023,FAILURE,PA,110363650.0,88612911.0
24735.0,10539,SILICON VALLEY BANK,3/10/2023,3/26/2023,FAILURE,PA,209026000.0,175378000.0
15426.0,10538,ALMENA STATE BANK,10/23/2020,10/23/2020,FAILURE,PA,65733.0,64941.0
16748.0,10537,FIRST CITY BANK OF FLORIDA,10/16/2020,10/16/2020,FAILURE,PA,136566.0,133936.0
14361.0,10536,THE FIRST STATE BANK,4/3/2020,4/3/2020,FAILURE,PA,151808.0,143102.0
18265.0,10535,ERICSON STATE BANK,2/14/2020,2/14/2020,FAILURE,PA,100879.0,95159.0
21111.0,10534,CITY NATIONAL BANK OF NEW JERSEY,11/1/2019,11/1/2019,FAILURE,PA,120574.0,111234.0
58112.0,10532,LOUISA COMMUNITY BANK,10/25/2019,10/25/2019,FAILURE,PA,28163.0,25174.0
58317.0,10533,RESOLUTE BANK,10/25/2019,10/25/2019,FAILURE,PA,23292.0,22885.0
10716.0,10531,ENLOE STATE BANK,5/31/2019,5/31/2019,FAILURE,PI,36738.0,31254.0
30570.0,10530,WASHINGTON FEDERAL BANK FOR SAVINGS,12/15/2017,12/15/2017,FAILURE,PI,166345.0,143964.0
17719.0,10529,THE FARMERS AND MERCHANTS STATE BANK OF ARGONIA,10/13/2017,10/13/2017,FAILURE,PA,33012.0,27466.0
1802.0,10528,FAYETTE COUNTY BANK,5/26/2017,5/26/2017,FAILURE,PA,34370.0,33972.0
30003.0,10527,GUARANTY BANK,5/5/2017,5/5/2017,FAILURE,PA,1031900.0,1002026.0
58302.0,10526,FIRST NBC BANK,4/28/2017,4/28/2017,FAILURE,PA,3325870.0,3032208.0
35495.0,10525,PROFICIO BANK,3/3/2017,3/3/2017,FAILURE,PA,68208.0,65042.0
19328.0,10524,SEAWAY BANK AND TRUST COMPANY,1/27/2017,1/27/2017,FAILURE,PA,297809.0,256505.0
34951.0,10523,HARVEST COMMUNITY BANK,1/13/2017,1/13/2017,FAILURE,PA,124223.0,122177.0
91.0,10522,ALLIED BANK,9/23/2016,9/23/2016,FAILURE,PA,66336.0,64713.0
11297.0,10521,THE WOODBURY BANKING COMPANY,8/19/2016,8/19/2016,FAILURE,PA,21426.0,21122.0
35312.0,10520,FIRST CORNERSTONE BANK,5/6/2016,5/6/2016,FAILURE,PA,103307.0,101040.0
9956.0,10519,TRUST COMPANY BANK,4/29/2016,4/29/2016,FAILURE,PA,18998.0,20148.0
20364.0,10518,NORTH MILWAUKEE STATE BANK,3/11/2016,3/11/2016,FAILURE,PA,67115.0,61493.0
35156.0,10517,HOMETOWN NATIONAL BANK,10/2/2015,10/2/2015,FAILURE,PA,3785.0,3705.0
35259.0,10516,THE BANK OF GEORGIA,10/2/2015,10/2/2015,FAILURE,PA,286102.0,264234.0
34112.0,10515,PREMIER BANK,7/10/2015,7/10/2015,FAILURE,PA,26760.0,25480.0
57772.0,10514,EDGEBROOK BANK,5/8/2015,5/8/2015,FAILURE,PA,90034.0,90007.0
32102.0,10513,DORAL BANK,2/27/2015,2/27/2015,FAILURE,PA,5898515.0,4097734.0
33938.0,10512,CAPITOL CITY BANK & TRUST COMPANY,2/13/2015,2/13/2015,FAILURE,PA,272311.0,262652.0
20290.0,10511,HIGHLAND COMMUNITY BANK,1/23/2015,1/23/2015,FAILURE,PA,54727.0,53453.0
17557.0,10510,FIRST NATIONAL BANK OF CRESTVIEW,1/16/2015,1/16/2015,FAILURE,PA,73804.0,73199.0
34983.0,10509,NORTHERN STAR BANK,12/19/2014,12/19/2014,FAILURE,PA,18794.0,18221.0
34738.0,10508,"FRONTIER BANK, FSB",11/7/2014,11/7/2014,FAILURE,PA,80736.0,76344.0
916.0,10507,THE NATIONAL REPUBLIC BANK OF CHICAGO,10/24/2014,10/24/2014,FAILURE,PA,843118.0,809638.0
4862.0,10506,NBRS FINANCIAL BANK,10/17/2014,10/17/2014,FAILURE,PA,155353.0,151559.0
28462.0,10505,"GREENCHOICE BANK, FSB",7/25/2014,7/25/2014,FAILURE,PA,70286.0,68722.0
58125.0,10504,EASTSIDE COMMERCIAL BANK,7/18/2014,7/18/2014,FAILURE,PA,173946.0,166875.0
12483.0,10503,THE FREEDOM STATE BANK,6/27/2014,6/27/2014,FAILURE,PA,22816.0,20855.0
10450.0,10502,VALLEY BANK,6/20/2014,6/20/2014,FAILURE,PA,456442.0,359953.0
21793.0,10501,VALLEY BANK,6/20/2014,6/20/2014,FAILURE,PA,81843.0,66541.0
32368.0,10500,SLAVIE FEDERAL SAVINGS BANK,5/30/2014,5/30/2014,FAILURE,PA,140063.0,111142.0
32284.0,10499,COLUMBIA SAVINGS BANK,5/23/2014,5/23/2014,FAILURE,PA,36484.0,29538.0
57866.0,10498,AZTECAMERICA BANK,5/16/2014,5/16/2014,FAILURE,PA,66309.0,65031.0
15062.0,10497,ALLENDALE COUNTY BANK,4/25/2014,4/25/2014,FAILURE,PA,49498.0,49356.0
35096.0,10495,"MILLENNIUM BANK, NATIONAL ASSOCIATION",2/28/2014,2/28/2014,FAILURE,PA,130305.0,121704.0
58531.0,10496,VANTAGE POINT BANK,2/28/2014,2/28/2014,FAILURE,PA,63453.0,62472.0
34296.0,10494,SYRINGA BANK,1/31/2014,1/31/2014,FAILURE,PA,153361.0,145813.0
17967.0,10493,THE  BANK OF UNION,1/24/2014,1/24/2014,FAILURE,PA,317172.0,315843.0
5732.0,10492,DUPAGE NATIONAL BANK,1/17/2014,1/17/2014,FAILURE,PA,53524.0,51878.0
57431.0,10491,"TEXAS COMMUNITY BANK, NATIONAL ASSOCIATION",12/13/2013,12/13/2013,FAILURE,PA,159257.0,142640.0
14794.0,10490,BANK OF JACKSON COUNTY,10/30/2013,10/30/2013,FAILURE,PA,24724.0,24591.0
14318.0,10488,FIRST NATIONAL BANK,9/13/2013,9/13/2013,FAILURE,PA,3085764.0,2338335.0
57041.0,10489,THE COMMUNITY'S BANK,9/13/2013,9/13/2013,FAILURE,PO,26368.0,25715.0
19849.0,10486,COMMUNITY SOUTH BANK,8/23/2013,8/23/2013,FAILURE,PA,386908.0,377672.0
34707.0,10487,SUNRISE BANK OF ARIZONA,8/23/2013,8/23/2013,FAILURE,PA,202179.0,196924.0
35016.0,10485,BANK OF WAUSAU,8/9/2013,8/9/2013,FAILURE,PA,43564.0,40663.0
34943.0,10484,FIRST COMMUNITY BANK OF SOUTHWEST FLORIDA,8/2/2013,8/2/2013,FAILURE,PA,247315.0,243618.0
34789.0,10483,MOUNTAIN NATIONAL BANK,6/7/2013,6/7/2013,FAILURE,PA,437282.0,373366.0
58358.0,10482,1st COMMERCE BANK,6/6/2013,6/6/2013,FAILURE,PA,20152.0,19579.0
35386.0,10478,BANKS OF WISCONSIN,5/31/2013,5/31/2013,FAILURE,PA,134024.0,127590.0
34527.0,10479,CENTRAL ARIZONA BANK,5/14/2013,5/14/2013,FAILURE,PA,31550.0,30822.0
58185.0,10481,SUNRISE BANK,5/10/2013,5/10/2013,FAILURE,PA,60793.0,57775.0
58701.0,10480,PISGAH COMMUNITY BANK,5/10/2013,5/10/2013,FAILURE,PA,21880.0,21246.0
21649.0,10476,DOUGLAS COUNTY BANK,4/26/2013,4/26/2013,FAILURE,PA,317288.0,315326.0
57158.0,10477,PARKWAY BANK,4/26/2013,4/26/2013,FAILURE,PA,109642.0,104709.0
26680.0,10475,HERITAGE BANK OF NORTH FLORIDA,4/19/2013,4/19/2013,FAILURE,PA,103960.0,106348.0
29594.0,10474,FIRST FEDERAL BANK,4/19/2013,4/19/2013,FAILURE,PA,92982.0,87196.0
58034.0,10473,CHIPOLA COMMUNITY BANK,4/19/2013,4/19/2013,FAILURE,PA,37471.0,37067.0
58066.0,10472,GOLD CANYON BANK,4/5/2013,4/5/2013,FAILURE,PA,42125.0,41728.0
16431.0,10471,FRONTIER BANK,3/8/2013,3/8/2013,FAILURE,PA,258840.0,224108.0
22476.0,10470,COVENANT BANK,2/15/2013,2/15/2013,FAILURE,PA,58422.0,54202.0
57157.0,10469,1ST REGENTS BANK,1/18/2013,1/18/2013,FAILURE,PA,49626.0,49147.0
33997.0,10468,WESTSIDE COMMUNITY BANK,1/11/2013,1/11/2013,FAILURE,PA,91935.0,91879.0
27331.0,10467,COMMUNITY BANK OF THE OZARKS,12/14/2012,12/14/2012,FAILURE,PA,42816.0,41881.0
57928.0,10466,HOMETOWN COMMUNITYBANK,11/16/2012,11/16/2012,FAILURE,PA,124561.0,108931.0
3731.0,10464,CITIZENS FIRST NATIONAL BANK,11/2/2012,11/2/2012,FAILURE,PA,923959.0,869440.0
35009.0,10465,HERITAGE BANK OF FLORIDA,11/2/2012,11/2/2012,FAILURE,PA,225477.0,223309.0
27148.0,10463,NOVA BANK,10/26/2012,10/26/2012,FAILURE,PO,444710.0,395248.0
19189.0,10460,EXCEL BANK,10/19/2012,10/19/2012,FAILURE,PA,186113.0,173670.0
28144.0,10461,FIRST EAST SIDE SAVINGS BANK,10/19/2012,10/19/2012,FAILURE,PA,65686.0,64888.0
58073.0,10462,GULFSOUTH PRIVATE BANK,10/19/2012,10/19/2012,FAILURE,PA,139391.0,131579.0
20685.0,10459,FIRST UNITED BANK,9/28/2012,9/28/2012,FAILURE,PA,328422.0,316877.0
27316.0,10458,TRUMAN BANK,9/14/2012,9/14/2012,FAILURE,PA,282338.0,245716.0
35246.0,10457,FIRST COMMERCIAL BANK,9/7/2012,9/7/2012,FAILURE,PA,215867.0,206809.0
28243.0,10456,WAUKEGAN SAVINGS BANK,8/3/2012,8/3/2012,FAILURE,PA,83679.0,73001.0
16240.0,10455,JASPER BANKING COMPANY,7/27/2012,7/27/2012,FAILURE,PA,206672.0,204238.0
1361.0,10452,HEARTLAND BANK,7/20/2012,7/20/2012,FAILURE,PA,96002.0,89723.0
27986.0,10453,SECOND FEDERAL SAVINGS AND LOAN ASSOCIATION OF CHICAGO,7/20/2012,7/20/2012,FAILURE,PA,190891.0,171627.0
32711.0,10450,FIRST CHEROKEE STATE BANK,7/20/2012,7/20/2012,FAILURE,PA,209021.0,182114.0
57096.0,10454,THE ROYAL PALM BANK OF FLORIDA,7/20/2012,7/20/2012,FAILURE,PA,78771.0,78876.0
57847.0,10451,GEORGIA TRUST BANK,7/20/2012,7/20/2012,FAILURE,PA,116890.0,114748.0
1056.0,10449,GLASGOW SAVINGS BANK,7/13/2012,7/13/2012,FAILURE,PA,22341.0,21809.0
19498.0,10448,MONTGOMERY BANK & TRUST,7/6/2012,7/6/2012,FAILURE,PA,153208.0,164181.0
1690.0,10447,THE FARMERS BANK OF LYNCHBURG,6/15/2012,6/15/2012,FAILURE,PA,163859.0,156402.0
27405.0,10445,PUTNAM STATE BANK,6/15/2012,6/15/2012,FAILURE,PA,169489.0,160024.0
35299.0,10446,SECURITY EXCHANGE BANK,6/15/2012,6/15/2012,FAILURE,PA,150962.0,147896.0
416.0,10443,FIRST CAPITAL BANK,6/8/2012,6/8/2012,FAILURE,PA,44448.0,44828.0
9257.0,10442,FARMERS' AND TRADERS' STATE BANK,6/8/2012,6/8/2012,FAILURE,PA,43077.0,42302.0
34515.0,10444,WACCAMAW BANK,6/8/2012,6/8/2012,FAILURE,PA,533114.0,472704.0
35372.0,10441,CAROLINA FEDERAL SAVINGS BANK,6/8/2012,6/8/2012,FAILURE,PA,54373.0,53082.0
35224.0,10440,"ALABAMA TRUST BANK, NATIONAL ASSOCIATION",5/18/2012,5/18/2012,FAILURE,PA,51553.0,45149.0
23156.0,10439,"SECURITY BANK, NATIONAL ASSOCIATION",5/4/2012,5/4/2012,FAILURE,PA,101026.0,99067.0
23632.0,10437,PALM DESERT NATIONAL BANK,4/27/2012,4/27/2012,FAILURE,PA,129253.0,129023.0
26759.0,10434,BANK OF THE EASTERN SHORE,4/27/2012,4/27/2012,FAILURE,DINB,162460.0,150951.0
31495.0,10436,"INTER SAVINGS BANK, FSB D/B/A/ INTERBANK, FSB",4/27/2012,4/27/2012,FAILURE,PA,463840.0,458053.0
32503.0,10438,PLANTATION FEDERAL BANK,4/27/2012,4/27/2012,FAILURE,PA,433512.0,415943.0
57766.0,10435,HARVEST BANK OF MARYLAND,4/27/2012,4/27/2012,FAILURE,PA,163019.0,145534.0
35527.0,10433,"FORT LEE FEDERAL SAVINGS BANK, FSB",4/20/2012,4/20/2012,FAILURE,PA,48861.0,47786.0
33883.0,10432,FIDELITY BANK,3/30/2012,3/30/2012,FAILURE,PA,818237.0,747640.0
35419.0,10431,PREMIER BANK,3/23/2012,3/23/2012,FAILURE,PA,268703.0,198953.0
58068.0,10430,CONVENANT BANK & TRUST,3/23/2012,3/23/2012,FAILURE,PA,95725.0,90632.0
57597.0,10429,NEW CITY BANK,3/9/2012,3/9/2012,FAILURE,PO,71202.0,72399.0
34046.0,10428,GLOBAL COMMERCE BANK,3/2/2012,3/2/2012,FAILURE,PA,143678.0,116813.0
5687.0,10426,CENTRAL BANK OF GEORGIA,2/24/2012,2/24/2012,FAILURE,PA,278860.0,266589.0
29178.0,10427,HOME SAVINGS OF AMERICA,2/24/2012,2/24/2012,FAILURE,PO,434111.0,432223.0
23187.0,10424,CHARTER NATIONAL BANK AND TRUST,2/10/2012,2/10/2012,FAILURE,PA,93894.0,89485.0
29761.0,10425,SCB BANK,2/10/2012,2/10/2012,FAILURE,PA,182561.0,171365.0
16579.0,10421,FIRST GUARANTY BANK AND TRUST COMPANY OF JACKSONVILLE,1/27/2012,1/27/2012,FAILURE,PA,397082.0,378309.0
19869.0,10420,BANKEAST,1/27/2012,1/27/2012,FAILURE,PA,261947.0,259571.0
34823.0,10422,PATRIOT BANK MINNESOTA,1/27/2012,1/27/2012,FAILURE,PA,105029.0,102833.0
35296.0,10423,TENNESSEE COMMERCE BANK,1/27/2012,1/27/2012,FAILURE,PA,1009154.0,1037716.0
19252.0,10419,THE FIRST STATE BANK,1/20/2012,1/20/2012,FAILURE,PA,516760.0,509065.0
31581.0,10417,AMERICAN EAGLE SAVINGS BANK,1/20/2012,1/20/2012,FAILURE,PA,19259.0,17548.0
57186.0,10418,CENTRAL FLORIDA STATE BANK,1/20/2012,1/20/2012,FAILURE,PA,71485.0,71080.0
57917.0,10416,WESTERN NATIONAL BANK,12/16/2011,12/16/2011,FAILURE,PA,162872.0,144491.0
58343.0,10415,PREMIER COMMUNITY BANK OF THE EMERALD COAST,12/16/2011,12/16/2011,FAILURE,PA,125976.0,112050.0
14194.0,10414,POLK COUNTY BANK,11/18/2011,11/18/2011,FAILURE,PA,91580.0,81967.0
19657.0,10413,CENTRAL PROGRESSIVE BANK,11/18/2011,11/18/2011,FAILURE,PA,383132.0,347720.0
57860.0,10412,COMMUNITY BANK OF ROCKMART,11/10/2011,11/10/2011,FAILURE,PA,62383.0,55906.0
19397.0,10410,"MID CITY BANK, INC.",11/4/2011,11/4/2011,FAILURE,PA,106075.0,105461.0
57087.0,10411,SUNFIRST BANK,11/4/2011,11/4/2011,FAILURE,PA,198081.0,169135.0
57759.0,10409,ALL AMERICAN BANK,10/28/2011,10/28/2011,FAILURE,PA,34800.0,30542.0
21132.0,10405,COMMUNITY BANKS OF COLORADO,10/21/2011,10/21/2011,FAILURE,PA,1280964.0,1239630.0
34392.0,10407,DECATUR FIRST BANK,10/21/2011,10/21/2011,FAILURE,PA,184750.0,172042.0
57036.0,10406,COMMUNITY CAPITAL BANK,10/21/2011,10/21/2011,FAILURE,PA,165291.0,157808.0
57537.0,10408,OLD HARBOR BANK,10/21/2011,10/21/2011,FAILURE,PA,209048.0,212184.0
32347.0,10401,"BLUE RIDGE SAVINGS BANK, INC.",10/14/2011,10/14/2011,FAILURE,PA,161430.0,159628.0
35395.0,10402,COUNTRY BANK,10/14/2011,10/14/2011,FAILURE,PA,195034.0,180835.0
57256.0,10404,PIEDMONT COMMUNITY BANK,10/14/2011,10/14/2011,FAILURE,PA,198993.0,178773.0
58046.0,10403,FIRST STATE BANK,10/14/2011,10/14/2011,FAILURE,PA,191852.0,188099.0
10216.0,10399,THE RIVERBANK,10/7/2011,10/7/2011,FAILURE,PA,419723.0,384120.0
20115.0,10400,SUN SECURITY BANK,10/7/2011,10/7/2011,FAILURE,PA,351492.0,280649.0
33513.0,10398,FIRST INTERNATIONAL BANK,9/30/2011,9/30/2011,FAILURE,PA,239916.0,208775.0
20408.0,10396,BANK OF THE COMMONWEALTH,9/23/2011,9/23/2011,FAILURE,PA,985096.0,901845.0
33983.0,10397,CITIZENS BANK OF NORTHERN CALIFORNIA,9/23/2011,9/23/2011,FAILURE,PA,288765.0,253079.0
25155.0,10395,THE FIRST NATIONAL BANK OF FLORIDA,9/9/2011,9/9/2011,FAILURE,PA,296841.0,280095.0
58226.0,10393,CREEKSIDE BANK,9/2/2011,9/2/2011,FAILURE,PA,102338.0,96583.0
58273.0,10394,PATRIOT BANK OF GEORGIA,9/2/2011,9/2/2011,FAILURE,PA,150751.0,140612.0
35356.0,10392,LYDIAN PRIVATE BANK,8/19/2011,8/19/2011,FAILURE,PA,1700117.0,1253835.0
57212.0,10390,FIRST CHOICE BANK,8/19/2011,8/19/2011,FAILURE,PA,141016.0,137215.0
57239.0,10391,FIRST SOUTHERN NATIONAL BANK,8/19/2011,8/19/2011,FAILURE,PA,164599.0,159673.0
34130.0,10389,PUBLIC SAVINGS BANK,8/18/2011,8/18/2011,FAILURE,PA,46818.0,45770.0
4744.0,10388,THE FIRST NATIONAL BANK OF OLATHE,8/12/2011,8/12/2011,FAILURE,PA,538091.0,524290.0
22528.0,10387,BANK OF WHITMAN,8/5/2011,8/5/2011,FAILURE,PA,548570.0,515732.0
22637.0,10386,BANK OF SHOREWOOD,8/5/2011,8/5/2011,FAILURE,PA,110723.0,104021.0
4392.0,10384,INTEGRA BANK NATIONAL ASSOCIATION,7/29/2011,7/29/2011,FAILURE,PA,1994430.0,1693592.0
58222.0,10383,"BANKMERIDIAN, N.A.",7/29/2011,7/29/2011,FAILURE,PA,232648.0,209737.0
58283.0,10385,VIRGINIA BUSINESS BANK,7/29/2011,7/29/2011,FAILURE,PA,83493.0,72955.0
2994.0,10380,BANK OF CHOICE,7/22/2011,7/22/2011,FAILURE,PA,954106.0,818670.0
35244.0,10381,LANDMARK BANK OF FLORIDA,7/22/2011,7/22/2011,FAILURE,PA,266482.0,244362.0
58056.0,10382,SOUTHSHORE COMMUNITY BANK,7/22/2011,7/22/2011,FAILURE,PA,41252.0,41434.0
19554.0,10377,HIGH TRUST BANK,7/15/2011,7/15/2011,FAILURE,PA,180340.0,177221.0
34870.0,10376,FIRST PEOPLES BANK,7/15/2011,7/15/2011,FAILURE,PA,225035.0,207621.0
57442.0,10379,SUMMIT BANK,7/15/2011,7/15/2011,FAILURE,PA,73066.0,67471.0
58238.0,10378,ONE GEORGIA BANK,7/15/2011,7/15/2011,FAILURE,PA,177715.0,158123.0
27935.0,10374,FIRST CHICAGO BANK & TRUST,7/8/2011,7/8/2011,FAILURE,PA,896864.0,830530.0
34522.0,10373,COLORADO CAPITAL BANK,7/8/2011,7/8/2011,FAILURE,PA,665806.0,635202.0
57835.0,10375,SIGNATURE  BANK,7/8/2011,7/8/2011,FAILURE,PA,62518.0,60349.0
57593.0,10372,MOUNTAIN HERITAGE BANK,6/24/2011,6/24/2011,FAILURE,PA,103716.0,89554.0
19237.0,10371,MCINTOSH STATE BANK,6/17/2011,6/17/2011,FAILURE,PA,339929.0,324403.0
27583.0,10370,FIRST COMMERCIAL BANK OF TAMPA BAY,6/17/2011,6/17/2011,FAILURE,PA,98624.0,92641.0
58420.0,10369,ATLANTIC BANK AND TRUST,6/3/2011,6/3/2011,FAILURE,PA,208204.0,191614.0
23626.0,10368,FIRST HERITAGE BANK,5/27/2011,5/27/2011,FAILURE,PA,173478.0,163303.0
513.0,10367,SUMMIT BANK,5/20/2011,5/20/2011,FAILURE,PA,142729.0,131631.0
57213.0,10365,ATLANTIC SOUTHERN BANK,5/20/2011,5/20/2011,FAILURE,PA,741855.0,707643.0
57647.0,10366,FIRST GEORGIA BANKING COMPANY,5/20/2011,5/20/2011,FAILURE,PA,730981.0,702231.0
34898.0,10364,COASTAL BANK,5/6/2011,5/6/2011,FAILURE,PA,129429.0,123950.0
19797.0,10363,THE PARK AVENUE BANK,4/29/2011,4/29/2011,FAILURE,PA,849409.0,724483.0
26297.0,10362,FIRST NATIONAL BANK OF CENTRAL FLORIDA,4/29/2011,4/29/2011,FAILURE,PA,342079.0,308784.0
34234.0,10359,COMMUNITY CENTRAL BANK,4/29/2011,4/29/2011,FAILURE,PA,451683.0,371494.0
57625.0,10360,CORTEZ COMMUNITY  BANK,4/29/2011,4/29/2011,FAILURE,PA,66282.0,65439.0
58539.0,10361,FIRST CHOICE COMMUNITY BANK,4/29/2011,4/29/2011,FAILURE,PA,291196.0,294769.0
14273.0,10354,HERITAGE BANKING GROUP,4/15/2011,4/15/2011,FAILURE,PA,228328.0,205035.0
17750.0,10358,SUPERIOR BANK,4/15/2011,4/15/2011,FAILURE,PA,2977290.0,2736201.0
19794.0,10356,NEXITY BANK,4/15/2011,4/15/2011,FAILURE,PA,757574.0,611681.0
21495.0,10353,BARTOW COUNTY BANK,4/15/2011,4/15/2011,FAILURE,PA,314019.0,290005.0
24099.0,10357,ROSEMOUNT NATIONAL BANK,4/15/2011,4/15/2011,FAILURE,PA,21454.0,20980.0
57705.0,10355,NEW HORIZONS BANK,4/15/2011,4/15/2011,FAILURE,PA,103055.0,99022.0
10086.0,10352,WESTERN SPRINGS NATIONAL BANK AND TRUST,4/8/2011,4/8/2011,FAILURE,PA,186677.0,182441.0
35418.0,10351,NEVADA COMMERCE BANK,4/8/2011,4/8/2011,FAILURE,PA,135064.0,128573.0
34292.0,10350,THE BANK OF COMMERCE,3/25/2011,3/25/2011,FAILURE,PA,163074.0,161379.0
4077.0,10349,THE FIRST NATIONAL BANK OF DAVIS,3/11/2011,3/11/2011,FAILURE,PA,90183.0,68331.0
34818.0,10348,LEGACY BANK,3/11/2011,3/11/2011,FAILURE,PA,190418.0,183309.0
34187.0,10347,VALLEY COMMUNITY BANK,2/25/2011,2/25/2011,FAILURE,PA,123774.0,124179.0
151.0,10345,HABERSHAM BANK,2/18/2011,2/18/2011,FAILURE,PA,387681.0,339934.0
34601.0,10344,CITIZENS BANK OF EFFINGHAM,2/18/2011,2/18/2011,FAILURE,PA,214275.0,206490.0
34783.0,10346,"SAN LUIS TRUST BANK, FSB",2/18/2011,2/18/2011,FAILURE,PA,332596.0,272216.0
57855.0,10343,CHARTER OAK BANK,2/18/2011,2/18/2011,FAILURE,PA,120833.0,105309.0
13272.0,10339,BADGER STATE BANK,2/11/2011,2/11/2011,FAILURE,PA,83828.0,78549.0
14939.0,10341,PEOPLES STATE BANK,2/11/2011,2/11/2011,FAILURE,PA,390524.0,389868.0
34692.0,10340,CANYON NATIONAL BANK,2/11/2011,2/11/2011,FAILURE,PA,210859.0,205285.0
35478.0,10342,SUNSHINE STATE COMMUNITY BANK,2/11/2011,2/11/2011,FAILURE,PA,125531.0,116715.0
35242.0,10338,NORTH GEORGIA BANK,2/4/2011,2/4/2011,FAILURE,PA,153172.0,139672.0
57432.0,10336,AMERICAN TRUST BANK,2/4/2011,2/4/2011,FAILURE,PA,238205.0,222161.0
57948.0,10337,COMMUNITY FIRST BANK - CHICAGO,2/4/2011,2/4/2011,FAILURE,PA,51083.0,49504.0
2303.0,10335,THE FIRST STATE BANK,1/28/2011,1/28/2011,FAILURE,PA,44546.0,41204.0
5328.0,10332,EVERGREEN STATE BANK,1/28/2011,1/28/2011,FAILURE,PA,240949.0,193694.0
12261.0,10333,FIRST COMMUNITY BANK,1/28/2011,1/28/2011,FAILURE,PA,2188154.0,1847851.0
57646.0,10334,FIRSTIER BANK,1/28/2011,1/28/2011,FAILURE,DINB,764090.0,718797.0
19758.0,10329,ENTERPRISE BANKING COMPANY,1/21/2011,1/21/2011,FAILURE,DINB,99461.0,94591.0
31293.0,10331,UNITED WESTERN BANK,1/21/2011,1/21/2011,FAILURE,PA,2153690.0,1535194.0
34516.0,10330,THE BANK OF ASHEVILLE,1/21/2011,1/21/2011,FAILURE,PA,204925.0,199394.0
57868.0,10328,COMMUNITYSOUTH BANK AND TRUST,1/21/2011,1/21/2011,FAILURE,PA,340986.0,314250.0
57440.0,10327,OGLETHORPE BANK,1/14/2011,1/14/2011,FAILURE,PA,211149.0,201369.0
34965.0,10325,FIRST COMMERCIAL BANK OF FLORIDA,1/7/2011,1/7/2011,FAILURE,PA,578638.0,537223.0
57820.0,10326,LEGACY BANK,1/7/2011,1/7/2011,FAILURE,PA,136446.0,119685.0
19040.0,10324,THE BANK OF MIAMI,12/17/2010,12/17/2010,FAILURE,PA,448150.0,374218.0
23306.0,10321,COMMUNITY NATIONAL BANK,12/17/2010,12/17/2010,FAILURE,PA,31569.0,28844.0
34578.0,10320,CHESTATEE STATE BANK,12/17/2010,12/17/2010,FAILURE,PA,244376.0,240476.0
35065.0,10323,UNITED AMERICAS BANK,12/17/2010,12/17/2010,FAILURE,PA,242339.0,193803.0
58052.0,10322,FIRST SOUTHERN BANK,12/17/2010,12/17/2010,FAILURE,PA,191764.0,155803.0
58495.0,10319,"APPALACIAN COMMUNITY BANK, F.S.B.",12/17/2010,12/17/2010,FAILURE,PA,68201.0,76360.0
34673.0,10318,PARAMOUNT BANK,12/10/2010,12/10/2010,FAILURE,PA,252744.0,213550.0
35561.0,10317,EARTHSTAR BANK,12/10/2010,12/10/2010,FAILURE,PA,112643.0,104505.0
5287.0,10315,FIRST BANKING CENTER,11/19/2010,11/19/2010,FAILURE,PA,750724.0,664752.0
20340.0,10316,GULF STATE COMMUNITY BANK,11/19/2010,11/19/2010,FAILURE,PA,112144.0,112193.0
35078.0,10314,ALLEGIANCE BANK OF NORTH AMERICA,11/19/2010,11/19/2010,FAILURE,PA,106595.0,91996.0
14580.0,10312,DARBY BANK & TRUST COMPANY,11/12/2010,11/12/2010,FAILURE,PA,654714.0,587626.0
35463.0,10311,COPPER STAR BANK,11/12/2010,11/12/2010,FAILURE,PA,203955.0,190182.0
57831.0,10313,TIFTON BANKING COMPANY,11/12/2010,11/12/2010,FAILURE,PA,143729.0,141573.0
31263.0,10308,K BANK,11/5/2010,11/5/2010,FAILURE,PA,538258.0,500056.0
34411.0,10309,PIERCE COMMERCIAL BANK,11/5/2010,11/5/2010,FAILURE,PA,221082.0,193473.0
57885.0,10307,FIRST VIETNAMESE AMERICAN BANK,11/5/2010,11/5/2010,FAILURE,PA,48000.0,47012.0
58087.0,10310,WESTERN COMMERCIAL BANK,11/5/2010,11/5/2010,FAILURE,PA,98635.0,101127.0
2119.0,10304,THE FIRST NATIONAL BANK OF BARNESVILLE,10/22/2010,10/22/2010,FAILURE,PA,126622.0,122880.0
16089.0,10301,FIRST SUBURBAN NATIONAL BANK,10/22/2010,10/22/2010,FAILURE,PA,143451.0,135475.0
22173.0,10302,HILLCREST BANK,10/22/2010,10/22/2010,FAILURE,PA,1583611.0,1488785.0
27573.0,10300,FIRST BANK OF JACKSONVILLE,10/22/2010,10/22/2010,FAILURE,PA,73922.0,72198.0
32251.0,10303,PROGRESS BANK OF FLORIDA,10/22/2010,10/22/2010,FAILURE,PA,94823.0,86861.0
32582.0,10306,"FIRST ARIZONA SAVINGS, A FSB",10/22/2010,10/22/2010,FAILURE,PO,255920.0,190615.0
33904.0,10305,THE GORDON BANK,10/22/2010,10/22/2010,FAILURE,PA,29259.0,26867.0
30898.0,10298,"SECURITY SAVINGS BANK, F.S.B.",10/15/2010,10/15/2010,FAILURE,PA,453349.0,347080.0
34016.0,10297,PREMIER BANK,10/15/2010,10/15/2010,FAILURE,PA,989382.0,869367.0
58205.0,10299,WESTBRIDGE BANK AND TRUST COMPANY,10/15/2010,10/15/2010,FAILURE,PA,87782.0,70131.0
21777.0,10296,WAKULLA BANK,10/1/2010,10/1/2010,FAILURE,PA,402205.0,367228.0
35250.0,10295,SHORELINE BANK,10/1/2010,10/1/2010,FAILURE,PA,92980.0,90644.0
35053.0,10294,NORTH COUNTY BANK,9/24/2010,9/24/2010,FAILURE,PA,288776.0,276081.0
58308.0,10293,HAVEN TRUST BANK FLORIDA,9/24/2010,9/24/2010,FAILURE,PA,148575.0,133561.0
182.0,10292,THE PEOPLES BANK,9/17/2010,9/17/2010,FAILURE,PA,447185.0,398181.0
27808.0,10288,BRAMBLE SAVINGS BANK,9/17/2010,9/17/2010,FAILURE,PA,47523.0,41551.0
28612.0,10291,MARITIME SAVINGS BANK,9/17/2010,9/17/2010,FAILURE,PA,350488.0,248134.0
57107.0,10290,ISN BANK,9/17/2010,9/17/2010,FAILURE,PA,81564.0,79652.0
57448.0,10289,FIRST COMMERCE COMMUNITY BANK,9/17/2010,9/17/2010,FAILURE,PA,248151.0,242831.0
58197.0,10287,THE BANK OF ELLIJAY,9/17/2010,9/17/2010,FAILURE,PA,168820.0,160718.0
35061.0,10286,HORIZON BANK,9/10/2010,9/10/2010,FAILURE,PA,187819.0,164594.0
15640.0,10284,SHOREBANK,8/20/2010,8/20/2010,FAILURE,PA,2166431.0,1547403.0
25266.0,10279,COMMUNITY NATIONAL BANK AT BARTOW,8/20/2010,8/20/2010,FAILURE,PA,67918.0,63708.0
27090.0,10283,PACIFIC STATE BANK,8/20/2010,8/20/2010,FAILURE,PA,312077.0,278832.0
27259.0,10285,SONOMA VALLEY BANK,8/20/2010,8/20/2010,FAILURE,PA,337113.0,255501.0
27344.0,10281,INDEPENDENT NATIONAL BANK,8/20/2010,8/20/2010,FAILURE,PA,156218.0,141877.0
31623.0,10280,IMPERIAL SAVINGS AND LOAN ASSOCIATION,8/20/2010,8/20/2010,FAILURE,PA,9448.0,10090.0
32165.0,10282,LOS PADRES BANK,8/20/2010,8/20/2010,FAILURE,PA,866459.0,770899.0
33219.0,10278,BUTTE COMMUNITY BANK,8/20/2010,8/20/2010,FAILURE,PA,498751.0,471256.0
17599.0,10277,PALOS BANK AND TRUST COMPANY,8/13/2010,8/13/2010,FAILURE,PA,493391.0,467784.0
34231.0,10276,RAVENSWOOD BANK,8/6/2010,8/6/2010,FAILURE,PA,264628.0,269448.0
9619.0,10272,COASTAL COMMUNITY BANK,7/30/2010,7/30/2010,FAILURE,PA,377469.0,370016.0
22643.0,10275,THE COWLITZ BANK,7/30/2010,7/30/2010,FAILURE,PA,489019.0,474742.0
31964.0,10273,LIBERTYBANK,7/30/2010,7/30/2010,FAILURE,PA,714574.0,692670.0
57658.0,10274,NORTHWEST BANK & TRUST,7/30/2010,7/30/2010,FAILURE,PA,160763.0,155531.0
57669.0,10271,BAYSIDE SAVINGS BANK,7/30/2010,7/30/2010,FAILURE,PA,64344.0,52720.0
10506.0,10269,THUNDER BANK,7/23/2010,7/23/2010,FAILURE,PA,28248.0,27048.0
17837.0,10270,WILLIAMSBURG FIRST NATIONAL BANK,7/23/2010,7/23/2010,FAILURE,PA,130411.0,126993.0
23181.0,10266,HOME VALLEY BANK,7/23/2010,7/23/2010,FAILURE,PA,250488.0,227935.0
27559.0,10265,CRESCENT BANK AND TRUST COMPANY,7/23/2010,7/23/2010,FAILURE,PA,970235.0,932809.0
32536.0,10268,STERLING BANK,7/23/2010,7/23/2010,FAILURE,PA,354966.0,329541.0
34486.0,10264,COMMUNITY SECURITY BANK,7/23/2010,7/23/2010,FAILURE,PA,100649.0,95100.0
35434.0,10267,SOUTHWESTUSA BANK,7/23/2010,7/23/2010,FAILURE,PA,203690.0,183985.0
25172.0,10259,METRO BANK OF DADE COUNTY,7/16/2010,7/16/2010,FAILURE,PA,399441.0,375522.0
28136.0,10258,"MAINSTREET SAVINGS BANK, FSB",7/16/2010,7/16/2010,FAILURE,PA,96584.0,63291.0
28864.0,10260,OLDE CYPRESS COMMUNITY BANK,7/16/2010,7/16/2010,FAILURE,PA,161355.0,157997.0
32280.0,10261,TURNBERRY BANK,7/16/2010,7/16/2010,FAILURE,PA,240251.0,179169.0
32571.0,10262,WOODLANDS BANK,7/16/2010,7/16/2010,FAILURE,PA,382803.0,364808.0
35383.0,10263,FIRST NATIONAL BANK OF THE SOUTH,7/16/2010,7/16/2010,FAILURE,PA,619374.0,550891.0
11636.0,10256,HOME NATIONAL BANK,7/9/2010,7/9/2010,FAILURE,PA,585445.0,514038.0
32456.0,10257,IDEAL FEDERAL SAVINGS BANK,7/9/2010,7/9/2010,FAILURE,PO,6177.0,5803.0
35462.0,10255,BAY NATIONAL BANK,7/9/2010,7/9/2010,FAILURE,PA,217743.0,212612.0
58072.0,10254,USA BANK,7/9/2010,7/9/2010,FAILURE,PA,190678.0,188644.0
26563.0,10253,PENINSULA BANK,6/25/2010,6/25/2010,FAILURE,PA,630179.0,580140.0
34152.0,10251,FIRST NATIONAL BANK,6/25/2010,6/25/2010,FAILURE,PA,252520.0,231857.0
35279.0,10252,HIGH DESERT STATE BANK,6/25/2010,6/25/2010,FAILURE,PA,80343.0,80985.0
57110.0,10250,NEVADA SECURITY BANK,6/18/2010,6/18/2010,FAILURE,PA,492491.0,479759.0
32955.0,10249,WASHINGTON FIRST INTERNATIONAL BANK,6/11/2010,6/11/2010,FAILURE,PA,520887.0,441362.0
15814.0,10247,FIRST NATIONAL BANK,6/4/2010,6/4/2010,FAILURE,PA,60449.0,63483.0
29341.0,10248,TIERONE BANK,6/4/2010,6/4/2010,FAILURE,PA,2824737.0,2185817.0
31813.0,10246,ARCOLA HOMESTEAD SAVINGS BANK,6/4/2010,6/4/2010,FAILURE,PO,17028.0,18092.0
34785.0,10245,SUN WEST BANK,5/28/2010,5/28/2010,FAILURE,PA,360662.0,353943.0
35106.0,10242,BANK OF FLORIDA - SOUTHWEST,5/28/2010,5/28/2010,FAILURE,PA,640894.0,559897.0
57315.0,10244,"GRANITE COMMUNITY BANK, NATIONAL ASSOCIATION",5/28/2010,5/28/2010,FAILURE,PA,102913.0,94252.0
57360.0,10241,BANK OF FLORIDA - SOUTHEAST,5/28/2010,5/28/2010,FAILURE,PA,595318.0,531752.0
57814.0,10243,BANK OF FLORIDA - TAMPA BAY,5/28/2010,5/28/2010,FAILURE,PA,240513.0,224024.0
57735.0,10240,PINEHURST BANK,5/21/2010,5/21/2010,FAILURE,PA,61215.0,58288.0
18117.0,10236,MIDWEST BANK AND TRUST COMPANY,5/14/2010,5/14/2010,FAILURE,PA,3172915.0,2420738.0
34255.0,10239,SOUTHWEST COMMUNITY BANK,5/14/2010,5/14/2010,FAILURE,PA,100659.0,102463.0
35114.0,10238,SATILLA COMMUNITY BANK,5/14/2010,5/14/2010,FAILURE,PA,135688.0,134005.0
35586.0,10237,NEW LIBERTY BANK,5/14/2010,5/14/2010,FAILURE,PA,111239.0,101884.0
14246.0,10234,THE BANK OF BONIFAY,5/7/2010,5/7/2010,FAILURE,PA,242871.0,230190.0
16476.0,10233,ACCESS BANK,5/7/2010,5/7/2010,FAILURE,PA,31996.0,31969.0
35517.0,10232,1st PACIFIC BANK OF CALIFORNIA,5/7/2010,5/7/2010,FAILURE,PA,335798.0,291173.0
57697.0,10235,TOWNE BANK OF ARIZONA,5/7/2010,5/7/2010,FAILURE,PA,120246.0,113243.0
17792.0,10225,BC NATIONAL BANKS,4/30/2010,4/30/2010,FAILURE,PA,52204.0,43635.0
22710.0,10228,FRONTIER BANK,4/30/2010,4/30/2010,FAILURE,PA,3250734.0,2846886.0
27150.0,10229,EUROBANK,4/30/2010,4/30/2010,FAILURE,PA,2453138.0,1861350.0
30005.0,10226,CF BANCORP,4/30/2010,4/30/2010,FAILURE,PA,1599122.0,1418445.0
31027.0,10231,WESTERNBANK PUERTO RICO,4/30/2010,4/30/2010,FAILURE,PA,10797345.0,8420357.0
32185.0,10230,R-G PREMIER BANK OF PUERTO RICO,4/30/2010,4/30/2010,FAILURE,PA,5681177.0,4220108.0
58362.0,10227,CHAMPION BANK,4/30/2010,4/30/2010,FAILURE,PA,195510.0,162816.0
3735.0,10218,"AMCORE BANK, NATIONAL ASSOCIATION",4/23/2010,4/23/2010,FAILURE,PA,3066240.0,2743485.0
10888.0,10223,PEOTONE BANK AND TRUST COMPANY,4/23/2010,4/23/2010,FAILURE,PA,130165.0,124676.0
22853.0,10219,BROADWAY BANK,4/23/2010,4/23/2010,FAILURE,PA,1059194.0,1023421.0
30600.0,10221,LINCOLN PARK SAVINGS BANK,4/23/2010,4/23/2010,FAILURE,PA,194618.0,162627.0
34658.0,10220,CITIZENS BANK & TRUST COMPANY OF CHICAGO,4/23/2010,4/23/2010,FAILURE,PA,73490.0,72772.0
34821.0,10222,NEW CENTURY BANK,4/23/2010,4/23/2010,FAILURE,PA,447239.0,438999.0
58429.0,10224,WHEATLAND BANK,4/23/2010,4/23/2010,FAILURE,PA,441694.0,448917.0
21521.0,10212,CITY BANK,4/16/2010,4/16/2010,FAILURE,PA,981913.0,919606.0
23876.0,10214,INNOVATIVE BANK,4/16/2010,4/16/2010,FAILURE,PA,266816.0,223164.0
24067.0,10216,RIVERSIDE NATIONAL BANK OF FLORIDA,4/16/2010,4/16/2010,FAILURE,PA,3393818.0,2724475.0
26619.0,10211,BUTLER BANK,4/16/2010,4/16/2010,FAILURE,PA,245534.0,227420.0
28886.0,10213,FIRST FEDERAL BANK OF NORTH FLORIDA,4/16/2010,4/16/2010,FAILURE,PA,440122.0,369617.0
33493.0,10217,TAMALPAIS BANK,4/16/2010,4/16/2010,FAILURE,PA,611504.0,457206.0
34878.0,10215,LAKESIDE COMMUNITY BANK,4/16/2010,4/16/2010,FAILURE,PO,49173.0,48622.0
57724.0,10210,AMERICANFIRST BANK,4/16/2010,4/16/2010,FAILURE,PA,104034.0,100070.0
34242.0,10209,BEACH FIRST NATIONAL BANK,4/9/2010,4/9/2010,FAILURE,PA,590024.0,521138.0
34678.0,10208,UNITY NATIONAL BANK,3/26/2010,3/26/2010,FAILURE,PA,300590.0,264286.0
34684.0,10206,KEY WEST BANK,3/26/2010,3/26/2010,FAILURE,PA,88031.0,67662.0
57060.0,10205,DESERT HILLS BANK,3/26/2010,3/26/2010,FAILURE,PA,496552.0,426473.0
57399.0,10207,MCINTOSH COMMERCIAL BANK,3/26/2010,3/26/2010,FAILURE,PA,363405.0,343339.0
8221.0,10203,STATE BANK OF AURORA,3/19/2010,3/19/2010,FAILURE,PA,28159.0,27801.0
10054.0,10202,BANK OF HIAWASSEE,3/19/2010,3/19/2010,FAILURE,PA,377779.0,339597.0
18806.0,10201,AMERICAN NATIONAL BANK,3/19/2010,3/19/2010,FAILURE,PA,70318.0,66752.0
24957.0,10204,FIRST LOWNDES BANK,3/19/2010,3/19/2010,FAILURE,PA,137175.0,131117.0
33535.0,10200,ADVANTA BANK CORP.,3/19/2010,3/19/2010,FAILURE,PO,1525931.0,1519471.0
33989.0,10199,APPALACHIAN COMMUNITY BANK,3/19/2010,3/19/2010,FAILURE,PA,1010075.0,917575.0
58104.0,10198,CENTURY SECURITY BANK,3/19/2010,3/19/2010,FAILURE,PA,96535.0,93967.0
27096.0,10195,THE PARK AVENUE BANK,3/12/2010,3/12/2010,FAILURE,PA,520146.0,494505.0
29561.0,10196,STATEWIDE BANK,3/12/2010,3/12/2010,FAILURE,PA,243215.0,207821.0
58182.0,10197,OLD SOUTHERN BANK,3/12/2010,3/12/2010,FAILURE,PA,336390.0,319746.0
58071.0,10194,LIBERTYPOINTE BANK,3/11/2010,3/11/2010,FAILURE,PA,216500.0,209477.0
9268.0,10191,BANK OF ILLINOIS,3/5/2010,3/5/2010,FAILURE,PA,211711.0,198487.0
27126.0,10192,SUN AMERICAN BANK,3/5/2010,3/5/2010,FAILURE,PA,535724.0,443481.0
34430.0,10193,CENTENNIAL BANK,3/5/2010,3/5/2010,FAILURE,PO,212839.0,205076.0
34976.0,10190,WATERFIELD BANK,3/5/2010,3/5/2010,FAILURE,DINB,155566.0,156188.0
38129.0,10189,RAINIER PACIFIC BANK,2/26/2010,2/26/2010,FAILURE,PA,717806.0,446192.0
58352.0,10188,CARSON RIVER COMMUNITY BANK,2/26/2010,2/26/2010,FAILURE,PA,51095.0,50024.0
3287.0,10186,THE LA COSTE NATIONAL BANK,2/19/2010,2/19/2010,FAILURE,PA,53936.0,49275.0
29952.0,10184,GEORGE WASHINGTON SAVINGS BANK,2/19/2010,2/19/2010,FAILURE,PA,413673.0,395310.0
32423.0,10185,"LA JOLLA BANK, FSB",2/19/2010,2/19/2010,FAILURE,PA,3646071.0,2799362.0
57586.0,10187,MARCO COMMUNITY BANK,2/19/2010,2/19/2010,FAILURE,PA,119578.0,117097.0
15448.0,10183,1ST AMERICAN STATE BANK OF MINNESOTA,2/5/2010,2/5/2010,FAILURE,PA,18155.0,16327.0
5672.0,10181,FLORIDA COMMUNITY BANK,1/29/2010,1/29/2010,FAILURE,PA,835701.0,776556.0
5702.0,10180,COMMUNITY BANK & TRUST,1/29/2010,1/29/2010,FAILURE,PA,1181717.0,1067957.0
16133.0,10182,"MARSHALL BANK, NATIONAL ASSOCIATION",1/29/2010,1/29/2010,FAILURE,PA,58566.0,55662.0
16480.0,10179,FIRST NATIONAL BANK OF GEORGIA,1/29/2010,1/29/2010,FAILURE,PA,840633.0,780196.0
16730.0,10178,AMERICAN MARINE BANK,1/29/2010,1/29/2010,FAILURE,PA,329246.0,287443.0
23011.0,10177,FIRST REGIONAL BANK,1/29/2010,1/29/2010,FAILURE,PA,2082684.0,1664450.0
8265.0,10174,BANK OF LEETON,1/22/2010,1/22/2010,FAILURE,PA,20128.0,20335.0
20501.0,10172,EVERGREEN BANK,1/22/2010,1/22/2010,FAILURE,PA,395980.0,340378.0
22469.0,10176,COLUMBIA RIVER BANK,1/22/2010,1/22/2010,FAILURE,PA,955112.0,908132.0
32498.0,10175,CHARTER BANK,1/22/2010,1/22/2010,FAILURE,PA,1201922.0,859933.0
57147.0,10173,PREMIER AMERICAN BANK,1/22/2010,1/22/2010,FAILURE,PA,299225.0,285554.0
1252.0,10171,BARNES BANKING COMPANY,1/15/2010,1/15/2010,FAILURE,DINB,709171.0,697109.0
17522.0,10169,ST. STEPHEN STATE BANK,1/15/2010,1/15/2010,FAILURE,PA,22895.0,23912.0
34705.0,10170,TOWN COMMUNITY BANK AND TRUST,1/15/2010,1/15/2010,FAILURE,PA,70758.0,68323.0
22977.0,10168,HORIZON BANK,1/8/2010,1/8/2010,FAILURE,PA,1188956.0,1049063.0
1006.0,10162,CITIZENS STATE BANK,12/18/2009,12/18/2009,FAILURE,DINB,168551.0,157149.0
26348.0,10161,IMPERIAL CAPITAL BANK,12/18/2009,12/18/2009,FAILURE,PA,4046888.0,2822300.0
26820.0,10166,INDEPENDENT BANKERS' BANK,12/18/2009,1/13/2010,FAILURE,PI,585508.0,511473.0
28536.0,10167,"FIRST FEDERAL BANK OF CALIFORNIA,  A FEDERAL SAVINGS BANK",12/18/2009,12/18/2009,FAILURE,PA,6143903.0,4538607.0
32167.0,10165,PEOPLES FIRST COMMUNITY BANK,12/18/2009,12/18/2009,FAILURE,PA,1795420.0,1684443.0
32276.0,10163,NEW SOUTH FEDERAL SAVINGS BANK,12/18/2009,12/18/2009,FAILURE,PA,1464127.0,1163916.0
58315.0,10164,ROCKBRIDGE COMMERCIAL BANK,12/18/2009,12/18/2009,FAILURE,PO,294024.0,291707.0
4731.0,10160,SOLUTIONSBANK,12/11/2009,12/11/2009,FAILURE,PA,511103.0,421271.0
22846.0,10158,"REPUBLIC FEDERAL BANK, N.A.",12/11/2009,12/11/2009,FAILURE,PA,433011.0,352695.0
58399.0,10159,"VALLEY CAPITAL BANK, N.A.",12/11/2009,12/11/2009,FAILURE,PA,40270.0,41312.0
10440.0,10154,BENCHMARK BANK,12/4/2009,12/4/2009,FAILURE,PA,173062.0,182760.0
12080.0,10153,THE TATNALL BANK,12/4/2009,12/4/2009,FAILURE,PA,49612.0,47100.0
26290.0,10157,FIRST SECURITY NATIONAL BANK,12/4/2009,12/4/2009,FAILURE,PA,127455.0,121645.0
29776.0,10155,AMTRUST BANK,12/4/2009,12/4/2009,FAILURE,PA,11438990.0,8558609.0
32583.0,10156,GREATER ATLANTIC BANK,12/4/2009,12/4/2009,FAILURE,PA,203262.0,179248.0
34663.0,10152,THE BUCKHEAD COMMUNITY BANK,12/4/2009,12/4/2009,FAILURE,PA,856236.0,813668.0
58016.0,10151,COMMERCE BANK OF SOUTHWEST FLORIDA,11/20/2009,11/20/2009,FAILURE,PA,70997.0,72821.0
22427.0,10149,ORION BANK,11/13/2009,11/13/2009,FAILURE,PA,2612515.0,2169446.0
32267.0,10148,"CENTURY BANK, A FEDERAL SAVINGS BANK",11/13/2009,11/13/2009,FAILURE,PA,755923.0,659742.0
57914.0,10150,PACIFIC COAST NATIONAL BANK,11/13/2009,11/13/2009,FAILURE,PA,131418.0,128867.0
19450.0,10146,GATEWAY BANK OF ST LOUIS,11/6/2009,11/6/2009,FAILURE,PA,26882.0,27534.0
22286.0,10145,UNITED SECURITY BANK,11/6/2009,11/6/2009,FAILURE,PA,153639.0,149616.0
30329.0,10144,HOME FEDERAL SAVINGS BANK,11/6/2009,11/6/2009,FAILURE,PA,12994.0,12730.0
32469.0,10147,UNITED COMMERCIAL BANK,11/6/2009,11/6/2009,FAILURE,PA,10895336.0,7653666.0
35074.0,10143,PROSPERAN BANK,11/6/2009,11/6/2009,FAILURE,PA,197442.0,182794.0
11677.0,10140,PARK NATIONAL BANK,10/30/2009,10/30/2009,FAILURE,PA,4680881.0,3716626.0
18776.0,10138,NORTH HOUSTON BANK,10/30/2009,10/30/2009,FAILURE,PA,325474.0,307166.0
23594.0,10135,SAN DIEGO NATIONAL BANK,10/30/2009,10/30/2009,FAILURE,PA,3594544.0,2891576.0
25222.0,10141,CITIZENS NATIONAL BANK,10/30/2009,10/30/2009,FAILURE,PA,118236.0,97590.0
30006.0,10139,PACIFIC NATIONAL BANK,10/30/2009,10/30/2009,FAILURE,PA,2319263.0,1757986.0
32218.0,10136,"BANK USA, NA",10/30/2009,10/30/2009,FAILURE,PA,213205.0,170685.0
33782.0,10142,MADISONVILLE STATE BANK,10/30/2009,10/30/2009,FAILURE,PA,256330.0,224653.0
34659.0,10134,CALIFORNIA NATIONAL BANK,10/30/2009,10/30/2009,FAILURE,PA,7781100.0,6145207.0
35291.0,10137,COMMUNITY BANK OF LEMONT,10/30/2009,10/30/2009,FAILURE,PA,81843.0,80688.0
18321.0,10132,BANK OF ELMWOOD,10/23/2009,10/23/2009,FAILURE,PA,327444.0,272782.0
35038.0,10128,FIRST DUPAGE BANK,10/23/2009,10/23/2009,FAILURE,PA,262093.0,253992.0
35044.0,10129,FLAGSHIP NATIONAL BANK,10/23/2009,10/23/2009,FAILURE,PA,177563.0,170118.0
57525.0,10133,RIVERVIEW COMMUNITY BANK,10/23/2009,10/23/2009,FAILURE,PA,99057.0,75012.0
57794.0,10127,AMERICAN UNITED BANK,10/23/2009,10/23/2009,FAILURE,PA,110094.0,102386.0
57959.0,10130,PARTNERS BANK,10/23/2009,10/23/2009,FAILURE,PA,65498.0,64798.0
58336.0,10131,HILLCREST BANK FLORIDA,10/23/2009,10/23/2009,FAILURE,PA,82774.0,83254.0
23266.0,10126,SAN JOAQUIN BANK,10/16/2009,10/16/2009,FAILURE,PA,766359.0,626359.0
11416.0,10124,JENNINGS STATE BANK,10/2/2009,10/2/2009,FAILURE,PA,52347.0,50801.0
34824.0,10125,WARREN BANK,10/2/2009,10/2/2009,FAILURE,PA,504816.0,467767.0
57263.0,10123,SOUTHERN COLORADO NATIONAL BANK,10/2/2009,10/2/2009,FAILURE,PA,37142.0,29568.0
57151.0,10122,GEORGIAN BANK,9/25/2009,9/25/2009,FAILURE,PA,2230230.0,1960123.0
10100.0,10120,IRWIN UNION BANK AND TRUST COMPANY,9/18/2009,9/18/2009,FAILURE,PA,2839747.0,2254025.0
57068.0,10121,"IRWIN UNION BANK, FSB",9/18/2009,9/18/2009,FAILURE,PA,518151.0,462611.0
13693.0,10117,"CORUS BANK, N.A.",9/11/2009,9/11/2009,FAILURE,PA,7003321.0,7060693.0
22868.0,10119,VENTURE BANK,9/11/2009,9/11/2009,FAILURE,PA,968385.0,917729.0
57736.0,10118,BRICKWELL COMMUNITY BANK,9/11/2009,9/11/2009,FAILURE,PA,72576.0,64981.0
20203.0,10113,INBANK,9/4/2009,9/4/2009,FAILURE,PA,209848.0,209211.0
25231.0,10112,FIRST BANK OF KANSAS CITY,9/4/2009,9/4/2009,FAILURE,PA,15723.0,14479.0
27732.0,10116,VANTUS BANK,9/4/2009,9/4/2009,FAILURE,PA,503643.0,394369.0
34875.0,10114,FIRST STATE BANK,9/4/2009,9/4/2009,FAILURE,PA,107235.0,95734.0
35030.0,10115,PLATINUM COMMUNITY BANK,9/4/2009,9/4/2009,FAILURE,PO,147961.0,110186.0
1909.0,10111,MAINSTREET BANK,8/28/2009,8/28/2009,FAILURE,PA,458533.0,432818.0
27197.0,10110,AFFINITY BANK,8/28/2009,8/28/2009,FAILURE,PA,1211431.0,905593.0
28312.0,10109,BRADFORD BANK,8/28/2009,8/28/2009,FAILURE,PA,451888.0,382159.0
22130.0,10106,CAPITALSOUTH BANK,8/21/2009,8/21/2009,FAILURE,PA,586586.0,539422.0
32618.0,10105,GUARANTY BANK,8/21/2009,8/21/2009,FAILURE,PA,13464352.0,11984112.0
34682.0,10107,EBANK,8/21/2009,8/21/2009,FAILURE,PA,144688.0,131510.0
57702.0,10108,FIRST COWETA,8/21/2009,8/21/2009,FAILURE,PA,163755.0,154903.0
9609.0,10103,COLONIAL BANK,8/14/2009,8/14/2009,FAILURE,PA,25455112.0,20072099.0
31559.0,10104,DWELLING HOUSE SAVINGS AND LOAN,8/14/2009,8/14/2009,FAILURE,PA,12947.0,12984.0
34043.0,10100,COMMUNITY BANK OF NEVADA,8/14/2009,8/14/2009,FAILURE,DINB,1397798.0,1372744.0
34485.0,10102,"UNION BANK, NATIONAL ASSOCIATION",8/14/2009,8/14/2009,FAILURE,PA,119529.0,110362.0
57645.0,10101,COMMUNITY BANK OF ARIZONA,8/14/2009,8/14/2009,FAILURE,PA,158517.0,143834.0
23268.0,10092,COMMUNITY FIRST BANK,8/7/2009,8/7/2009,FAILURE,PA,199508.0,180691.0
27183.0,10099,COMMUNITY NATIONAL BANK OF SARASOTA COUNTY,8/7/2009,8/7/2009,FAILURE,PA,92528.0,92352.0
27364.0,10098,FIRST STATE BANK,8/7/2009,8/7/2009,FAILURE,PA,447667.0,394701.0
9873.0,10093,FIRST STATE BANK OF ALTUS,7/31/2009,7/31/2009,FAILURE,PA,90867.0,98161.0
18659.0,10094,MUTUAL BANK,7/31/2009,7/31/2009,FAILURE,PA,1595657.0,1546525.0
32288.0,10096,PEOPLES COMMUNITY BANK,7/31/2009,7/31/2009,FAILURE,PA,606153.0,538787.0
34270.0,10097,FIRST BANKAMERICANO,7/31/2009,7/31/2009,FAILURE,PA,163372.0,155463.0
57604.0,10095,INTEGRITY BANK,7/31/2009,7/31/2009,FAILURE,PA,105298.0,98511.0
8486.0,10088,SECURITY BANK OF JONES COUNTY,7/24/2009,7/24/2009,FAILURE,PA,432712.0,375238.0
27048.0,10087,SECURITY BANK OF HOUSTON COUNTY,7/24/2009,7/24/2009,FAILURE,PA,371624.0,313155.0
27367.0,10085,SECURITY BANK OF BIBB COUNTY,7/24/2009,7/24/2009,FAILURE,PA,943744.0,831437.0
57105.0,10090,SECURITY BANK OF NORTH METRO,7/24/2009,7/24/2009,FAILURE,PA,184184.0,182413.0
57346.0,10086,SECURITY BANK OF GWINNETT COUNTY,7/24/2009,7/24/2009,FAILURE,PA,259182.0,256578.0
57430.0,10089,SECURITY BANK OF NORTH FULTON,7/24/2009,7/24/2009,FAILURE,PA,190564.0,179523.0
58065.0,10091,WATERFORD VILLAGE BANK,7/24/2009,7/24/2009,FAILURE,PA,55707.0,56145.0
23556.0,10083,"VINEYARD BANK, NATIONAL ASSOCIATION",7/17/2009,7/17/2009,FAILURE,PA,1638378.0,1526186.0
34103.0,10081,BANKFIRST,7/17/2009,7/17/2009,FAILURE,PA,210844.0,232203.0
34341.0,10082,TEMECULA VALLEY BANK,7/17/2009,7/17/2009,FAILURE,PA,1396622.0,1276287.0
34594.0,10084,FIRST PIEDMONT BANK,7/17/2009,7/17/2009,FAILURE,PA,114113.0,108499.0
22754.0,10080,BANK OF WYOMING,7/10/2009,7/10/2009,FAILURE,PA,70188.0,66598.0
3644.0,10078,THE FIRST NATIONAL BANK OF DANVILLE,7/2/2009,7/2/2009,FAILURE,PA,148218.0,140185.0
9262.0,10073,THE ELIZABETH STATE BANK,7/2/2009,7/2/2009,FAILURE,PA,55027.0,48131.0
11710.0,10077,THE FIRST STATE BANK OF WINCHESTER,7/2/2009,7/2/2009,FAILURE,PA,30073.0,30806.0
12093.0,10076,THE JOHN WARNER BANK,7/2/2009,7/2/2009,FAILURE,PA,69609.0,65179.0
15302.0,10075,ROCK RIVER BANK,7/2/2009,7/2/2009,FAILURE,PA,74808.0,74896.0
18390.0,10074,FOUNDERS BANK,7/2/2009,7/2/2009,FAILURE,PA,889172.0,832160.0
57667.0,10079,MILLENNIUM STATE BANK OF TEXAS,7/2/2009,7/2/2009,FAILURE,PA,118601.0,115478.0
9744.0,10070,HORIZON BANK,6/26/2009,6/26/2009,FAILURE,PA,84763.0,69254.0
35285.0,10069,NEIGHBORHOOD COMMUNITY BANK,6/26/2009,6/26/2009,FAILURE,PA,212616.0,190070.0
57332.0,10072,MIRAE BANK,6/26/2009,6/26/2009,FAILURE,PA,480619.0,409951.0
57436.0,10068,COMMUNITY BANK OF WEST GEORGIA,6/26/2009,6/26/2009,FAILURE,PO,201222.0,189398.0
57893.0,10071,METROPACIFIC BANK,6/26/2009,6/26/2009,FAILURE,PA,75316.0,70078.0
4614.0,10066,FIRST NATIONAL BANK OF ANTHONY,6/19/2009,6/19/2009,FAILURE,PA,156954.0,142551.0
27837.0,10065,COOPERATIVE BANK,6/19/2009,6/19/2009,FAILURE,PA,966778.0,768479.0
35251.0,10067,SOUTHERN COMMUNITY BANK,6/19/2009,6/19/2009,FAILURE,PA,371695.0,297962.0
17309.0,10064,BANK OF LINCOLNWOOD,6/5/2009,6/5/2009,FAILURE,PA,212718.0,209285.0
5757.0,10063,CITIZENS NATIONAL BANK,5/22/2009,5/22/2009,FAILURE,PA,438560.0,393635.0
35175.0,10062,STRATEGIC CAPITAL BANK,5/22/2009,5/22/2009,FAILURE,PA,546576.0,479384.0
32247.0,10061,"BANKUNITED, FSB",5/21/2009,5/21/2009,FAILURE,PA,13111463.0,8775985.0
34843.0,10060,WESTSOUND BANK,5/8/2009,5/8/2009,FAILURE,PA,334608.0,304464.0
26535.0,10059,"SILVERTON BANK, NATIONAL ASSOCIATION",5/1/2009,9/29/2010,FAILURE,PO,4157246.0,3314928.0
35461.0,10057,AMERICA WEST BANK,5/1/2009,5/1/2009,FAILURE,PA,281564.0,286040.0
57563.0,10058,CITIZENS COMMUNITY BANK,5/1/2009,5/1/2009,FAILURE,PA,40657.0,40664.0
32069.0,10054,FIRST BANK OF BEVERLY HILLS,4/24/2009,4/24/2009,FAILURE,PO,1260354.0,866492.0
34369.0,10056,MICHIGAN HERITAGE BANK,4/24/2009,4/24/2009,FAILURE,PA,167710.0,149065.0
34396.0,10055,"FIRST BANK OF IDAHO, FSB",4/24/2009,4/24/2009,FAILURE,PA,490656.0,370580.0
57943.0,10053,AMERICAN SOUTHERN BANK,4/24/2009,4/24/2009,FAILURE,PA,105950.0,105940.0
8266.0,10052,AMERICAN STERLING BANK,4/17/2009,4/17/2009,FAILURE,PA,166456.0,170946.0
33824.0,10051,GREAT BASIN BANK OF NEVADA,4/17/2009,4/17/2009,FAILURE,PA,238940.0,220834.0
34639.0,10049,CAPE FEAR BANK,4/10/2009,4/10/2009,FAILURE,PA,492418.0,402820.0
34881.0,10050,NEW FRONTIER BANK,4/10/2009,4/10/2009,FAILURE,DINB,1774588.0,1496347.0
22238.0,10048,OMNI NATIONAL BANK,3/27/2009,3/27/2009,FAILURE,PO,979585.0,813205.0
4754.0,10046,"TEAMBANK, N.A.",3/20/2009,3/20/2009,FAILURE,PA,669830.0,532520.0
18243.0,10047,FIRSTCITY BANK,3/20/2009,3/20/2009,FAILURE,PO,285015.0,259056.0
18896.0,10045,COLORADO NATIONAL BANK,3/20/2009,3/20/2009,FAILURE,PA,123508.0,85150.0
57558.0,10044,FREEDOM BANK OF GEORGIA,3/6/2009,3/6/2009,FAILURE,PA,172454.0,159048.0
20078.0,10042,HERITAGE COMMUNITY BANK,2/27/2009,2/27/2009,FAILURE,PA,235154.0,225735.0
34820.0,10043,SECURITY SAVINGS BANK,2/27/2009,2/27/2009,FAILURE,PA,238307.0,174872.0
35399.0,10041,SILVER FALLS BANK,2/20/2009,2/20/2009,FAILURE,PA,134206.0,115976.0
5431.0,10039,SHERMAN COUNTY BANK,2/13/2009,2/13/2009,FAILURE,PA,135431.0,90647.0
16500.0,10037,CORN BELT BANK AND TRUST COMPANY,2/13/2009,2/13/2009,FAILURE,PA,260201.0,233788.0
34563.0,10038,RIVERSIDE BANK OF THE GULF COAST,2/13/2009,2/13/2009,FAILURE,PA,523673.0,422708.0
57342.0,10040,PINNACLE BANK,2/13/2009,2/13/2009,FAILURE,PA,71921.0,64168.0
22574.0,10034,COUNTY BANK,2/6/2009,2/6/2009,FAILURE,PA,1711552.0,1324635.0
23124.0,10035,ALLIANCE BANK,2/6/2009,2/6/2009,FAILURE,PA,1113361.0,951106.0
57017.0,10036,FIRSTBANK FINANCIAL SERVICES,2/6/2009,2/6/2009,FAILURE,PA,317237.0,279308.0
26538.0,10032,OCALA NATIONAL BANK,1/30/2009,1/30/2009,FAILURE,PA,219424.0,204663.0
30763.0,10033,SUBURBAN FEDERAL SAVINGS BANK,1/30/2009,1/30/2009,FAILURE,PA,347408.0,301847.0
58001.0,10031,MAGNET BANK,1/30/2009,1/30/2009,FAILURE,PO,300674.0,282578.0
33025.0,10030,1ST CENTENNIAL BANK,1/23/2009,1/23/2009,FAILURE,PI,797959.0,678570.0
3510.0,0,BANK OF AMERICA N.A.,1/16/2009,1/16/2009,ASSISTANCE,OBAM,1471631047.0,954677580.0
19733.0,10028,NATIONAL BANK OF COMMERCE,1/16/2009,1/16/2009,FAILURE,PA,419741.0,395868.0
25178.0,0,BANK OF AMERICA CALIFORNIA N.A.,1/16/2009,1/16/2009,ASSISTANCE,OBAM,21502223.0,500.0
27374.0,0,MERRILL LYNCH BANK USA,1/16/2009,1/16/2009,ASSISTANCE,OBAM,61809503.0,53620324.0
33143.0,0,COUNTRYWIDE BANK FSB,1/16/2009,1/16/2009,ASSISTANCE,OBAM,117978966.0,43663251.0
33318.0,0,FIA CARD SERVICES N.A.,1/16/2009,1/16/2009,ASSISTANCE,OBAM,159637136.0,9816599.0
34571.0,0,MERRILL LYNCH BANK & TRUST CO FSB,1/16/2009,1/16/2009,ASSISTANCE,OBAM,37986413.0,28539028.0
34959.0,10029,BANK OF CLARK COUNTY,1/16/2009,1/16/2009,FAILURE,PI,441085.0,377506.0
35453.0,0,BANK OF AMERICA OREGON N.A.,1/16/2009,1/16/2009,ASSISTANCE,OBAM,11526309.0,500.0
58032.0,0,BANK OF AMERICA RHODE ISLAND N.A.,1/16/2009,1/16/2009,ASSISTANCE,OBAM,35410586.0,500.0
11568.0,10026,SANDERSON STATE BANK,12/12/2008,12/12/2008,FAILURE,PA,38217.0,32012.0
35379.0,10027,HAVEN TRUST BANK,12/12/2008,12/12/2008,FAILURE,PA,559551.0,489692.0
34301.0,10025,FIRST GEORGIA COMMUNITY BANK,12/5/2008,12/5/2008,FAILURE,PA,256371.0,215287.0
7213.0,0,"CITIBANK, NATIONAL ASSOCIATION",11/23/2008,11/23/2008,ASSISTANCE,OBAM,1207007000.0,230042000.0
18708.0,0,"CITICORP TRUST BANK, FSB",11/23/2008,11/23/2008,ASSISTANCE,OBAM,19599414.0,7231013.0
18923.0,0,CITIBANK (BANAMEX USA),11/23/2008,11/23/2008,ASSISTANCE,OBAM,1322720.0,876086.0
23360.0,0,"CITIBANK (SOUTH DAKOTA), N.A.",11/23/2008,11/23/2008,ASSISTANCE,OBAM,77737957.0,42356986.0
58180.0,0,DEPARTMENT STORES NATIONAL BANK,11/23/2008,11/23/2008,ASSISTANCE,OBAM,374903.0,300881.0
16490.0,10022,THE COMMUNITY BANK,11/21/2008,11/21/2008,FAILURE,PA,634901.0,603733.0
28344.0,10024,PFF BANK & TRUST,11/21/2008,11/21/2008,FAILURE,PA,3715433.0,2393845.0
30968.0,10023,"DOWNEY SAVINGS AND LOAN ASSOCIATION, F.A.",11/21/2008,11/21/2008,FAILURE,PA,12779371.0,9653169.0
23595.0,10020,SECURITY PACIFIC BANK,11/7/2008,11/7/2008,FAILURE,PA,527959.0,456472.0
26870.0,10021,"FRANKLIN BANK, SSB",11/7/2008,11/7/2008,FAILURE,PA,5089260.0,3692887.0
57930.0,10019,FREEDOM BANK,10/31/2008,10/31/2008,FAILURE,PA,270842.0,256793.0
58241.0,10018,ALPHA BANK & TRUST,10/24/2008,10/24/2008,FAILURE,PI,354090.0,344231.0
13789.0,10017,MERIDIAN BANK,10/10/2008,10/10/2008,FAILURE,PA,38223.0,36090.0
57654.0,10016,MAIN STREET BANK,10/10/2008,10/10/2008,FAILURE,PA,112368.0,98934.0
32633.0,10015,WASHINGTON MUTUAL BANK,9/25/2008,9/25/2008,FAILURE,PA,307021614.0,188260793.0
6782.0,10014,"AMERIBANK, INC.",9/19/2008,9/19/2008,FAILURE,PA,103965.0,100901.0
34194.0,10013,SILVER STATE BANK,9/5/2008,9/5/2008,FAILURE,PI,1957120.0,1733091.0
35469.0,10012,INTEGRITY BANK,8/29/2008,8/29/2008,FAILURE,PA,1107514.0,962456.0
22728.0,10011,THE COLUMBIAN BANK AND TRUST COMPANY,8/22/2008,8/22/2008,FAILURE,PI,735071.0,620354.0
57523.0,10010,FIRST PRIORITY BANK,8/1/2008,8/1/2008,FAILURE,PI,258610.0,226698.0
27011.0,10008,FIRST NATIONAL BANK OF NEVADA,7/25/2008,7/25/2008,FAILURE,PA,3411145.0,3038053.0
57961.0,10009,FIRST HERITAGE BANK N.A.,7/25/2008,7/25/2008,FAILURE,PA,255376.0,234812.0
29730.0,10007,INDYMAC BANK F.S.B,7/11/2008,3/19/2009,FAILURE,PI,30698512.0,18941727.0
12736.0,10006,"FIRST INTEGRITY BANK, N.A.",5/30/2008,5/30/2008,FAILURE,PA,52916.0,50178.0
33901.0,10005,ANB FINANCIAL NATIONAL ASSOCIATION,5/9/2008,5/9/2008,FAILURE,PI,1895545.0,1815691.0
1971.0,10004,HUME BANK,3/7/2008,3/7/2008,FAILURE,PI,18682.0,13566.0
24660.0,10003,DOUGLASS NATIONAL BANK,1/25/2008,1/25/2008,FAILURE,PA,52824.0,50250.0
16848.0,10002,MIAMI VALLEY BANK,10/4/2007,10/4/2007,FAILURE,PI,125362.0,119601.0
32575.0,10001,NETBANK,9/28/2007,9/28/2007,FAILURE,PI,2473806.0,2290046.0
35353.0,10000,METROPOLITAN SAVINGS BANK,2/2/2007,2/2/2007,FAILURE,PI,15760.0,14540.0
1249.0,4665,BANK OF EPHRAIM,6/25/2004,6/25/2004,FAILURE,PI,56774.0,52329.0
26778.0,4664,RELIANCE BANK,3/19/2004,3/19/2004,FAILURE,PA,28637.0,27881.0
26838.0,4663,GUARANTY NATIONAL BANK,3/12/2004,3/12/2004,FAILURE,PA,71280.0,65614.0
31330.0,6006,DOLLAR SAVINGS BANK,2/14/2004,2/14/2004,FAILURE,PO,13408.0,10909.0
27203.0,4662,PULASKI SAVINGS BANK,11/14/2003,11/14/2003,FAILURE,PA,8487.0,9058.0
11639.0,4661,THE FIRST NATIONAL BANK OF BLANCHARDVILLE,5/9/2003,5/9/2003,FAILURE,PI,34536.0,28760.0
27094.0,4660,SOUTHERN PACIFIC BANK,2/7/2003,2/7/2003,FAILURE,PI,904294.0,864160.0
16445.0,4659,THE FARMERS BANK & TRUST OF CHENEYVILLE,12/17/2002,12/17/2002,FAILURE,PI,35317.0,32103.0
9961.0,4658,BANK OF ALAMO,11/8/2002,11/8/2002,FAILURE,PO,58454.0,52157.0
33784.0,4657,AMTRADE INTERNATIONAL BANK OF GEORGIA,9/30/2002,9/30/2002,FAILURE,PO,92144.0,73205.0
29355.0,6005,UNIVERSAL FSB,6/27/2002,6/27/2002,FAILURE,PI,51628.0,40340.0
19183.0,4656,CONNECTICUT BANK OF COMMERCE,6/26/2002,6/26/2002,FAILURE,PI,384172.0,344416.0
34979.0,4655,NEW CENTURY BANK,3/28/2002,3/28/2002,FAILURE,PO,21091.0,18902.0
26652.0,4654,NET FIRST NATIONAL BANK,3/1/2002,3/1/2002,FAILURE,PI,37207.0,31601.0
22314.0,4653,NEXTBANK,2/7/2002,2/7/2002,FAILURE,PO,700180.0,551297.0
8966.0,4652,OAKWOOD DEPOSIT BANK,2/1/2002,2/1/2002,FAILURE,PI,72267.0,60168.0
22002.0,4651,BANK OF SIERRA BLANCA,1/18/2002,1/18/2002,FAILURE,PI,10764.0,9914.0
24382.0,4650,"HAMILTON BANK, NATIONAL ASSOCIATION",1/11/2002,1/11/2002,FAILURE,PI,1409496.0,1298731.0
34248.0,4649,SINCLAIR NATIONAL BANK,9/7/2001,9/7/2001,FAILURE,PI,29792.0,26054.0
32646.0,6004,"SUPERIOR BANK, FSB",7/27/2001,10/31/2001,FAILURE,PI,1765455.0,1609501.0
6629.0,4648,MALTA NATIONAL BANK,5/3/2001,5/3/2001,FAILURE,PA,9075.0,8728.0
34264.0,4647,FIRST ALLIANCE BANK AND TRUST CO,2/2/2001,2/2/2001,FAILURE,PA,17438.0,16931.0
3815.0,4646,NATIONAL STATE BANK OF METROPOLIS,12/14/2000,12/14/2000,FAILURE,PI,90397.0,71277.0
21029.0,4645,BANK OF HONOLULU,10/13/2000,10/13/2000,FAILURE,PI,63890.0,59037.0
338.0,4644,BANK OF FALKNER,9/29/2000,9/29/2000,FAILURE,PI,85485.0,77140.0
10985.0,4643,TOWN & COUNTRY BANK OF ALMELUND,7/14/2000,7/14/2000,FAILURE,PI,25942.0,26667.0
25056.0,4642,MONUMENT NATIONAL BANK,6/2/2000,6/2/2000,FAILURE,PA,7923.0,7680.0
27886.0,6003,MUTUAL FEDERAL SAVINGS BANK OF ATLANTA,3/10/2000,3/10/2000,FAILURE,PA,31479.0,32234.0
14228.0,4641,HARTFORD-CARLISLE SB,1/14/2000,1/14/2000,FAILURE,PI,105044.0,68549.0
26748.0,4640,GOLDEN CITY COMMERCIAL BANK,12/10/1999,12/10/1999,FAILURE,PA,87158.0,80365.0
27415.0,4639,PACIFIC THRIFT AND LOAN CO,11/22/1999,11/22/1999,FAILURE,PI,127342.0,119451.0
18147.0,4638,PEOPLES NB OF COMMERCE,9/10/1999,9/10/1999,FAILURE,PA,36823.0,35946.0
6771.0,4637,FIRST NB OF KEYSTONE,9/1/1999,9/1/1999,FAILURE,PI,1119865.0,880859.0
25272.0,4636,EAST TEXAS NB OF MARSHALL,7/9/1999,7/9/1999,FAILURE,PA,121564.0,113054.0
32491.0,6002,"OCEANMARK BANK, A FSB",7/9/1999,7/9/1999,FAILURE,PA,68981.0,61303.0
13300.0,4635,ZIA NEW MEXICO BANK,4/23/1999,4/23/1999,FAILURE,PA,17251.0,16708.0
17200.0,4634,VICTORY STATE BANK,3/26/1999,3/26/1999,FAILURE,PA,13205.0,12887.0
2174.0,4633,Q BANK,8/7/1998,8/7/1998,FAILURE,PI,14977.0,13888.0
91189.0,4632,BESTBANK,7/23/1998,7/23/1998,FAILURE,PI,233223.0,206325.0
14758.0,4631,OMNIBANK,4/9/1998,4/9/1998,FAILURE,PA,42038.0,40462.0
18338.0,4630,SOUTHWEST BANK,11/21/1997,11/21/1997,FAILURE,PA,27923.0,27511.0
27072.0,4629,COMMONWEALTH THRIFT & LOAN,8/16/1996,8/16/1996,FAILURE,PI,11547.0,10883.0
29236.0,6001,"UNION FEDERAL BANK, FSB",8/9/1996,8/9/1996,FAILURE,PI,32576.0,32745.0
26431.0,4628,FAIRFIELD FIRST BANK & TRUST CO,7/12/1996,7/12/1996,FAILURE,PA,57267.0,57329.0
3382.0,4627,FIRST NB OF THE PANHANDLE,6/14/1996,6/14/1996,FAILURE,PI,68126.0,67968.0
18662.0,4626,PEOPLE'S BANK & TRUST,5/31/1996,5/31/1996,FAILURE,PA,22739.0,22288.0
27525.0,4625,METROBANK OF PHILADELPHIA,3/8/1996,3/8/1996,FAILURE,PI,40379.0,39177.0
23319.0,4624,PACIFIC HERITAGE BANK,7/28/1995,7/28/1995,FAILURE,PI,147685.0,146100.0
26187.0,4623,FOUNDERS BANK,7/28/1995,7/28/1995,FAILURE,PI,77364.0,77362.0
23751.0,4622,"BANK USA, N.A.",5/19/1995,5/19/1995,FAILURE,PI,9048.0,9124.0
29781.0,1311,AMERICAN S & L ASSOCIATION,5/5/1995,5/5/1995,FAILURE,PA,64397.0,57667.0
31899.0,1310,CONTINENTAL SAVINGS OF AMERICA,4/28/1995,4/28/1995,FAILURE,PA,359422.0,357025.0
33190.0,4621,LOS ANGELES THRIFT AND LOAN COMPANY,3/31/1995,3/31/1995,FAILURE,PI,23388.0,22280.0
3480.0,4620,FIRST TRUST BANK,3/3/1995,3/3/1995,FAILURE,PI,227695.0,223573.0
24754.0,4619,GUARDIAN BANK,1/20/1995,1/20/1995,FAILURE,IDT,316944.0,297948.0
32374.0,1308,CORNERSTONE BANK FSB,12/16/1994,12/16/1994,FAILURE,PA,44345.0,38410.0
90230.0,4618,LUDLOW SAVINGS BANK,10/21/1994,10/21/1994,FAILURE,PA,222671.0,229130.0
3432.0,4617,CAPITAL BANK,8/26/1994,8/26/1994,FAILURE,PI,76892.0,74408.0
20637.0,4616,BANK OF NEWPORT,8/12/1994,8/12/1994,FAILURE,PI,167802.0,161785.0
22796.0,4614,COMMERCE BANK,7/29/1994,7/29/1994,FAILURE,PI,142315.0,138296.0
23157.0,4615,WESTERN COMMUNITY BANK,7/29/1994,7/29/1994,FAILURE,PI,54013.0,53141.0
21922.0,4613,BANK OF SAN PEDRO,7/15/1994,7/15/1994,FAILURE,PI,132636.0,128303.0
23448.0,4611,PIONEER BANK,7/8/1994,7/8/1994,FAILURE,PI,133250.0,128382.0
20442.0,4612,THE MERIDEN TRUST AND SAFE DEPOSIT,7/7/1994,11/7/1994,FAILURE,IDT,3203.0,0.0
26909.0,4610,THE BANK OF HARTFORD,6/10/1994,6/10/1994,FAILURE,PA,321457.0,276016.0
31484.0,1284,"ENCINO SAVINGS BANK, FSB",6/3/1994,6/3/1994,FAILURE,PA,92470.0,89098.0
27027.0,4609,BARBARY COAST NATIONAL BANK,5/19/1994,5/19/1994,FAILURE,PA,10678.0,9296.0
18332.0,4608,COMMERCIAL BANK AND TRUST COMPANY,5/6/1994,5/6/1994,FAILURE,PA,30274.0,29762.0
25678.0,4607,SUPERIOR NATIONAL BANK,4/14/1994,4/14/1994,FAILURE,IDT,19970.0,19618.0
19367.0,4606,MECHANICS NATIONAL BANK,4/1/1994,4/1/1994,FAILURE,PI,148713.0,148881.0
26374.0,4603,CENTURY THRIFT AND LOAN,11/5/1993,11/5/1993,FAILURE,PO,31876.0,24486.0
22815.0,4602,THE BANK OF SAN DIEGO,10/29/1993,10/29/1993,FAILURE,PI,294277.0,289131.0
24452.0,4601,"MID CITY BANK, N.A.",10/21/1993,10/21/1993,FAILURE,PA,105734.0,102630.0
26995.0,4600,BRENTWOOD THRIFT AND LOAN ASSOCIATION,10/15/1993,10/15/1993,FAILURE,PO,12920.0,11481.0
8446.0,4599,"PLAZA BANK, N.A. OF NEW BRAUNFELS",10/14/1993,10/14/1993,FAILURE,PI,54647.0,56897.0
24654.0,4598,WESTERN UNITED NATIONAL BANK,9/24/1993,9/24/1993,FAILURE,PO,23727.0,22602.0
32229.0,1267,"WESTSIDE BANK, FSB",9/24/1993,4/15/1994,FAILURE,PO,81689.0,76949.0
27174.0,4597,REGENT THRIFT AND LOAN ASSOCIATION,9/17/1993,9/17/1993,FAILURE,PI,35751.0,7228.0
32136.0,1234,AMADOR VALLEY S & L,9/10/1993,9/10/1993,FAILURE,PA,41886.0,41150.0
23135.0,4596,MARITIME BANK OF CALIFORNIA,8/27/1993,8/27/1993,FAILURE,PI,31761.0,30932.0
18220.0,4595,TARRANT BANK,8/25/1993,8/25/1993,FAILURE,PI,62583.0,59718.0
32228.0,1260,GOLDEN STATE FSB,8/13/1993,4/8/1994,FAILURE,PO,50629.0,46554.0
32728.0,4594,"NEW ATLANTIC BANK, NA",8/12/1993,8/12/1993,FAILURE,PA,15083.0,14364.0
5592.0,4593,THE WOLFE CITY NATIONAL BANK,7/29/1993,7/29/1993,FAILURE,PI,30421.0,32231.0
24757.0,4592,FIDELITY NATIONAL BANK,7/22/1993,7/22/1993,FAILURE,PI,52624.0,50348.0
26488.0,4591,FIRST CALIFORNIA BANK,7/9/1993,7/9/1993,FAILURE,PI,79395.0,77014.0
26495.0,4590,CITY THRIFT AND LOAN ASSOCIATION,7/9/1993,7/9/1993,FAILURE,PO,39383.0,36977.0
16335.0,4588,JEFFERSON BANK & TRUST,7/2/1993,7/2/1993,FAILURE,PI,127077.0,119404.0
27268.0,4587,EMERALD CITY BANK,7/2/1993,7/2/1993,FAILURE,PI,7845.0,7219.0
3733.0,4585,"EAGLE BANK OF CHAMPAIGN COUNTY, NATIONAL A",7/1/1993,7/1/1993,FAILURE,PI,20188.0,19706.0
24846.0,4586,WESTHEIMER NATIONAL BANK,7/1/1993,7/1/1993,FAILURE,PA,27945.0,28116.0
27307.0,4584,CITY NATIONAL BANK OF WASHINGTON,6/25/1993,6/25/1993,FAILURE,PA,23984.0,22716.0
21560.0,4582,AMERICAN BANK AND TRUST,6/18/1993,6/18/1993,FAILURE,PA,35577.0,34583.0
23183.0,4583,CAPITAL BANK OF CALIFORNIA,6/18/1993,6/18/1993,FAILURE,PO,227732.0,224691.0
17963.0,4581,BANKCENTRAL AMARILLO,6/10/1993,6/10/1993,FAILURE,PA,34745.0,34059.0
29671.0,1300,WESTERN FSB,6/4/1993,9/9/1994,FAILURE,PA,3796241.0,2704214.0
18257.0,4580,NEW ENGLAND SAVINGS BANK,5/21/1993,5/21/1993,FAILURE,PI,914884.0,720512.0
23796.0,4579,PALOS VERDES NATIONAL BANK,5/21/1993,5/21/1993,FAILURE,PI,45633.0,47775.0
32731.0,4578,CROWN NATIONAL BANK,5/20/1993,5/20/1993,FAILURE,PI,26341.0,24804.0
24653.0,4577,"WILSHIRE CENTER BANK,",5/6/1993,5/6/1993,FAILURE,PI,9677.0,9391.0
25055.0,4576,AMERICAN COMMERCE NATIONAL BANK,4/30/1993,4/30/1993,FAILURE,PI,139087.0,127661.0
14787.0,4575,VALLEY NATIONAL BANK OF FREMONT,4/29/1993,4/29/1993,FAILURE,PI,6952.0,6809.0
24676.0,4574,"FIRST WESTERN BANK, N.A.",4/15/1993,4/15/1993,FAILURE,PI,16235.0,15313.0
23581.0,4573,PREMIER BANK,4/8/1993,4/8/1993,FAILURE,PI,73024.0,69818.0
19444.0,4572,MIDLAND BANK OF KANSAS,4/2/1993,4/2/1993,FAILURE,PI,124262.0,120891.0
24111.0,4571,COLLEGE BOULEVARD NATIONAL BANK,4/2/1993,4/2/1993,FAILURE,PI,202754.0,190827.0
24564.0,4570,OLYMPIC NATIONAL BANK,4/2/1993,4/2/1993,FAILURE,PI,82446.0,80484.0
27773.0,1251,PIONEER FS & LA,4/2/1993,3/11/1994,FAILURE,PA,132850.0,128001.0
11890.0,4569,FIRST STATE BANK,4/1/1993,4/1/1993,FAILURE,PI,21444.0,20743.0
3295.0,4567,"UNITED BANK, N.A.",3/18/1993,3/18/1993,FAILURE,PI,49805.0,49016.0
32238.0,1293,"THE GUARDIAN BANK, FSB",3/16/1993,7/15/1994,FAILURE,PA,75564.0,69245.0
23631.0,4566,"FIRST AMERICAN CAPITAL BANK, N.A",3/4/1993,3/4/1993,FAILURE,PI,28451.0,26276.0
7135.0,4565,JEFFERSON NATIONAL BANK,2/26/1993,2/26/1993,FAILURE,PI,256014.0,248652.0
5499.0,4564,THE PLANTERS NB OF ROSEBUD,2/25/1993,2/25/1993,FAILURE,PI,13728.0,13636.0
17118.0,4563,AMERICAN BANK OF HALTOM CITY,2/5/1993,2/5/1993,FAILURE,PI,99525.0,100195.0
6290.0,4562,FIRST NATIONAL BANK OF VERMONT,1/29/1993,6/4/1993,FAILURE,PI,295784.0,282378.0
29892.0,1290,OLD STONE SB,1/29/1993,7/8/1994,FAILURE,PA,1847236.0,1704347.0
32484.0,1220,VISTA FSA,1/29/1993,6/4/1993,FAILURE,PO,105114.0,94489.0
33186.0,1258,LIFE FSB,1/29/1993,3/25/1994,FAILURE,PA,16753.0,16512.0
24320.0,4561,COLUMBIA NATIONAL BANK,1/22/1993,1/22/1993,FAILURE,PI,47618.0,47627.0
4378.0,4560,THE RUSHVILLE NATIONAL BANK,12/18/1992,12/18/1992,FAILURE,PI,41631.0,39677.0
17428.0,4559,THE BREMEN STATE BANK,12/18/1992,12/18/1992,FAILURE,PO,2679.0,2623.0
15750.0,4556,MERITOR SAVINGS BANK,12/11/1992,12/11/1992,FAILURE,PA,4126701.0,2909344.0
16977.0,4558,EASTLAND SAVINGS BANK,12/11/1992,12/11/1992,FAILURE,PI,515301.0,499012.0
19725.0,4557,EASTLAND BANK,12/11/1992,12/11/1992,FAILURE,PI,85405.0,76172.0
25306.0,4554,SAILORS & MERCHANTS B&T CO.,12/11/1992,12/11/1992,FAILURE,PA,34775.0,34481.0
9015.0,2020,CITIZENS STATE BANK,12/10/1992,12/10/1992,ASSISTANCE,A/A,12943.0,12779.0
32244.0,1240,PALM BEACH FSA,12/8/1992,10/8/1993,FAILURE,PA,59403.0,54369.0
18245.0,4551,BURRITT INTERFINANCIAL BANCORPORATION,12/4/1992,12/4/1992,FAILURE,PI,523850.0,506022.0
21996.0,4553,HERITAGE BANK FOR SAVINGS,12/4/1992,12/4/1992,FAILURE,PI,1288435.0,1000727.0
26440.0,4552,HUNTINGTON PACIFIC THRIFT & LOAN,12/4/1992,12/4/1992,FAILURE,PO,40476.0,38255.0
30080.0,1309,CARTERET FSB,12/4/1992,3/10/1995,FAILURE,PA,4827462.0,2716356.0
30217.0,1287,SECURITY FEDERAL,12/4/1992,6/17/1994,FAILURE,PA,1185897.0,857581.0
32339.0,1302,"SECOND NATIONAL, FSB",12/4/1992,9/16/1994,FAILURE,PA,1572770.0,1159197.0
15886.0,4550,THE MERCHANTS BANK,11/20/1992,4/23/1993,FAILURE,PI,1451535.0,1395338.0
27660.0,1254,IRVING FB FOR SAVINGS,11/20/1992,3/18/1994,FAILURE,PA,246965.0,246268.0
28394.0,1275,POLIFLY FS & LA,11/20/1992,5/6/1994,FAILURE,PA,457974.0,374000.0
29768.0,1225,CRESTLINE FS & LA,11/20/1992,7/30/1993,FAILURE,PA,27455.0,26775.0
17085.0,4545,GUARANTY-FIRST TRUST COMPANY,11/13/1992,11/13/1992,FAILURE,PI,353230.0,348942.0
21199.0,4546,METRO NORTH STATE BANK,11/13/1992,4/23/1993,FAILURE,PI,472467.0,493828.0
22073.0,4549,FIRST NEW YORK BANK FOR BUSINESS,11/13/1992,11/13/1992,FAILURE,PI,530651.0,498907.0
25721.0,4547,INVESTORS BANK AND TRUST COMPANY,11/13/1992,11/13/1992,FAILURE,PA,51586.0,50767.0
26656.0,4548,STATEWIDE THRIFT AND LOAN CO.,11/13/1992,11/13/1992,FAILURE,PA,9636.0,9455.0
30655.0,1229,THE OVERLAND PARK FS & LA,11/13/1992,8/13/1993,FAILURE,PA,213413.0,95324.0
27456.0,4544,"GREENWOOD BANK OF BETHEL, INC.",11/6/1992,11/6/1992,FAILURE,PA,33255.0,33160.0
30159.0,1242,"FIRST FSB OF GEORGIA, FA",11/6/1992,11/5/1993,FAILURE,PA,108173.0,97532.0
1722.0,4529,"FIRST CITY, TEXAS - DALLAS, NA",10/30/1992,2/13/1993,FAILURE,PI,1359158.0,1307005.0
3093.0,4526,"FIRST CITY, TEXAS - BEAUMONT, NA",10/30/1992,2/13/1993,FAILURE,PA,532248.0,488695.0
3120.0,4527,"FIRST CITY, TEXAS - BRYAN, NA",10/30/1992,2/13/1993,FAILURE,PA,340189.0,318838.0
3227.0,4531,"FIRST CITY, TEXAS - GRAHAM, NA",10/30/1992,2/13/1993,FAILURE,PA,95398.0,86486.0
3316.0,4535,"FIRST CITY, TEXAS - LUFKIN, NA",10/30/1992,2/13/1993,FAILURE,PA,156640.0,145727.0
3318.0,4536,"FIRST CITY, TEXAS - MADISONVILLE",10/30/1992,2/13/1993,FAILURE,PA,123394.0,114740.0
3344.0,4537,"FIRST CITY, TEXAS - MIDLAND, NA",10/30/1992,2/13/1993,FAILURE,PA,313055.0,289991.0
3374.0,4538,"FIRST CITY, TEXAS - ORANGE, NA",10/30/1992,2/13/1993,FAILURE,PA,131984.0,122457.0
5506.0,4539,"FIRST CITY, TEXAS - SAN ANGELO,",10/30/1992,2/13/1993,FAILURE,PA,142819.0,131932.0
5562.0,4542,"FIRST CITY, TEXAS - TYLER, NA",10/30/1992,2/13/1993,FAILURE,PA,259208.0,231534.0
11914.0,4541,"FIRST CITY, TEXAS - SOUR LAKE",10/30/1992,2/13/1993,FAILURE,PA,53521.0,48823.0
13702.0,4532,"FIRST CITY, TEXAS - HOUSTON, NA",10/30/1992,2/13/1993,FAILURE,PI,2802064.0,2519978.0
15721.0,4525,"FIRST CITY, TEXAS - AUSTIN, NA",10/30/1992,2/13/1993,FAILURE,PI,345518.0,331568.0
16524.0,4534,"FIRST CITY, TEXAS - LAKE JACKSON",10/30/1992,2/13/1993,FAILURE,PA,104302.0,96353.0
16560.0,4530,"FIRST CITY, TEXAS - EL PASO, NA",10/30/1992,2/13/1993,FAILURE,PA,395894.0,367322.0
17299.0,4533,"FIRST CITY, TEXAS - KOUNTZE, NA",10/30/1992,2/13/1993,FAILURE,PA,51347.0,46969.0
17343.0,4523,"FIRST CITY, TEXAS - ALICE, NA",10/30/1992,2/13/1993,FAILURE,PA,128044.0,118027.0
20029.0,4524,"FIRST CITY, TEXAS - ARANSAS PASS",10/30/1992,2/13/1993,FAILURE,PA,51695.0,47213.0
21190.0,4528,"FIRST CITY, TEXAS - CORPUS CHRIS",10/30/1992,2/13/1993,FAILURE,PA,462832.0,383384.0
24723.0,4540,"FIRST CITY, TEXAS - SAN ANTONIO",10/30/1992,2/13/1993,FAILURE,PI,265669.0,259018.0
28218.0,1236,HOMESTEAD FSA,10/30/1992,9/17/1993,FAILURE,PI,1314538.0,1234402.0
31543.0,1312,STANDARD FSB,10/21/1992,11/18/1994,FAILURE,PA,1717520.0,1539974.0
15579.0,1998,FREEDOM BANK,10/16/1992,10/16/1992,ASSISTANCE,A/A,20888.0,20338.0
22689.0,4522,UNIVERSAL BANK,10/16/1992,10/16/1992,FAILURE,PO,18026.0,18050.0
31418.0,1266,SECURITY FS & LA,10/16/1992,4/15/1994,FAILURE,PA,276476.0,271387.0
28998.0,1278,PEIDMONT FSA,10/9/1992,5/13/1994,FAILURE,PA,444605.0,370085.0
16146.0,4520,THE HOWARD SAVINGS BANK,10/2/1992,10/2/1992,FAILURE,PA,3461421.0,3378992.0
22850.0,4519,"EASTWEST BANK, N.A.",10/2/1992,10/2/1992,FAILURE,IDT,3754.0,3398.0
27160.0,4521,FIRST CONSTITUTION BANK,10/2/1992,10/2/1992,FAILURE,PA,1571240.0,1350530.0
26844.0,4517,"HIGHLANDS COMMUNITY BANK, N.A.",9/25/1992,9/25/1992,FAILURE,PA,19702.0,19546.0
27416.0,4518,HOMETOWN BANK,9/25/1992,9/25/1992,FAILURE,PA,25200.0,24816.0
27470.0,4516,FIRST EXCHANGE BANK OF LITTLE ROCK,9/24/1992,9/24/1992,FAILURE,PI,24681.0,24396.0
21181.0,4514,THE WASHINGTON BANK,9/18/1992,9/18/1992,FAILURE,PI,28113.0,27871.0
90266.0,4515,PLYMOUTH FIVE CENTS SAVINGS BANK,9/18/1992,9/18/1992,FAILURE,PI,220972.0,182877.0
5596.0,4513,THE FIRST NATIONAL BANK OF YORKTOWN,9/10/1992,9/10/1992,FAILURE,PI,34439.0,34512.0
15979.0,4511,THE UNION SAVINGS BANK,8/28/1992,8/28/1992,FAILURE,PI,491100.0,529486.0
18066.0,4512,SEACOAST SAVINGS BANK,8/28/1992,8/28/1992,FAILURE,PI,84808.0,64786.0
32388.0,1245,POTOMAC FSB,8/28/1992,2/25/1994,FAILURE,PA,72326.0,68838.0
28078.0,1227,BIRMINGHAM FSB,8/21/1992,8/6/1993,FAILURE,PA,91770.0,82123.0
90257.0,4510,ATTLEBORO PAWTUCKET SB,8/21/1992,8/21/1992,FAILURE,PI,632450.0,567733.0
90307.0,4509,WINCHENDON SAVINGS BANK,8/14/1992,8/14/1992,FAILURE,PI,65213.0,64012.0
20396.0,4508,FOXWORTH BANK,8/7/1992,8/7/1992,FAILURE,PA,36460.0,36030.0
32468.0,1270,CITADEL FS & LA,8/7/1992,4/29/1994,FAILURE,PA,38978.0,37571.0
18966.0,4507,MASSACHUSETTS BANK & TRUST CO.,7/31/1992,7/31/1992,FAILURE,PI,61824.0,59427.0
29418.0,1222,FIRST RUSSELL COUNTY,7/24/1992,7/23/1993,FAILURE,PA,86987.0,80457.0
26676.0,4506,FIRST NATIONAL BANK OF TEXAS,7/23/1992,7/23/1992,FAILURE,PI,92076.0,91348.0
13383.0,4505,STATE BANK OF SPRINGFIELD,7/17/1992,7/17/1992,FAILURE,PA,30267.0,28464.0
31931.0,1257,LIBERTY FSB,7/17/1992,3/25/1994,FAILURE,PA,91966.0,86915.0
32444.0,1247,NEW ENGLAND FSA,7/17/1992,3/4/1994,FAILURE,PA,137307.0,118091.0
28387.0,1303,"TRANSOHIO, FSB",7/10/1992,9/16/1994,FAILURE,PA,3370809.0,2396269.0
29724.0,1269,SOUTHERN FSA OF GEORGIA,7/10/1992,4/22/1994,FAILURE,PA,159982.0,151424.0
30091.0,1305,HOME FSB,7/10/1992,9/30/1994,FAILURE,PA,224198.0,195186.0
29234.0,1243,"HOMEFED BANK, FA",7/6/1992,12/3/1993,FAILURE,PI,12175590.0,8903571.0
6251.0,4503,THE SOMERSWORTH BANK,6/26/1992,6/26/1992,FAILURE,PA,114129.0,113453.0
25918.0,4500,OLYMPIC INTERNATIONAL BANK & TRUST,6/26/1992,6/26/1992,FAILURE,PI,140339.0,142322.0
27402.0,4504,VERNON BANK,6/26/1992,6/26/1992,FAILURE,PI,34296.0,34543.0
30285.0,1262,JACKSONVILLE FSA,6/26/1992,4/8/1994,FAILURE,PA,150884.0,147507.0
25063.0,4502,CASTLE HILLS NATIONAL BANK,6/25/1992,6/25/1992,FAILURE,PI,13769.0,13718.0
26420.0,4501,AMERICAN NATIONAL BANK - POST OAK,6/25/1992,6/25/1992,FAILURE,PI,24735.0,25067.0
28250.0,1218,FIRST HOME FSA,6/19/1992,6/30/1993,FAILURE,PA,131686.0,129271.0
29541.0,1281,COASTAL FSB,6/19/1992,5/20/1994,FAILURE,PA,238194.0,224473.0
32452.0,1223,FIRST NEWPORT FSB,6/19/1992,7/23/1993,FAILURE,PA,35042.0,34365.0
16017.0,4497,AMERICAN SAVINGS BANK,6/12/1992,6/12/1992,FAILURE,PI,3202492.0,2827416.0
16033.0,4498,RIVERHEAD SAVINGS BANK,6/12/1992,6/12/1992,FAILURE,PI,388806.0,316612.0
21082.0,4499,AMERICAN INTERSTATE BANK,6/12/1992,6/12/1992,FAILURE,PI,41990.0,40792.0
21997.0,4496,LANDMARK BANK FOR SAVINGS,6/12/1992,6/12/1992,FAILURE,PA,62124.0,48107.0
29084.0,1304,CHEROKEE VALLEY FSA,6/12/1992,9/23/1994,FAILURE,PA,142536.0,124432.0
29855.0,1283,COLUMBIA BANKING FED.,6/12/1992,6/3/1994,FAILURE,PA,1277433.0,1078091.0
31452.0,1228,SAN CLEMENTE FSB,6/12/1992,8/6/1993,FAILURE,PA,220368.0,205745.0
27728.0,1246,VOLUNTEER FSA,6/5/1992,2/25/1994,FAILURE,PA,51240.0,49370.0
28847.0,1282,"COOPER RIVER, FSA",6/5/1992,6/3/1994,FAILURE,PA,228859.0,201442.0
29595.0,1239,FIRST AMERICAN FSB,6/5/1992,10/8/1993,FAILURE,PA,804316.0,639124.0
32389.0,1216,REPUBLIC FSB,6/5/1992,11/6/1992,FAILURE,PA,290292.0,264244.0
14909.0,4495,THE HOME STATE BANK,6/4/1992,6/4/1992,FAILURE,PO,4189.0,4212.0
26895.0,4494,MAYFAIR BANK,6/4/1992,6/4/1992,FAILURE,PI,32170.0,29707.0
28867.0,1233,HOME UNITY FEDERAL,6/4/1992,8/27/1993,FAILURE,PA,684804.0,632317.0
26864.0,4492,WORKINGMEN'S CO-OPERATIVE BANK,5/29/1992,5/29/1992,FAILURE,PI,223665.0,189866.0
27570.0,4493,NORTH AMERICAN THRIFT AND LOAN,5/29/1992,5/29/1992,FAILURE,PO,21276.0,20863.0
27001.0,4491,POWDER MILL BANK,5/22/1992,5/22/1992,FAILURE,PA,49587.0,47944.0
29650.0,1253,FIRST FSA,5/21/1992,3/18/1994,FAILURE,PA,83004.0,76333.0
8158.0,4490,MALDEN TRUST COMPANY,5/15/1992,5/15/1992,FAILURE,PI,225228.0,238455.0
26901.0,4489,BROOKFIELD BANK,5/8/1992,5/8/1992,FAILURE,IDT,60696.0,68675.0
31664.0,1241,SHENANDOAH FSA,5/8/1992,10/15/1993,FAILURE,PA,94195.0,69001.0
9380.0,4487,JACKSON EXCHANGE BANK & TRUST CO,5/7/1992,5/7/1992,FAILURE,PI,123295.0,127822.0
24242.0,4486,FIRST EXCHANGE BANK OF MADISON COUNTY,5/7/1992,5/7/1992,FAILURE,PI,34814.0,34238.0
24863.0,4484,FIRST EXCHANGE BANK OF CAPE GIRARDEAU,5/7/1992,5/7/1992,FAILURE,PI,84418.0,87015.0
26613.0,4488,FIRST EXCHANGE BANK OF  ST. LOUIS,5/7/1992,5/7/1992,FAILURE,PI,55555.0,60891.0
32742.0,4485,FIRST EXCHANGE BANK NORTH ST. LOUIS,5/7/1992,5/7/1992,FAILURE,PI,45880.0,47038.0
25059.0,4483,"THE FINANCIAL CENTER BANK, N.A.",5/4/1992,5/4/1992,FAILURE,PO,225189.0,218847.0
21315.0,4480,"METROPOLITAN BANK, N.A.",5/1/1992,5/1/1992,FAILURE,IDT,27090.0,27074.0
23865.0,4479,VALLEY COMMERCIAL BANK,4/24/1992,4/24/1992,FAILURE,IDT,30767.0,29410.0
26971.0,4477,THE NORWALK BANK,4/24/1992,4/24/1992,FAILURE,PA,80597.0,77227.0
27002.0,4478,SHORE BANK & TRUST CO.,4/24/1992,4/24/1992,FAILURE,PI,183184.0,184170.0
27853.0,1213,FIRST FSB OF SOUTH DAKOTA,4/24/1992,4/24/1992,FAILURE,PA,155900.0,169948.0
32186.0,1237,FIRST SOUTH SB,4/24/1992,9/24/1993,FAILURE,PA,56956.0,48503.0
90170.0,4475,SOUTHSTATE BANK FOR SAVINGS,4/24/1992,4/24/1992,FAILURE,PI,285923.0,267466.0
29222.0,1207,SECURITY FIRST FS & LA,4/10/1992,4/10/1992,FAILURE,PA,1013550.0,904202.0
31768.0,1208,VALLEY FS & LA,4/10/1992,4/10/1992,FAILURE,PA,1996340.0,1549633.0
32639.0,1248,FEDERAL SA OF VIRGINIA,4/10/1992,3/11/1994,FAILURE,PA,31479.0,29585.0
20413.0,4473,RED BIRD BANK OF DALLAS,4/9/1992,4/9/1992,FAILURE,PA,38568.0,37666.0
23860.0,4474,FAIRFIELD COUNTY TRUST COMPANY,4/9/1992,4/9/1992,FAILURE,PA,132437.0,132001.0
22414.0,4472,THE BANK OF BEVERLY HILLS,4/3/1992,4/3/1992,FAILURE,PO,125939.0,122347.0
26447.0,4471,SUMMIT NATIONAL BANK,4/3/1992,4/3/1992,FAILURE,IDT,91381.0,89766.0
29584.0,2212,FIRST STATE SA,4/3/1992,4/3/1992,FAILURE,PA,166121.0,163947.0
31453.0,1274,COMMONWEALTH FSB,4/3/1992,5/6/1994,FAILURE,PA,72536.0,64780.0
27146.0,4470,FIRST COMMUNITY BANK OF CHEROKEE,3/31/1992,3/31/1992,FAILURE,IDT,35648.0,33714.0
17778.0,4467,VANGUARD SAVINGS BANK,3/27/1992,3/27/1992,FAILURE,PA,427949.0,432557.0
24633.0,4469,PLACER BANK OF COMMERCE,3/27/1992,3/27/1992,FAILURE,PA,34820.0,33109.0
30826.0,2201,FLAGLER FS & LA,3/27/1992,3/27/1992,FAILURE,PA,1601277.0,1493111.0
20284.0,4468,AMERICAN  BANK OF COMMERCE,3/26/1992,3/26/1992,FAILURE,PA,13481.0,13777.0
32762.0,4466,THEODORE ROOSEVELT NATIONAL BANK,3/26/1992,3/26/1992,FAILURE,PA,13834.0,13589.0
23289.0,4461,THE BANK FOR SAVINGS,3/20/1992,3/20/1992,FAILURE,PA,397979.0,392720.0
23855.0,4464,"UNITED MERCANTILE B & T CO, N.A.",3/20/1992,3/20/1992,FAILURE,IDT,36452.0,37701.0
10668.0,4465,FARMERS & MERCHANTS BANK,3/19/1992,3/19/1992,FAILURE,PA,4291.0,4139.0
23633.0,4463,SOUTHSIDE NATIONAL BANK,3/19/1992,3/19/1992,FAILURE,PA,12040.0,12049.0
24793.0,4462,INDEPENDENCE BANK,3/19/1992,3/19/1992,FAILURE,PI,21836.0,20846.0
19801.0,4460,FIRST SECURITY BANK OF ANACONDA,3/16/1992,3/16/1992,FAILURE,PA,31553.0,30234.0
15000.0,4459,BROADWAY BANK,3/13/1992,3/13/1992,FAILURE,IDT,400540.0,383318.0
29158.0,2175,"FIRST OHIO SB, FSB",3/13/1992,3/13/1992,FAILURE,PA,40774.0,31768.0
29530.0,1259,CARROLTON HOME,3/13/1992,4/8/1994,FAILURE,PA,35856.0,32646.0
24601.0,4458,PROGRESSIVE NATIONAL BANK OF RAYNE,3/12/1992,3/12/1992,FAILURE,PA,11412.0,11177.0
30852.0,1288,UKRANIAN FS & LA,3/12/1992,6/24/1994,FAILURE,PA,74915.0,72642.0
27092.0,4457,NEW HERITAGE BANK,3/6/1992,3/6/1992,FAILURE,IDT,99806.0,99939.0
23455.0,4454,MISSION VIEJO NATIONAL BANK,2/28/1992,2/28/1992,FAILURE,PO,114584.0,102372.0
26364.0,4456,COLONY SAVINGS BANK,2/28/1992,2/28/1992,FAILURE,PA,35664.0,32801.0
28588.0,1230,IRVINGTON FSB,2/28/1992,8/20/1993,FAILURE,PA,43817.0,43203.0
30999.0,1244,LEMONT FSA,2/28/1992,2/25/1994,FAILURE,PA,193664.0,188801.0
31238.0,1221,ALPHA INDIAN ROCK FS & LA,2/28/1992,7/9/1993,FAILURE,PA,7208.0,7677.0
32383.0,1273,VISTA FSA,2/28/1992,4/29/1994,FAILURE,PA,113212.0,108736.0
25907.0,4455,COLUMBIA BANK,2/27/1992,2/27/1992,FAILURE,IDT,16987.0,16859.0
15897.0,4451,DOLLAR DRY DOCK BANK,2/21/1992,2/21/1992,FAILURE,PA,4028368.0,3733163.0
25882.0,4452,NATIONAL CITY BANK,2/21/1992,2/21/1992,FAILURE,IDT,19031.0,18593.0
27309.0,4453,THE BANK OF BRANDYWINE VALLEY,2/21/1992,2/21/1992,FAILURE,IDT,44930.0,47334.0
90226.0,4450,THE CENTRAL SAVINGS BANK,2/14/1992,2/14/1992,FAILURE,PA,369110.0,354218.0
16377.0,4447,KEMPTON STATE BANK,2/7/1992,2/7/1992,FAILURE,PA,3644.0,3612.0
27213.0,4449,MERCHANTS NATIONAL BANK,2/7/1992,2/7/1992,FAILURE,IDT,35091.0,35262.0
30265.0,2151,"UNITED SAVINGS OF AMERICA, FA",2/7/1992,2/7/1992,FAILURE,PA,327158.0,293368.0
25146.0,4448,LANDMARK BANK OF FORTH WORTH,2/6/1992,2/6/1992,FAILURE,PI,80529.0,80517.0
26945.0,4445,FOUNTAIN BANK,1/31/1992,1/31/1992,FAILURE,PA,15639.0,16125.0
27000.0,4444,SENTINEL BANK,1/31/1992,1/31/1992,FAILURE,PA,74846.0,73512.0
29518.0,2156,PELICAN HOMESTEAD SA,1/31/1992,1/31/1992,FAILURE,PA,1284313.0,1489485.0
30582.0,1276,SECURITY FSA,1/31/1992,5/6/1994,FAILURE,PA,107078.0,100444.0
18675.0,4446,INDEPENDENCE BANK,1/30/1992,1/30/1992,FAILURE,PO,535786.0,547627.0
25878.0,4443,ATLANTIC TRUST COMPANY,1/30/1992,1/30/1992,FAILURE,PA,21229.0,22733.0
7052.0,4440,AMERICAN NATIONAL BANK OF NEW YORK,1/24/1992,1/24/1992,FAILURE,PO,18006.0,17823.0
16013.0,4442,"CROSSLAND SAVINGS BANK, FSB",1/24/1992,8/19/1993,FAILURE,PA,7431636.0,5514987.0
26468.0,4441,"BANCO NACIONAL, NATIONAL ASSOCIATION",1/24/1992,1/24/1992,FAILURE,PA,52084.0,48860.0
32210.0,1252,ADVANCED FSB,1/24/1992,3/18/1994,FAILURE,PO,23089.0,23557.0
11138.0,4439,FIRST STATE BANK,1/23/1992,1/23/1992,FAILURE,PA,16518.0,16416.0
26954.0,4438,THE BANK OF VERDE VALLEY,1/16/1992,1/16/1992,FAILURE,PA,10254.0,10155.0
18720.0,4437,THE CITIZENS BANK,1/10/1992,1/10/1992,FAILURE,IDT,60568.0,59063.0
31024.0,1265,HANSEN FSA,1/10/1992,4/15/1994,FAILURE,PA,572398.0,427259.0
31231.0,2152,PERPETUAL SAVINGS BANK,1/10/1992,1/10/1992,FAILURE,PA,2892072.0,2447078.0
32258.0,1294,HANSEN FSB,1/10/1992,7/22/1994,FAILURE,PA,51816.0,43441.0
26493.0,4436,ASSURED THRIFT AND LOAN ASSOCIATION,1/3/1992,1/3/1992,FAILURE,PO,48226.0,46635.0
21113.0,4433,NORTH RIDGE BANK,12/20/1991,12/20/1991,FAILURE,PA,94332.0,92729.0
2599.0,4432,MERCHANTS NATIONAL BANK,12/13/1991,12/13/1991,FAILURE,PA,153615.0,147364.0
17048.0,4434,THE BANK MART,12/13/1991,12/13/1991,FAILURE,PA,578220.0,486776.0
26241.0,4435,"FEDERAL FINANCE & MORTGAGE, LTD",12/13/1991,12/13/1991,FAILURE,IDT,7732.0,7427.0
27151.0,4431,BANK OF EAST HARTFORD,12/13/1991,12/13/1991,FAILURE,PA,36581.0,38396.0
31724.0,1215,INVESTORS FSB,12/13/1991,7/10/1992,FAILURE,PA,2057643.0,1431239.0
26585.0,4430,GRANITE CO-OPERATIVE BANK,12/12/1991,12/12/1991,FAILURE,IDT,103814.0,84328.0
25128.0,4429,SAYBROOK BANK AND TRUST COMPANY,12/6/1991,12/6/1991,FAILURE,PA,77287.0,78375.0
24660.0,1994,THE DOUGLASS BANK,12/4/1991,12/4/1991,ASSISTANCE,A/A,31860.0,30217.0
26274.0,4428,FIRST NATIONAL BANK OF MIAMI,11/26/1991,11/26/1991,FAILURE,IDT,40462.0,40877.0
28295.0,2191,PEOPLES FSA,11/22/1991,3/20/1992,FAILURE,PA,34316.0,33662.0
28446.0,2196,WESTERN FS & LA,11/22/1991,3/20/1992,FAILURE,PA,33164.0,26424.0
30324.0,1224,CHASE SAVINGS & LOAN,11/22/1991,7/30/1993,FAILURE,PA,46857.0,46011.0
30665.0,1277,WHITE HORSE FS & LA,11/22/1991,5/6/1994,FAILURE,PA,72477.0,67897.0
16927.0,4427,DURHAM TRUST COMPANY,11/15/1991,11/15/1991,FAILURE,PA,71024.0,68528.0
12124.0,4426,WORTHINGTON STATE BANK,11/14/1991,11/14/1991,FAILURE,IDT,36646.0,34227.0
18239.0,4424,CONNECTICUT SAVINGS BANK,11/14/1991,11/14/1991,FAILURE,PA,1044990.0,897732.0
25898.0,4425,ALVARADO NATIONAL BANK,11/14/1991,11/14/1991,FAILURE,PA,9169.0,9489.0
32143.0,1256,DELTA FSB,11/8/1991,3/25/1994,FAILURE,PA,52410.0,29400.0
32543.0,1297,COBB FSA,11/8/1991,8/12/1994,FAILURE,PA,83159.0,82813.0
19519.0,4423,COMMUNITY NATIONAL BANK AND TRUST,11/7/1991,11/7/1991,FAILURE,IDT,333771.0,354235.0
30027.0,1226,MARINE VIEW FSB,11/1/1991,8/6/1993,FAILURE,PA,119221.0,107526.0
15514.0,4421,UNION BANK,10/31/1991,10/31/1991,FAILURE,PA,84877.0,85239.0
22824.0,4420,BANK OF THE SOUTH,10/30/1991,10/30/1991,FAILURE,PA,31835.0,31307.0
26695.0,4422,"THE PRIVATE BANK & TRUST, NATION",10/29/1991,10/29/1991,FAILURE,PO,4264.0,0.0
10413.0,4418,THE CITIZENS BANK OF PAGOSA SPRINGS,10/25/1991,10/25/1991,FAILURE,PA,17275.0,16649.0
18317.0,4417,COOLIDGE BANK AND TRUST COMPANY,10/25/1991,10/25/1991,FAILURE,PA,321204.0,315007.0
26561.0,4419,FIRST HANOVER BANK,10/25/1991,10/25/1991,FAILURE,PA,48212.0,46547.0
25837.0,4416,"FIRST NATIONAL BANK, BEDFORD",10/24/1991,10/24/1991,FAILURE,PA,23189.0,23253.0
17822.0,4413,CENTRAL BANK,10/18/1991,10/18/1991,FAILURE,PA,654715.0,627935.0
24565.0,4415,"MISSION VALLEY BANK, NATIONAL ASSOC",10/18/1991,10/18/1991,FAILURE,IDT,42672.0,40510.0
27373.0,4414,CONNECTICUT VALLEY BANK,10/18/1991,10/18/1991,FAILURE,PA,28359.0,27862.0
29342.0,1232,FIRST FS & LA,10/16/1991,8/27/1993,FAILURE,PA,916980.0,558620.0
32615.0,1271,CITIZENS FSA,10/16/1991,4/29/1994,FAILURE,PA,65710.0,66972.0
32090.0,1299,OAKTREE FEDERAL SAVINGS,10/13/1991,8/26/1994,FAILURE,PI,2214549.0,2256189.0
17189.0,4405,IONA SAVINGS BANK,10/11/1991,10/11/1991,FAILURE,PA,31180.0,29513.0
28763.0,2132,"THE FIRST, FEDERAL ASSOCIATION",10/11/1991,10/11/1991,FAILURE,PA,1066094.0,960802.0
29191.0,2189,FIRST FEDERAL SAVINGS,10/11/1991,3/20/1992,FAILURE,PA,223669.0,222486.0
31990.0,1249,LIFE FSB,10/11/1991,3/11/1994,FAILURE,PA,107603.0,88524.0
11486.0,4407,NASHUA TRUST COMPANY,10/10/1991,10/10/1991,FAILURE,PA,425059.0,397018.0
15952.0,4409,BANKEAST,10/10/1991,10/10/1991,FAILURE,PA,816843.0,631606.0
17178.0,4411,AMOSKEAG BANK,10/10/1991,10/10/1991,FAILURE,PA,937259.0,768425.0
17237.0,4408,"NUMERICA SAVINGS BANK, FSB",10/10/1991,10/10/1991,FAILURE,PA,509074.0,436535.0
17879.0,4406,"BANK MERIDIAN, NATIONAL ASSOCIATION",10/10/1991,10/10/1991,FAILURE,PA,109379.0,105416.0
26700.0,4410,DARTMOUTH BANK,10/10/1991,10/10/1991,FAILURE,PA,877159.0,835263.0
27287.0,4412,NEW HAMPSHIRE SAVINGS BANK,10/10/1991,10/10/1991,FAILURE,PA,1171673.0,947219.0
28946.0,1295,HOMEBANK FSA,10/10/1991,7/22/1994,FAILURE,PA,255081.0,192059.0
20027.0,4404,REAGAN STATE BANK,10/3/1991,10/3/1991,FAILURE,PA,20254.0,20902.0
26815.0,4403,HARBOR NATIONAL BANK OF CONNECTICUT,10/3/1991,10/3/1991,FAILURE,PA,22853.0,22824.0
11259.0,1995,THE GUNNISON BANK & TRUST CO.,10/2/1991,10/2/1991,ASSISTANCE,A/A,20082.0,19255.0
26843.0,4402,MIDCOUNTY BANK AND TRUST COMPANY,9/27/1991,9/27/1991,FAILURE,PA,62113.0,58231.0
27633.0,2114,FIRST FEDERAL SAVINGS,9/27/1991,9/27/1991,FAILURE,PA,251153.0,251734.0
27867.0,2125,SANTA PAULA S & LA,9/27/1991,9/27/1991,FAILURE,PA,280667.0,242557.0
27962.0,2129,UNITED SAVINGS OF AMERICA,9/27/1991,9/27/1991,FAILURE,PA,1160926.0,1067681.0
28742.0,2121,NUTLEY SAVINGS & LOAN,9/27/1991,9/27/1991,FAILURE,PA,188649.0,178510.0
29092.0,2119,HOME FS & LA OF HARLAN,9/27/1991,9/27/1991,FAILURE,PA,91411.0,89021.0
29460.0,1250,PLYMOUTH FSA,9/27/1991,3/11/1994,FAILURE,PA,174717.0,137835.0
29563.0,2113,EASTERN FS & LA OF SAYVILLE,9/27/1991,9/27/1991,FAILURE,PA,249533.0,264912.0
32400.0,2118,GOLD RIVER SB,9/27/1991,9/27/1991,FAILURE,PA,24140.0,21944.0
24502.0,4398,BANK FIVE FOR SAVINGS,9/20/1991,9/20/1991,FAILURE,PA,386572.0,402696.0
26946.0,4399,MID-JERSEY NATIONAL BANK,9/20/1991,9/20/1991,FAILURE,IDT,29471.0,28451.0
3575.0,4400,"SOUTHEAST BANK, NATIONAL ASSOCIATION",9/19/1991,9/19/1991,FAILURE,PA,11026691.0,8908637.0
16944.0,4401,SOUTHEAST BANK OF WEST FLORIDA,9/19/1991,9/19/1991,FAILURE,PA,97289.0,88214.0
28889.0,1255,ABRAHAM LINCOLN FSA,9/19/1991,3/25/1994,FAILURE,PA,189089.0,166964.0
19591.0,1989,FIRST BANK AND TRUST,9/16/1991,9/16/1991,ASSISTANCE,A/A,26582.0,26248.0
26924.0,4397,VALLEY BANK,9/13/1991,9/13/1991,FAILURE,PA,33694.0,35568.0
28177.0,1235,EVERGREEN FS & LA,9/13/1991,9/17/1993,FAILURE,PA,40271.0,34959.0
32224.0,2171,DAVY CROCKETT FS & LA,9/13/1991,3/6/1992,FAILURE,PO,50532.0,48311.0
18242.0,4395,SUFFIELD BANK,9/6/1991,9/6/1991,FAILURE,PA,294777.0,257036.0
23679.0,4396,THE FAMILY BANK AND TRUST,9/6/1991,9/6/1991,FAILURE,PA,46671.0,46973.0
29411.0,7435,UNITED HOME FEDERAL,9/6/1991,9/6/1991,FAILURE,PA,443424.0,446860.0
32023.0,7433,HEARTLAND S & LA,9/6/1991,9/6/1991,FAILURE,PA,121671.0,120790.0
32454.0,1291,BAY FSB,9/6/1991,7/15/1994,FAILURE,PA,58064.0,54053.0
26273.0,4394,HILTON HEAD BANK & TRUST COMPANY,8/30/1991,8/30/1991,FAILURE,PA,64629.0,63039.0
26792.0,4392,HILLSBOROUGH BANK AND TRUST CO,8/30/1991,8/30/1991,FAILURE,PA,49895.0,59467.0
27862.0,7422,FUTURE FEDERAL SAVINGS BANK,8/30/1991,8/30/1991,FAILURE,PA,422336.0,408926.0
30961.0,2148,UNITED FSB,8/30/1991,11/22/1991,FAILURE,PA,39869.0,39317.0
31588.0,1261,HOMESTEAD FSA,8/30/1991,4/8/1994,FAILURE,PA,223248.0,180986.0
90228.0,4393,LOWELL INSTITUTION FOR SAVINGS,8/30/1991,8/30/1991,FAILURE,PA,386363.0,318149.0
5519.0,4390,THE SAN SABA NATIONAL BANK,8/29/1991,8/29/1991,FAILURE,PA,15607.0,15492.0
14804.0,4391,FIRST NATIONAL BANK AND TRUST CO,8/29/1991,8/29/1991,FAILURE,PA,33498.0,33799.0
27657.0,2183,NEW AGE FSA,8/23/1991,3/19/1992,FAILURE,PA,9238.0,9585.0
27693.0,7415,MERCHANTS & MECHANICS FSB,8/23/1991,8/23/1991,FAILURE,PA,209860.0,206081.0
27842.0,7412,FIRST FS & LA,8/23/1991,8/23/1991,FAILURE,PA,73142.0,74359.0
14421.0,4389,BUCHEL BANK & TRUST CO.,8/22/1991,8/22/1991,FAILURE,PA,25026.0,24778.0
15379.0,4388,FIRST MEXIA BANK,8/22/1991,8/22/1991,FAILURE,PA,22479.0,22432.0
22016.0,4387,NORTHWEST NATIONAL BANK,8/16/1991,8/16/1991,FAILURE,PA,29438.0,30190.0
27463.0,4386,ENFIELD NATIONAL BANK,8/16/1991,8/16/1991,FAILURE,IDT,18966.0,19759.0
32249.0,1210,FIRST AMERICAN FSB,8/16/1991,4/24/1992,FAILURE,IDT,144988.0,130273.0
32252.0,2164,"CENTRE SA, FA",8/16/1991,2/21/1992,FAILURE,PA,15233.0,15618.0
2531.0,4382,CITYTRUST,8/9/1991,8/9/1991,FAILURE,PA,1918530.0,1807942.0
18256.0,4383,MECHANICS AND FARMERS SAVINGS BANK,8/9/1991,8/9/1991,FAILURE,PA,1083920.0,903692.0
21605.0,4384,SOUTHCOAST BANK CORPORATION,8/9/1991,8/9/1991,FAILURE,PO,26094.0,26674.0
22908.0,4385,BANK OF SOUTH PALM BEACHES,8/9/1991,8/9/1991,FAILURE,PA,61282.0,63475.0
28041.0,1279,GREAT AMERICAN FSA,8/9/1991,5/13/1994,FAILURE,PA,9523603.0,7230789.0
28587.0,7398,LARCHMONT FS & LA,8/9/1991,8/9/1991,FAILURE,PA,123777.0,123595.0
29041.0,7396,FIRST FS & LA OF THIEF RIVER FALLS,8/9/1991,8/9/1991,FAILURE,PA,54605.0,55516.0
27618.0,1238,STANDARD FS & LA,8/2/1991,9/24/1993,FAILURE,PA,319651.0,280738.0
32438.0,1292,CORAL COAST FSB,8/2/1991,7/15/1994,FAILURE,PA,61158.0,60341.0
22325.0,4381,THE HOUSATONIC BANK & TRUST CO,7/26/1991,7/26/1991,FAILURE,PA,69070.0,64075.0
27157.0,4380,SUBURBAN NATIONAL BANK,7/26/1991,7/26/1991,FAILURE,PA,91091.0,91287.0
29498.0,7381,WESTLAND FS & LA,7/26/1991,7/26/1991,FAILURE,PA,31809.0,31705.0
32301.0,1209,ATLANTIC FINANCIAL FSB,7/26/1991,4/10/1992,FAILURE,PA,448913.0,413500.0
3283.0,4379,THE KERENS BANK,7/25/1991,7/25/1991,FAILURE,PA,19538.0,19848.0
20960.0,4378,PONTCHARTRAIN STATE BANK,7/19/1991,7/19/1991,FAILURE,PA,139958.0,142089.0
26331.0,4377,COMMUNITY GUARDIAN BANK,7/19/1991,7/19/1991,FAILURE,PA,55327.0,55038.0
30010.0,7360,CLINTON S & LA,7/19/1991,7/19/1991,FAILURE,PA,22220.0,21565.0
30545.0,2150,COOPERATIVE FSB,7/19/1991,12/13/1991,FAILURE,PA,74903.0,46985.0
32494.0,2168,NEW METROPOLITAN FSB,7/19/1991,2/28/1992,FAILURE,PA,18440.0,43214.0
23882.0,4372,DRIPPING SPRINGS NATIONAL BANK,7/12/1991,7/12/1991,FAILURE,PA,20177.0,20527.0
25592.0,4373,LANDMARK THRIFT AND LOAN ASSOCIATION,7/12/1991,7/12/1991,FAILURE,PO,16638.0,15835.0
27825.0,2174,DANBURRY SAVINGS & LOAN,7/12/1991,3/13/1992,FAILURE,PA,270228.0,184143.0
29295.0,2178,MONYCOR SAVINGS BANK,7/12/1991,3/13/1992,FAILURE,PA,151736.0,137588.0
31800.0,1272,PAN AMERICAN FSB,7/12/1991,4/29/1994,FAILURE,PA,287190.0,250176.0
32223.0,2158,FIDELITY FS & LA,7/12/1991,2/7/1992,FAILURE,PO,67044.0,56885.0
32566.0,1231,SURETY FS & LA,7/9/1991,8/27/1993,FAILURE,PA,224820.0,163447.0
17795.0,4371,FIRST MUTUAL BANK FOR SAVINGS,6/28/1991,6/28/1991,FAILURE,PA,1129946.0,1081228.0
28786.0,2182,UNITED FS & LA,6/28/1991,3/13/1992,FAILURE,PA,142465.0,136677.0
30758.0,1211,METROBANK FS & LA,6/28/1991,4/10/1992,FAILURE,PA,474327.0,350087.0
26659.0,4370,BEACON CO-OPERATIVE BANK,6/21/1991,6/21/1991,FAILURE,PA,31806.0,30538.0
32179.0,1296,GUARDIAN FSA,6/21/1991,7/29/1994,FAILURE,PA,682096.0,654275.0
30538.0,2194,SPRINGFIELD FSLA,6/14/1991,3/20/1992,FAILURE,PA,97522.0,95318.0
31276.0,2159,"FIRST COMMERCE SB, FSB",6/14/1991,2/7/1992,FAILURE,PA,10886.0,10520.0
17681.0,4366,THE BANK OF HORTON,6/13/1991,6/13/1991,FAILURE,PA,167298.0,170540.0
19012.0,4367,TASCOSA NATIONAL BANK OF AMARILLO,6/13/1991,6/13/1991,FAILURE,PA,73908.0,75195.0
23039.0,4368,PEOPLES BANK,6/13/1991,6/13/1991,FAILURE,PA,17273.0,16674.0
27274.0,4369,"TEXAS PREMIER BANK OF VICTORIA, NATIONAL A",6/13/1991,6/13/1991,FAILURE,PA,15449.0,15278.0
28161.0,1301,DRYADES S & LA,6/7/1991,9/9/1994,FAILURE,PA,262265.0,259731.0
90310.0,4365,WOBURN FIVE CENTS SAVINGS BANK,6/7/1991,6/7/1991,FAILURE,PA,247219.0,239998.0
25142.0,4364,"NORTHWEST BANK, NATIONAL ASSOCIATION",6/6/1991,6/6/1991,FAILURE,PA,7204.0,7215.0
10544.0,4362,"UNIVERSITY BANK, NATIONAL ASSOCIATION",5/31/1991,5/31/1991,FAILURE,IDT,318836.0,295818.0
15963.0,4363,GOLDOME,5/31/1991,5/31/1991,FAILURE,PA,9890866.0,6525085.0
28019.0,2209,WESTERLEIGH SAVINGS,5/31/1991,3/27/1992,FAILURE,PA,147849.0,145160.0
31168.0,1264,GOLDOME FSB,5/31/1991,4/15/1994,FAILURE,PA,1476880.0,1320508.0
31274.0,2208,UNITED FS & LA,5/31/1991,3/27/1992,FAILURE,PA,119333.0,106033.0
31363.0,1217,ENTERPRISE S&LA,5/31/1991,3/5/1993,FAILURE,PA,13508.0,13115.0
32126.0,2166,BURLESON COUNTY SAVINGS ASSOC.,5/31/1991,2/28/1992,FAILURE,PA,31475.0,31986.0
32592.0,1206,MERABANK TEXAS,5/31/1991,4/3/1992,FAILURE,PI,1157911.0,744873.0
20753.0,4360,FLORIDA STATE BANK,5/24/1991,5/24/1991,FAILURE,PA,87374.0,81640.0
27380.0,4361,FIRST SECURITY BANK,5/24/1991,5/24/1991,FAILURE,IDT,15885.0,15027.0
31436.0,2180,PROGRESSIVE SAVINGS BANK,5/24/1991,3/13/1992,FAILURE,PA,388336.0,373666.0
16544.0,4359,LIBERTY NATIONAL BANK,5/23/1991,5/23/1991,FAILURE,PA,51370.0,51562.0
29202.0,1263,FAR WEST FSB,5/23/1991,4/15/1994,FAILURE,PA,2070002.0,1286017.0
6499.0,4358,THE FIRST NATIONAL BANK OF TOMS RIVER,5/22/1991,5/22/1991,FAILURE,PA,1417531.0,1380815.0
15404.0,4357,THE COSMOPOLITAN NATIONAL BANK OF CHICAGO,5/17/1991,5/17/1991,FAILURE,PA,110088.0,108468.0
22504.0,4356,FIRST CITY BANK,5/17/1991,5/17/1991,FAILURE,PA,56068.0,56509.0
29002.0,1280,ALTUS FSB,5/17/1991,5/20/1994,FAILURE,PA,1970413.0,1154520.0
29795.0,2161,LUDINGTON FSB,5/17/1991,2/7/1992,FAILURE,PA,34190.0,33661.0
19935.0,4355,CAPITAL BANK,5/16/1991,5/16/1991,FAILURE,PA,111610.0,104756.0
27131.0,4354,FIRST NATIONAL BANK OF CEDAR HILL,5/16/1991,5/16/1991,FAILURE,PA,10959.0,11132.0
18960.0,4352,MADISON NATIONAL BANK,5/10/1991,5/10/1991,FAILURE,PA,473781.0,404200.0
20210.0,4353,MADISON NATIONAL BANK OF VIRGINIA,5/10/1991,5/10/1991,FAILURE,PA,174187.0,159413.0
27418.0,4351,THE WASHINGTON BANK (OF MARYLAND),5/10/1991,5/10/1991,FAILURE,IDT,38974.0,39003.0
28265.0,2142,FIRST FS & LA OF FARGO,5/10/1991,11/1/1991,FAILURE,PA,50013.0,51170.0
28523.0,7289,CAPITOL FEDERAL BANK FOR SAVINGS,5/10/1991,5/10/1991,FAILURE,PA,39274.0,33403.0
28885.0,2141,FIRST FS & LA OF CRESTON,5/10/1991,11/1/1991,FAILURE,PA,67326.0,67915.0
30782.0,2138,FIRST FSA OF NEWTON,5/10/1991,10/28/1991,FAILURE,PA,125607.0,105802.0
31552.0,2145,VERMILION FSB,5/10/1991,11/1/1991,FAILURE,PA,17825.0,17570.0
32100.0,2176,GUARANTY FSA,5/10/1991,3/13/1992,FAILURE,PA,25648.0,23606.0
32537.0,2173,COLONIAL FSB,5/10/1991,3/13/1992,FAILURE,PO,60629.0,62304.0
3397.0,4350,THE FIRST NATIONAL BANK OF POTH,5/9/1991,5/9/1991,FAILURE,PA,18673.0,18545.0
8441.0,4346,CHIRENO STATE BANK,5/9/1991,5/9/1991,FAILURE,PA,12397.0,12345.0
18709.0,4349,TEXAS BANK AND TRUST OF TEMPLE,5/9/1991,5/9/1991,FAILURE,PA,45228.0,44972.0
25736.0,4348,VILLAGE GREEN NATIONAL BANK,5/9/1991,5/9/1991,FAILURE,IDT,29452.0,27110.0
26791.0,4347,BOSTON TRADE BANK,5/3/1991,5/3/1991,FAILURE,IDT,307033.0,301548.0
28975.0,2143,FIRST FS & LA OF PITTSBURG,5/3/1991,11/1/1991,FAILURE,PA,290886.0,143505.0
30370.0,2153,CENTURY FEDERAL SAVINGS,5/3/1991,1/31/1992,FAILURE,PA,25857.0,24375.0
30413.0,2193,SENTRY FSA,5/3/1991,3/20/1992,FAILURE,PO,50295.0,47246.0
30686.0,2155,"LIBERTY SB, FSB",5/3/1991,1/31/1992,FAILURE,PA,17787.0,17762.0
31179.0,2190,"NEWTON SAVINGS BANK, FSA",5/3/1991,3/20/1992,FAILURE,PA,40854.0,38447.0
32412.0,2181,SECURITY FS & LA OF ALBUQUERQUE,5/3/1991,3/13/1992,FAILURE,PI,261711.0,193444.0
23217.0,4345,COLUMBINE VALLEY BANK AND TRUST,4/26/1991,4/26/1991,FAILURE,PA,9458.0,9213.0
29588.0,2154,"HOME FS & LA, FA",4/26/1991,1/31/1992,FAILURE,PA,134307.0,116937.0
29819.0,2185,AUGUSTA FSA,4/26/1991,3/20/1992,FAILURE,PI,151333.0,132558.0
32202.0,2167,"EXECUTIVE SB, FSB",4/26/1991,2/28/1992,FAILURE,PA,58634.0,55501.0
32380.0,1286,JOHN HANSON FSB,4/26/1991,6/10/1994,FAILURE,PA,840701.0,658563.0
32598.0,1212,SUNBELT SAVINGS,4/26/1991,4/10/1992,FAILURE,PA,6038921.0,4265330.0
32605.0,2205,RED RIVER FS & LA,4/26/1991,3/27/1992,FAILURE,PA,422245.0,378312.0
29844.0,1268,"PROSPECT PARK, FSB",4/19/1991,4/22/1994,FAILURE,PA,511522.0,474313.0
30392.0,2203,METROPOLITAN FS & LA,4/19/1991,3/27/1992,FAILURE,PA,985057.0,811836.0
31914.0,2139,MERCANTILE SAVINGS BANK,4/19/1991,10/25/1991,FAILURE,PA,33779.0,33995.0
32596.0,1219,CIMARRON FEDERAL SAVINGS,4/19/1991,5/21/1993,FAILURE,PA,781965.0,713933.0
32603.0,2187,CHISHOLM FS & LA,4/19/1991,3/20/1992,FAILURE,PA,154401.0,147099.0
25120.0,4344,COMMUNITY NATIONAL BANK,4/18/1991,4/18/1991,FAILURE,PA,19048.0,18929.0
23487.0,4343,ARIZONA COMMERCE BANK,4/12/1991,4/12/1991,FAILURE,PA,80832.0,79757.0
27315.0,4342,WHITNEY BANK AND TRUST,4/12/1991,4/12/1991,FAILURE,IDT,40601.0,49222.0
32054.0,2192,SECURITY SAVINGS & LOAN,4/12/1991,3/20/1992,FAILURE,PA,143194.0,129364.0
18723.0,4341,AMERICAN BANK & TRUST COMPANY,4/11/1991,4/11/1991,FAILURE,PA,60928.0,60439.0
19612.0,4340,THE BLUEVILLE BANK OF GRAFTON,4/5/1991,4/5/1991,FAILURE,PA,48118.0,46936.0
28347.0,2140,COLUMBIA FSA OF HAMILTON,4/5/1991,11/1/1991,FAILURE,PA,61327.0,51742.0
29417.0,2210,FIRST FS & LA OF SEMINOLE CO.,4/5/1991,4/3/1992,FAILURE,PA,185267.0,160429.0
30361.0,2144,FIRST SAVINGS OF ZION,4/5/1991,11/1/1991,FAILURE,PA,63207.0,60613.0
31270.0,2200,"FIRST FEDERAL SB, FSB",4/5/1991,4/3/1992,FAILURE,PA,30156.0,30573.0
11576.0,4339,FIRST STATE BANK,4/4/1991,4/4/1991,FAILURE,PA,26023.0,26208.0
22487.0,4337,CITY BANK AND TRUST,3/29/1991,3/29/1991,FAILURE,PA,116044.0,119406.0
24043.0,4338,CITIZENS NATIONAL BANK,3/29/1991,3/29/1991,FAILURE,IDT,11414.0,11251.0
25817.0,4336,THE LANDMARK BANK,3/28/1991,3/28/1991,FAILURE,PA,227859.0,219851.0
32095.0,2197,"COUNTY BANK, FSB",3/27/1991,3/27/1992,FAILURE,PA,1172063.0,961737.0
28512.0,2206,STATE SAVINGS,3/22/1991,3/27/1992,FAILURE,PA,445379.0,393817.0
28605.0,2160,FIRST FSA OF CHICKASHA,3/22/1991,2/7/1992,FAILURE,PA,161381.0,153087.0
29287.0,1289,UNITED FSA OF IOWA,3/22/1991,6/24/1994,FAILURE,PA,895845.0,715825.0
30940.0,2207,"THE FEDERAL SB, FSB",3/22/1991,3/27/1992,FAILURE,PA,150907.0,131244.0
31648.0,2146,AMERICAN FEDERAL BANK,3/22/1991,11/1/1991,FAILURE,PA,110234.0,90436.0
32175.0,7403,CITIZENS SECURITY BANK,3/22/1991,8/16/1991,FAILURE,PA,34089.0,28176.0
32563.0,2165,"REPUBLIC SB, FSB",3/22/1991,2/28/1992,FAILURE,PA,26394.0,26499.0
10331.0,4334,CITADEL BANK,3/21/1991,3/21/1991,FAILURE,PA,21874.0,21643.0
11185.0,4335,SABINAL BANK,3/21/1991,3/21/1991,FAILURE,PO,24822.0,24395.0
27003.0,4333,THE BLACKSTONE BANK AND TRUST CO,3/15/1991,3/15/1991,FAILURE,IDT,49258.0,48356.0
28683.0,2184,AMERIFIRST FEDERAL SAVINGS,3/15/1991,3/20/1992,FAILURE,PA,3575040.0,2872239.0
28791.0,2186,BELL FEDERAL SAVINGS,3/15/1991,3/20/1992,FAILURE,PA,850573.0,733980.0
29083.0,2202,HOME SAVINGS ASSOCIATION,3/15/1991,3/27/1992,FAILURE,PI,2944195.0,2623786.0
29716.0,2103,ARCANIUM FSA,3/15/1991,9/20/1991,FAILURE,PA,45361.0,46771.0
32514.0,7449,SOVEREIGN SB,3/15/1991,9/13/1991,FAILURE,PA,38909.0,33828.0
18844.0,4331,CROSSROADS BANK,3/14/1991,3/14/1991,FAILURE,PA,22416.0,22694.0
26557.0,4332,COOLIDGE CORNER CO-OPERATIVE BANK,3/14/1991,3/14/1991,FAILURE,PA,83699.0,83843.0
24588.0,4330,MANILABANK,3/8/1991,3/8/1991,FAILURE,PA,20775.0,20349.0
24831.0,4329,FIRST MARINE BANK OF FLORIDA,3/8/1991,3/8/1991,FAILURE,PA,17165.0,16769.0
25145.0,4328,SEAFIRST BANK,3/8/1991,3/8/1991,FAILURE,PA,11521.0,11861.0
28827.0,2177,JEFFERSON FEDERAL SA,3/8/1991,3/13/1992,FAILURE,PA,666471.0,488725.0
29019.0,7384,FIRST FSA OF WEWOKA,3/8/1991,8/2/1991,FAILURE,PA,32917.0,27898.0
29036.0,2133,BEACON FEDERAL SAVINGS,3/8/1991,10/18/1991,FAILURE,PA,405964.0,388612.0
30139.0,7437,ALEXANDER HAMILTON,3/8/1991,9/13/1991,FAILURE,PA,210702.0,212882.0
30960.0,7443,FIRST FSB,3/8/1991,9/13/1991,FAILURE,PA,51933.0,49950.0
31454.0,2108,FIRST CITIZENS SLA,3/8/1991,9/20/1991,FAILURE,PA,200485.0,199317.0
32340.0,2122,PREFFERED SAVINGS AND LOAN,3/8/1991,9/27/1991,FAILURE,PA,224456.0,174847.0
29643.0,7434,PEOPLES FEDERAL S & L ASSOC.,3/1/1991,9/6/1991,FAILURE,PA,107564.0,98599.0
32235.0,2102,AMERIFIED SAVINGS BANK,3/1/1991,9/20/1991,FAILURE,PO,110647.0,99469.0
17806.0,4327,"UNITED CITIZENS BANK, NATIONAL ASSOC",2/28/1991,2/28/1991,FAILURE,PA,44906.0,47235.0
27170.0,4326,THE MCKINLEY BANK,2/22/1991,2/22/1991,FAILURE,PA,70565.0,65627.0
29015.0,1298,HOLLYWOOD FSB,2/22/1991,8/19/1994,FAILURE,PA,1525465.0,1369899.0
31206.0,2115,FIRST FS & LA,2/22/1991,9/27/1991,FAILURE,PA,37523.0,36235.0
21985.0,4325,SOUTHWEST NATIONAL BANK,2/21/1991,2/21/1991,FAILURE,PA,37236.0,36461.0
29370.0,7385,FIRST NORTHERN COOP,2/20/1991,8/2/1991,FAILURE,PA,114564.0,87048.0
5594.0,4324,THE FIRST NATIONAL BANK OF WORTH,2/14/1991,2/14/1991,FAILURE,PA,7282.0,7709.0
16965.0,4323,MERCHANTS TRUST & SAVINGS BANK,2/14/1991,2/14/1991,FAILURE,PA,43848.0,42729.0
28150.0,7444,FIRST JERSEY S & LA ASSOC.,2/8/1991,9/13/1991,FAILURE,PA,287692.0,257442.0
29585.0,7383,FIRST FSA OF WAYNESBORO,2/8/1991,8/9/1991,FAILURE,PA,18165.0,18137.0
29946.0,7399,PEOPLES FEDERAL SAVINGS BANK,2/8/1991,8/9/1991,FAILURE,PA,59686.0,53910.0
31719.0,7362,FAMILY S & LA,2/8/1991,7/19/1991,FAILURE,PA,99576.0,60452.0
32114.0,7380,UNITY FS & LA,2/8/1991,8/2/1991,FAILURE,PA,454475.0,444026.0
17850.0,4321,LOCKHART STATE BANK,2/7/1991,2/7/1991,FAILURE,PA,24316.0,24800.0
22080.0,4322,FIRST NATIONAL BANK IN KAUFMAN,2/7/1991,2/7/1991,FAILURE,PA,20351.0,20995.0
11272.0,4319,THE MERCHANTS BANK AND TRUST CO,2/1/1991,2/1/1991,FAILURE,PA,269867.0,269021.0
17721.0,4320,MAINE SAVINGS BANK,2/1/1991,2/1/1991,FAILURE,PA,1182519.0,1191224.0
29422.0,2117,FIRST FEDERAL SAVINGS OF TOLEDO,2/1/1991,9/27/1991,FAILURE,PA,1022500.0,1016062.0
31654.0,2169,COREAST FSB,2/1/1991,3/6/1992,FAILURE,PI,1209981.0,993237.0
31859.0,7343,GEORGE WASHINGTON FSA,2/1/1991,7/5/1991,FAILURE,PA,14586.0,13313.0
20579.0,4317,BANK OF THE HILLS,1/31/1991,1/31/1991,FAILURE,PA,255108.0,237750.0
25815.0,4318,"ROCKPORT BANK, NATIONAL ASSOCIATION",1/31/1991,1/31/1991,FAILURE,PA,17796.0,18038.0
16428.0,4316,CITIZENS NATIONAL BANK AND TRUST,1/29/1991,1/29/1991,FAILURE,PA,18776.0,19197.0
24568.0,4315,ALVARADO BANK,1/25/1991,1/25/1991,FAILURE,PA,33480.0,32106.0
30169.0,2106,CENTER S & LA,1/25/1991,9/20/1991,FAILURE,PA,132562.0,125372.0
31062.0,7439,COLUMBIA SAVINGS & LOAN ASSN.,1/25/1991,9/13/1991,FAILURE,PO,5358626.0,5645608.0
31703.0,2195,TRUSTBANK FSB,1/25/1991,3/20/1992,FAILURE,PI,1823394.0,1509206.0
32523.0,7331,CORAL S & LA,1/25/1991,6/28/1991,FAILURE,PA,32197.0,31658.0
23461.0,4314,METROPOLITAN NATIONAL BANK,1/24/1991,1/24/1991,FAILURE,PA,97314.0,98491.0
23221.0,4313,"AMERICAN BANK, NATIONAL ASSOCIATION",1/22/1991,1/22/1991,FAILURE,IDT,20712.0,23319.0
30138.0,2163,IRVING SAVINGS & LOAN,1/18/1991,2/21/1992,FAILURE,PA,222484.0,235827.0
32332.0,7358,BEACH FEDERAL SAVINGS ASSOC.,1/18/1991,7/19/1991,FAILURE,PA,81792.0,80703.0
26302.0,4312,COMMUNITY NATIONAL BANK,1/11/1991,1/11/1991,FAILURE,PA,85364.0,86936.0
28292.0,2188,FAR WEST SAVINGS & LOAN,1/11/1991,3/20/1992,FAILURE,PI,3714988.0,2981632.0
31560.0,2157,CONNECTICUT SAVINGS AND LOAN,1/11/1991,2/7/1992,FAILURE,PA,17375.0,13680.0
32134.0,7366,MALIBU SB,1/11/1991,7/19/1991,FAILURE,PA,139117.0,122923.0
2545.0,4310,THE CONNECTICUT BANK & TRUST CO,1/6/1991,7/14/1991,FAILURE,PA,7210748.0,6860236.0
2560.0,4309,"BANK OF NEW ENGLAND, NATIONAL ASSOC",1/6/1991,7/14/1991,FAILURE,PA,13428614.0,9406853.0
4275.0,4311,MAINE NATIONAL BANK,1/6/1991,7/14/1991,FAILURE,PA,1045658.0,944665.0
28634.0,7266,ROYAL OAK FS & LA,1/4/1991,1/4/1991,FAILURE,PA,27310.0,29154.0
28767.0,7373,FULTON FEDERAL SAVINGS BANK,1/4/1991,7/26/1991,FAILURE,PA,2016621.0,1380514.0
29161.0,7267,FIRST FS & LA OF PITTSBURG,1/4/1991,1/4/1991,FAILURE,PA,3089704.0,2343171.0
29638.0,7262,FIRST FEDERAL SAVINGS & LOAN,1/4/1991,1/4/1991,FAILURE,PA,638622.0,472426.0
30888.0,7392,TRIDENT FEDERAL S & L ASSOC.,1/4/1991,8/2/1991,FAILURE,PA,47159.0,44159.0
19572.0,4308,CAPITOL BANK AND TRUST COMPANY,12/28/1990,12/28/1990,FAILURE,PO,485550.0,442317.0
28287.0,2126,SOUTHERN FS,12/28/1990,9/27/1991,FAILURE,PO,230780.0,230027.0
29116.0,2116,FIRST FS & LA OF ANDALUSIA,12/28/1990,9/27/1991,FAILURE,PA,38693.0,37738.0
29415.0,7263,"ENTERPRISE SAVINGS BANK, FA",12/27/1990,12/27/1990,FAILURE,PA,432576.0,322004.0
32145.0,7428,ARKANSAS FSB,12/21/1990,9/6/1991,FAILURE,PA,71705.0,61584.0
28783.0,7258,MID-AMERICA FS & LA,12/15/1990,12/15/1990,FAILURE,PA,1206441.0,894318.0
9019.0,4305,THE STATE BANK OF OMAHA,12/14/1990,12/14/1990,FAILURE,PA,20519.0,20615.0
23074.0,4307,FAR WESTERN BANK,12/14/1990,12/14/1990,FAILURE,PO,154318.0,150711.0
23104.0,4306,PEOPLES STATE BANK,12/14/1990,12/14/1990,FAILURE,PA,30262.0,30597.0
25125.0,4304,FIRST COMMERCIAL BANK OF FLORIDA,12/14/1990,12/14/1990,FAILURE,PA,171578.0,164103.0
28143.0,2204,OLYMPIC FEDERAL SAVINGS,12/14/1990,3/27/1992,FAILURE,PA,1054382.0,683656.0
28473.0,2131,EMPIRE SAVINGS BANK,12/14/1990,10/11/1991,FAILURE,PA,219328.0,193704.0
28809.0,7253,COMMUNITY FS & LA,12/14/1990,12/14/1990,FAILURE,PA,1977010.0,2282847.0
29457.0,7440,COMFED SAVINGS BANK,12/14/1990,9/13/1991,FAILURE,PI,1402978.0,931868.0
30645.0,7416,OLD BOROUGH SAVINGS & LOAN,12/14/1990,8/23/1991,FAILURE,IDT,133547.0,117224.0
31126.0,7255,FRONTIER SAVINGS ASSOCIATION,12/14/1990,12/14/1990,FAILURE,PA,252407.0,247450.0
31137.0,7446,HOME FEDERAL BANK FOR SAVINGS,12/14/1990,9/13/1991,FAILURE,PA,348106.0,196099.0
9469.0,4303,FIRST STATE BANK,12/13/1990,12/13/1990,FAILURE,PA,7477.0,7581.0
11558.0,4302,WASHINGTON COUNTY STATE BANK,12/13/1990,12/13/1990,FAILURE,PA,77722.0,77526.0
26835.0,4301,BANK OF COMMERCE,12/13/1990,12/13/1990,FAILURE,PA,19650.0,19943.0
90201.0,4300,NEW ENGLAND ALLBANK FOR SAVINGS,12/12/1990,12/12/1990,FAILURE,IDT,173269.0,172263.0
21631.0,4299,HEIGHTS BANK,12/7/1990,12/7/1990,FAILURE,PA,28752.0,27025.0
24105.0,4298,FIRST NATIONAL BANK OF ROWLETT,12/7/1990,12/7/1990,FAILURE,IDT,20509.0,21351.0
27700.0,7423,TEXARKANA FS & LA,12/7/1990,8/30/1991,FAILURE,PA,40379.0,43171.0
29827.0,2172,CENTRAL FEDERAL SAVINGS,12/7/1990,3/13/1992,FAILURE,PA,890776.0,848439.0
29958.0,2170,FIRST FEDERAL SAVINGS,12/7/1990,3/6/1992,FAILURE,PI,520377.0,427460.0
31053.0,7427,ANDREWS SAVINGS & LOAN ASSOC.,12/7/1990,9/6/1991,FAILURE,PO,126078.0,109694.0
26383.0,4297,DOUGLAS COUNTY NATIONAL BANK,12/6/1990,12/6/1990,FAILURE,PA,5371.0,5325.0
22690.0,4296,BOUNDARY WATERS STATE BANK,11/30/1990,11/30/1990,FAILURE,PA,13426.0,13413.0
28821.0,7302,FIRST FSA OF NACOGDOCHES,11/30/1990,5/31/1991,FAILURE,PA,61907.0,51776.0
29003.0,7421,EDISON FSA,11/30/1990,8/30/1991,FAILURE,PA,140107.0,115788.0
29466.0,7445,FIRST SA,11/30/1990,9/13/1991,FAILURE,PA,64124.0,46665.0
30122.0,2128,TUSKEGEE S & LA,11/30/1990,10/11/1991,FAILURE,PA,31836.0,28475.0
31058.0,2124,SAN JACINTO SAVINGS,11/30/1990,9/27/1991,FAILURE,PA,2869629.0,2894745.0
31616.0,7393,ATASCOSA SA,11/30/1990,8/2/1991,FAILURE,PO,34662.0,32918.0
31827.0,7413,FIRST SOUTHWEST FS & LA,11/30/1990,8/23/1991,FAILURE,PA,51219.0,45339.0
1204.0,4293,FARMERS STATE BANK OF MADISONVILLLE,11/29/1990,11/29/1990,FAILURE,PA,34847.0,34565.0
18851.0,4295,BANK OF ARLINGTON,11/29/1990,11/29/1990,FAILURE,PA,63605.0,59795.0
29207.0,7332,FIRST FEDERAL SAVINGS ASSOC.,11/16/1990,6/21/1991,FAILURE,PA,55433.0,41409.0
32184.0,7316,LIBERTY FEDERAL SAVINGS BANK,11/16/1990,6/7/1991,FAILURE,PA,53786.0,51693.0
32344.0,2110,SOUTHEASTERN SAVINGS BANK,11/16/1990,9/20/1991,FAILURE,PA,422279.0,367628.0
21518.0,4294,WESTERN BANK,11/15/1990,11/15/1990,FAILURE,PA,39838.0,39563.0
30223.0,2137,ACTION FEDERAL SAVINGS,11/15/1990,10/25/1991,FAILURE,PA,261969.0,199017.0
19316.0,4292,FREEDOM NATIONAL BANK OF NEW YORK,11/9/1990,11/9/1990,FAILURE,PO,110444.0,101021.0
28608.0,7386,FLORIDA FEDERAL SAVINGS BANK,11/9/1990,8/2/1991,FAILURE,PA,4115008.0,2271190.0
32234.0,7447,LOUISIANA FEDERAL SAVINGS BANK,11/9/1990,9/13/1991,FAILURE,PO,58810.0,50470.0
32479.0,7395,EXECUTIVE BANC SA,11/9/1990,8/9/1991,FAILURE,IDT,16183.0,15514.0
25763.0,4291,LONE STAR NATIONAL BANK,11/2/1990,11/2/1990,FAILURE,IDT,34211.0,42529.0
28719.0,7430,DESOTO FS & LA,11/2/1990,9/6/1991,FAILURE,PO,63885.0,63147.0
30593.0,2123,RIVERSIDE SAVINGS BANK,11/2/1990,10/4/1991,FAILURE,IDT,177838.0,144964.0
30984.0,7295,BOONSLICK S & LA,11/2/1990,5/24/1991,FAILURE,PA,70151.0,70060.0
25180.0,4290,TRINITY NATIONAL BANK,11/1/1990,11/1/1990,FAILURE,PO,21468.0,21903.0
13245.0,4289,THE FARMERS AND MERCHANTS BANK OF SHEYENNE,10/26/1990,10/26/1990,FAILURE,PA,2899.0,2867.0
32177.0,7318,RANCHO BERNARDO FED. SAV. BANK,10/26/1990,6/7/1991,FAILURE,PA,118634.0,113127.0
32403.0,7425,CITY SAVINGS & LOAN,10/26/1990,9/4/1991,FAILURE,PO,182972.0,182869.0
4976.0,4288,FIRST NATIONAL BANK OF JACKSON,10/25/1990,10/25/1990,FAILURE,PA,73684.0,69932.0
28464.0,2127,SUPERIOR FSA,10/23/1990,9/27/1991,FAILURE,PA,95923.0,57964.0
18236.0,4285,THE BROOKLYN SAVINGS BANK,10/19/1990,10/19/1990,FAILURE,PA,130931.0,93816.0
20863.0,4287,METROPOLITAN NATIONAL BANK,10/19/1990,10/19/1990,FAILURE,PA,19851.0,20103.0
22064.0,4286,FIRST AMERICAN BANK FOR SAVINGS,10/19/1990,10/19/1990,FAILURE,IDT,526176.0,489285.0
31518.0,7344,"HERITAGE SAVINGS BANK, FSB",10/19/1990,7/5/1991,FAILURE,PA,888751.0,726199.0
32255.0,7418,GOLD COAST SAVINGS BANK,10/19/1990,8/23/1991,FAILURE,IDT,151694.0,141804.0
32064.0,7341,INTERNATIONAL FS & LA,10/12/1990,7/5/1991,FAILURE,PO,84250.0,81464.0
26225.0,4284,UNITED PEOPLES BANK,10/11/1990,10/11/1990,FAILURE,PA,32673.0,32826.0
11789.0,4283,THE PEOPLES BANK & TRUST COMPANY,10/5/1990,10/5/1990,FAILURE,PA,117050.0,115765.0
21619.0,4282,MOUNTAIN RIDGE STATE BANK,10/5/1990,10/5/1990,FAILURE,IDT,51426.0,50209.0
24301.0,4281,"WOODWAY BANK AND TRUST, NA",10/4/1990,10/4/1990,FAILURE,PA,35375.0,35365.0
26475.0,4279,FORT WORTH STATE BANK,9/27/1990,9/27/1990,FAILURE,PA,20689.0,22222.0
27042.0,4280,GREAT WESTERN NATIONAL BANK,9/27/1990,9/27/1990,FAILURE,PA,13377.0,13321.0
28366.0,7377,SENTRY FEDERAL SAVINGS BANK,9/21/1990,7/26/1991,FAILURE,PA,735467.0,588534.0
28586.0,7389,MERCER SAVINGS BANK,9/21/1990,8/2/1991,FAILURE,PA,92695.0,83408.0
29315.0,2112,YORKVILLE FEDERAL SAVINGS,9/21/1990,9/20/1991,FAILURE,PA,344684.0,347042.0
31080.0,7375,HIDALGO SAVINGS & LOAN,9/21/1990,8/9/1991,FAILURE,PA,154818.0,122038.0
32274.0,7326,TEXAS COMMERCIAL SA,9/21/1990,6/14/1991,FAILURE,PA,27674.0,26846.0
10714.0,4277,FIRST STATE BANK OF RISING STAR,9/20/1990,9/20/1990,FAILURE,PA,13983.0,13876.0
14609.0,4278,FIRST COMANCHE BANK,9/20/1990,9/20/1990,FAILURE,PO,33116.0,34942.0
26654.0,4276,CITY NATIONAL BANK OF IRVING,9/20/1990,9/20/1990,FAILURE,PA,32126.0,33768.0
22642.0,4274,INGRAM STATE BANK,9/14/1990,9/14/1990,FAILURE,PO,23452.0,23216.0
26373.0,4275,CITIZENS NATIONAL BANK,9/14/1990,9/14/1990,FAILURE,PO,12791.0,13076.0
32590.0,7371,FIRST SB OF HEMPSTEAD,9/14/1990,7/26/1991,FAILURE,PO,35355.0,30879.0
22505.0,4273,FIRST NATIONAL BANK OF CROSBY,9/13/1990,9/13/1990,FAILURE,PA,12433.0,12335.0
24295.0,4272,WESTERN NATIONAL BANK,9/13/1990,9/13/1990,FAILURE,PA,34013.0,35168.0
25872.0,4271,CITIZENS BANK,9/13/1990,9/13/1990,FAILURE,PA,15876.0,15963.0
26686.0,4270,FIRST NATIONAL BANK OF KENNEDALE,9/13/1990,9/13/1990,FAILURE,PA,27485.0,27733.0
4178.0,1983,THE PAWNEE NATIONAL BANK,9/12/1990,9/12/1990,ASSISTANCE,A/A,14206.0,14628.0
27667.0,2107,EL PASO FEDERAL SAVINGS,9/7/1990,9/20/1991,FAILURE,PO,433067.0,370359.0
31887.0,7363,FIRST CITY FSB,9/7/1990,7/19/1991,FAILURE,PA,41726.0,38043.0
16219.0,4269,NORTHSIDE BANK,9/6/1990,9/6/1990,FAILURE,PA,54654.0,53617.0
29118.0,7432,FIRST FSA,8/31/1990,9/6/1991,FAILURE,PO,54747.0,51102.0
29493.0,7320,ATLANTA FSA,8/31/1990,6/14/1991,FAILURE,PA,89379.0,89555.0
32070.0,7241,"FIRST AMERICAN SAVINGS BANK, FSB",8/31/1990,11/30/1990,FAILURE,PO,123625.0,108866.0
32181.0,7361,"ENSIGN BANK, FSB",8/31/1990,7/19/1991,FAILURE,PA,1780403.0,1468703.0
3299.0,4265,THE FIRST NATIONAL BANK OF LEVELLAND,8/30/1990,8/30/1990,FAILURE,PA,62249.0,64398.0
10350.0,4267,BAY CITY BANK & TRUST CO.,8/30/1990,8/30/1990,FAILURE,IDT,79609.0,82719.0
23402.0,4264,"AMERICAN BANK OF COMMERCE, NA",8/30/1990,8/30/1990,FAILURE,PA,17389.0,17482.0
24293.0,4263,SECURITY NATIONAL BANK,8/30/1990,8/30/1990,FAILURE,PA,15067.0,15790.0
25301.0,4268,CITIZENS NATIONAL BANK,8/30/1990,8/30/1990,FAILURE,IDT,51326.0,53206.0
26776.0,4266,CHISHOLM NATIONAL BANK,8/30/1990,8/30/1990,FAILURE,PA,20886.0,21192.0
26953.0,4262,FIRST BANK OF PLANO,8/30/1990,8/30/1990,FAILURE,PA,9248.0,9612.0
29371.0,7431,FIRST FS & LA,8/24/1990,9/6/1991,FAILURE,PA,315404.0,327353.0
29603.0,7306,BROKEN ARROW SAVINGS ASSOC.,8/24/1990,6/7/1991,FAILURE,PA,26929.0,23243.0
32220.0,7328,AMBASSADOR FS & LA,8/24/1990,6/21/1991,FAILURE,PA,184143.0,161964.0
29499.0,7143,SWEETWATER FS & LA,8/22/1990,8/22/1990,FAILURE,PA,11625.0,11705.0
29297.0,7313,FIRST FSA OF TUSCOLA,8/17/1990,6/7/1991,FAILURE,PA,23179.0,23414.0
32371.0,7327,FINANCIAL SAVINGS OF HARTFORD FSB,8/17/1990,6/19/1991,FAILURE,PA,21927.0,17578.0
17240.0,4261,CHERRY CREEK NATIONAL BANK,8/16/1990,8/16/1990,FAILURE,PA,85818.0,94612.0
18290.0,4259,CAPITOL BANK & TRUST,8/16/1990,8/16/1990,FAILURE,PA,33095.0,32512.0
26609.0,4260,CITY NATIONAL BANK,8/16/1990,8/16/1990,FAILURE,PA,35577.0,39313.0
2092.0,4257,THE NATIONAL BANK OF WASHINGTON,8/10/1990,8/10/1990,FAILURE,PA,1650969.0,1268268.0
20816.0,4258,FIRST PACIFIC BANK,8/10/1990,8/10/1990,FAILURE,IDT,118841.0,113212.0
29826.0,7305,AMERICAN SA OF MT. CARMEL,8/10/1990,6/7/1991,FAILURE,PA,11851.0,11763.0
30893.0,7368,SUPERIOR FEDERAL SAVINGS BANK,8/10/1990,7/19/1991,FAILURE,IDT,80206.0,77541.0
18623.0,4256,FIRST NATIONAL BANK OF CORPUS CHRISTI,8/9/1990,8/9/1990,FAILURE,PA,117002.0,116535.0
30312.0,7301,HOMETOWN FSA,8/3/1990,5/31/1991,FAILURE,PA,46450.0,39362.0
31851.0,7304,TENNESSEE FEDERAL SAVINGS BANK,8/3/1990,5/31/1991,FAILURE,PA,40020.0,36049.0
31956.0,7337,AMIGO FS & LA,8/3/1990,6/28/1991,FAILURE,PA,20745.0,20836.0
16392.0,4254,AMERICAN BANK & TRUST COMPANY,8/2/1990,8/2/1990,FAILURE,PA,351544.0,319815.0
18250.0,4255,"UNITED BANK OF WACO, NATIONAL ASSOC",8/2/1990,8/2/1990,FAILURE,PA,250030.0,254242.0
31444.0,2111,UNITED FSB,7/31/1990,9/20/1991,FAILURE,PA,415606.0,352744.0
25229.0,4253,U.S. SAVINGS BANK OF AMERICA,7/27/1990,7/27/1990,FAILURE,PA,12416.0,12068.0
27788.0,7322,GUARANTY SAVINGS BANK FSB,7/27/1990,6/14/1991,FAILURE,PA,53900.0,49904.0
30843.0,2179,PROFESSIONAL SAVINGS BANK,7/27/1990,3/13/1992,FAILURE,PA,695604.0,618411.0
32239.0,7349,CITIZENS & BUILDERS FS,7/27/1990,7/12/1991,FAILURE,PA,119184.0,97890.0
32578.0,7277,"STATESMAN BANK FOR SAVINGS, FSB",7/27/1990,3/1/1991,FAILURE,PA,540440.0,445078.0
15740.0,4249,BANK OF WILSON,7/26/1990,7/26/1990,FAILURE,PA,12982.0,13046.0
18787.0,4251,CONTINENTAL BANK,7/26/1990,7/26/1990,FAILURE,PA,135476.0,136013.0
24410.0,4250,BANK OF ODESSA,7/26/1990,7/26/1990,FAILURE,PA,14364.0,14707.0
25605.0,4252,FIRST NATIONAL BANK,7/26/1990,7/26/1990,FAILURE,PA,10915.0,11094.0
29865.0,7351,COMMONWEALTH SAVINGS ASSOC.,7/20/1990,7/12/1991,FAILURE,IDT,44046.0,44346.0
30140.0,2120,MAINSTAY FEDERAL SAVINGS,7/20/1990,9/27/1991,FAILURE,PA,226096.0,165855.0
31269.0,7122,UNITED FS & LA,7/20/1990,7/20/1990,FAILURE,PA,18949.0,18880.0
32208.0,7369,"CHARTER BANK, A FSB",7/20/1990,7/26/1991,FAILURE,PA,130831.0,68851.0
22583.0,4248,THE PERMANENT SAVINGS BANK,7/13/1990,7/13/1990,FAILURE,PA,329994.0,319311.0
28023.0,7329,CAPITOL-UNION FSA,7/13/1990,6/21/1991,FAILURE,PO,392790.0,322633.0
28787.0,7309,NORTH TEXAS FSA,7/13/1990,5/31/1991,FAILURE,IDT,96995.0,95941.0
29023.0,7059,SUMMIT FIRST S & LA,7/13/1990,10/26/1990,FAILURE,PA,57798.0,55837.0
29240.0,7417,PROGRESSIVE SB,7/13/1990,8/23/1991,FAILURE,PO,50232.0,46512.0
15274.0,4246,IREDELL STATE BANK,7/12/1990,7/12/1990,FAILURE,PA,10020.0,10072.0
26387.0,4247,AMERICAN NATIONAL BANK OF GREENVILLE,7/12/1990,7/12/1990,FAILURE,PA,29081.0,29473.0
22062.0,4244,CAPITAL NATIONAL BANK,7/6/1990,7/6/1990,FAILURE,IDT,158197.0,145767.0
31957.0,7300,HERITAGE FSA,7/6/1990,5/31/1991,FAILURE,PA,48819.0,50638.0
90242.0,4245,MILFORD SAVINGS BANK,7/6/1990,7/6/1990,FAILURE,PA,328062.0,297787.0
32037.0,2162,"HOME SB, FSB",7/5/1990,2/28/1992,FAILURE,IDT,12775.0,9890.0
22320.0,4242,ELIOT SAVINGS BANK,6/29/1990,6/29/1990,FAILURE,PA,479461.0,468006.0
22409.0,4243,THE MONTGOMERY NATIONAL BANK,6/29/1990,6/29/1990,FAILURE,PA,92628.0,91622.0
27632.0,7334,TRAVIS SAVINGS & LOAN ASSOC.,6/29/1990,6/21/1991,FAILURE,PA,321705.0,273507.0
28044.0,7222,PIONEER FS & LA,6/29/1990,11/16/1990,FAILURE,PO,9466.0,9113.0
31640.0,7352,FIRST JACKSON FSB,6/29/1990,7/12/1991,FAILURE,PA,116519.0,91386.0
32168.0,7357,WINDSOR SAVINGS ASSOC.,6/29/1990,7/12/1991,FAILURE,PO,108825.0,102713.0
32214.0,7330,CHARTER SAVINGS & LOAN,6/29/1990,6/21/1991,FAILURE,PA,102977.0,83347.0
5566.0,4238,THE VALLEY VIEW NATIONAL BANK,6/28/1990,6/28/1990,FAILURE,PA,12969.0,12958.0
23336.0,4240,SOUTHWEST NATIONAL BANK,6/28/1990,6/28/1990,FAILURE,PA,33621.0,33592.0
23887.0,4241,BROOKWOOD NATIONAL BANK,6/28/1990,6/28/1990,FAILURE,PA,26870.0,26784.0
25874.0,4237,"BACLIFF BANK, NATIONAL ASSOCIATION",6/28/1990,6/28/1990,FAILURE,PA,7131.0,7758.0
26180.0,4239,AMERICAN NATIONAL BANK,6/28/1990,6/28/1990,FAILURE,PA,14841.0,14775.0
30353.0,7374,"GERMANIA BANK, FSB",6/22/1990,7/26/1991,FAILURE,PA,785535.0,663333.0
31817.0,7410,SOUTHERN FEDERAL BANK FOR SAVINGS,6/22/1990,8/16/1991,FAILURE,IDT,142792.0,93946.0
24864.0,4233,BANK OF EAST TEXAS,6/21/1990,6/21/1990,FAILURE,PA,11049.0,11173.0
24982.0,4234,PEOPLES NATIONAL BANK,6/21/1990,6/21/1990,FAILURE,PA,9649.0,10848.0
25089.0,4236,CENTRE NATIONAL BANK-FARMERS BRANCH,6/21/1990,6/21/1990,FAILURE,PA,39656.0,39179.0
26711.0,4235,LAKELAND STATE BANK,6/21/1990,6/21/1990,FAILURE,PA,12774.0,12760.0
22852.0,4232,FARMERS AND MERCHANTS BANK,6/18/1990,6/18/1990,FAILURE,PA,23999.0,22382.0
24683.0,4231,BANK M,6/15/1990,6/15/1990,FAILURE,PA,10691.0,10719.0
27617.0,7436,UNITED S & L OF TRENTON,6/15/1990,9/6/1991,FAILURE,PA,277721.0,277303.0
27890.0,7265,MOULTRIE SAVINGS BANK FSB,6/15/1990,1/4/1991,FAILURE,PA,65753.0,52651.0
31843.0,7372,FIRST FEDERAL SAVINGS & LOAN,6/15/1990,7/26/1991,FAILURE,PO,156335.0,134186.0
31924.0,7251,CHARTER SAVINGS BANK,6/15/1990,12/7/1990,FAILURE,IDT,313895.0,280368.0
3012.0,4230,NATIONAL CITY BANK OF DENVER,6/14/1990,6/14/1990,FAILURE,PA,58350.0,65127.0
21187.0,4229,EXCHANGE NATIONAL BANK OF DEL CITY,6/14/1990,6/14/1990,FAILURE,PA,43160.0,39583.0
21476.0,4227,THE WIMBERLEY BANK,6/14/1990,6/14/1990,FAILURE,PA,23282.0,24293.0
24349.0,4226,"ALLIANCE BANK, NATIONAL ASSOCIATION",6/14/1990,6/14/1990,FAILURE,PA,81144.0,85452.0
24652.0,4228,WILLOW BEND NATIONAL BANK,6/14/1990,6/14/1990,FAILURE,PA,58945.0,66130.0
23795.0,4225,THE MERCHANTS BANK OF CALIFORNIA,6/8/1990,6/8/1990,FAILURE,PA,62435.0,60994.0
28716.0,7257,HOMETOWN SAVINGS BANK FSB,6/8/1990,12/14/1990,FAILURE,PA,64666.0,58653.0
30390.0,7212,HOME FEDERAL,6/8/1990,11/9/1990,FAILURE,IDT,235780.0,243512.0
30770.0,7288,FIRST BANKERS TRUST,6/8/1990,5/10/1991,FAILURE,PO,103645.0,93539.0
20240.0,4224,RICHMARK BANK,6/7/1990,6/7/1990,FAILURE,PA,35194.0,35824.0
24496.0,4221,HULEN NATIONAL BANK,6/7/1990,6/7/1990,FAILURE,PA,11718.0,11705.0
24724.0,4223,TEXAS NATIONAL BANK,6/7/1990,6/7/1990,FAILURE,PA,131825.0,131684.0
25300.0,4222,CLIFTON NATIONAL BANK,6/7/1990,6/7/1990,FAILURE,PA,12139.0,12217.0
2614.0,4211,THE HOME NATIONAL BANK OF MILFORD,6/1/1990,6/1/1990,FAILURE,PA,461659.0,436259.0
3410.0,4214,"NBC BANK- SOUTH TEXAS, NATIONAL",6/1/1990,6/1/1990,FAILURE,PA,118358.0,126492.0
5512.0,4218,"NBC BANK-SAN ANTONIO, NATIONAL ASSOC",6/1/1990,6/1/1990,FAILURE,PA,938232.0,877566.0
5524.0,4219,"NBC BANK-SEGUIN, NATIONAL ASSOC",6/1/1990,6/1/1990,FAILURE,PA,63757.0,68258.0
15488.0,4217,"NBC BANK-RIO GRANDE VALLEY, NA",6/1/1990,6/1/1990,FAILURE,PA,138742.0,135221.0
19185.0,4213,"NBC BANK-BOERNE, NATIONAL ASSOC",6/1/1990,6/1/1990,FAILURE,PA,53811.0,57099.0
19307.0,4220,"NBC BANK-UVALDE, NATIONAL ASSOC",6/1/1990,6/1/1990,FAILURE,PA,35133.0,36165.0
20276.0,4215,"NBC BANK-HOUSTON, NATIONAL ASSOC",6/1/1990,6/1/1990,FAILURE,PA,186247.0,284619.0
22404.0,4212,"NBC BANK-AUSTIN, NATIONAL ASSOC",6/1/1990,6/1/1990,FAILURE,PA,33805.0,41824.0
22685.0,4216,"NBC BANK-KERRVILLE, NATIONAL ASSOC",6/1/1990,6/1/1990,FAILURE,PA,26011.0,30750.0
28419.0,7287,FIRST ANNAPOLIS SAVINGS,6/1/1990,5/3/1991,FAILURE,IDT,720116.0,618270.0
28848.0,7355,MUTUAL S & LA,6/1/1990,7/12/1991,FAILURE,PO,104774.0,93295.0
31671.0,7292,TIME FS & LA,6/1/1990,5/17/1991,FAILURE,PA,57943.0,53942.0
32315.0,7315,INVESTORS OF FLORIDA,6/1/1990,6/7/1991,FAILURE,PA,282574.0,244856.0
32323.0,7333,GREAT LIFE FSA,6/1/1990,6/21/1991,FAILURE,PA,42727.0,36325.0
1193.0,4208,THE HUNTSVILLE NATIONAL BANK,5/31/1990,5/31/1990,FAILURE,PA,107169.0,107969.0
23499.0,4210,"THE WILSHIRE BANK, NATIONAL ASSOC",5/31/1990,5/31/1990,FAILURE,PA,24752.0,23915.0
25909.0,4209,ROCKY MOUNTAIN NATIONAL BANK,5/31/1990,5/31/1990,FAILURE,PA,9203.0,8860.0
27980.0,7247,FIRST AMERICAN FEDERAL SAVINGS,5/25/1990,12/7/1990,FAILURE,PA,450689.0,444172.0
29324.0,7310,FIRST FEDERAL SAVINGS & LOAN,5/25/1990,6/7/1991,FAILURE,IDT,232334.0,209021.0
31078.0,7151,CAGAUS-CENTRAL FEDERAL SAVINGS,5/25/1990,8/31/1990,FAILURE,PA,1639132.0,1255567.0
31726.0,7296,REMINGTON FEDERAL SAVINGS ASSOC.,5/25/1990,5/30/1991,FAILURE,PO,127005.0,113909.0
31938.0,7217,"BANK USA, FEDERAL ASSOCIATION",5/25/1990,11/9/1990,FAILURE,IDT,22853.0,20859.0
32056.0,2101,AMERICAN PIONEER SAVINGS BANK,5/25/1990,9/20/1991,FAILURE,PI,1613793.0,1375875.0
11456.0,4205,GENTRY COUNTY BANK,5/24/1990,5/24/1990,FAILURE,PA,42268.0,46328.0
15366.0,4204,FARMERS STATE BANK OF BROOKSHIRE,5/24/1990,5/24/1990,FAILURE,PA,19438.0,19590.0
24896.0,4207,"MEMORIAL BANK, NATIONAL ASSOCIATION",5/24/1990,5/24/1990,FAILURE,PA,75928.0,73263.0
25100.0,4206,MIDWAY NATIONAL BANK,5/24/1990,5/24/1990,FAILURE,PA,16389.0,17059.0
26862.0,4202,"MERCHANTSBANK OF BOSTON, A CO-OP",5/18/1990,5/18/1990,FAILURE,IDT,392219.0,390997.0
28811.0,7407,JONESBORO FEDERAL SA,5/18/1990,8/16/1991,FAILURE,PO,55046.0,54058.0
28944.0,7364,FIRST FEDERAL SAVINGS OF CONROE,5/18/1990,7/19/1991,FAILURE,PA,174251.0,146206.0
29130.0,7388,JENNINGS FSA,5/18/1990,8/2/1991,FAILURE,IDT,54070.0,55946.0
30432.0,7339,FIRST FSA,5/18/1990,6/28/1991,FAILURE,PA,63198.0,53681.0
30592.0,7378,SOUTHWEST SAVINGS ASSOCIATION,5/18/1990,7/26/1991,FAILURE,PI,5325053.0,3767794.0
3216.0,4200,THE FIRST NATIONAL BANK OF GEORGETOWN,5/17/1990,5/17/1990,FAILURE,PA,71615.0,70280.0
5547.0,4201,FIRST-TAYLOR NATIONAL BANK,5/17/1990,5/17/1990,FAILURE,PA,74001.0,79791.0
30147.0,7261,UNITED SAVINGS FSB,5/15/1990,12/13/1990,FAILURE,PO,245785.0,244812.0
29182.0,7121,"UNITED SAVINGS BANK, FSB",5/11/1990,7/6/1990,FAILURE,IDT,161452.0,133233.0
31134.0,7401,THE FEDERAL SAVINGS BANC FA,5/11/1990,8/9/1991,FAILURE,PO,137288.0,124286.0
31508.0,7312,FIRST FSA OF BREAUX BRIDGE,5/11/1990,6/21/1991,FAILURE,PA,20360.0,20901.0
32576.0,7406,GREAT WEST FEDERAL SAVINGS BANK,5/11/1990,8/16/1991,FAILURE,PA,28089.0,31038.0
16108.0,4197,FIRST NATIONAL BANK OF GRAND SALINE,5/10/1990,5/10/1990,FAILURE,PA,28574.0,28669.0
19026.0,4196,COMMONWEALTH NATIONAL BANK,5/10/1990,5/10/1990,FAILURE,PA,44494.0,45691.0
23527.0,4199,DOMINION NATIONAL BANK OF DENVER,5/10/1990,5/10/1990,FAILURE,PA,15317.0,14568.0
23699.0,4198,FIRST NATIONAL BANK OF DESOTO,5/10/1990,5/10/1990,FAILURE,PA,24070.0,26512.0
25052.0,4195,CHANCERY NATIONAL BANK,5/9/1990,5/9/1990,FAILURE,PA,15234.0,14917.0
32411.0,7259,"MISSISSIPPI SAVINGS BANK, FSB",5/8/1990,12/14/1990,FAILURE,PO,172343.0,148703.0
25138.0,4194,TUCKER STATE BANK,5/4/1990,5/4/1990,FAILURE,PA,41759.0,43458.0
28257.0,7120,FIRST FED. SAVINGS BANK & TRUST,5/4/1990,7/6/1990,FAILURE,IDT,25410.0,21072.0
28526.0,7348,CAPITOL FEDERAL SAVINGS & LOAN,5/4/1990,7/12/1991,FAILURE,PA,980569.0,794367.0
30130.0,7376,MUTUAL AIDE S & LA,5/4/1990,8/16/1991,FAILURE,PA,103314.0,105011.0
31433.0,7228,SECURITY FEDERAL SAVINGS BANK,5/4/1990,11/16/1990,FAILURE,IDT,26863.0,34154.0
31982.0,7100,PENINSULA S & LA,5/4/1990,6/22/1990,FAILURE,IDT,51805.0,46145.0
21812.0,4193,RICHARDSON NATIONAL BANK,5/3/1990,5/3/1990,FAILURE,PA,50460.0,59061.0
22262.0,4192,"FIRST NATIONAL BANK, NORTHEAST",5/3/1990,5/3/1990,FAILURE,PA,18013.0,18699.0
28666.0,7400,SANTA BARBARA S & L ASSOC.,4/27/1990,8/9/1991,FAILURE,PA,4291640.0,1744298.0
29581.0,7161,HOME OWNERS SAVINGS BANK,4/27/1990,9/7/1990,FAILURE,PA,3491516.0,2701444.0
18721.0,4188,TRINITY NATIONAL BANK OF DALLAS,4/26/1990,4/26/1990,FAILURE,PA,37140.0,37505.0
23002.0,4191,CENTRAL ARIZONA BANK,4/26/1990,4/26/1990,FAILURE,PA,6644.0,7083.0
24666.0,4189,"SIGNATURE BANK, NATIONAL ASSOCIATION",4/26/1990,4/26/1990,FAILURE,PA,26758.0,27398.0
25666.0,4190,GUARDIAN BANK,4/26/1990,4/26/1990,FAILURE,PA,25901.0,27020.0
25831.0,4187,BERGEN PARK NATIONAL BANK,4/20/1990,4/20/1990,FAILURE,PA,5769.0,5896.0
28307.0,7365,FIRST SAVINGS & LOAN,4/20/1990,7/19/1991,FAILURE,PA,168158.0,157855.0
30301.0,7414,HERITAGE FSA,4/20/1990,8/23/1991,FAILURE,PA,45859.0,44335.0
30305.0,7293,TEXAS FSA,4/20/1990,5/22/1991,FAILURE,PO,55368.0,60497.0
31897.0,7303,SOUTHEASTERN FEDERAL SAVINGS BANK,4/20/1990,5/31/1991,FAILURE,IDT,49813.0,38391.0
32187.0,7177,FIRST NETWORK SAVINGS BANK,4/20/1990,9/14/1990,FAILURE,PO,303826.0,393643.0
32253.0,7158,ENTERPRISE FED. FSA,4/20/1990,9/7/1990,FAILURE,PA,62602.0,45095.0
15051.0,4181,CORINTH DEPOSIT NATIONAL BANK,4/19/1990,4/19/1990,FAILURE,PA,8744.0,8652.0
17952.0,4186,CHAS. SCHREINER BANK,4/19/1990,4/19/1990,FAILURE,PA,228079.0,232549.0
18110.0,4185,COVE STATE BANK,4/19/1990,4/19/1990,FAILURE,PA,37343.0,37464.0
22147.0,4183,FIRST STATE BANK OF CRANDALL,4/19/1990,4/19/1990,FAILURE,PA,15830.0,15627.0
24915.0,4184,SECURITY NATIONAL BANK OF ELGIN,4/19/1990,4/19/1990,FAILURE,PA,10839.0,10710.0
24941.0,4182,ACADIANA NATIONAL BANK,4/19/1990,4/19/1990,FAILURE,PA,33510.0,33030.0
16070.0,4180,"THE SEAMEN'S BANK OF SAVINGS, FS",4/18/1990,4/18/1990,FAILURE,PA,3391988.0,2141918.0
15869.0,4179,THE BAZINE STATE BANK,4/12/1990,4/12/1990,FAILURE,PA,16940.0,16509.0
31233.0,7132,FIRST FEDERAL SAVINGS & LOAN,4/12/1990,8/17/1990,FAILURE,PA,150053.0,144101.0
31271.0,7115,CONSTITUTION FED. SAVINGS ASSOC.,4/12/1990,6/29/1990,FAILURE,PO,66415.0,64763.0
18793.0,4177,FIRST BANK & TRUST COMPANY,4/5/1990,4/5/1990,FAILURE,PA,13788.0,13101.0
25780.0,4178,CHAMPIONS POINT NATIONAL BANK,4/5/1990,4/5/1990,FAILURE,PA,20581.0,19513.0
27839.0,2130,"COLONY SAVINGS BANK, FSB",4/5/1990,10/11/1991,FAILURE,PA,427473.0,330654.0
18840.0,4175,EVERMAN NATIONAL BANK OF FORT WORTH,3/30/1990,3/30/1990,FAILURE,PA,65941.0,65547.0
26469.0,4176,IMPERIAL BANK,3/30/1990,3/30/1990,FAILURE,PA,23166.0,23983.0
3071.0,4172,ALVORD NATIONAL BANK,3/29/1990,3/29/1990,FAILURE,PA,7616.0,7663.0
24014.0,4173,FIRST NATIONAL BANK OF GARLAND,3/29/1990,3/29/1990,FAILURE,PA,9394.0,10071.0
26648.0,4174,"CROWN BANK, NATIONAL ASSOCIATION",3/29/1990,3/29/1990,FAILURE,PA,22767.0,21927.0
5507.0,4171,THE CENTRAL NATIONAL BANK OF SAN ANGELO,3/22/1990,3/22/1990,FAILURE,PA,147449.0,148163.0
17665.0,4167,MIAMI NATIONAL BANK,3/22/1990,3/22/1990,FAILURE,PA,46399.0,45124.0
19602.0,4168,COMMUNITY BANK,3/22/1990,3/22/1990,FAILURE,PA,41952.0,42089.0
22829.0,4169,AMERICAN BANK OF ARLINGTON,3/22/1990,3/22/1990,FAILURE,PA,28327.0,28823.0
26353.0,4170,"THE WALLER BANK, NATIONAL ASSOCIATION",3/22/1990,3/22/1990,FAILURE,PA,13354.0,13677.0
29122.0,7220,NASAU FEDERAL SAVINGS & LOAN,3/16/1990,11/16/1990,FAILURE,PA,296815.0,300473.0
29137.0,7145,LAKELAND SAVINGS BANK FSB,3/16/1990,8/24/1990,FAILURE,IDT,79624.0,80645.0
29403.0,7311,FIRST FS & LA OF WICHITA FALLS,3/16/1990,6/7/1991,FAILURE,PO,84836.0,88145.0
30194.0,7221,WHITESTONE SAVINGS,3/16/1990,11/16/1990,FAILURE,PA,396946.0,352700.0
31455.0,7191,"UNITED FEDERAL SAVINGS, FA",3/16/1990,9/28/1990,FAILURE,IDT,53244.0,43923.0
31547.0,7110,SUN FEDERAL SAVINGS ASSOC.,3/16/1990,6/28/1990,FAILURE,PA,24299.0,18967.0
31828.0,7256,GREAT AMERICAN FS & LA,3/16/1990,12/14/1990,FAILURE,PO,159235.0,133163.0
32097.0,7356,PACIFIC COAST S & LA,3/16/1990,7/12/1991,FAILURE,PA,1040267.0,633168.0
32330.0,7441,FIRST AMERICA FSB,3/16/1990,9/13/1991,FAILURE,PO,187366.0,146818.0
9880.0,4164,BANK OF MEEKER,3/15/1990,3/15/1990,FAILURE,PA,15529.0,15503.0
23065.0,4165,LIBERTY CITY STATE BANK,3/15/1990,3/15/1990,FAILURE,PA,15189.0,15004.0
25649.0,4166,INDEPENDENT NATIONAL BANK,3/15/1990,3/15/1990,FAILURE,PA,12417.0,13523.0
21630.0,4163,FIRST BANK NATIONAL ASSOCIATION,3/9/1990,3/9/1990,FAILURE,PO,33087.0,32147.0
28697.0,7226,HIAWATHA SAVINGS & LOAN,3/9/1990,11/16/1990,FAILURE,PA,49198.0,54136.0
30267.0,7260,PEOPLES FS & LA,3/9/1990,12/14/1990,FAILURE,IDT,105531.0,91019.0
30398.0,2135,YORKWOOD S & LA,3/9/1990,10/18/1991,FAILURE,PA,205283.0,191301.0
30795.0,7408,NASSAU S & LA,3/9/1990,8/23/1991,FAILURE,PA,313057.0,275627.0
31873.0,7314,INVESTORS SAVINGS BANK,3/9/1990,6/7/1991,FAILURE,PA,81110.0,65839.0
31965.0,7141,WESTPORT FEDERAL SAVINGS BANK,3/9/1990,8/17/1990,FAILURE,PO,169635.0,171548.0
16457.0,4160,UNIVERSITY NATIONAL BANK OF COLLEGE STATIO,3/8/1990,3/8/1990,FAILURE,PA,36341.0,39534.0
18647.0,4161,FARMERS STATE BANK,3/8/1990,3/8/1990,FAILURE,PA,32735.0,33426.0
22405.0,4162,CITIZENS NATIONAL BANK,3/8/1990,3/8/1990,FAILURE,PA,16160.0,16845.0
30697.0,7275,PIMA S & LA,3/2/1990,2/15/1991,FAILURE,PA,2734063.0,2128178.0
30752.0,7190,SECURITY FS & LA,3/2/1990,9/28/1990,FAILURE,PA,341553.0,237490.0
31174.0,7225,NEW ATHENS FS & LA,3/2/1990,11/16/1990,FAILURE,PA,30419.0,27643.0
31744.0,7179,NORTH CAROLINA FS & LA,3/2/1990,9/21/1990,FAILURE,PA,628098.0,455029.0
32588.0,7245,HAVEN FS & LA,3/2/1990,12/7/1990,FAILURE,PA,172437.0,146159.0
5516.0,4157,FIRST NATIONAL BANK OF SANGER,3/1/1990,3/1/1990,FAILURE,PA,19653.0,19943.0
24075.0,4159,COMMUNITY STATE BANK OF ONALASKA,3/1/1990,3/1/1990,FAILURE,PA,9685.0,9611.0
26608.0,4158,SEARCH NATIONAL BANK,3/1/1990,3/1/1990,FAILURE,PA,21155.0,22225.0
20150.0,4156,THE BANK OF RUIDOSO,2/23/1990,2/23/1990,FAILURE,PA,27843.0,26459.0
24752.0,4155,THE RED RIVER BANK,2/23/1990,2/23/1990,FAILURE,PA,6530.0,6550.0
27739.0,7442,FIRST ATLANTIC S & LA,2/23/1990,9/13/1991,FAILURE,PI,1296682.0,1009768.0
28176.0,7211,FIRST FEDERAL SAV. ASSOC./BLUEFIELD,2/23/1990,11/9/1990,FAILURE,PA,39261.0,33226.0
28311.0,7140,PROVIDENT SA,2/23/1990,8/17/1990,FAILURE,PA,244946.0,200294.0
28488.0,7098,FRONTIER FS & LA,2/23/1990,6/22/1990,FAILURE,PA,146865.0,120037.0
28517.0,7285,IMPERIAL FEDERAL SAVINGS ASSOC.,2/23/1990,4/19/1991,FAILURE,PA,9581584.0,6615722.0
29451.0,7345,VANGUARD SB,2/23/1990,7/5/1991,FAILURE,PA,176858.0,150691.0
30510.0,7155,FIRST STANDARD FED. SAVINGS ASSOC.,2/23/1990,11/2/1990,FAILURE,PA,77577.0,75603.0
30854.0,7299,GREENWOOD FS & LA,2/23/1990,5/31/1991,FAILURE,IDT,26663.0,25564.0
31073.0,7208,COMMUNITY FEDERAL SAVINGS BANK,2/23/1990,11/2/1990,FAILURE,PA,112025.0,114164.0
31273.0,7187,MERCURY SAVINGS,2/23/1990,9/21/1990,FAILURE,PA,2158830.0,1794178.0
31660.0,7379,TEXASBANC SAVINGS,2/23/1990,8/2/1991,FAILURE,IDT,248839.0,385722.0
31801.0,7409,NOWLIN SA,2/23/1990,8/16/1991,FAILURE,PA,200506.0,195537.0
8949.0,4154,THE FIRST STATE BANK OF REGENT,2/22/1990,2/22/1990,FAILURE,PA,9717.0,9526.0
28220.0,7166,THE BEN FRANKLIN FS & LA,2/21/1990,9/7/1990,FAILURE,PA,4616850.0,3222248.0
27850.0,7397,FREEDOM SA,2/16/1990,8/9/1991,FAILURE,PA,360378.0,311944.0
28247.0,7411,STATE FS & LA,2/16/1990,8/16/1991,FAILURE,PA,526339.0,358341.0
28829.0,7142,FIDELITY SAVINGS BANK,2/16/1990,8/22/1990,FAILURE,PA,16317.0,16462.0
28911.0,7182,GREAT AMERICAN FS & LA,2/16/1990,9/21/1990,FAILURE,PA,1013231.0,736370.0
29318.0,7235,HERITAGE FSB,2/16/1990,11/30/1990,FAILURE,PA,225004.0,175737.0
30311.0,1285,FRANKLIN FSA,2/16/1990,6/10/1994,FAILURE,PI,9258163.0,4638598.0
31320.0,7081,"EQUITABLE S & LA, FA",2/16/1990,6/22/1990,FAILURE,PA,73176.0,63656.0
32101.0,7156,WESTERN EMPIRE FS & LA,2/16/1990,8/31/1990,FAILURE,IDT,406574.0,318451.0
21436.0,4151,HUFFMAN BANK,2/15/1990,2/15/1990,FAILURE,PA,22019.0,21660.0
23452.0,4152,NORTHWAY NATIONAL BANK,2/15/1990,2/15/1990,FAILURE,PA,19138.0,23917.0
26667.0,4153,GATEWAY NATIONAL BANK,2/15/1990,2/15/1990,FAILURE,PA,8598.0,8209.0
28205.0,7163,FAIRMONT FEDERAL SAVINGS ASSOC.,2/9/1990,9/7/1990,FAILURE,PA,45966.0,46392.0
29127.0,7280,"ABQ BANK, A FSB",2/9/1990,3/1/1991,FAILURE,PA,2018703.0,1467840.0
29728.0,7273,AMERICAN FEDERAL SAVINGS ASSOC.,2/9/1990,2/8/1991,FAILURE,PA,910668.0,817908.0
29840.0,7338,VERMONT SA,2/9/1990,6/28/1991,FAILURE,PA,334886.0,254328.0
32094.0,7099,HUNTINGTON FS & LA,2/9/1990,6/22/1990,FAILURE,PA,120438.0,120234.0
32515.0,7264,LIBERTY SAVINGS BANK FSB,2/9/1990,1/4/1991,FAILURE,IDT,49481.0,41961.0
4237.0,4150,THE FIRST NATIONAL BANK OF COLBERT,2/8/1990,2/8/1990,FAILURE,IDT,17910.0,16539.0
16816.0,4148,CITIZENS NATIONAL BANK OF WALNUT RIDGE,2/2/1990,2/2/1990,FAILURE,PA,37524.0,34098.0
26429.0,4149,COMMERCE BANK OF TAMPA,2/2/1990,2/2/1990,FAILURE,PA,21631.0,22270.0
27915.0,7233,HENDERSON HOME S & LA,2/2/1990,11/30/1990,FAILURE,PA,50377.0,49827.0
29000.0,7102,"CENTRUST BANK, SB",2/2/1990,6/29/1990,FAILURE,PA,8217563.0,5894019.0
29470.0,7297,CLYDE FS & LA,2/2/1990,5/31/1991,FAILURE,PA,574684.0,563728.0
30803.0,7279,"PIONEER SAVINGS BANK, FSB",2/2/1990,3/1/1991,FAILURE,PA,1935739.0,1424005.0
32261.0,7073,SENTINEL FS & LA,2/2/1990,6/15/1990,FAILURE,IDT,174915.0,170574.0
24393.0,4147,TYLER NATIONAL BANK,2/1/1990,2/1/1990,FAILURE,PA,24708.0,26103.0
31400.0,7201,MERABANK FSB,1/31/1990,9/28/1990,FAILURE,PA,6317579.0,4803146.0
3164.0,4143,"BANCTEXAS DALLAS, N.A.",1/26/1990,1/26/1990,FAILURE,PA,340938.0,338207.0
16036.0,4144,"MONROE SAVINGS BANK, FSB",1/26/1990,1/26/1990,FAILURE,PA,520587.0,488802.0
19273.0,4145,CREDITBANK,1/26/1990,1/26/1990,FAILURE,PA,76437.0,74090.0
24937.0,4146,"FIDELITY BANK, NATIONAL ASSOCIATION",1/26/1990,1/26/1990,FAILURE,IDT,36625.0,35817.0
28929.0,7183,FIRST SAVINGS ASSOC.,1/26/1990,9/21/1990,FAILURE,IDT,113384.0,100539.0
30309.0,7216,COLONIAL S & LA,1/26/1990,11/9/1990,FAILURE,PA,170860.0,157400.0
31710.0,7178,WILLIAMSBURG FS & LA,1/26/1990,9/14/1990,FAILURE,PA,310520.0,257666.0
31991.0,7215,GRAND PRAIRIE FS & LA,1/26/1990,11/9/1990,FAILURE,PO,31465.0,24780.0
32003.0,7205,UVALDE FS & LA,1/26/1990,10/19/1990,FAILURE,PO,13262.0,14318.0
32089.0,7290,PALO DURO FS & LA,1/26/1990,5/17/1991,FAILURE,PA,64983.0,41818.0
1215.0,4142,"FARMERS STATE BANK OF SHIRO, TEXAS",1/25/1990,1/25/1990,FAILURE,PA,4601.0,4399.0
30321.0,7194,EMPIRE OF AMERICA FSB,1/24/1990,9/28/1990,FAILURE,PA,8173572.0,8025454.0
27765.0,7230,FRONTIER FEDERAL SAVINGS BANK,1/18/1990,11/29/1990,FAILURE,PA,45338.0,47565.0
28830.0,7162,GEM CITY FS & LA,1/18/1990,9/7/1990,FAILURE,PA,290392.0,232928.0
29465.0,7112,MARSHALL FS & LA,1/18/1990,6/29/1990,FAILURE,PA,62047.0,57793.0
30677.0,7405,DUVAL FEDERAL SAVINGS ASSN.,1/18/1990,8/16/1991,FAILURE,IDT,1016266.0,861575.0
30855.0,7082,FIRST FED. SAVINGS ASSOC. OF YORK,1/18/1990,6/22/1990,FAILURE,PA,59744.0,54885.0
31052.0,7419,STANDARD FSA,1/18/1990,8/26/1991,FAILURE,PO,13517.0,15080.0
31213.0,7125,COLONIAL FEDERAL SAVINGS ASSOC.,1/18/1990,8/10/1990,FAILURE,PA,136400.0,102389.0
31310.0,7347,BROOKHAVEN FS & LA,1/18/1990,7/12/1991,FAILURE,PA,42729.0,41976.0
31463.0,7248,KARNES COUNTY FS & LA,1/18/1990,12/7/1990,FAILURE,IDT,53124.0,56683.0
26252.0,4141,PLAZA DEL ORO NATIONAL BANK,1/11/1990,1/11/1990,FAILURE,PA,15697.0,15778.0
28154.0,7234,ST. CHARLES FSA,1/11/1990,11/30/1990,FAILURE,PA,146514.0,113270.0
28340.0,7426,AMERICAN FSB,1/11/1990,9/13/1991,FAILURE,IDT,51797.0,39793.0
28863.0,7097,FAMILY FEDERAL SAVINGS,1/11/1990,6/22/1990,FAILURE,PA,164183.0,100719.0
28884.0,2147,ATLANTIC FINANCIAL SAVINGS,1/11/1990,11/15/1991,FAILURE,PA,5299370.0,3710735.0
28928.0,7109,ST. LOUIS COUNTY SAVINGS ASSOC.,1/11/1990,6/28/1990,FAILURE,PA,85828.0,81197.0
28940.0,7282,"HORIZON SAVINGS BANK, FSB",1/11/1990,3/8/1991,FAILURE,PA,1223701.0,1102973.0
29803.0,7359,CERTIFIED FSA,1/11/1990,7/19/1991,FAILURE,PO,118852.0,91442.0
31944.0,7150,INVESTMENT FS & LA,1/11/1990,8/24/1990,FAILURE,PA,247813.0,241488.0
32122.0,7242,DEPOSIT TRUST FEDERAL SAVINGS,1/11/1990,12/7/1990,FAILURE,IDT,97966.0,91712.0
32191.0,7101,WILSHIRE FS & LA,1/11/1990,6/22/1990,FAILURE,PO,78144.0,77324.0
32342.0,7041,FINANCIAL FS & LA,1/11/1990,6/1/1990,FAILURE,PO,31163.0,33755.0
5517.0,4140,THE FIRST NATIONAL BANK OF SAN MARCOS,1/4/1990,1/4/1990,FAILURE,PA,77567.0,79985.0
27920.0,7184,MIDWEST FEDERAL SAVINGS BANK,1/4/1990,9/21/1990,FAILURE,PA,954990.0,577794.0
30034.0,7152,FIRST CENTRAL FEDERAL SAVINGS BANK,1/4/1990,9/7/1990,FAILURE,PA,112832.0,104887.0
30995.0,7199,BANNERBANC FS & LA,1/4/1990,9/28/1990,FAILURE,IDT,46028.0,55588.0
31904.0,7321,FIRST GUARANTY BANK FOR SAVINGS,1/4/1990,6/14/1991,FAILURE,PA,240966.0,179764.0
31911.0,7271,SILVER SAVINGS ASSOC.,12/21/1989,1/18/1991,FAILURE,IDT,32209.0,27723.0
32390.0,7438,COLUMBIA FSA,12/21/1989,9/13/1991,FAILURE,PO,77141.0,71092.0
23419.0,4139,UNITED COMMUNITY BANK,12/20/1989,12/20/1989,FAILURE,PA,32288.0,29318.0
26814.0,4138,FIRST CITY NATIONAL BANK AND TRUST,12/20/1989,12/20/1989,FAILURE,PO,39512.0,38155.0
18002.0,4137,FIRST AMERICAN BANK AND TRUST,12/15/1989,4/20/1990,FAILURE,PA,1382924.0,1005829.0
17861.0,4136,NORTH SIDE STATE BANK,12/14/1989,12/14/1989,FAILURE,PA,20375.0,21408.0
19492.0,4134,FIRST ACADIANA BANK,12/14/1989,12/14/1989,FAILURE,PA,46767.0,44605.0
20918.0,4135,CANYON LAKE BANK,12/14/1989,12/14/1989,FAILURE,PA,30983.0,32111.0
29444.0,7448,LOUISIANA SAVINGS ASSN.,12/14/1989,9/13/1991,FAILURE,PO,449258.0,398844.0
30675.0,7188,YORKRIDGE-CALVERT FEDERAL SAVINGS,12/14/1989,9/28/1990,FAILURE,IDT,585792.0,372236.0
31830.0,7291,RED RIVER S & L ASSOC.,12/14/1989,5/17/1991,FAILURE,PA,10388.0,7726.0
4192.0,4133,CITY NATIONAL BANK OF SAYRE,12/13/1989,12/13/1989,FAILURE,PA,20959.0,22437.0
24901.0,4132,MIDLOTHIAN NATIONAL BANK,12/13/1989,12/13/1989,FAILURE,PA,9964.0,11512.0
21514.0,4131,"FIRST BANK, PINEVILLE, LOUISIANA",12/8/1989,12/8/1989,FAILURE,PA,72255.0,69301.0
24623.0,4129,ORANGE STATE BANK,12/8/1989,12/8/1989,FAILURE,PA,8047.0,8078.0
28223.0,7346,ATLANTIC PERMANENT FEDERAL,12/8/1989,7/12/1991,FAILURE,PO,581043.0,370596.0
28406.0,7270,"CITY SAVINGS, FSB",12/8/1989,1/11/1991,FAILURE,IDT,9813776.0,7322665.0
20485.0,4126,ATLANTIC NATIONAL BANK,12/7/1989,12/7/1989,FAILURE,PA,14412.0,13669.0
22593.0,4125,ALEDO STATE BANK,12/7/1989,12/7/1989,FAILURE,PA,9933.0,9716.0
25166.0,4127,FIRST NATIONAL BANK OF FRISCO,12/7/1989,12/7/1989,FAILURE,PA,8981.0,9418.0
25674.0,4130,"WESTHEIMER MEMORIAL BANK, NA",12/7/1989,12/7/1989,FAILURE,PA,38862.0,47660.0
26464.0,4128,FIRST COMMERCE NATIONAL BANK,12/7/1989,12/7/1989,FAILURE,PA,20267.0,21443.0
29516.0,7126,THE GARNETT S & L ASSOC.,12/7/1989,8/10/1990,FAILURE,PA,13628.0,14523.0
30624.0,7197,ARLINGTON HEIGHTS SAVINGS ASSOC.,12/7/1989,9/28/1990,FAILURE,PA,509134.0,400707.0
31714.0,7170,COMMUNITY FEDERAL SAVINGS ASSOC.,12/7/1989,9/14/1990,FAILURE,IDT,58270.0,50333.0
354.0,4124,FIRST SECURITY BANK OF GLENDIVE,12/1/1989,12/1/1989,FAILURE,PA,32396.0,31862.0
19664.0,4123,CENTRAL DAKOTA BANK,12/1/1989,12/1/1989,FAILURE,PA,13854.0,13654.0
25676.0,4121,"GREATER TEXAS BANK NORTH, NA",11/30/1989,11/30/1989,FAILURE,PA,22670.0,26293.0
26433.0,4122,"GREATER TEXAS BANK SOUTHWEST, NA",11/30/1989,11/30/1989,FAILURE,PA,32598.0,33466.0
29060.0,7276,"SECURITY FEDERAL SAVINGS, FSB",11/30/1989,2/15/1991,FAILURE,PA,759158.0,667256.0
29436.0,7130,SALAMANCA FED. SAVINGS ASSOC.,11/30/1989,8/17/1990,FAILURE,PA,29698.0,29673.0
31599.0,7072,FIRST FEDERAL SAVINGS BANK,11/30/1989,6/15/1990,FAILURE,PO,13416.0,11533.0
31601.0,7325,SOUTHWESTERN FEDERAL SAVINGS,11/30/1989,6/14/1991,FAILURE,PO,126427.0,114807.0
31974.0,7206,FORTUNE FINANCIAL FED. S & L ASSOC,11/30/1989,10/19/1990,FAILURE,PO,84198.0,74543.0
32133.0,7218,BROOKSIDE FEDERAL S & L,11/30/1989,11/16/1990,FAILURE,PO,601442.0,560299.0
32283.0,7336,AUSTIN FS & LA,11/30/1989,6/26/1991,FAILURE,PO,113369.0,85020.0
23763.0,4120,SECURITY NATIONAL BANK OF SHREVEPORT,11/17/1989,11/17/1989,FAILURE,PO,19446.0,20224.0
21026.0,4118,LOVE FIELD NATIONAL BANK,11/16/1989,11/16/1989,FAILURE,PA,28311.0,29020.0
25171.0,4119,EXECUTIVE NATIONAL BANK,11/16/1989,11/16/1989,FAILURE,PA,7350.0,8874.0
27616.0,7202,FIRST FEDERAL S & L /CENTRAL INDIANA,11/16/1989,10/5/1990,FAILURE,PA,192423.0,176725.0
28649.0,7174,SOONER FEDERAL SAVINGS ASSOC.,11/16/1989,9/14/1990,FAILURE,PA,1529913.0,1153454.0
28987.0,7136,TEXAS WESTERN FEDERAL SAVINGS,11/16/1989,8/17/1990,FAILURE,PO,116097.0,96713.0
30982.0,6989,SECURITY FED. SAVINGS ASSOCIATION,11/16/1989,5/4/1990,FAILURE,IDT,71004.0,74713.0
32030.0,7268,GENERAL FEDERAL SAVINGS BANK,11/16/1989,1/11/1991,FAILURE,IDT,355501.0,301460.0
15080.0,4114,THE LEE STATE BANK,11/9/1989,11/9/1989,FAILURE,PA,13405.0,13473.0
19114.0,4117,NATIONAL INDUSTRIAL BANK OF CONNECTICUT,11/9/1989,11/9/1989,FAILURE,PA,46515.0,48254.0
22530.0,4116,CITY NATIONAL BANK OF PLANO,11/9/1989,11/9/1989,FAILURE,PA,56450.0,71100.0
23475.0,4115,UNITED NATIONAL BANK OF PLANO,11/9/1989,11/9/1989,FAILURE,PA,29822.0,30544.0
27821.0,7224,FIDELITY FEDERAL SAVINGS ASSOC.,11/9/1989,11/16/1990,FAILURE,PA,393814.0,361556.0
30190.0,7342,COLONIAL FEDERAL SAVINGS ASSOC.,11/9/1989,7/5/1991,FAILURE,PO,427118.0,337964.0
30909.0,7168,CREST FEDERAL S & L,11/9/1989,9/14/1990,FAILURE,IDT,137052.0,133238.0
31655.0,7055,ASPEN SAVINGS BANK FSB,11/9/1989,6/8/1990,FAILURE,IDT,136338.0,108156.0
32162.0,7042,SARATOGA S & L ASSOCIATION,11/9/1989,6/1/1990,FAILURE,IDT,84464.0,81712.0
11786.0,4113,BANK OF ST. CHARLES,11/2/1989,11/2/1989,FAILURE,PA,65235.0,65181.0
32281.0,7232,FIRST LOUISIANA FEDERAL SAVINGS,11/2/1989,11/30/1990,FAILURE,IDT,161850.0,105813.0
22897.0,4112,FIRST SECURITY BANK AND TRUST CO,10/26/1989,10/26/1989,FAILURE,PA,20596.0,20720.0
24704.0,4111,WESTERN NATIONAL BANK OF LOUISIANA,10/26/1989,10/26/1989,FAILURE,PA,11848.0,11945.0
28690.0,7137,GREAT PLAINS SAVINGS,10/26/1989,8/17/1990,FAILURE,PA,99765.0,72501.0
1187.0,4106,FIRST CONSOLIDATED BANK - FERRIS,10/20/1989,10/20/1989,FAILURE,PA,12026.0,11248.0
3123.0,4107,FIRST CONSOLIDATED BANK - HILLSBORO,10/20/1989,10/20/1989,FAILURE,PA,11315.0,10847.0
5498.0,4109,FIRST CONSOLIDATED BANK - ROSEBUD,10/20/1989,10/20/1989,FAILURE,PA,17125.0,16533.0
24302.0,4108,FIRST CONSOLIDATED BANK - BUDA,10/20/1989,10/20/1989,FAILURE,PA,15040.0,15224.0
25782.0,4110,FIRST CONSOLIDATED BANK - PLEASANT RUN,10/20/1989,10/20/1989,FAILURE,PA,19291.0,19837.0
20426.0,4105,CENTURY BANK,10/19/1989,10/19/1989,FAILURE,PA,120355.0,119937.0
25061.0,4104,BEAUMONT BANK-NATIONAL ASSOCIATION,10/19/1989,10/19/1989,FAILURE,PA,29198.0,26886.0
25698.0,4103,"PARK AVENUE BANK, NATIONAL ASSOC",10/19/1989,10/19/1989,FAILURE,PA,17919.0,14436.0
28174.0,7390,PEOPLES HOMESTEAD SAVINGS BANK,10/19/1989,8/2/1991,FAILURE,IDT,268935.0,263662.0
29074.0,7274,MID KANSAS S & LA ASSOC.,10/19/1989,2/15/1991,FAILURE,PA,761850.0,595584.0
29183.0,7111,VALLEY FEDERAL SAVINGS,10/19/1989,6/29/1990,FAILURE,PA,517092.0,542897.0
31397.0,7319,SURETY FEDERAL SAVINGS ASSOC.,10/19/1989,6/7/1991,FAILURE,PO,290998.0,244546.0
31682.0,7189,SEASONS FEDERAL SAVINGS BANK,10/19/1989,9/28/1990,FAILURE,PA,260796.0,213711.0
29870.0,7127,BANC IOWA FEDERAL SAVINGS BANK,10/16/1989,8/10/1990,FAILURE,PA,161877.0,140208.0
29918.0,7420,COLUMBIA FEDERAL HOMESTEAD,10/13/1989,8/30/1991,FAILURE,PO,96143.0,90065.0
18876.0,4101,CITIZENS BANK,10/12/1989,10/12/1989,FAILURE,PA,31307.0,32123.0
25751.0,4102,"NORTH BANK, NATIONAL ASSOCIATION",10/12/1989,10/12/1989,FAILURE,PA,12368.0,12927.0
21263.0,4100,FIRST BANK,10/6/1989,10/6/1989,FAILURE,PA,35950.0,33967.0
5540.0,5997,STRAWN SECURITY BANK,10/5/1989,10/5/1989,FAILURE,PA,14420.0,14126.0
11787.0,5996,THE OLLA STATE BANK,10/5/1989,10/5/1989,FAILURE,PA,23569.0,22938.0
23999.0,5998,COMMONWEALTH BANK,10/5/1989,10/5/1989,FAILURE,PA,74931.0,79293.0
25190.0,5999,FIRST NATIONAL BANK OF VAIL,10/5/1989,10/5/1989,FAILURE,PA,3569.0,3489.0
28550.0,7027,"FAMILY SAVINGS BANK, FSB",10/5/1989,5/25/1990,FAILURE,IDT,50912.0,52815.0
32152.0,7167,AMERICAN HOME S & L,10/5/1989,9/12/1990,FAILURE,PA,96734.0,79523.0
24889.0,5995,NATIONAL BANK OF ARIZONA,9/28/1989,9/28/1989,FAILURE,PA,15792.0,15731.0
32507.0,7116,COLORADO SAVINGS BANK,9/28/1989,6/29/1990,FAILURE,IDT,12259.0,12607.0
16342.0,5994,THE FARMERS STATE BANK,9/23/1989,9/23/1989,FAILURE,PA,5677.0,5570.0
22726.0,5993,ROSE CAPITAL BANK,9/21/1989,9/21/1989,FAILURE,PA,62698.0,60449.0
28187.0,7050,EAST TEXAS S & LA ASSOCIATION,9/21/1989,6/8/1990,FAILURE,PA,362365.0,213728.0
28430.0,7026,FIRST FED. S & LA OF BRENHAM,9/21/1989,5/25/1990,FAILURE,IDT,148436.0,138946.0
29660.0,7091,FIRST GARLAND FED. S & L,9/21/1989,6/22/1990,FAILURE,PA,132423.0,106416.0
31398.0,7069,PLANO S & L ASSOC.,9/21/1989,6/15/1990,FAILURE,IDT,274375.0,256137.0
21186.0,5991,KIRBY STATE BANK,9/14/1989,9/14/1989,FAILURE,PA,16787.0,16453.0
25595.0,5989,FIRST BANKERS TRUST OF BOSSIER CITY,9/14/1989,9/14/1989,FAILURE,PA,27094.0,28656.0
25731.0,5992,"MEDCENTRE BANK,N.A.",9/14/1989,9/14/1989,FAILURE,PA,27811.0,30152.0
26462.0,5990,PRAIRIE STATE BANK,9/14/1989,9/14/1989,FAILURE,IDT,16397.0,16783.0
28912.0,7068,FIRST SAVINGS OF LAREDO,9/14/1989,6/15/1990,FAILURE,PO,171151.0,157577.0
8805.0,5987,THE LASALLE STATE BANK,9/7/1989,9/7/1989,FAILURE,PA,38808.0,37123.0
25906.0,5988,THOUSAND OAKS NATIONAL BANK,9/7/1989,9/7/1989,FAILURE,PA,30158.0,32479.0
28107.0,7085,CITIZENS S & LA OF SPRINGFIELD,9/7/1989,6/22/1990,FAILURE,PA,89309.0,78483.0
23943.0,5986,LIBERTY BANK,9/1/1989,9/1/1989,FAILURE,PA,32357.0,30466.0
9657.0,5985,THE BURR OAK STATE BANK,8/31/1989,8/31/1989,FAILURE,IDT,4387.0,4098.0
5560.0,4070,TROUP BANK & TRUST COMPANY,8/24/1989,8/24/1989,FAILURE,PA,24064.0,24820.0
10417.0,4071,FARMERS STATE BANK OF YUMA,8/24/1989,8/24/1989,FAILURE,PA,26604.0,24864.0
12300.0,4069,FIRST STATE BANK,8/24/1989,8/24/1989,FAILURE,PA,30690.0,30994.0
21256.0,5984,SUMMIT BANK,8/24/1989,8/24/1989,FAILURE,IDT,19197.0,18484.0
22967.0,5982,THE DAKOTA BANK,8/24/1989,8/24/1989,FAILURE,IDT,31174.0,28647.0
26319.0,5983,"PARK CENTRAL BANK, NATIONAL ASSOC",8/24/1989,8/24/1989,FAILURE,IDT,11853.0,15193.0
28760.0,7090,DENTON FEDERAL SAVINGS,8/24/1989,6/22/1990,FAILURE,PA,142729.0,147991.0
30628.0,7146,HERITAGE SAVINGS ASSOC.,8/24/1989,8/24/1990,FAILURE,PA,32884.0,27735.0
11158.0,4066,FIRST STATE BANK,8/17/1989,8/17/1989,FAILURE,PA,62218.0,61352.0
20297.0,4068,FIRST STATE BANK OF MCKINNEY,8/17/1989,8/17/1989,FAILURE,PA,18100.0,20227.0
23536.0,4067,CITIZENS NATIONAL BANK OF KILLEEN,8/17/1989,8/17/1989,FAILURE,PA,35494.0,36792.0
29194.0,7108,BLACK HAWK S & L ASSOC.,8/17/1989,6/29/1990,FAILURE,PA,71809.0,68341.0
29850.0,7134,SECURITY FED. S & L ASSOC.,8/17/1989,8/17/1990,FAILURE,PA,318275.0,231268.0
30452.0,7025,HEARNE BUILDING & LOAN ASSOC.,8/17/1989,5/25/1990,FAILURE,PO,27114.0,25887.0
30486.0,7092,TAYLORBANC FEDERAL S & L,8/17/1989,6/22/1990,FAILURE,PA,139517.0,137401.0
31809.0,7053,GUADALUPE S & L ASSOC.,8/17/1989,6/8/1990,FAILURE,PO,25789.0,15838.0
32001.0,7052,SOUTHSIDE FED. S & L ASSOC.,8/17/1989,6/8/1990,FAILURE,PO,49604.0,41421.0
27651.0,7094,METROPOLITAN FINANCIAL FS & LA,8/10/1989,6/22/1990,FAILURE,PA,799517.0,663254.0
28899.0,6946,PEOPLES HERITAGE FS & LA,8/10/1989,1/12/1990,FAILURE,IDT,1810155.0,1467127.0
29076.0,7062,UNIFIRST BANK FOR SAVINGS,8/10/1989,6/15/1990,FAILURE,PA,738323.0,606759.0
27748.0,7308,CITIZENS HOMESTEAD FSA,8/7/1989,6/7/1991,FAILURE,PO,108598.0,116092.0
27755.0,7044,AMERICAN SAVINGS & LOAN,8/7/1989,6/8/1990,FAILURE,IDT,61122.0,71471.0
28237.0,7294,SECURITY HOMESTEAD FEDERAL,8/7/1989,5/24/1991,FAILURE,PO,547616.0,538612.0
29832.0,7324,SOUTH S & L ASSOC.,8/7/1989,6/14/1991,FAILURE,PO,267400.0,235857.0
29867.0,7079,CENTRAL SAVINGS & LOAN,8/7/1989,6/22/1990,FAILURE,IDT,53265.0,63020.0
29868.0,7080,HOME S & L ASSOC.,8/7/1989,6/22/1990,FAILURE,PO,36524.0,35393.0
31396.0,7244,TERREBONNE S & L ASSOC.,8/7/1989,12/7/1990,FAILURE,IDT,26616.0,23892.0
31686.0,7193,DELTA SAVINGS & LOAN ASSOCIATION,8/7/1989,9/28/1990,FAILURE,IDT,148468.0,114605.0
32091.0,7159,FIRST CITY FEDERAL S & L,8/7/1989,9/7/1990,FAILURE,PA,22177.0,25099.0
25871.0,5981,PARK FORTY-FIVE NATIONAL BANK,8/4/1989,8/4/1989,FAILURE,IDT,21952.0,22242.0
4233.0,4064,FIRST BANK AND TRUST COMPANY,8/3/1989,8/3/1989,FAILURE,PA,28485.0,27677.0
4623.0,4063,BARNARD STATE BANK,8/3/1989,8/3/1989,FAILURE,PA,4988.0,5145.0
22457.0,4065,UNIVERSITY NATIONAL BANK,8/3/1989,8/3/1989,FAILURE,PA,19844.0,22491.0
32116.0,7185,CAPROCK FEDERAL SAVINGS & LOAN,8/1/1989,9/21/1990,FAILURE,PO,436134.0,442935.0
26722.0,5980,EMPIRE STATE BANK,7/28/1989,7/28/1989,FAILURE,PO,30202.0,26247.0
11173.0,4061,THE TEXAS BANK & TRUST COMPANY,7/27/1989,7/27/1989,FAILURE,PA,33658.0,33473.0
23026.0,5979,FORESTWOOD NATIONAL BANK OF DALLAS,7/27/1989,7/27/1989,FAILURE,IDT,62015.0,63231.0
26182.0,4062,BRUSHY CREEK NATIONAL BANK,7/27/1989,7/27/1989,FAILURE,PA,9787.0,10312.0
28955.0,7005,HALLMARK S & L ASSOCIATION,7/27/1989,5/16/1990,FAILURE,PO,166114.0,175770.0
30484.0,6970,NEW GUARANTY FED. S & L ASSOC.,7/27/1989,4/27/1990,FAILURE,PA,212547.0,192498.0
31630.0,7172,CAPITOL CITY FEDERAL SAVINGS,7/27/1989,9/14/1990,FAILURE,PA,528171.0,397111.0
31741.0,7038,NEW BRAUNFELS S & LA ASSOC.,7/27/1989,6/1/1990,FAILURE,IDT,85640.0,82368.0
31821.0,7033,LAFAYETTE S & L ASSOC.,7/27/1989,6/1/1990,FAILURE,IDT,29119.0,26928.0
31824.0,7020,NORTH AMERICAN FSA,7/27/1989,5/22/1990,FAILURE,PO,99796.0,92750.0
31915.0,7107,CAPITOL FEDERAL S & L,7/27/1989,6/29/1990,FAILURE,IDT,89941.0,46695.0
32068.0,7298,COMMERCIAL S & LA ASSOC.,7/27/1989,5/31/1991,FAILURE,PO,74198.0,66607.0
32497.0,7037,FSA OF THE SOUTHWEST,7/27/1989,6/1/1990,FAILURE,IDT,45841.0,36549.0
1723.0,4060,HILDALGO COUNTY BANK,7/26/1989,7/26/1989,FAILURE,PA,18879.0,18621.0
26270.0,4059,FIDELITY BANK,7/21/1989,7/21/1989,FAILURE,PA,11247.0,11586.0
3172.0,4043,"TEXAS AMERICAN BANK/DENISON, NA",7/20/1989,2/1/1990,FAILURE,PA,137049.0,137111.0
3202.0,4036,"TEXAS AMERICAN BANK/FORT WORTH,",7/20/1989,2/1/1990,FAILURE,PA,1974591.0,1354335.0
3205.0,4057,TEXAS AMERICAN BANK/FREDERICKSBURG,7/20/1989,2/1/1990,FAILURE,PA,139055.0,138932.0
3331.0,4044,"TEXAS AMERICAN BANK/MCKINNEY, NA",7/20/1989,2/1/1990,FAILURE,PA,175696.0,167278.0
13973.0,4045,TEXAS AMERICAN BANK/BRECKENRIDGE,7/20/1989,2/1/1990,FAILURE,PA,82026.0,86165.0
15332.0,4053,"TEXAS AMERICAN BANK/AMARILLO, NA",7/20/1989,2/1/1990,FAILURE,PA,218186.0,207371.0
16209.0,4056,TEXAS AMERICAN BANK/LEVELLAND,7/20/1989,2/1/1990,FAILURE,PA,195037.0,179092.0
16345.0,4042,"TEXAS AMERICAN BANK/DALLAS, NA",7/20/1989,2/1/1990,FAILURE,PA,229694.0,262833.0
17198.0,4034,UTICA NATIONAL BANK & TRUST COMP,7/20/1989,7/20/1989,FAILURE,PA,164978.0,177847.0
17421.0,4054,"TEXAS AMERICAN BANK/MIDLAND, NA",7/20/1989,2/1/1990,FAILURE,PA,135159.0,131652.0
18070.0,4058,"TEXAS AMERICAN BANK/AUSTIN, NA",7/20/1989,2/1/1990,FAILURE,PA,127093.0,181575.0
18307.0,4051,"TEXAS AMERICAN BANK/GALLERIA, NA",7/20/1989,2/1/1990,FAILURE,PA,289594.0,352793.0
18372.0,4041,TEXAS AMERICAN BANK/WICHITA FALLS,7/20/1989,2/1/1990,FAILURE,PA,64989.0,64707.0
18392.0,4040,TEXAS AMERICAN BANK/DUNCANVILLE,7/20/1989,2/1/1990,FAILURE,PA,213385.0,215660.0
20512.0,4052,"TEXAS AMERICAN BANK/SOUTHWEST, NA",7/20/1989,2/1/1990,FAILURE,PA,36015.0,40444.0
20722.0,4047,"TEXAS AMERICAN BANK/TYLER, NA",7/20/1989,2/1/1990,FAILURE,PA,153843.0,139943.0
20966.0,4037,"TEXAS AMERICAN BANK/FORUM, NA",7/20/1989,2/1/1990,FAILURE,PA,62628.0,64208.0
21838.0,4055,"TEXAS AMERICAN BANK/TEMPLE, NA",7/20/1989,2/1/1990,FAILURE,PA,68011.0,70082.0
22234.0,4035,"TEXAS AMERICAN BANK/PRESTONWOOD,",7/20/1989,2/1/1990,FAILURE,PA,49842.0,49544.0
22317.0,4038,"TEXAS AMERICAN BANK/LBJ, NA",7/20/1989,2/1/1990,FAILURE,PA,62777.0,68463.0
23093.0,4046,TEXAS AMERICAN BANK/FARMERS BRANCH,7/20/1989,2/1/1990,FAILURE,PA,48380.0,47490.0
23175.0,4050,TEXAS AMERICAN BANK/RICHARDSON,7/20/1989,2/1/1990,FAILURE,PA,44458.0,42365.0
23262.0,4049,"TEXAS AMERICAN BANK/LONGVIEW, NA",7/20/1989,2/1/1990,FAILURE,PA,90055.0,91439.0
23672.0,4039,TEXAS AMERICAN BANK/GREATER SOUTH,7/20/1989,2/1/1990,FAILURE,PA,32656.0,31530.0
24365.0,4048,"TEXAS AMERICAN BANK/PLANO, NA",7/20/1989,2/1/1990,FAILURE,PA,34760.0,36159.0
25854.0,5978,FALLBROOK NATIONAL BANK,7/20/1989,7/20/1989,FAILURE,IDT,35964.0,35643.0
27978.0,7066,HOME FEDERAL S & L ASSOC.,7/20/1989,6/15/1990,FAILURE,PA,204269.0,164252.0
29428.0,6990,PEOPLES S & L ASSOC.,7/20/1989,5/8/1990,FAILURE,IDT,46305.0,47273.0
31350.0,7074,NEW MEXICO FSA,7/20/1989,6/15/1990,FAILURE,PA,240741.0,194004.0
31984.0,7231,PARISH FEDERAL S & L ASSOC.,7/20/1989,11/30/1990,FAILURE,PO,14723.0,14881.0
32076.0,7281,COMMONWEALTH FEDERAL S & L,7/20/1989,3/8/1991,FAILURE,PA,1576500.0,1184116.0
32428.0,6988,SIERRA S & L ASSOC.,7/20/1989,5/4/1990,FAILURE,PA,40721.0,39974.0
32475.0,6986,AMERICAN INTERSTATE SA,7/20/1989,5/4/1990,FAILURE,PO,24877.0,25043.0
25813.0,5977,"INDEPENDENT BANK, NATIONAL ASSOC",7/14/1989,7/14/1989,FAILURE,IDT,34710.0,32672.0
16839.0,4032,THE STERLINGTON BANK,7/13/1989,7/13/1989,FAILURE,PA,15243.0,14646.0
19431.0,4033,NATIONAL BANK OF COMMERCE OF BROWNSVILLE,7/13/1989,7/13/1989,FAILURE,PA,34694.0,34771.0
24741.0,5976,BENNETT NATIONAL BANK,7/13/1989,7/13/1989,FAILURE,IDT,8276.0,8015.0
27874.0,7067,FIRST SAVINGS & LOAN,7/13/1989,6/15/1990,FAILURE,PA,373721.0,415656.0
28609.0,7016,PIONEER SAVINGS FA,7/13/1989,5/18/1990,FAILURE,PA,81022.0,92273.0
32154.0,6997,CROSS ROADS S & LA,7/13/1989,5/11/1990,FAILURE,IDT,16802.0,17173.0
32398.0,7017,CORNERSTONE FEDERAL SAVINGS,7/13/1989,5/18/1990,FAILURE,PA,112421.0,110411.0
17405.0,5975,102 VALLEY BANK,7/5/1989,7/5/1989,FAILURE,IDT,5042.0,5019.0
19069.0,4031,FIRST NATIONAL BANK OF RICHARDSON,6/30/1989,6/30/1989,FAILURE,PA,44549.0,46739.0
21155.0,5974,"INDEPENDENT BANK-EAST, NATIONAL",6/30/1989,6/30/1989,FAILURE,IDT,40565.0,35780.0
11926.0,4029,NEW ULM STATE BANK,6/29/1989,6/29/1989,FAILURE,PA,11963.0,11777.0
26969.0,4030,HOBBY COMMUNITY BANK,6/29/1989,6/29/1989,FAILURE,PA,8010.0,8480.0
28119.0,6971,FIRST FED. S & L ASSOC.,6/29/1989,4/27/1990,FAILURE,PA,126419.0,127327.0
28378.0,7006,PEOPLES S & L ASSOC.,6/29/1989,5/18/1990,FAILURE,PA,23943.0,24322.0
28581.0,7165,MISSOURI SAVINGS ASSOCIATION,6/29/1989,9/7/1990,FAILURE,PA,661088.0,500715.0
29378.0,2100,VICTORIA SA,6/29/1989,10/25/1991,FAILURE,PO,882849.0,855717.0
31019.0,6968,MID MISSOURI S & L ASSOC.,6/29/1989,4/27/1990,FAILURE,IDT,76660.0,67577.0
31326.0,7004,"AMERIMAC SAVINGS BANK, FS",6/29/1989,5/15/1990,FAILURE,IDT,29564.0,25285.0
32142.0,6972,THE GUARDIAN FED. S & L ASSOC.,6/29/1989,4/27/1990,FAILURE,IDT,29396.0,28646.0
24630.0,4028,PRESTON NORTH NATIONAL BANK,6/22/1989,6/22/1989,FAILURE,PA,6504.0,6930.0
27924.0,6920,HABERSHAM FEDERAL SA,6/22/1989,9/21/1989,FAILURE,IDT,93297.0,90802.0
29507.0,7078,GREAT SOUTHERN FEDERAL SAVINGS,6/22/1989,6/22/1990,FAILURE,PA,880160.0,629870.0
30458.0,7076,FIRST FED. S & L ASSOC.,6/22/1989,6/22/1990,FAILURE,PA,54422.0,49767.0
20681.0,5973,"GUARDIAN BANK, N.A.",6/21/1989,6/21/1989,FAILURE,PO,409389.0,383002.0
21999.0,4027,NORTHERN BANK & TRUST,6/15/1989,6/15/1989,FAILURE,PA,6914.0,6560.0
23695.0,4026,HELOTES STATE BANK,6/15/1989,6/15/1989,FAILURE,PA,21327.0,21000.0
25308.0,5972,"CAPITAL BANK-NORTHWEST, NATIONAL",6/15/1989,6/15/1989,FAILURE,IDT,15962.0,17233.0
28597.0,7032,WESTERN SAVINGS & LOAN,6/14/1989,5/31/1990,FAILURE,PA,5654683.0,4130994.0
31997.0,7240,SUN STATE SAVINGS & LOAN,6/14/1989,11/30/1990,FAILURE,IDT,1046842.0,892888.0
22612.0,4025,TREASURE STATE BANK,6/9/1989,6/9/1989,FAILURE,PA,14553.0,13150.0
23945.0,5969,FULSHEAR STATE BANK,6/8/1989,6/8/1989,FAILURE,PO,10697.0,10686.0
24542.0,5970,LAKE COUNTRY NATIONAL BANK,6/8/1989,6/8/1989,FAILURE,IDT,7536.0,8360.0
26547.0,5971,FIRST AMERICAN BANK,6/8/1989,6/8/1989,FAILURE,IDT,13286.0,13608.0
28625.0,7382,CIVIC SAVINGS BANK,6/8/1989,8/2/1991,FAILURE,PA,98696.0,101253.0
29830.0,7021,"HORIZON FINANCIAL, FA",6/8/1989,5/25/1990,FAILURE,PA,2492405.0,1797508.0
6012.0,4024,THE FIRST STATE BANK,5/31/1989,5/31/1989,FAILURE,PA,11698.0,11060.0
23108.0,4023,LIBERTY NATIONAL BANK,5/25/1989,5/25/1989,FAILURE,PA,67505.0,68277.0
23545.0,4021,COMMERCE AND ENERGY BANK,5/24/1989,5/24/1989,FAILURE,PA,29468.0,27111.0
24595.0,4022,FIRST EASTERN BANK & TRUST COMPANY,5/24/1989,5/24/1989,FAILURE,PA,29422.0,29215.0
24917.0,5968,BANK OF AURORA,5/24/1989,5/24/1989,FAILURE,PO,6901.0,6578.0
23753.0,5967,GRAND CANYON STATE BANK,5/19/1989,5/19/1989,FAILURE,IDT,14607.0,13246.0
1220.0,4018,SECURITY BANK & TRUST COMPANY,5/18/1989,5/18/1989,FAILURE,PA,34808.0,37106.0
3223.0,4017,THE FIRST NATIONAL BANK OF GORDON,5/18/1989,5/18/1989,FAILURE,PA,10864.0,11559.0
4749.0,4019,FIRST NATIONAL BANK AT OSWEGO,5/18/1989,5/18/1989,FAILURE,PA,24023.0,23343.0
25218.0,4020,"THE BANK OF EDMOND, NATIONAL ASSOC",5/18/1989,5/18/1989,FAILURE,PA,8078.0,8525.0
26636.0,4016,LEWIS COUNTY SAVINGS AND LOAN CO,5/12/1989,5/12/1989,FAILURE,PA,3986.0,3925.0
11918.0,4015,LEXINGTON STATE BANK,5/11/1989,5/11/1989,FAILURE,PA,13794.0,13907.0
17436.0,4012,KATY NATIONAL BANK,5/4/1989,5/4/1989,FAILURE,PA,52033.0,55294.0
24318.0,4013,FIRST NATIONAL BANK OF EAST BATON ROUGE,5/4/1989,5/4/1989,FAILURE,PA,28297.0,30497.0
24657.0,4014,GREATER TEXAS BANK LEANDER,5/4/1989,5/4/1989,FAILURE,PA,20561.0,22175.0
23735.0,4011,"BANK OF LAKEWOOD, NATIONAL ASSOC",4/27/1989,4/27/1989,FAILURE,PA,9666.0,8342.0
25794.0,4010,SEMINOLE NATIONAL BANK,4/27/1989,4/27/1989,FAILURE,PA,6594.0,7648.0
28508.0,6973,"WESTCO SAVINGS BANK, FSB",4/27/1989,4/27/1990,FAILURE,IDT,188286.0,181399.0
30262.0,7229,SOUTHWEST FEDERAL SAVINGS ASSOC.,4/27/1989,11/16/1990,FAILURE,PA,896825.0,791774.0
30374.0,7196,METROPOLITAN FED. S & L ASSOC.,4/27/1989,9/28/1990,FAILURE,PA,168244.0,174853.0
32231.0,6945,SEABANK FED. SAVINGS BANK,4/27/1989,12/19/1989,FAILURE,PA,35353.0,33632.0
18462.0,4009,ALLIANCE BANK,4/21/1989,4/21/1989,FAILURE,PA,778973.0,797169.0
17020.0,4007,FIRST STATE BANK,4/20/1989,4/20/1989,FAILURE,PA,9419.0,9349.0
20053.0,4006,TRAVIS BANK AND TRUST,4/20/1989,4/20/1989,FAILURE,PA,53860.0,52327.0
22099.0,4008,CONTINENTAL NATIONAL BANK,4/20/1989,4/20/1989,FAILURE,PA,12204.0,12613.0
29642.0,7283,LINCOLN SAVINGS & LOAN,4/14/1989,3/8/1991,FAILURE,PA,4857204.0,4193981.0
19752.0,4005,"ALLIED OKLAHOMA BANK, NATIONAL ASSOC",4/13/1989,4/13/1989,FAILURE,PA,58267.0,61001.0
32108.0,1793,TROPICAL FS&LA,4/13/1989,4/13/1989,ASSISTANCE,A/A,55007.0,61820.0
22151.0,4004,THE COMMONWEALTH BANK,4/12/1989,4/12/1989,FAILURE,PA,65781.0,57210.0
3366.0,4002,FIRST NATIONAL BANK OF NOCONA,4/6/1989,4/6/1989,FAILURE,PA,23286.0,24092.0
23389.0,4003,ST. TAMMANY NATIONAL BANK,4/6/1989,4/6/1989,FAILURE,PA,47115.0,44659.0
27638.0,7227,RESOURCE SA,4/6/1989,11/16/1990,FAILURE,PO,616052.0,426296.0
27655.0,6958,CENTENNIAL SAVINGS BANK,4/6/1989,3/2/1990,FAILURE,PA,105980.0,82680.0
27663.0,6969,LIBERTYVILLE FED. S & L ASSOC.,4/6/1989,4/27/1990,FAILURE,PA,100959.0,95454.0
27775.0,7014,FIRST FED. S & L OF SOUTHEAST MO.,4/6/1989,5/18/1990,FAILURE,PA,385144.0,332070.0
27777.0,7036,FIRST OF KANSAS SAVINGS,4/6/1989,6/1/1990,FAILURE,IDT,53903.0,46245.0
28228.0,6980,FIRST FED. SAVINGS BANK,4/6/1989,5/4/1990,FAILURE,IDT,55556.0,55660.0
29017.0,7089,CASS FS & LA OF ST. LOUIS,4/6/1989,6/22/1990,FAILURE,IDT,52439.0,65752.0
29073.0,7018,AMERICAN FS & LA OF COLORADO,4/6/1989,5/18/1990,FAILURE,PA,720437.0,681014.0
29408.0,7061,FIRST FS & LA OF ESTHERVILLE,4/6/1989,6/15/1990,FAILURE,PA,60582.0,58862.0
29458.0,6967,FINANCIAL FEDERAL SA,4/6/1989,4/27/1990,FAILURE,PA,161427.0,173078.0
30444.0,7210,CENTRAL TEXAS S & LA,4/6/1989,11/2/1990,FAILURE,PA,216105.0,211337.0
30518.0,6908,SIOUX VALLEY S & LA,4/6/1989,8/18/1989,FAILURE,PO,61788.0,90792.0
30705.0,7176,EQUITY FEDERAL SAVINGS BANK,4/6/1989,9/14/1990,FAILURE,PO,4467.0,4999.0
30990.0,7252,EXCEL BANC SAVINGS ASSOC.,4/6/1989,12/14/1990,FAILURE,PO,146706.0,158926.0
31252.0,6994,STATE MUTUAL FED. S & L ASSOC.,4/6/1989,5/11/1990,FAILURE,PA,8656.0,9772.0
31334.0,6966,HERITAGE BANC SAVINGS,4/6/1989,4/27/1990,FAILURE,PA,177727.0,146382.0
31542.0,7106,REPUBLIC BANK FOR SAVINGS,4/6/1989,6/29/1990,FAILURE,IDT,43367.0,85165.0
31691.0,7019,CITY FEDERAL S & L ASSOC.,4/6/1989,5/18/1990,FAILURE,IDT,20309.0,27926.0
31697.0,7272,FOUNDERS FEDERAL S & L,4/6/1989,1/18/1991,FAILURE,IDT,134696.0,166509.0
31766.0,6941,INDEPENDENCE S & L ASSOC.,4/6/1989,10/20/1989,FAILURE,IDT,440004.0,361620.0
31831.0,7192,CENTRAL S & L ASSOC.,4/6/1989,9/28/1990,FAILURE,IDT,52091.0,72912.0
31855.0,7105,DELTA FS & LA,4/6/1989,6/29/1990,FAILURE,IDT,10280.0,13814.0
32045.0,6987,ARROWHEAD PACIFIC FEDERAL SAVINGS,4/6/1989,5/4/1990,FAILURE,PO,60227.0,88145.0
32048.0,6962,MERIDIAN SAVING ASSOCIATION,4/6/1989,4/13/1990,FAILURE,IDT,48872.0,434862.0
32059.0,7056,GATEWAY FEDERAL SAVINGS BANK,4/6/1989,6/8/1990,FAILURE,PA,72701.0,126174.0
32087.0,7002,WASHINGTON S & L ASSOC.,4/6/1989,5/11/1990,FAILURE,IDT,66747.0,68684.0
32132.0,7001,ROYAL OAK S & L ASSOC.,4/6/1989,5/11/1990,FAILURE,IDT,34356.0,35528.0
32146.0,7003,CABRILLO FEDERAL SAVINGS BANK,4/6/1989,5/11/1990,FAILURE,PA,71844.0,61915.0
32197.0,6912,CITY S & L ASSOC.,4/6/1989,8/25/1989,FAILURE,IDT,33332.0,34047.0
32225.0,7148,GOLDEN CIRCLE SA,4/6/1989,8/24/1990,FAILURE,PO,20520.0,18539.0
32259.0,6977,FIDELITY FSB,4/6/1989,5/4/1990,FAILURE,PA,116410.0,135275.0
32268.0,6913,AMERICAN FEDERAL SAVINGS BANK,4/6/1989,9/8/1989,FAILURE,IDT,33512.0,31689.0
32278.0,6965,BEDFORD SAVINGS ASSOC.,4/6/1989,4/20/1990,FAILURE,PA,90784.0,102691.0
32279.0,6903,PARK CITIES SAVINGS ASSOCIATION,4/6/1989,8/10/1989,FAILURE,IDT,43136.0,37040.0
32506.0,6924,UNIFIED SAVINGS FS & LA,4/6/1989,9/22/1989,FAILURE,PO,35081.0,52295.0
32528.0,6911,PERPETUAL SAVINGS ASSOCIATION,4/6/1989,8/25/1989,FAILURE,IDT,18736.0,28992.0
32560.0,6925,FIRST CALIFORNIA SAVINGS,4/6/1989,9/22/1989,FAILURE,IDT,161360.0,194491.0
31256.0,7051,MURRAY SAVINGS ASSOCIATION,4/5/1989,6/8/1990,FAILURE,PA,1440640.0,1168399.0
21973.0,5963,FIRST SERVICE BANK FOR SAVINGS,3/31/1989,3/31/1989,FAILURE,IDT,880658.0,683356.0
25099.0,5964,"PREMIER BANK, A NATIONAL ASSOCIATION",3/31/1989,3/31/1989,FAILURE,IDT,37064.0,35617.0
26807.0,5965,INTERSTATE BANK OF COMMERCE,3/31/1989,3/31/1989,FAILURE,PO,6406.0,6969.0
31392.0,7118,"GIBRALTAR SAVINGS BANK, FSB",3/31/1989,6/29/1990,FAILURE,PA,1684381.0,1368547.0
31629.0,7119,"GIBRALTAR SAVINGS, FA",3/31/1989,6/29/1990,FAILURE,PA,13382327.0,7575392.0
22576.0,4001,HARVARD BANK,3/30/1989,3/30/1989,FAILURE,PA,23144.0,22822.0
28071.0,7124,BALDWIN COUNTY FED. SAVINGS BANK,3/30/1989,8/10/1990,FAILURE,PA,171484.0,156816.0
28493.0,7010,BROADVIEW SAVINGS BANK,3/30/1989,5/18/1990,FAILURE,PA,1778493.0,1136571.0
29160.0,0,CARTERSVILLE FSB OF GEORGIA,3/30/1989,8/7/1989,ASSISTANCE,REP,56726.0,58748.0
29306.0,7024,DURAND FS & LA,3/30/1989,5/25/1990,FAILURE,IDT,106603.0,118954.0
29694.0,7160,MIDLAND BUCKEYE SAVINGS,3/30/1989,9/7/1990,FAILURE,PA,218774.0,212267.0
30202.0,7169,CITY FS & LA,3/30/1989,9/14/1990,FAILURE,PA,711958.0,648197.0
30613.0,7180,HERITAGE FS & LA,3/30/1989,9/21/1990,FAILURE,PA,311668.0,254102.0
31884.0,7007,COMMUNITY FED. S & L ASSOC.,3/30/1989,5/18/1990,FAILURE,PA,9421.0,10033.0
32405.0,6916,GREAT ATLANTIC SAVINGS BANK,3/30/1989,9/15/1989,FAILURE,IDT,126807.0,123803.0
1191.0,2987,"MBANK GREENVILLE, NATIONAL ASSOC",3/28/1989,7/5/1989,FAILURE,PA,153330.0,152701.0
3083.0,2982,"MBANK AUSTIN, NATIONAL ASSOCIATION",3/28/1989,7/5/1989,FAILURE,PA,642018.0,560075.0
3112.0,2983,"MBANK BRENHAM, NATIONAL ASSOCIATION",3/28/1989,7/5/1989,FAILURE,PA,140264.0,132362.0
3154.0,2984,"MBANK CORSICANA, NATIONAL ASSOCIATION",3/28/1989,7/5/1989,FAILURE,PA,165084.0,160801.0
3163.0,2985,"MBANK DALLAS, NATIONAL ASSOCIATION",3/28/1989,7/5/1989,FAILURE,PA,6556056.0,4033803.0
3201.0,2999,"MBANK FORT WORTH, NATIONAL ASSOC",3/28/1989,7/5/1989,FAILURE,PA,749114.0,624217.0
3309.0,2990,"MBANK LONGVIEW, NATIONAL ASSOC",3/28/1989,7/5/1989,FAILURE,PA,264994.0,254672.0
3323.0,2991,"MBANK MARSHALL, NATIONAL ASSOC",3/28/1989,7/5/1989,FAILURE,PA,210336.0,196957.0
3393.0,2989,"MBANK JEFFERSON COUNTY, NA",3/28/1989,7/5/1989,FAILURE,PA,330935.0,307311.0
5509.0,4000,"MBANK ALAMO, NATIONAL ASSOCIATION",3/28/1989,7/5/1989,FAILURE,PA,784855.0,708152.0
5528.0,2996,"MBANK SHERMAN, NATIONAL ASSOC",3/28/1989,7/5/1989,FAILURE,PA,282027.0,271442.0
5585.0,2997,"MBANK WICHITA FALLS, NATIONAL ASSOC",3/28/1989,7/5/1989,FAILURE,PA,484828.0,450521.0
15342.0,2995,"MBANK ROUND ROCK, NATIONAL ASSOC",3/28/1989,7/5/1989,FAILURE,PA,164598.0,162588.0
16254.0,2993,"MBANK ODESSA, NATIONAL ASSOC",3/28/1989,7/5/1989,FAILURE,PA,317623.0,298538.0
18144.0,2994,"MBANK ORANGE, NATIONAL ASSOC",3/28/1989,7/5/1989,FAILURE,PA,149828.0,144488.0
18571.0,2992,"MBANK MIDCITIES, NATIONAL ASSOC",3/28/1989,7/5/1989,FAILURE,PA,357997.0,331362.0
18790.0,2986,"MBANK DENTON COUNTY, NATIONAL ASSOC",3/28/1989,7/5/1989,FAILURE,PA,220122.0,212291.0
19019.0,5962,"MBANK ABILENE, NATIONAL ASSOCIATION",3/28/1989,7/5/1989,FAILURE,IDT,199025.0,213188.0
19456.0,2988,"MBANK HOUSTON, NATIONAL ASSOC",3/28/1989,7/5/1989,FAILURE,PA,3307498.0,2566889.0
23160.0,2998,"MBANK THE WOODLANDS, NATIONAL ASSOC",3/28/1989,7/5/1989,FAILURE,PA,160119.0,155632.0
15903.0,2981,FIRST STATE BANK,3/23/1989,3/23/1989,FAILURE,PA,8962.0,9174.0
16131.0,2980,INDUSTRIAL BANK,3/23/1989,3/23/1989,FAILURE,PA,64773.0,65314.0
21538.0,2979,FIRST BANK OF ROWLETT,3/23/1989,3/23/1989,FAILURE,PA,35636.0,34788.0
26257.0,2978,ENTERPRISE BANK OF FLORIDA,3/17/1989,3/17/1989,FAILURE,PA,28020.0,26309.0
11893.0,2977,THE FARMERS & MERCHANTS STATE BANK,3/16/1989,3/16/1989,FAILURE,PA,22534.0,22005.0
15223.0,2973,"THE FARMERS STATE BANK, BOGUE",3/16/1989,3/16/1989,FAILURE,PA,8044.0,7962.0
15786.0,2974,LIVINGSTON BANK,3/16/1989,3/16/1989,FAILURE,PA,106250.0,104264.0
18183.0,2975,MERCHANTS MARINE BANK,3/16/1989,3/16/1989,FAILURE,PA,30798.0,30355.0
21850.0,2976,ISLAND BANK,3/16/1989,3/16/1989,FAILURE,PA,17538.0,17217.0
27631.0,7243,FIRST FED. S & L ASSOC.,3/16/1989,12/7/1990,FAILURE,PO,196488.0,201160.0
27681.0,7075,AMERICAN SECURITY FS & LA,3/16/1989,6/19/1990,FAILURE,PA,67176.0,49872.0
27698.0,7238,FIDELITY S & LA,3/16/1989,11/30/1990,FAILURE,PA,312510.0,262333.0
27717.0,7237,MIDWEST HOME FSB,3/16/1989,11/30/1990,FAILURE,PA,123561.0,106123.0
27762.0,7012,MADISON COUNTY FED. S & L ASSOC.,3/16/1989,5/18/1990,FAILURE,IDT,132245.0,131364.0
27829.0,7086,MIDWESTERN SA,3/16/1989,6/22/1990,FAILURE,PA,110707.0,101243.0
28058.0,7394,CONTINENTAL FS & LA,3/16/1989,8/9/1991,FAILURE,PA,645144.0,528350.0
28707.0,6991,HOME FS & LA OF CENTRALIA,3/16/1989,5/8/1990,FAILURE,IDT,47627.0,48100.0
29038.0,7113,RUSK FED. S & L ASSOC.,3/16/1989,6/29/1990,FAILURE,IDT,44556.0,47154.0
29128.0,7186,FIRST FED. S & LA OF SEMINOLE,3/16/1989,9/21/1990,FAILURE,IDT,33255.0,35362.0
29267.0,7323,JASPER FS & LA,3/16/1989,6/14/1991,FAILURE,PO,135619.0,154546.0
29413.0,7144,CHILLICOTHE FED. S & L ASSOC.,3/16/1989,8/24/1990,FAILURE,PA,51039.0,53947.0
30026.0,7138,THE DUNCAN S & L ASSOC.,3/16/1989,8/17/1990,FAILURE,PA,148576.0,138261.0
30561.0,6974,FIRST FED. S & L OF THE FLORIDA KEYS,3/16/1989,4/27/1990,FAILURE,PA,219923.0,192594.0
30780.0,7173,MERITBANC SAVINGS ASSOCIATION,3/16/1989,9/14/1990,FAILURE,PA,272134.0,322329.0
30907.0,7139,FIRST FS & LA,3/16/1989,8/17/1990,FAILURE,IDT,39532.0,43409.0
30935.0,6955,SKOKIE FS & LA,3/16/1989,2/6/1990,FAILURE,PA,1004662.0,769144.0
31066.0,7214,HOME SAVINGS FSLA,3/16/1989,11/9/1990,FAILURE,PA,140570.0,138666.0
31079.0,7195,FIRST FED. S & L ASSOC.,3/16/1989,9/28/1990,FAILURE,IDT,64310.0,64430.0
31096.0,7307,SABINE VALLEY S & L ASSOC.,3/16/1989,5/31/1991,FAILURE,PO,41055.0,29142.0
31262.0,7340,SOUTHEAST TEXAS FSA,3/16/1989,6/28/1991,FAILURE,PO,31198.0,27169.0
31355.0,7133,ILLINOIS SAVINGS BANK,3/16/1989,8/17/1990,FAILURE,PA,78018.0,67821.0
31402.0,7147,JEFFERSON S & L ASSOC.,3/16/1989,8/24/1990,FAILURE,IDT,119085.0,125667.0
31546.0,6992,FIRST FED. S & L ASSOC.,3/16/1989,5/11/1990,FAILURE,IDT,23545.0,16195.0
31548.0,7157,COMMUNITY FED. S & L ASSOC.,3/16/1989,9/7/1990,FAILURE,PO,10303.0,14438.0
31706.0,7131,MIAMI SAVINGS BANK,3/16/1989,8/17/1990,FAILURE,PA,176615.0,158830.0
31779.0,7200,SAVINGS OF TEXAS ASSOC.,3/16/1989,9/28/1990,FAILURE,PO,63602.0,79847.0
31782.0,7204,GOLDEN TRIANGLE S & LA,3/16/1989,10/12/1990,FAILURE,PO,26934.0,61798.0
31791.0,7114,GENERAL SAVINGS ASSOC.,3/16/1989,6/29/1990,FAILURE,PA,74579.0,50179.0
31799.0,7209,DEEP EAST TEXAS SA,3/16/1989,11/2/1990,FAILURE,PA,53599.0,56442.0
31803.0,7239,FIRST SAV. ASSOC. SOUTHEAST TEXAS,3/16/1989,11/30/1990,FAILURE,PA,48690.0,44360.0
31825.0,6993,PEOPLES FS & LA OF THIBODAUX,3/16/1989,5/11/1990,FAILURE,IDT,19610.0,21085.0
31907.0,7391,TIMBERLAND FSA,3/16/1989,8/2/1991,FAILURE,IDT,60252.0,49042.0
32011.0,7045,BRICKELLBANC SAVINGS ASSOC.,3/16/1989,6/8/1990,FAILURE,IDT,38750.0,36615.0
32035.0,7047,LINCOLN S & LA,3/16/1989,6/8/1990,FAILURE,IDT,260627.0,263358.0
32041.0,6929,RIVER CITY FEDERAL SAVINGS,3/16/1989,10/6/1989,FAILURE,IDT,61213.0,98298.0
32063.0,7065,FAMILY FS & LA,3/16/1989,6/15/1990,FAILURE,IDT,27626.0,23614.0
32081.0,7035,FIRST VENICE S & LA,3/16/1989,6/1/1990,FAILURE,PA,58572.0,62424.0
32129.0,7039,SPINDLETOP SA,3/16/1989,6/1/1990,FAILURE,IDT,180509.0,325273.0
32131.0,6905,EVANGELINE FEDERAL SAVINGS & LOAN,3/16/1989,8/18/1989,FAILURE,IDT,37396.0,79422.0
32160.0,7048,ROYAL PALM SAVINGS BANK,3/16/1989,6/8/1990,FAILURE,IDT,563989.0,491035.0
32513.0,6904,FIRST SAVINGS OF AMERICA FS & LA,3/16/1989,8/10/1989,FAILURE,IDT,23495.0,47254.0
32540.0,6902,LIBERTY FEDERAL SAVINGS,3/16/1989,8/10/1989,FAILURE,IDT,60102.0,91063.0
32544.0,7250,SECURITY SAVINGS ASSOCIATION,3/16/1989,12/7/1990,FAILURE,PO,236328.0,471415.0
32554.0,6928,ACADIA SAVINGS & LOAN,3/16/1989,10/6/1989,FAILURE,IDT,89672.0,137710.0
32630.0,7022,FINANCIAL SECURITY S & L ASSOC.,3/16/1989,5/25/1990,FAILURE,PA,142304.0,150437.0
30622.0,7353,FIRST SOUTH SA,3/15/1989,7/12/1991,FAILURE,PO,277984.0,454602.0
23984.0,5961,"BANKERS TRUST OF LOUISIANA, NA",3/10/1989,3/10/1989,FAILURE,IDT,83009.0,88903.0
13247.0,2972,CITIZENS BANK AND TRUST,3/9/1989,3/9/1989,FAILURE,PA,14235.0,16762.0
23590.0,2971,LAKEWAY NATIONAL BANK,3/9/1989,3/9/1989,FAILURE,PA,16693.0,16830.0
25662.0,2970,BANK OF THE WEST,3/9/1989,3/9/1989,FAILURE,PA,46672.0,46519.0
27627.0,6960,BANKERS S & L ASSOC.,3/9/1989,3/16/1990,FAILURE,PA,106442.0,115052.0
27702.0,7023,FIRST FED. S & L ASSOC.,3/9/1989,5/25/1990,FAILURE,IDT,300987.0,249784.0
27812.0,6951,PEOPLES SAVINGS ASSOC.,3/9/1989,2/2/1990,FAILURE,PA,107314.0,109426.0
27885.0,6944,CONCORD-LIBERTY FED. S & L ASSOC.,3/9/1989,12/15/1989,FAILURE,PA,220282.0,238378.0
28131.0,7030,OTERO S & L ASSOC.,3/9/1989,5/25/1990,FAILURE,PO,558585.0,481675.0
28354.0,6953,MESA FS & LA OF COLORADO,3/9/1989,2/2/1990,FAILURE,IDT,117449.0,108848.0
28414.0,6954,VALLEY FEDERAL S & L ASSOC.,3/9/1989,2/2/1990,FAILURE,IDT,83809.0,116689.0
28775.0,6949,MODERN FED. S & L ASSOC.,3/9/1989,1/26/1990,FAILURE,PA,70408.0,71495.0
28819.0,7117,FIRST FED. S & LA OF COLORADO SPR.,3/9/1989,6/29/1990,FAILURE,PA,354939.0,313501.0
29168.0,7096,ALPINE SAVINGS,3/9/1989,6/22/1990,FAILURE,PO,57654.0,43892.0
29204.0,7354,LIBERTY COUNTY FS & LA,3/9/1989,7/19/1991,FAILURE,PA,43757.0,45939.0
29553.0,7123,SUN S & LA,3/9/1989,7/20/1990,FAILURE,PO,289521.0,259865.0
29718.0,7063,CENTURY FEDERAL SAVINGS BANK,3/9/1989,6/15/1990,FAILURE,PA,73942.0,75103.0
30204.0,6939,HILL FINANCIAL SA,3/9/1989,10/13/1989,FAILURE,PA,3004007.0,2473161.0
30325.0,6943,LIBERTY BELL SAVINGS ASSOC.,3/9/1989,12/15/1989,FAILURE,PA,90309.0,86399.0
30427.0,7058,VALLEY FEDERAL SAVINGS,3/9/1989,6/8/1990,FAILURE,PO,180609.0,263820.0
30761.0,7429,BENJAMIN FRANKLIN SA,3/9/1989,9/6/1991,FAILURE,PA,2641392.0,2004722.0
30902.0,7077,FIRST FED. S & L ASSOC.,3/9/1989,6/22/1990,FAILURE,PA,32804.0,35411.0
30925.0,2105,BAYSHORE SA,3/9/1989,9/20/1991,FAILURE,PA,39353.0,56792.0
30937.0,7154,SPRING BRANCH S & LA,3/9/1989,8/31/1990,FAILURE,PA,99874.0,148131.0
31128.0,2104,BANCPLUS SAVINGS ASSOCIATION,3/9/1989,9/20/1991,FAILURE,PA,751461.0,923026.0
31163.0,7128,CITIZENS OF TEXAS S & L ASSOC.,3/9/1989,8/10/1990,FAILURE,PA,76368.0,104539.0
31290.0,7057,AMERICAN FS & LA,3/9/1989,6/8/1990,FAILURE,PA,188882.0,151090.0
31342.0,6942,FIRST SAVINGS BANK OF ALABAMA,3/9/1989,12/15/1989,FAILURE,IDT,26035.0,24016.0
31413.0,6995,AMERIWAY SAVINGS,3/9/1989,5/11/1990,FAILURE,PA,176543.0,236618.0
31417.0,7198,AMERICAN S & LA OF BRAZORIA,3/9/1989,9/28/1990,FAILURE,PO,281282.0,327461.0
31556.0,6926,TRINITY VALLEY SAVINGS,3/9/1989,10/6/1989,FAILURE,IDT,91864.0,87258.0
31571.0,6923,FIRST CAPITAL SAVINGS ASSOC./TEXAS,3/9/1989,9/22/1989,FAILURE,IDT,70918.0,108657.0
31582.0,7093,UNIVERSAL SA,3/9/1989,6/22/1990,FAILURE,IDT,142144.0,260435.0
31707.0,6907,CENTURY SAVINGS & LOAN,3/9/1989,8/18/1989,FAILURE,IDT,58656.0,87812.0
31730.0,6919,HUMBLE S & L ASSOC.,3/9/1989,9/15/1989,FAILURE,IDT,50315.0,76538.0
31767.0,6996,FIRST EQUITY SA,3/9/1989,5/11/1990,FAILURE,PA,87146.0,120497.0
31806.0,7219,WESTERN GULF SAVINGS,3/9/1989,11/8/1990,FAILURE,IDT,154812.0,242971.0
31829.0,6976,UNITED GUARANTY FED. SAVINGS BANK,3/9/1989,5/4/1990,FAILURE,IDT,11474.0,13068.0
31866.0,7064,LINCOLN FS & LA,3/9/1989,6/15/1990,FAILURE,IDT,72216.0,64940.0
31879.0,7009,GERMANTOWN TRUST SAVINGS,3/9/1989,5/18/1990,FAILURE,IDT,135929.0,105912.0
31896.0,7335,COMMONWEALTH SAVINGS ASSOC.,3/9/1989,6/21/1991,FAILURE,IDT,1647893.0,1608452.0
31909.0,7135,SOUTHEASTERN SAVINGS ASSOC.,3/9/1989,10/26/1990,FAILURE,PO,44709.0,73046.0
31935.0,6956,COLORADO S & L ASSOC.,3/9/1989,2/9/1990,FAILURE,PA,54311.0,52967.0
32014.0,6922,VILLAGE SAVINGS FSB,3/9/1989,9/22/1989,FAILURE,IDT,93753.0,155057.0
32020.0,7043,SUN COUNTRY SB OF NEW MEXICO,3/9/1989,5/31/1990,FAILURE,PO,66520.0,76663.0
32046.0,7095,ROCKY MOUNTAIN S & L ASSOC.,3/9/1989,6/22/1990,FAILURE,PA,18197.0,17951.0
32117.0,7153,CITY SAVINGS ASSOC.,3/9/1989,8/31/1990,FAILURE,IDT,33762.0,40546.0
32557.0,7008,PHENIX FED. S & L ASSOC.,3/9/1989,5/18/1990,FAILURE,PA,150259.0,194750.0
32616.0,7404,"CONTINENTAL SAVINGS, A FS & LA",3/9/1989,8/16/1991,FAILURE,PO,354586.0,587427.0
27726.0,6979,THE BARBER COUNTY S & L ASSOC.,3/2/1989,5/4/1990,FAILURE,IDT,47511.0,41714.0
27864.0,6981,PEOPLES S & L ASSOC.,3/2/1989,5/4/1990,FAILURE,IDT,84337.0,71078.0
28146.0,6982,MID AMERICA FED. S & L ASSOC.,3/2/1989,5/4/1990,FAILURE,IDT,83343.0,87854.0
28159.0,7213,VALLEY FS & LA OF HUTCHINSON,3/2/1989,11/9/1990,FAILURE,PA,222449.0,199062.0
28410.0,6959,SAN ANTONIO SAVINGS,3/2/1989,3/9/1990,FAILURE,PA,2637921.0,1946200.0
28850.0,7015,SHAWNEE FED. S & L ASSOC.,3/2/1989,5/18/1990,FAILURE,PA,221120.0,196614.0
29217.0,7088,LANDMARK SAVINGS BANK FSB,3/2/1989,6/22/1990,FAILURE,PA,132289.0,153945.0
29264.0,7254,FIRST FSB OF KANSAS,3/2/1989,12/14/1990,FAILURE,IDT,155938.0,168278.0
29305.0,6964,FIRST FEDERAL SAVINGS/HUTCHINSON,3/2/1989,4/20/1990,FAILURE,PA,183526.0,171906.0
29909.0,6906,FIRST FS & LA OF COFFEYVILLE,3/2/1989,8/18/1989,FAILURE,IDT,90553.0,95592.0
30672.0,7207,FIRST FED. S & L ASSOC.,3/2/1989,11/2/1990,FAILURE,PA,125628.0,112268.0
30740.0,6910,FIRST FED. S & L ASSOC.,3/2/1989,8/25/1989,FAILURE,PO,51090.0,54028.0
30856.0,6948,FIRST FEDERAL BANK OF ALASKA,3/2/1989,1/12/1990,FAILURE,PA,137633.0,192285.0
30924.0,7286,ALAMO SA OF TEXAS,3/2/1989,5/3/1991,FAILURE,PO,569948.0,627644.0
31112.0,7040,FIRST STATE SAVINGS BANK,3/2/1989,10/26/1990,FAILURE,IDT,107606.0,128466.0
31116.0,7129,PERMIAN S & L ASSOC.,3/2/1989,8/10/1990,FAILURE,PO,10849.0,12050.0
31132.0,6921,COLONIAL SAVINGS ASSOCIATION,3/2/1989,9/22/1989,FAILURE,IDT,70304.0,64220.0
31394.0,7104,SOUTHMOST S & L,3/2/1989,10/26/1990,FAILURE,PO,95761.0,113005.0
31625.0,7269,PADRE FEDERAL S & L,3/2/1989,1/11/1991,FAILURE,PO,18422.0,31880.0
31653.0,7246,COMMONWEALTH S & L ASSOC.,3/2/1989,12/7/1990,FAILURE,PA,37061.0,35661.0
31656.0,6983,MISSION SA OF TEXAS,3/2/1989,5/4/1990,FAILURE,PO,97768.0,101383.0
31675.0,6947,HOME SAVINGS BANK,3/2/1989,1/12/1990,FAILURE,IDT,91476.0,82681.0
31765.0,6984,FIRST STATE SAVINGS,3/2/1989,5/4/1990,FAILURE,PA,216989.0,325050.0
31874.0,7175,SUBURBAN SAVINGS ASSOC.,3/2/1989,9/14/1990,FAILURE,PA,49224.0,50250.0
31908.0,7249,VISION BANC SAVINGS ASSOC.,3/2/1989,12/7/1990,FAILURE,PO,77305.0,93129.0
31917.0,7236,MADISON GUARANTY S & LA,3/2/1989,11/30/1990,FAILURE,PA,114698.0,98830.0
31933.0,7087,UNIPOINT FED. SAVINGS BANK,3/2/1989,6/22/1990,FAILURE,PA,18901.0,28249.0
31937.0,6909,HOME FED. S & L ASSOC.,3/2/1989,8/25/1989,FAILURE,PO,37215.0,72094.0
31968.0,6914,ELMWOOD FED. S & L ASSOC.,3/2/1989,9/8/1989,FAILURE,IDT,57436.0,48338.0
31970.0,6985,LA HACIENDA SAVINGS ASSOC.,3/2/1989,5/4/1990,FAILURE,IDT,69720.0,116370.0
31993.0,6915,ENTERPRISE FEDERAL SAVINGS,3/2/1989,9/8/1989,FAILURE,IDT,63543.0,66995.0
32019.0,7034,FOUNTAINBLEAU FEDERAL,3/2/1989,6/1/1990,FAILURE,IDT,38718.0,37257.0
32450.0,7049,GIBRALTAR S & L ASSOC.,3/2/1989,6/8/1990,FAILURE,PA,71820.0,71343.0
32462.0,7071,BEXAR SAVINGS ASSOCIATION,3/2/1989,6/15/1990,FAILURE,PA,813605.0,799152.0
32553.0,6918,FIRST SAVINGS OF LOUISIANA,3/2/1989,9/15/1989,FAILURE,IDT,25882.0,44738.0
32561.0,6999,TOPEKA SAVINGS,3/2/1989,5/11/1990,FAILURE,IDT,96590.0,108400.0
31040.0,7350,COMMERCE SA,2/28/1989,7/12/1991,FAILURE,PA,807256.0,801342.0
31478.0,6935,MID-STATE S&LA,2/24/1989,2/24/1989,FAILURE,IDT,28388.0,29833.0
31886.0,6936,FIRST VALLEY S&LA,2/24/1989,2/24/1989,FAILURE,PO,11947.0,12870.0
16751.0,5960,THE FIRST STATE BANK,2/17/1989,2/17/1989,FAILURE,IDT,272709.0,206634.0
27845.0,7084,ANCHOR SA,2/17/1989,6/22/1990,FAILURE,PA,834034.0,596548.0
27974.0,7060,BLUE VALLEY FS & LA,2/17/1989,6/15/1990,FAILURE,IDT,839230.0,820206.0
28582.0,7054,AMERICAN S & LA,2/17/1989,6/8/1990,FAILURE,PA,2180662.0,1390076.0
28698.0,7000,"SUN SAVINGS ASSOCIATION, FA",2/17/1989,5/11/1990,FAILURE,IDT,188821.0,186032.0
28814.0,6957,COMMUNITY SAVING & LOAN,2/17/1989,2/9/1990,FAILURE,PA,185407.0,161093.0
29149.0,7013,MIDWEST FED. S & L ASSOC.,2/17/1989,5/18/1990,FAILURE,IDT,139096.0,119723.0
29383.0,7031,CONCORDIA FEDERAL BANK FOR SAVINGS,2/17/1989,5/29/1990,FAILURE,PA,468800.0,423864.0
29400.0,6998,PLATTE VALLEY FS & LA,2/17/1989,5/11/1990,FAILURE,IDT,316765.0,320752.0
29936.0,7223,EQUITABLE FEDERAL SAVINGS BANK,2/17/1989,11/16/1990,FAILURE,PA,225241.0,205386.0
29965.0,6978,GUARANTY FED. S & L ASSOC.,2/17/1989,5/4/1990,FAILURE,PA,381335.0,398552.0
30050.0,7317,NORTH JERSEY FEDERAL SAV. ASSOC.,2/17/1989,6/7/1991,FAILURE,PA,278145.0,304265.0
30186.0,7083,OCCIDENTAL/NEBRASKA FSB,2/17/1989,6/22/1990,FAILURE,PA,677311.0,529857.0
30522.0,6917,NILE VALLEY FEDERAL S & L ASSOC.,2/17/1989,9/15/1989,FAILURE,IDT,56264.0,64068.0
30608.0,7367,SOUTHWEST S & LA,2/17/1989,7/19/1991,FAILURE,PA,2265334.0,1755845.0
31242.0,7046,FIRST FS & LA,2/17/1989,6/8/1990,FAILURE,IDT,334418.0,391792.0
31399.0,7284,SECURITY S & LA,2/17/1989,3/15/1991,FAILURE,IDT,626922.0,1052619.0
31420.0,6961,COLUMBIA FED. SAVINGS BANK,2/17/1989,4/12/1990,FAILURE,PA,145634.0,143925.0
31532.0,7103,ELYSIAN FEDERAL SAVINGS BANK,2/17/1989,6/29/1990,FAILURE,PA,198693.0,200589.0
31614.0,7164,INDEPENDENCE FS & LA,2/17/1989,9/7/1990,FAILURE,IDT,207028.0,346408.0
31927.0,7149,WESTWOOD S & L ASSOC.,2/17/1989,8/24/1990,FAILURE,PA,328396.0,397326.0
32471.0,7011,HORIZON FED. S & L ASSOC.,2/17/1989,5/18/1990,FAILURE,PO,380658.0,395977.0
32535.0,6927,SOUTHERN FLORIDABANC FEDERAL,2/17/1989,10/6/1989,FAILURE,IDT,143273.0,256172.0
32552.0,7171,"FRENCH MARKET HOMESTEAD, FSA",2/17/1989,9/14/1990,FAILURE,IDT,250776.0,237884.0
32585.0,6950,UNIVERSAL SAVINGS & LOAN,2/17/1989,1/26/1990,FAILURE,PA,92684.0,103075.0
32621.0,7029,MOUNTAINWEST S & L ASSOC.,2/17/1989,5/25/1990,FAILURE,PA,241532.0,227455.0
13830.0,5958,THE HOME STATE BANK,2/16/1989,2/16/1989,FAILURE,PO,1731.0,1706.0
17537.0,2967,LOUISIANA BANK & TRUST COMPANY,2/16/1989,2/16/1989,FAILURE,PA,270401.0,276308.0
22078.0,2968,SECURITY BANK,2/16/1989,2/16/1989,FAILURE,PA,19334.0,19194.0
25335.0,5959,TEXAS NATIONAL BANK,2/16/1989,2/16/1989,FAILURE,IDT,39677.0,57767.0
25812.0,2969,WESTPOINT NATIONAL BANK,2/16/1989,2/16/1989,FAILURE,PA,8252.0,11047.0
24359.0,5957,FIRST CONTINENTAL NATIONAL BANK,2/15/1989,2/15/1989,FAILURE,PO,9035.0,8541.0
30685.0,6938,UNIVERSITY FEDERAL SAVINGS,2/14/1989,10/13/1989,FAILURE,PA,4480389.0,3776427.0
30540.0,7203,MIDWEST FEDERAL SAVINGS,2/13/1989,10/5/1990,FAILURE,IDT,3255576.0,2238263.0
28553.0,7028,DESERET S & L ASSOC.,2/10/1989,5/25/1990,FAILURE,PA,159337.0,177688.0
28782.0,7370,FIRST FEDERAL OF ARKANSAS,2/10/1989,7/26/1991,FAILURE,PA,1583318.0,1201845.0
29423.0,2109,SAVERS FS & LA,2/10/1989,9/20/1991,FAILURE,PA,806012.0,788880.0
31095.0,6952,BRIGHT BANC,2/10/1989,2/2/1990,FAILURE,PA,4388466.0,3004443.0
31136.0,7278,SANDIA FS & LA,2/10/1989,3/1/1991,FAILURE,PA,747076.0,1075651.0
32159.0,6934,SIGNAL S&LA,2/10/1989,2/10/1989,FAILURE,PO,46132.0,52873.0
1178.0,2965,FIRST BANK & TRUST,2/9/1989,2/9/1989,FAILURE,PA,148098.0,144662.0
17326.0,2964,CITIZENS BANK,2/9/1989,2/9/1989,FAILURE,PA,100126.0,102130.0
22233.0,2966,CITIZENS BANK HOUSTON,2/9/1989,2/9/1989,FAILURE,PA,40169.0,37102.0
28503.0,6963,BALTIMORE FEDERAL FINANCIAL,2/7/1989,4/20/1990,FAILURE,IDT,1566752.0,1252969.0
28560.0,6940,PACIFIC SAVINGS BANK,2/7/1989,10/13/1989,FAILURE,PA,1117704.0,1019051.0
31503.0,7070,GILL SA,2/7/1989,6/15/1990,FAILURE,PA,1207294.0,1448432.0
32549.0,6937,FREEDOM S & LA,2/7/1989,10/13/1989,FAILURE,PA,1402115.0,1132175.0
18363.0,2963,ALASKA STATEBANK,2/3/1989,2/3/1989,FAILURE,PA,90791.0,96858.0
29752.0,1792,COOK COUNTY FS&LA,2/3/1989,2/3/1989,ASSISTANCE,A/A,164016.0,170962.0
24562.0,1966,METROPOLITAN NATIONAL BANK,1/31/1989,1/31/1989,ASSISTANCE,A/A,4438.0,6396.0
24537.0,2960,OAKWOOD NATIONAL BANK,1/27/1989,1/27/1989,FAILURE,PA,23011.0,26831.0
31846.0,0,FIRST FS&LA IN NEW ALBANY,1/27/1989,1/27/1989,FAILURE,IDT,20761.0,17480.0
32024.0,6932,CARVER S&LA,1/27/1989,1/27/1989,FAILURE,IDT,265763.0,285969.0
17063.0,2962,CITIZENS STATE BANK,1/26/1989,1/26/1989,FAILURE,PA,15630.0,14900.0
24705.0,5956,"COMMUNITY BANK, NATIONAL ASSOCIATION",1/26/1989,1/26/1989,FAILURE,IDT,8556.0,9446.0
26205.0,2961,FIRST STATE BANK OF TEXAS,1/26/1989,1/26/1989,FAILURE,PA,16339.0,18370.0
12718.0,2959,THE PLANTERS BANK & TRUST COMPANY,1/19/1989,1/19/1989,FAILURE,PA,57312.0,57894.0
16374.0,2958,MERCHANTS STATE BANK,1/19/1989,1/19/1989,FAILURE,PA,121963.0,124594.0
23350.0,2957,FIRST NATIONAL BANK OF CEDAR PARK,1/19/1989,1/19/1989,FAILURE,PA,18609.0,18912.0
31743.0,6930,SOUTHERN FEDERAL SB,1/19/1989,1/19/1989,FAILURE,IDT,76623.0,68505.0
13440.0,2950,FIRST STATE BANK,1/12/1989,1/12/1989,FAILURE,PA,10466.0,10594.0
16837.0,2953,COMMERCIAL STATE BANK,1/12/1989,1/12/1989,FAILURE,PA,49186.0,48602.0
17220.0,2956,THE NATIONAL BANK OF BOSSIER CITY,1/12/1989,1/12/1989,FAILURE,PA,73322.0,76353.0
22239.0,2951,ROLLING HILLS STATE BANK,1/12/1989,1/12/1989,FAILURE,PA,13212.0,13099.0
24297.0,2954,WEST BELT NATIONAL BANK,1/12/1989,1/12/1989,FAILURE,PA,26121.0,30236.0
24959.0,2955,ORLEANS BANK AND TRUST COMPANY,1/12/1989,1/12/1989,FAILURE,PA,24862.0,24478.0
26655.0,2952,OAK HILL NATIONAL BANK,1/12/1989,1/12/1989,FAILURE,PA,18195.0,18166.0
8139.0,2949,BANK OF BENTON,1/5/1989,1/5/1989,FAILURE,PA,12202.0,12132.0
30162.0,1788,PEORIA S&LA,12/31/1988,12/31/1988,ASSISTANCE,A/A,171600.0,148055.0
31946.0,1789,BROWARD FS&LA,12/31/1988,12/31/1988,ASSISTANCE,A/A,535666.0,494346.0
1259.0,1963,TRACY-COLLINS BANK & TRUST COMPANY,12/30/1988,12/30/1988,ASSISTANCE,A/A,213259.0,196005.0
28164.0,1782,GREAT FALLS FS&LA,12/30/1988,12/30/1988,ASSISTANCE,A/A,127952.0,72662.0
28323.0,1778,JACKSON COUNTY FSA,12/30/1988,12/30/1988,ASSISTANCE,A/A,266123.0,274978.0
29251.0,1784,FIRST FS&LA OF JACKSONVILLE,12/30/1988,12/30/1988,ASSISTANCE,A/A,1243932.0,1013543.0
29610.0,1779,NORTHWEST FS&LA,12/30/1988,12/30/1988,ASSISTANCE,A/A,129073.0,144646.0
29959.0,1815,UNITED SAVINGS ASSOCIATION OF TEXAS,12/30/1988,12/30/1988,ASSISTANCE,A/A,4644939.0,3496819.0
30228.0,1780,COLUMBIA FS&LA,12/30/1988,12/30/1988,ASSISTANCE,A/A,3125050.0,1813720.0
30420.0,1780,PATHWAY FINANCIAL,12/30/1988,12/30/1988,ASSISTANCE,A/A,1222965.0,938160.0
30607.0,1779,HOME FS&LA,12/30/1988,12/30/1988,ASSISTANCE,A/A,46496.0,51570.0
32492.0,1785,BEACH FS&LA,12/30/1988,12/30/1988,ASSISTANCE,A/A,1141671.0,1190559.0
28907.0,1812,FIRST FS&LA,12/29/1988,12/29/1988,ASSISTANCE,A/A,30584.0,47699.0
29405.0,1812,YOAKUM FS&LA,12/29/1988,12/29/1988,ASSISTANCE,A/A,43628.0,43572.0
29808.0,1812,SEGUIN SAVINGS ASSOCIATION,12/29/1988,12/29/1988,ASSISTANCE,A/A,140515.0,169424.0
30825.0,1777,AMERICAN SB,12/29/1988,12/29/1988,ASSISTANCE,A/A,886999.0,845553.0
31504.0,1812,CHARTER SAVINGS S&LA,12/29/1988,12/29/1988,ASSISTANCE,A/A,396828.0,551930.0
31562.0,1813,PEOPLES S&LA,12/29/1988,12/29/1988,ASSISTANCE,A/A,171117.0,382844.0
31797.0,1813,BURNET S&LA,12/29/1988,12/29/1988,ASSISTANCE,A/A,28097.0,27399.0
31860.0,1812,UNION SA,12/29/1988,12/29/1988,ASSISTANCE,A/A,72106.0,73823.0
31979.0,1813,LEE SAVINGS ASSOCIATION,12/29/1988,12/29/1988,ASSISTANCE,A/A,73911.0,87541.0
32042.0,1812,INDEPENDENCE S&LA,12/29/1988,12/29/1988,ASSISTANCE,A/A,59110.0,60626.0
32074.0,1813,RANCHERS SAVINGS ASSOCIATION,12/29/1988,12/29/1988,ASSISTANCE,A/A,56154.0,93256.0
32272.0,1812,KEYSTONE S&LA,12/29/1988,12/29/1988,ASSISTANCE,A/A,30712.0,35063.0
32311.0,1812,BAYVIEW FSA,12/29/1988,12/29/1988,ASSISTANCE,A/A,64613.0,70389.0
31244.0,1781,FIRST FINANCIAL SB,12/28/1988,12/28/1988,ASSISTANCE,A/A,262690.0,211449.0
27653.0,1811,GIBRALTAR SA,12/27/1988,12/27/1988,ASSISTANCE,A/A,6459408.0,4592498.0
28252.0,1811,FIRST TEXAS SAVINGS ASSOCIATION,12/27/1988,12/27/1988,ASSISTANCE,A/A,3127779.0,2695907.0
30535.0,1811,KILLEEN S&LA,12/27/1988,12/27/1988,ASSISTANCE,A/A,163402.0,267027.0
32564.0,1811,MONTFORT SAVINGS ASSOCIATION,12/27/1988,12/27/1988,ASSISTANCE,A/A,1815791.0,671321.0
29447.0,1773,VIRGINIA FS&LA,12/23/1988,12/23/1988,ASSISTANCE,A/A,678944.0,517043.0
28461.0,1810,MINERAL WELLS S&LA,12/22/1988,12/22/1988,ASSISTANCE,A/A,31482.0,34801.0
29077.0,1810,HOME S&LA,12/22/1988,12/22/1988,ASSISTANCE,A/A,278460.0,394667.0
29166.0,1810,MESQUITE S&LA,12/22/1988,12/22/1988,ASSISTANCE,A/A,47028.0,46438.0
29212.0,1810,FIRST WESTERN S&LA,12/22/1988,12/22/1988,ASSISTANCE,A/A,83368.0,111295.0
29219.0,1810,COMMODORE SAVINGS ASSOCIATION,12/22/1988,12/22/1988,ASSISTANCE,A/A,499435.0,1139370.0
29352.0,1810,LAMESA FS&LA,12/22/1988,12/22/1988,ASSISTANCE,A/A,89329.0,80659.0
29494.0,1810,FIRST FS&LA,12/22/1988,12/22/1988,ASSISTANCE,A/A,129260.0,113233.0
30648.0,1811,HOME SA,12/22/1988,12/22/1988,ASSISTANCE,A/A,495499.0,543605.0
31044.0,1810,SENTRY SAVINGS ASSOCIATION,12/22/1988,12/22/1988,ASSISTANCE,A/A,87039.0,151451.0
31064.0,1810,VISTA SAVINGS ASSOCIATION,12/22/1988,12/22/1988,ASSISTANCE,A/A,133101.0,148549.0
31333.0,1810,INTERWEST SAVINGS ASSOCIATION,12/22/1988,12/22/1988,ASSISTANCE,A/A,109397.0,176395.0
31348.0,1810,SOUTHERN FEDERAL BANC S&LA,12/22/1988,12/22/1988,ASSISTANCE,A/A,91347.0,166081.0
31563.0,1810,RELIANCE SAVINGS ASSOCIATION,12/22/1988,12/22/1988,ASSISTANCE,A/A,41507.0,55756.0
32299.0,1810,METROPLEX FEDERAL SAVINGS ASSOCIATION,12/22/1988,12/22/1988,ASSISTANCE,A/A,64809.0,66900.0
19743.0,1962,BATON ROUGE BANK & TRUST COMPANY,12/21/1988,12/21/1988,ASSISTANCE,A/A,111498.0,112697.0
28275.0,1769,OHIO VALLEY,12/17/1988,12/17/1988,ASSISTANCE,A/A,203929.0,238040.0
30666.0,1769,FIRST BORDER SB,12/17/1988,12/17/1988,ASSISTANCE,A/A,111026.0,107187.0
15670.0,2947,FIRST SOUTHWEST BANK,12/16/1988,12/16/1988,FAILURE,PA,9826.0,9710.0
29459.0,1774,ROCKY MOUNTAIN FS&LA,12/16/1988,12/16/1988,ASSISTANCE,A/A,307198.0,268112.0
29556.0,1770,FIRST DEARBORN,12/16/1988,12/16/1988,ASSISTANCE,A/A,167332.0,230493.0
31182.0,1774,UNITED SB OF WYOMING,12/16/1988,12/16/1988,ASSISTANCE,A/A,220486.0,275462.0
32147.0,1770,BLOOMFIELD S&LA,12/16/1988,12/16/1988,ASSISTANCE,A/A,688676.0,607435.0
90047.0,2948,FIRST INDUSTRIAL BANK OF ROCKY FORD,12/16/1988,12/16/1988,FAILURE,PA,12489.0,11414.0
16351.0,2944,FIRST NATIONAL BANK IN BOGATA,12/15/1988,12/15/1988,FAILURE,PA,13244.0,13294.0
17654.0,2943,FIRST NATIONAL BANK IN CENTER,12/15/1988,12/15/1988,FAILURE,PA,26056.0,26150.0
23777.0,2946,TEXAS NATIONAL BANK,12/15/1988,12/15/1988,FAILURE,PA,37661.0,47122.0
24614.0,2945,TEXAS BANK OF PLANO,12/15/1988,12/15/1988,FAILURE,PA,15055.0,15329.0
25747.0,2942,CRESCENT CITY BANK & TRUST COMPANY,12/15/1988,12/15/1988,FAILURE,PA,23990.0,23137.0
28891.0,1767,AMERICAN HOME SAVINGS,12/15/1988,12/15/1988,ASSISTANCE,A/A,403016.0,382743.0
29097.0,1767,COMMUNITY FIRST FED SAVINGS,12/15/1988,12/15/1988,ASSISTANCE,A/A,386016.0,308114.0
30640.0,1768,ROOKS COUNTY FSA,12/15/1988,12/15/1988,ASSISTANCE,A/A,32001.0,35172.0
32125.0,1766,EASTERN WASHINGTON S&LA,12/14/1988,12/14/1988,ASSISTANCE,A/A,51490.0,32340.0
30082.0,1765,MIDAMERICA SB,12/12/1988,12/12/1988,ASSISTANCE,A/A,244346.0,232325.0
143.0,2941,CARIBANK,12/9/1988,12/9/1988,FAILURE,PA,525792.0,522990.0
30760.0,7590,SILVERADO S&LA,12/9/1988,12/31/1988,FAILURE,ABT,2315295.0,1767010.0
31889.0,0,CENTRAL ARKANSAS S&LA,12/9/1988,12/9/1988,FAILURE,IDT,10129.0,12470.0
2319.0,2939,WAUKOMIS STATE BANK,12/8/1988,12/8/1988,FAILURE,PA,12047.0,11852.0
4080.0,2940,FIRST BANK & TRUST CO.,12/8/1988,12/8/1988,FAILURE,PA,42025.0,45179.0
24664.0,5955,"RESOURCE BANK, N.A.",12/8/1988,12/8/1988,FAILURE,PO,34725.0,37292.0
19092.0,2937,UNION BANK OF HOUSTON,12/1/1988,12/1/1988,FAILURE,PA,55448.0,49067.0
24351.0,2936,"OAK LAWN BANK, N.A.",12/1/1988,12/1/1988,FAILURE,PA,10283.0,10674.0
25188.0,2938,ENTERPRISE NATIONAL BANK,12/1/1988,12/1/1988,FAILURE,PA,5278.0,5066.0
25606.0,5954,TEXANA NATIONAL BANK OF BELTON,12/1/1988,12/1/1988,FAILURE,IDT,19482.0,19144.0
28596.0,1780,CARDINAL FSB,12/1/1988,12/1/1988,ASSISTANCE,A/A,1471492.0,1458128.0
29181.0,1791,UNITED FS&LA,12/1/1988,12/1/1988,ASSISTANCE,A/A,92527.0,91975.0
29362.0,1775,FIRST FS&LA,12/1/1988,12/1/1988,ASSISTANCE,A/A,265719.0,241623.0
31752.0,1810,NORTHPARK SAVINGS ASSOCIATION,12/1/1988,12/1/1988,ASSISTANCE,A/A,126611.0,163830.0
18554.0,5953,FIRST NATIONAL BANK,11/18/1988,11/18/1988,FAILURE,IDT,262163.0,297944.0
31659.0,1809,TESORO S&LA,11/18/1988,11/18/1988,ASSISTANCE,A/A,248056.0,334675.0
18591.0,2934,EAST TEXAS STATE BANK,11/17/1988,11/17/1988,FAILURE,PA,21278.0,20632.0
22871.0,2935,THE BANK OF KERRVILLE,11/17/1988,11/17/1988,FAILURE,PA,39821.0,34839.0
24492.0,1975,"ALLIANCE BANK, N.A.",11/16/1988,11/16/1988,ASSISTANCE,A/A,8898.0,11860.0
4103.0,5951,THE FIRST NATIONAL BANK OF GRACEMONT,11/10/1988,11/10/1988,FAILURE,IDT,6571.0,6841.0
11783.0,2931,AVOYELLES TRUST & SAVINGS BANK,11/10/1988,11/10/1988,FAILURE,PA,27150.0,30223.0
22342.0,2933,MIAMI NATIONAL BANK,11/10/1988,11/10/1988,FAILURE,PA,9249.0,9584.0
23192.0,5952,BANK OF THE NORTHWEST,11/10/1988,11/10/1988,FAILURE,IDT,19537.0,18010.0
23979.0,2932,AMERICAN NATIONAL BANK,11/10/1988,11/10/1988,FAILURE,PA,22369.0,22850.0
32109.0,7586,CYPRUS SA,11/10/1988,11/10/1988,FAILURE,IDT,172828.0,203688.0
10836.0,5950,MT. ZION STATE BANK,11/4/1988,11/4/1988,FAILURE,IDT,26444.0,25661.0
26220.0,5949,SOUTHWEST NATIONAL BANK,11/3/1988,11/3/1988,FAILURE,IDT,14015.0,16150.0
28293.0,1761,RELIANCE FS&LA,11/2/1988,11/2/1988,ASSISTANCE,A/A,64346.0,82502.0
28437.0,1762,LINCOLN FS&LA,11/1/1988,11/1/1988,ASSISTANCE,A/A,1253024.0,964594.0
29971.0,1764,SOUTHSIDE S&L,11/1/1988,11/1/1988,ASSISTANCE,A/A,54128.0,54705.0
20955.0,2930,MEDICAL CENTER STATE BANK,10/27/1988,10/27/1988,FAILURE,PA,8655.0,8562.0
23454.0,2929,FRONTIER NATIONAL BANK,10/27/1988,10/27/1988,FAILURE,PA,39529.0,39271.0
25121.0,5948,ROUND ROCK NATIONAL BANK,10/27/1988,10/27/1988,FAILURE,IDT,37001.0,37104.0
28196.0,1760,PEOPLES FSB,10/25/1988,10/25/1988,ASSISTANCE,A/A,341126.0,347272.0
20941.0,2927,COMMERCIAL BANK & TRUST COMPANY,10/20/1988,10/20/1988,FAILURE,PA,58768.0,56391.0
25855.0,2928,SECURITY BANK,10/20/1988,10/20/1988,FAILURE,PA,21789.0,20851.0
27636.0,1808,OLNEY SAVINGS ASSOCIATION,10/14/1988,10/14/1988,ASSISTANCE,A/A,1342144.0,880869.0
27701.0,1808,SECURITY FS&LA,10/14/1988,10/14/1988,ASSISTANCE,A/A,396016.0,289942.0
29319.0,1808,FIRST FS&LA,10/14/1988,10/14/1988,ASSISTANCE,A/A,214118.0,203756.0
29883.0,1808,SAN ANGELO SAVINGS ASSOCIATION,10/14/1988,10/14/1988,ASSISTANCE,A/A,124534.0,162840.0
30336.0,1808,ODESSA SAVINGS ASSOCIATION,10/14/1988,10/14/1988,ASSISTANCE,A/A,132133.0,156610.0
30576.0,1808,SOUTHWEST S&LA,10/14/1988,10/14/1988,ASSISTANCE,A/A,154345.0,328807.0
30651.0,1808,BANC HOME SAVINGS ASSOCIATION,10/14/1988,10/14/1988,ASSISTANCE,A/A,603367.0,680882.0
31081.0,1808,SOUTHERN S&LA,10/14/1988,10/14/1988,ASSISTANCE,A/A,154850.0,160257.0
31842.0,1808,HEART O TEXAS SAVINGS ASSOCIATION,10/14/1988,10/14/1988,ASSISTANCE,A/A,269532.0,201699.0
31963.0,1808,SHAMROCK FEDERAL SAVINGS BANK,10/14/1988,10/14/1988,ASSISTANCE,A/A,102296.0,103952.0
32128.0,1808,PETROPLEX SAVINGS ASSOCIATION,10/14/1988,10/14/1988,ASSISTANCE,A/A,113922.0,178122.0
27999.0,1759,FIRST FS&LA OF MAYFIELD,10/12/1988,10/12/1988,ASSISTANCE,A/A,51455.0,72754.0
29025.0,1758,FIRST FSB OF INDIANA,10/12/1988,10/12/1988,ASSISTANCE,A/A,271525.0,287031.0
29978.0,1758,CAPITAL FS&LA,10/12/1988,10/12/1988,ASSISTANCE,A/A,51414.0,55716.0
32189.0,7584,LIBERTY FSB,10/7/1988,10/7/1988,FAILURE,PO,130432.0,137813.0
25701.0,2926,FIDELITY NATIONAL BANK OF FORT WORTH,10/6/1988,10/6/1988,FAILURE,PA,33844.0,32509.0
32155.0,0,FINANCIAL SECURITY S&LA,10/6/1988,,FAILURE,MGR,150140.0,166306.0
8040.0,2925,LIBERTY BANK & TRUST COMPANY,10/3/1988,10/3/1988,FAILURE,PA,48687.0,45800.0
8837.0,2924,WATSON STATE BANK,9/30/1988,9/30/1988,FAILURE,PA,13731.0,12865.0
29080.0,1806,FIRST FS&LA,9/30/1988,9/30/1988,ASSISTANCE,A/A,1013313.0,904454.0
29746.0,1756,CITIZENS FS&LA OF NEW CASTLE,9/30/1988,9/30/1988,ASSISTANCE,A/A,51855.0,56976.0
30362.0,1807,GREAT WEST SAVINGS BANK,9/30/1988,9/30/1988,ASSISTANCE,A/A,179890.0,182323.0
30497.0,1806,DELTA SAVINGS ASSOCIATION OF TEXAS,9/30/1988,9/30/1988,ASSISTANCE,A/A,202597.0,313331.0
30945.0,1807,CREDITBANC SAVINGS ASSOCIATION,9/30/1988,9/30/1988,ASSISTANCE,A/A,593147.0,718584.0
31459.0,1807,FRANKLIN SAVINGS ASSOCIATION,9/30/1988,9/30/1988,ASSISTANCE,A/A,410855.0,615638.0
31692.0,1757,ADOBE SAVINGS BANK,9/30/1988,9/30/1988,ASSISTANCE,A/A,48124.0,43437.0
32264.0,1806,GUARANTY FS&LA,9/30/1988,9/30/1988,ASSISTANCE,A/A,1960018.0,2268079.0
8979.0,2923,FIRST STATE BANK,9/29/1988,9/29/1988,FAILURE,PA,12224.0,11253.0
30625.0,0,CONTINENTAL S&LA,9/26/1988,,FAILURE,MGR,363720.0,585384.0
24400.0,5947,PEOPLES STATE BANK OF MEEKER,9/23/1988,9/23/1988,FAILURE,IDT,3894.0,3765.0
31403.0,1805,CHAMPION SAVINGS ASSOCIATION,9/23/1988,9/23/1988,ASSISTANCE,A/A,656720.0,804134.0
32005.0,7583,PEOPLES S&LA,9/23/1988,9/23/1988,FAILURE,IDT,22515.0,19750.0
5998.0,2920,THE FIRST STATE BANK IN TALIHINA,9/22/1988,9/22/1988,FAILURE,PA,15813.0,14744.0
9878.0,2921,THE SECURITY STATE BANK,9/22/1988,9/22/1988,FAILURE,PA,9045.0,8862.0
22992.0,2922,COMMUNITY BANK & TRUST,9/22/1988,9/22/1988,FAILURE,PA,14945.0,14338.0
28118.0,0,MOUNTAINWEST S&LA,9/21/1988,,FAILURE,MGR,284465.0,262256.0
31299.0,1751,LOVES PARK FSB,9/21/1988,9/21/1988,ASSISTANCE,A/A,40841.0,44986.0
24189.0,1960,GUARANTY NATIONAL BANK,9/16/1988,9/16/1988,ASSISTANCE,A/A,21063.0,22633.0
32072.0,7582,ULTIMATE SAVINGS BANK,9/16/1988,9/16/1988,FAILURE,IDT,206490.0,194303.0
22466.0,2919,TOWN & COUNTRY BANK,9/15/1988,9/15/1988,FAILURE,PA,30846.0,38385.0
23492.0,2916,CITIZENS BANK OF LITTLETON,9/15/1988,9/15/1988,FAILURE,PA,6365.0,6259.0
24762.0,2918,TRINITY NATIONAL BANK,9/15/1988,9/15/1988,FAILURE,PA,33137.0,33753.0
24977.0,5946,CAPITAL NATIONAL BANK,9/15/1988,9/15/1988,FAILURE,IDT,24363.0,25701.0
25251.0,2917,RIVER CITY BANK,9/15/1988,9/15/1988,FAILURE,PA,15070.0,17721.0
28957.0,1804,BAY CITY FS&LA,9/9/1988,9/9/1988,ASSISTANCE,A/A,157930.0,163007.0
30979.0,1804,GULF COAST SAVINGS ASSOCIATION,9/9/1988,9/9/1988,ASSISTANCE,A/A,59914.0,72296.0
16582.0,2915,THE SYLVIA STATE BANK,9/8/1988,9/8/1988,FAILURE,PA,5894.0,5334.0
28559.0,1776,AMERICAN S&LA,9/7/1988,12/28/1988,ASSISTANCE,A/A,30162228.0,15411331.0
28910.0,1746,FIRST FEDERAL SB,9/7/1988,9/7/1988,ASSISTANCE,A/A,122899.0,135472.0
31202.0,1748,COOSA FS&LA,9/6/1988,9/6/1988,ASSISTANCE,A/A,72057.0,76164.0
5798.0,2914,MINGO TRUST & SAVINGS BANK,9/1/1988,9/1/1988,FAILURE,PA,12060.0,11419.0
12312.0,5944,COMMERCIAL STATE BANK,9/1/1988,9/1/1988,FAILURE,IDT,25607.0,26129.0
14483.0,5945,PISGAH SAVINGS BANK,9/1/1988,9/1/1988,FAILURE,IDT,9672.0,9315.0
20087.0,2913,LAKELAND STATE BANK,9/1/1988,9/1/1988,FAILURE,PA,9264.0,9199.0
20184.0,2910,AMERICAN BANK OF MUSKOGEE,9/1/1988,9/1/1988,FAILURE,PA,28571.0,29844.0
25101.0,2912,FIRST NATIONAL BANK OF ATASCOCITA,9/1/1988,9/1/1988,FAILURE,PA,9362.0,10771.0
25699.0,2911,PIONEER NATIONAL BANK,9/1/1988,9/1/1988,FAILURE,PA,20289.0,22550.0
28020.0,1752,ARSENAL SA,9/1/1988,9/1/1988,ASSISTANCE,A/A,158346.0,178689.0
28547.0,1747,FIDELITY FS&LA,9/1/1988,9/1/1988,ASSISTANCE,A/A,37141.0,39463.0
29779.0,1753,FRANKTON FS&LA,9/1/1988,9/1/1988,ASSISTANCE,A/A,30550.0,33065.0
30834.0,1745,CITIZENS FS&LA,9/1/1988,9/1/1988,ASSISTANCE,A/A,57944.0,64557.0
31533.0,1755,UNITED SA OF CENTRAL INDIANA,9/1/1988,9/1/1988,ASSISTANCE,A/A,57345.0,65067.0
28245.0,1816,MUTUAL FS&LA,8/31/1988,8/31/1988,ASSISTANCE,A/A,173026.0,198967.0
28357.0,1800,HOME S&LA,8/31/1988,8/31/1988,FAILURE,MGR,173454.0,205081.0
28648.0,1801,FIRST FS&LA,8/31/1988,8/31/1988,FAILURE,MGR,106744.0,133016.0
28661.0,1814,MIDAMERICA FS&LA,8/31/1988,8/31/1988,ASSISTANCE,A/A,482515.0,391585.0
28734.0,1801,PEOPLES FS&LA,8/31/1988,8/31/1988,FAILURE,MGR,49904.0,46844.0
28737.0,1802,KINGFISHER FS&LA,8/31/1988,8/31/1988,FAILURE,MGR,124441.0,127635.0
29013.0,1801,"HOME SAVINGS BANK, FA",8/31/1988,8/31/1988,FAILURE,MGR,264146.0,211547.0
29573.0,1816,CAPITOL FSB,8/31/1988,8/31/1988,ASSISTANCE,A/A,117377.0,112369.0
29625.0,1800,PHOENIX FS&LA,8/31/1988,8/31/1988,FAILURE,MGR,419405.0,382716.0
30146.0,6000,FRONTIER SAVINGS & LOAN,8/31/1988,10/9/1993,FAILURE,PA,1030832.0,826792.0
31988.0,1801,HERITAGE S&LA,8/31/1988,8/31/1988,FAILURE,MGR,80818.0,90205.0
32077.0,1814,FIRST OKLAHOMA SAVINGS BANK,8/31/1988,8/31/1988,ASSISTANCE,A/A,37322.0,44404.0
17163.0,2899,BIWABIK STATE BANK,8/26/1988,8/26/1988,FAILURE,PA,3238.0,3227.0
27854.0,1741,WASHINGTON FSB OF STILLWATER,8/26/1988,8/26/1988,ASSISTANCE,A/A,295753.0,319359.0
29500.0,1741,PIONEER FS&LA IN MASON CITY,8/26/1988,8/26/1988,ASSISTANCE,A/A,314016.0,310042.0
30200.0,1741,FIRST FS&LA OF BRAINERD,8/26/1988,8/26/1988,ASSISTANCE,A/A,86617.0,104175.0
30533.0,1741,FIRST FS&LA OF HIBBING,8/26/1988,8/26/1988,ASSISTANCE,A/A,47252.0,67222.0
30868.0,1741,FIRST FS&LA OF GRAND RAPIDS,8/26/1988,8/26/1988,ASSISTANCE,A/A,105887.0,96938.0
31295.0,1741,PEOPLES S&LA,8/26/1988,8/26/1988,ASSISTANCE,A/A,210759.0,203719.0
31296.0,1742,NORTHWEST FS&LA,8/26/1988,8/26/1988,ASSISTANCE,A/A,26686.0,25102.0
31822.0,1743,HOMESTATE S&LA,8/26/1988,8/26/1988,ASSISTANCE,A/A,182052.0,222291.0
31881.0,1744,COMMERCE FSB,8/26/1988,8/26/1988,ASSISTANCE,A/A,40107.0,50776.0
22845.0,2896,BANK OF THE MID-SOUTH,8/25/1988,8/25/1988,FAILURE,PA,41788.0,41110.0
25143.0,2897,"BANCFIRST-WESTLAKE, N.A.",8/25/1988,8/25/1988,FAILURE,PA,14956.0,16307.0
25760.0,2898,HIGHLAND PARK NATIONAL BANK,8/25/1988,8/25/1988,FAILURE,PA,26301.0,31196.0
497.0,5943,MARSHALL COUNTY BANK,8/19/1988,8/19/1988,FAILURE,IDT,10737.0,9411.0
28412.0,1798,FEDERATED S&LA,8/19/1988,8/19/1988,FAILURE,MGR,150067.0,158079.0
30263.0,1798,MULTIBANC SAVINGS ASSOCIATION,8/19/1988,8/19/1988,FAILURE,MGR,190745.0,222964.0
30773.0,1798,SUNBELT SAVINGS ASSOCIATION OF TEXAS,8/19/1988,8/19/1988,FAILURE,MGR,2214129.0,3255324.0
31641.0,1798,SUMMIT SAVINGS ASSOCIATION,8/19/1988,8/19/1988,ASSISTANCE,A/A,185901.0,320801.0
31684.0,1798,TEXANA S&LA,8/19/1988,8/19/1988,FAILURE,MGR,78057.0,75516.0
31892.0,1798,FIRST CITY SAVINGS ASSOCIATION,8/19/1988,8/19/1988,FAILURE,MGR,227003.0,258514.0
18506.0,2895,CITIZENS STATE BANK,8/18/1988,8/18/1988,FAILURE,PA,11052.0,10811.0
24194.0,2894,TOWN & COUNTRY NATIONAL BANK,8/18/1988,8/18/1988,FAILURE,PA,29583.0,30759.0
25811.0,2893,FIRST NATIONAL BANK AUSTIN,8/18/1988,8/18/1988,FAILURE,PA,25972.0,27175.0
28869.0,1797,GLADEWATER FS&LA,8/18/1988,8/18/1988,ASSISTANCE,A/A,24873.0,35849.0
29390.0,1797,COMMERCE FS&LA,8/18/1988,8/18/1988,ASSISTANCE,A/A,29533.0,32710.0
30520.0,1797,IRVING S&LA,8/18/1988,8/18/1988,ASSISTANCE,A/A,53054.0,105877.0
30828.0,1797,MAJESTIC SAVINGS ASSOCIATION,8/18/1988,8/18/1988,ASSISTANCE,A/A,283491.0,333007.0
30978.0,1797,RICHARDSON SAVINGS ASSOCIATION,8/18/1988,8/18/1988,ASSISTANCE,A/A,706150.0,747388.0
31580.0,1797,LONGVIEW S&LA,8/18/1988,8/18/1988,ASSISTANCE,A/A,145595.0,158898.0
31750.0,1797,PARIS S&LA,8/18/1988,8/18/1988,ASSISTANCE,A/A,254076.0,401083.0
31967.0,1797,AMERICAN BANC SAVINGS ASSOCIAT,8/18/1988,8/18/1988,ASSISTANCE,A/A,62839.0,62342.0
31985.0,1797,SOUTHLAND SAVINGS ASSOCIATION,8/18/1988,8/18/1988,ASSISTANCE,A/A,31530.0,34451.0
32124.0,1797,SKYLINE SAVINGS ASSOCIATION,8/18/1988,8/18/1988,ASSISTANCE,A/A,118198.0,116479.0
16077.0,2890,GALENA PARK STATE BANK,8/11/1988,8/11/1988,FAILURE,PA,24849.0,28927.0
21508.0,2891,FIRST BANK,8/11/1988,8/11/1988,FAILURE,PA,46240.0,46060.0
25017.0,2892,WEST HOUSTON NATIONAL BANK,8/11/1988,8/11/1988,FAILURE,PA,26448.0,26732.0
28127.0,1739,CAPITOL FS&LA,8/11/1988,8/11/1988,ASSISTANCE,A/A,229108.0,219651.0
29050.0,1740,FIRST FEDERAL SAVINGS BANK,8/11/1988,8/11/1988,ASSISTANCE,A/A,20663.0,22676.0
29944.0,1740,WESTERN FS&LA,8/11/1988,8/11/1988,ASSISTANCE,A/A,23915.0,39121.0
29848.0,1738,FIRST FS&LA OF TAYLORVILLE,8/10/1988,8/10/1988,ASSISTANCE,A/A,34604.0,37588.0
17439.0,1959,SECURITY STATE BANK,8/9/1988,8/9/1988,ASSISTANCE,A/A,15355.0,15225.0
13644.0,2889,FARMERS & MERCHANTS BANK OF ELMO,8/4/1988,8/4/1988,FAILURE,PA,9189.0,8826.0
24139.0,2888,ALASKA CONTINENTAL BANK,8/3/1988,8/3/1988,FAILURE,PA,51496.0,52254.0
26723.0,2886,FIRST REPUBLICBANK DELAWARE,8/2/1988,10/31/1988,FAILURE,PA,582350.0,164867.0
28310.0,1737,FIRST OF LONGVIEW,8/2/1988,8/2/1988,ASSISTANCE,A/A,78095.0,76320.0
1181.0,2855,FIRST REPUBLICBANK-CLIFTON,7/29/1988,10/22/1988,FAILURE,PA,82273.0,76899.0
1188.0,2861,FIRST REPUBLICBANK-FORNEY,7/29/1988,10/22/1988,FAILURE,PA,54599.0,50879.0
1717.0,2880,"FIRST REPUBLICBANK-TEMPLE, N.A.",7/29/1988,10/22/1988,FAILURE,PA,163642.0,150365.0
3065.0,2852,"FIRST REPUBLICBANK-ABILENE, N.A.",7/29/1988,10/22/1988,FAILURE,PA,218162.0,201164.0
3084.0,2848,"FIRST REPUBLICBANK- AUSTIN, N.A.",7/29/1988,10/22/1988,FAILURE,PA,1688329.0,1314891.0
3118.0,2853,"FIRST REPUBLICBANK-BROWNWOOD, N.A.",7/29/1988,10/22/1988,FAILURE,PA,126695.0,118839.0
3147.0,2856,"FIRST REPUBLICBANK-CONROE, N.A.",7/29/1988,10/22/1988,FAILURE,PA,207680.0,200637.0
3153.0,2857,"FIRST REPUBLICBANK-CORSICANA, N.A.",7/29/1988,10/22/1988,FAILURE,PA,200642.0,186918.0
3165.0,2846,"FIRST REPUBLICBANK-DALLAS, N.A.",7/29/1988,10/22/1988,FAILURE,PA,17085655.0,7680063.0
3173.0,2858,"FIRST REPUBLICBANK-DENISON, N.A.",7/29/1988,10/22/1988,FAILURE,PA,143514.0,136310.0
3189.0,2860,"FIRST REPUBLICBANK-ENNIS, N.A.",7/29/1988,10/22/1988,FAILURE,PA,96091.0,90622.0
3200.0,2849,"FIRST REPUBLICBANK-FT. WORTH, N.A.",7/29/1988,10/22/1988,FAILURE,PA,1956560.0,1568528.0
3209.0,2863,"FIRST REPUBLICBANK-GALVESTON, N.A.",7/29/1988,10/22/1988,FAILURE,PA,257165.0,242631.0
3234.0,2864,"FIRST REPUBLICBANK-GREENVILLE, N.A.",7/29/1988,10/22/1988,FAILURE,PA,85852.0,79582.0
3246.0,2865,"FIRST REPUBLICBANK-HARLINGEN, N.A.",7/29/1988,10/22/1988,FAILURE,PA,213556.0,193137.0
3249.0,2866,"FIRST REPUBLICBANK-HENDERSON, N.A.",7/29/1988,10/22/1988,FAILURE,PA,128870.0,119410.0
3262.0,2847,"FIRST REPUBLICBANK-HOUSTON, N.A.",7/29/1988,10/22/1988,FAILURE,PA,2712008.0,2275270.0
3315.0,2869,"FIRST REPUBLICBANK-LUBBOCK, N.A.",7/29/1988,10/22/1988,FAILURE,PA,528101.0,475829.0
3349.0,2873,FIRST REPUBLICBANK-MINERAL WELLS,7/29/1988,10/22/1988,FAILURE,PA,174415.0,168305.0
3354.0,2874,FIRST REPUBLICBANK-MT. PLEASANT,7/29/1988,10/22/1988,FAILURE,PA,148141.0,137048.0
3369.0,2875,"FIRST REPUBLICBANK-ODESSA, N.A.",7/29/1988,10/22/1988,FAILURE,PA,174996.0,165964.0
3391.0,2877,"FIRST REPUBLICBANK-PLANO, N.A.",7/29/1988,10/22/1988,FAILURE,PA,199707.0,182873.0
3408.0,2878,"FIRST REPUBLICBANK-RICHMOND, N.A",7/29/1988,10/22/1988,FAILURE,PA,99889.0,92479.0
5513.0,2862,NATIONAL BANK OF FT. SAM HOUSTON,7/29/1988,10/22/1988,FAILURE,PA,634806.0,501900.0
5537.0,2879,FIRST REPUBLICBANK-STEPHENVILLE,7/29/1988,10/22/1988,FAILURE,PA,124191.0,116809.0
5563.0,2881,"FIRST REPUBLICBANK-TYLER, N.A.",7/29/1988,10/22/1988,FAILURE,PA,610442.0,536496.0
5572.0,2883,"FIRST REPUBLICBANK-WACO, N.A.",7/29/1988,10/22/1988,FAILURE,PA,716274.0,591858.0
5586.0,2885,FIRST REPUBLICBANK-WICHITA FALLS,7/29/1988,10/22/1988,FAILURE,PA,304233.0,270730.0
9018.0,2870,FIRST REPUBLICBANK-LUFKIN,7/29/1988,10/22/1988,FAILURE,PA,224868.0,192393.0
13743.0,2854,"FIRST REPUBLICBANK-CLEBURNE, N.A",7/29/1988,10/22/1988,FAILURE,PA,118351.0,110894.0
14819.0,2850,FIRST REPUBLICBANK-SAN ANTONIO,7/29/1988,10/22/1988,FAILURE,PA,797201.0,726755.0
14950.0,2867,"FIRST REPUBLICBANK-HILLSBORO, N.A.",7/29/1988,10/22/1988,FAILURE,PA,68086.0,63008.0
15643.0,2871,"FIRST REPUBLICBANK-MALAKOFF, N.A",7/29/1988,10/22/1988,FAILURE,PA,49588.0,47271.0
17422.0,2868,FIRST REPUBLICBANK-JEFFERSON COUNTY,7/29/1988,10/22/1988,FAILURE,PA,240727.0,223894.0
17492.0,2882,FIRST REPUBLICBANK-VICTORIA,7/29/1988,10/22/1988,FAILURE,PA,175166.0,163033.0
18832.0,2851,FIRST REPUBLICBANK-A&M,7/29/1988,10/22/1988,FAILURE,PA,101039.0,95773.0
18932.0,2876,FIRST REPUBLICBANK-PARIS,7/29/1988,10/22/1988,FAILURE,PA,79339.0,74097.0
22118.0,2859,"FIRST REPUBLICBANK-EL PASO, N.A.",7/29/1988,10/22/1988,FAILURE,PA,217709.0,208191.0
22921.0,2884,FIRST REPUBLICBANK-WILLIAMSON CN,7/29/1988,10/22/1988,FAILURE,PA,43993.0,42024.0
24782.0,2872,"FIRST REPUBLICBANK-MIDLAND, N.A.",7/29/1988,10/22/1988,FAILURE,PA,659374.0,574547.0
26315.0,5942,WESTLAKE THRIFT & LOAN ASSOCIATION,7/29/1988,7/29/1988,FAILURE,IDT,55152.0,51232.0
28575.0,7580,AMERICAN OF ANADARKO,7/29/1988,7/29/1988,FAILURE,IDT,65139.0,144455.0
11146.0,5941,FIRST CAPITOL BANK,7/28/1988,7/28/1988,FAILURE,IDT,50022.0,46262.0
25791.0,2845,NATIONAL FIDELITY BANK OF SHREVEPORT,7/28/1988,7/28/1988,FAILURE,PA,10506.0,10614.0
29707.0,1735,GALVA FS&LA,7/28/1988,7/28/1988,ASSISTANCE,A/A,12784.0,13675.0
30302.0,1735,HOME FS&LA,7/28/1988,7/28/1988,ASSISTANCE,A/A,115080.0,126258.0
31388.0,1735,MUTUAL FS&LA,7/28/1988,7/28/1988,ASSISTANCE,A/A,30369.0,38146.0
4040.0,2843,UNION BANK & TRUST,7/21/1988,7/21/1988,FAILURE,PA,115430.0,128969.0
5096.0,2844,THE FIRST NATIONAL BANK OF BLOOMING PRAIRI,7/21/1988,7/21/1988,FAILURE,PA,19972.0,20016.0
29400.0,0,PLATTE VALLEY  FS&LA,7/21/1988,,FAILURE,MGR,407559.0,400105.0
31898.0,1783,FIRST SECURITY  SB,7/21/1988,12/31/1988,ASSISTANCE,A/A,176541.0,133121.0
25762.0,1958,OAK FOREST NATIONAL BANK,7/15/1988,7/15/1988,ASSISTANCE,A/A,7381.0,7657.0
18351.0,1957,TEXAS BANK,7/14/1988,7/14/1988,ASSISTANCE,A/A,57193.0,61494.0
19965.0,2841,THE SECURITY BANK,7/14/1988,7/14/1988,FAILURE,PA,9370.0,9397.0
23082.0,2840,THE AMERICAN BANK,7/14/1988,7/14/1988,FAILURE,PA,20789.0,20360.0
23380.0,2842,ALLEN NATIONAL BANK,7/14/1988,7/14/1988,FAILURE,PA,26310.0,26240.0
25765.0,1957,"TEXAS BANK NORTH, NA",7/14/1988,7/14/1988,ASSISTANCE,A/A,5763.0,8113.0
31875.0,1772,MCLEAN S&LA,7/8/1988,12/28/1988,ASSISTANCE,A/A,318921.0,326080.0
18167.0,2839,MERCANTILE BANK & TRUST,6/30/1988,6/30/1988,FAILURE,PA,76189.0,81570.0
23056.0,2838,FIRST NATIONAL BANK,6/30/1988,6/30/1988,FAILURE,PA,24477.0,24193.0
25816.0,2837,REPUBLIC NATIONAL BANK,6/30/1988,6/30/1988,FAILURE,PA,24283.0,26542.0
21347.0,2836,CLAIBORNE BANK & TRUST COMPANY,6/29/1988,6/29/1988,FAILURE,PA,13076.0,12876.0
32022.0,1734,LYNNWOOD S&LA,6/24/1988,6/24/1988,ASSISTANCE,A/A,24071.0,24885.0
32121.0,1733,STANFORD S&LA,6/24/1988,6/24/1988,ASSISTANCE,A/A,73494.0,79825.0
20071.0,2834,NORTHWEST BANK & TRUST,6/23/1988,6/23/1988,FAILURE,PA,97591.0,92527.0
25793.0,2835,TEXAS NATIONAL BANK,6/23/1988,6/23/1988,FAILURE,PA,14402.0,14944.0
26356.0,2833,TRI-CITIES BANK & TRUST,6/23/1988,6/23/1988,FAILURE,PA,9247.0,9981.0
23942.0,2832,THE BANK OF WESTMINSTER,6/22/1988,6/22/1988,FAILURE,PA,6521.0,6638.0
30983.0,1796,FIRST FINANCIAL A SAVINGS ASSOCIATION OF E,6/22/1988,6/22/1988,ASSISTANCE,A/A,325691.0,248121.0
19817.0,2831,THE LIBERTY BANK OF SEATTLE,6/17/1988,6/17/1988,FAILURE,PA,19146.0,20573.0
24300.0,2830,CENTURY NATIONAL BANK,6/16/1988,6/16/1988,FAILURE,PA,54001.0,56096.0
24345.0,2829,KINGSLAND NATIONAL BANK,6/16/1988,6/16/1988,FAILURE,PA,14066.0,14697.0
20928.0,1956,BANK OF IMBODEN,6/14/1988,6/14/1988,ASSISTANCE,A/A,16230.0,16446.0
24054.0,2828,PARKWAY BANK & TRUST,6/9/1988,6/9/1988,FAILURE,PA,42348.0,42262.0
29402.0,1731,FRONTIER FEDERAL SAVINGS BANK,6/6/1988,6/6/1988,ASSISTANCE,A/A,43735.0,42475.0
28976.0,0,LARUE FS&LA,6/3/1988,6/3/1988,FAILURE,IDT,11956.0,16176.0
15905.0,2825,GUARANTY BANK,6/2/1988,6/2/1988,FAILURE,PA,82097.0,75487.0
17153.0,2822,COMMUNITY STATE BANK,6/2/1988,6/2/1988,FAILURE,PA,5073.0,5000.0
18512.0,2824,SECURITY BANK OF BOULDER,6/2/1988,6/2/1988,FAILURE,PA,14137.0,13760.0
22111.0,2823,SECURITY BANK OF AURORA,6/2/1988,6/2/1988,FAILURE,PA,10901.0,10124.0
24069.0,2826,RIVER PLAZA NATIONAL BANK,6/2/1988,6/2/1988,FAILURE,PA,41811.0,44406.0
24190.0,2827,"WILLIAMSTOWN BANK, N.A.",6/2/1988,6/2/1988,FAILURE,PA,23038.0,22683.0
29289.0,1732,MUSKEGON FS&LA,6/2/1988,6/2/1988,ASSISTANCE,A/A,204578.0,195979.0
22511.0,2821,SANDY STATE BANK,5/27/1988,5/27/1988,FAILURE,PA,8946.0,8043.0
15909.0,5940,THE FIRST STATE BANK,5/26/1988,5/26/1988,FAILURE,IDT,39864.0,39734.0
23416.0,2819,LONE STAR BANK,5/26/1988,5/26/1988,FAILURE,PA,12986.0,12997.0
25248.0,2820,FIRST NATIONAL BANK OF KINGSWOOD,5/26/1988,5/26/1988,FAILURE,PA,16080.0,16207.0
32008.0,1730,BLUEBONNET SA OF TEXAS,5/26/1988,5/26/1988,ASSISTANCE,A/A,24101.0,29299.0
28802.0,1728,FIRST FS&LA OF HAMMONTON,5/25/1988,5/25/1988,ASSISTANCE,A/A,237617.0,298266.0
32034.0,0,UNIVERSAL S&LA,5/24/1988,,FAILURE,MGR,116778.0,114814.0
24559.0,2818,NATIONAL BANK OF TEXAS,5/19/1988,5/19/1988,FAILURE,PA,19430.0,26140.0
6086.0,1955,THE AMERICAN STATE BANK,5/18/1988,5/18/1988,ASSISTANCE,A/A,62095.0,58954.0
27750.0,1795,LAMAR SAVINGS ASSOCIATION,5/18/1988,5/18/1988,ASSISTANCE,A/A,1939600.0,2091752.0
30641.0,1795,BRIERCROFT SAVINGS ASSOCIATION,5/18/1988,5/18/1988,ASSISTANCE,A/A,867484.0,658575.0
30923.0,1795,CITY S&LA,5/18/1988,5/18/1988,ASSISTANCE,A/A,681240.0,867606.0
30946.0,1795,STOCKTON SAVINGS ASSOCIATION,5/18/1988,5/18/1988,ASSISTANCE,A/A,543024.0,784479.0
23529.0,2817,WESTSIDE NATIONAL BANK,5/13/1988,5/13/1988,FAILURE,PA,32188.0,38706.0
29569.0,1794,COLORADO COUNTY FS&LA,5/13/1988,5/13/1988,ASSISTANCE,A/A,212927.0,224413.0
31151.0,1794,SECURITY S&LA,5/13/1988,5/13/1988,ASSISTANCE,A/A,105845.0,111700.0
31737.0,1794,CAMERON COUNTY S&LA,5/13/1988,5/13/1988,ASSISTANCE,A/A,27574.0,26958.0
32062.0,1794,ALLIANCE S&LA (HOUSTON),5/13/1988,5/13/1988,ASSISTANCE,A/A,103684.0,127649.0
32463.0,7573,CARDINAL SAVINGS BANK,5/13/1988,5/13/1988,FAILURE,IDT,93936.0,92849.0
12295.0,2816,THE FIRST STATE BANK,5/12/1988,5/12/1988,FAILURE,PA,14876.0,14595.0
15745.0,2814,FOREST CITY BANK & TRUST CO.,5/6/1988,5/6/1988,FAILURE,PA,26597.0,26492.0
22284.0,2813,UNION BANK & TRUST OF DALLAS,5/5/1988,5/5/1988,FAILURE,PA,36676.0,38464.0
24999.0,2812,LINCOLN NATIONAL BANK,5/5/1988,5/5/1988,FAILURE,PA,12959.0,12065.0
21787.0,2811,OAK PARK BANK,4/29/1988,4/29/1988,FAILURE,PA,21125.0,19735.0
27844.0,7572,AMERICAN FS&LA,4/29/1988,4/29/1988,FAILURE,IDT,145821.0,194523.0
23349.0,1953,CITIZENS BANK OF TULSA,4/28/1988,4/28/1988,ASSISTANCE,A/A,6693.0,8443.0
10892.0,1952,BOND COUNTY STATE BANK,4/25/1988,4/25/1988,ASSISTANCE,A/A,6321.0,6618.0
20229.0,2809,UNITY BANK,4/22/1988,4/22/1988,FAILURE,PA,7066.0,6685.0
20327.0,2808,THE VILLAGE BANK,4/22/1988,4/22/1988,FAILURE,PA,21653.0,19460.0
22611.0,5939,CITIZENS NATIONAL BANK,4/21/1988,4/21/1988,FAILURE,IDT,18272.0,18424.0
25274.0,5938,TEXAS NATIONAL BANK,4/21/1988,4/21/1988,FAILURE,PO,18482.0,20172.0
1211.0,1941,"FIRST CITY, TEXAS - RICHARDSON",4/20/1988,4/20/1988,ASSISTANCE,A/A,234196.0,210940.0
1722.0,1941,"FIRST CITY, TEXAS - DALLAS",4/20/1988,4/20/1988,ASSISTANCE,A/A,590295.0,489266.0
3093.0,1941,"FIRST CITY, TEXAS - BEAUMONT",4/20/1988,4/20/1988,ASSISTANCE,A/A,447439.0,399545.0
3120.0,1941,"FIRST CITY, TEXAS - BRYAN",4/20/1988,4/20/1988,ASSISTANCE,A/A,238427.0,206807.0
3227.0,1941,"FIRST CITY, TEXAS - GRAHAM",4/20/1988,4/20/1988,ASSISTANCE,A/A,134170.0,124609.0
3316.0,1941,"FIRST CITY, TEXAS - LUFKIN",4/20/1988,4/20/1988,ASSISTANCE,A/A,156571.0,139540.0
3318.0,1941,"FIRST CITY, TEXAS - MADISONVILLE",4/20/1988,4/20/1988,ASSISTANCE,A/A,89663.0,81854.0
3344.0,1941,"FIRST CITY, TEXAS - MIDLAND",4/20/1988,4/20/1988,ASSISTANCE,A/A,361162.0,313208.0
3374.0,1941,"FIRST CITY, TEXAS - ORANGE",4/20/1988,4/20/1988,ASSISTANCE,A/A,119659.0,109669.0
3409.0,1941,"FIRST CITY, TEXAS - RICHMOND",4/20/1988,4/20/1988,ASSISTANCE,A/A,74652.0,70745.0
5506.0,1941,"FIRST CITY, TEXAS - SAN ANGELO",4/20/1988,4/20/1988,ASSISTANCE,A/A,139421.0,130722.0
5562.0,1941,"FIRST CITY, TEXAS - TYLER",4/20/1988,4/20/1988,ASSISTANCE,A/A,261765.0,232562.0
9977.0,1941,"FIRST CITY, TEXAS - LEWISVILLE",4/20/1988,4/20/1988,ASSISTANCE,A/A,131131.0,121996.0
10357.0,1941,"FIRST CITY, TEXAS - HUMBLE",4/20/1988,4/20/1988,ASSISTANCE,A/A,78366.0,76621.0
11914.0,1941,"FIRST CITY, TEXAS - SOUR LAKE",4/20/1988,4/20/1988,ASSISTANCE,A/A,45778.0,42262.0
13702.0,1941,"FIRST CITY, TEXAS - HOUSTON, NA",4/20/1988,4/20/1988,ASSISTANCE,A/A,4423355.0,2184608.0
15721.0,1941,"FIRST CITY, TEXAS - AUSTIN",4/20/1988,4/20/1988,ASSISTANCE,A/A,710493.0,601289.0
16524.0,1941,"FIRST CITY, TEXAS - LAKE JACKSON",4/20/1988,4/20/1988,ASSISTANCE,A/A,85810.0,78764.0
16543.0,1941,"FIRST CITY, TEXAS - GRAND PRAIRIE",4/20/1988,4/20/1988,ASSISTANCE,A/A,79297.0,74296.0
16560.0,1941,"FIRST CITY, TEXAS - EL PASO",4/20/1988,4/20/1988,ASSISTANCE,A/A,391840.0,339137.0
17133.0,1941,"FIRST CITY, TEXAS - ARLINGTON",4/20/1988,4/20/1988,ASSISTANCE,A/A,240782.0,217397.0
17299.0,1941,"FIRST CITY, TEXAS - KOUNTZE",4/20/1988,4/20/1988,ASSISTANCE,A/A,34598.0,32204.0
17343.0,1941,"FIRST CITY, TEXAS - ALICE",4/20/1988,4/20/1988,ASSISTANCE,A/A,105915.0,95493.0
17911.0,1941,"FIRST CITY, TEXAS - EAST DALLAS",4/20/1988,4/20/1988,ASSISTANCE,A/A,105823.0,96554.0
18079.0,1941,"FIRST CITY, TEXAS - GATEWAY",4/20/1988,4/20/1988,ASSISTANCE,A/A,76478.0,71496.0
18151.0,1941,"FIRST CITY, TEXAS - CENTRAL",4/20/1988,4/20/1988,ASSISTANCE,A/A,69512.0,64841.0
18436.0,1941,"FIRST CITY, TEXAS - FARMERS BRANCH",4/20/1988,4/20/1988,ASSISTANCE,A/A,161953.0,149480.0
18556.0,1954,BANK OF SANTA FE,4/20/1988,4/20/1988,ASSISTANCE,A/A,95616.0,91508.0
18563.0,1941,"FIRST CITY, TEXAS - WINDSOR PARK",4/20/1988,4/20/1988,ASSISTANCE,A/A,126829.0,118598.0
19265.0,1941,"FIRST CITY, TEXAS - GARLAND",4/20/1988,4/20/1988,ASSISTANCE,A/A,129803.0,120150.0
19410.0,1941,"FIRST CITY, TEXAS - MARKET CENTER",4/20/1988,4/20/1988,ASSISTANCE,A/A,68007.0,64076.0
19667.0,1941,"FIRST CITY, TEXAS - NORTHLINE",4/20/1988,4/20/1988,ASSISTANCE,A/A,61469.0,61031.0
19810.0,1941,"FIRST CITY, TEXAS - CENTRAL PARK",4/20/1988,4/20/1988,ASSISTANCE,A/A,177327.0,170243.0
20003.0,1941,"FIRST CITY, TEXAS - LANCASTER",4/20/1988,4/20/1988,ASSISTANCE,A/A,81367.0,76137.0
20029.0,1941,"FIRST CITY, TEXAS - ARANSAS PASS",4/20/1988,4/20/1988,ASSISTANCE,A/A,48882.0,44859.0
20255.0,1941,"FIRST CITY, TEXAS - ALMEDA GENOA",4/20/1988,4/20/1988,ASSISTANCE,A/A,77939.0,71486.0
20411.0,1941,"FIRST CITY, TEXAS - VALLEY VIEW",4/20/1988,4/20/1988,ASSISTANCE,A/A,142623.0,132806.0
20729.0,1941,"FIRST CITY, TEXAS - GULFGATE",4/20/1988,4/20/1988,ASSISTANCE,A/A,168141.0,154441.0
20779.0,1941,"FIRST CITY, TEXAS - COLLEYVILLE",4/20/1988,4/20/1988,ASSISTANCE,A/A,55040.0,48708.0
20979.0,1941,"FIRST CITY, TEXAS - CLEAR LAKE",4/20/1988,4/20/1988,ASSISTANCE,A/A,79781.0,74665.0
20980.0,1941,"FIRST CITY, TEXAS - HIGHLAND VILLAGE",4/20/1988,4/20/1988,ASSISTANCE,A/A,147473.0,138214.0
21044.0,1941,"FIRST CITY, TEXAS - BELLAIRE",4/20/1988,4/20/1988,ASSISTANCE,A/A,51110.0,48590.0
21101.0,1941,"FIRST CITY, TEXAS - INWOOD FOREST",4/20/1988,4/20/1988,ASSISTANCE,A/A,76232.0,71687.0
21190.0,1941,"FIRST CITY, TEXAS - CORPUS CHRISTI",4/20/1988,4/20/1988,ASSISTANCE,A/A,441586.0,312272.0
21381.0,1941,"FIRST CITY, TEXAS - FOREST HILL",4/20/1988,4/20/1988,ASSISTANCE,A/A,44827.0,41801.0
21876.0,1941,"FIRST CITY, TEXAS - MEDICAL CENTER",4/20/1988,4/20/1988,ASSISTANCE,A/A,52437.0,49193.0
21907.0,1941,"FIRST CITY, TEXAS - FONDREN SOUTH",4/20/1988,4/20/1988,ASSISTANCE,A/A,62474.0,59880.0
22038.0,1941,"FIRST CITY, TEXAS - CENTRAL ARLINGTON",4/20/1988,4/20/1988,ASSISTANCE,A/A,91395.0,83044.0
22285.0,1941,"FIRST CITY, TEXAS - NORTHEAST",4/20/1988,4/20/1988,ASSISTANCE,A/A,71057.0,67120.0
22816.0,1941,"FIRST CITY, TEXAS - BEAR CREEK",4/20/1988,4/20/1988,ASSISTANCE,A/A,46004.0,43926.0
23055.0,1941,"FIRST CITY, TEXAS - WESTHEIMER",4/20/1988,4/20/1988,ASSISTANCE,A/A,67027.0,63658.0
23237.0,1941,"FIRST CITY, TEXAS - NORTH BELT",4/20/1988,4/20/1988,ASSISTANCE,A/A,56686.0,53335.0
23526.0,1941,"FIRST CITY, TEXAS - PLANO",4/20/1988,4/20/1988,ASSISTANCE,A/A,59478.0,58380.0
24061.0,1941,"FIRST CITY, TEXAS - FORT WORTH",4/20/1988,4/20/1988,ASSISTANCE,A/A,58766.0,57223.0
24063.0,1941,"FIRST CITY, TEXAS - NORTHCHASE",4/20/1988,4/20/1988,ASSISTANCE,A/A,53558.0,50584.0
24358.0,1941,"FIRST CITY, TEXAS - WESTHEIMER PLAZA",4/20/1988,4/20/1988,ASSISTANCE,A/A,62603.0,61020.0
24607.0,1941,"FIRST CITY, TEXAS - WESTWOOD",4/20/1988,4/20/1988,ASSISTANCE,A/A,25622.0,25636.0
24723.0,1941,"FIRST CITY, TEXAS - SAN ANTONIO",4/20/1988,4/20/1988,ASSISTANCE,A/A,47714.0,45436.0
24759.0,1941,"FIRST CITY, TEXAS - NORTHWEST HILLS",4/20/1988,4/20/1988,ASSISTANCE,A/A,52682.0,51066.0
26339.0,1941,FIRST CITY - SIOUX FALLS N.A.,4/20/1988,4/20/1988,ASSISTANCE,A/A,597688.0,227736.0
16353.0,2807,MC ALLEN STATE BANK,4/19/1988,4/19/1988,FAILURE,PA,580047.0,556220.0
15811.0,1950,BURNS STATE BANK,4/15/1988,4/15/1988,ASSISTANCE,A/A,4382.0,4126.0
26701.0,2806,COLONIAL THRIFT & LOAN ASSOCIATION,4/15/1988,4/15/1988,FAILURE,PA,26761.0,24017.0
90027.0,5937,METROPOLITAN INDUSTRIAL BANK,4/15/1988,4/15/1988,FAILURE,IDT,12434.0,12495.0
22188.0,2805,JENNINGS BANK,4/14/1988,4/14/1988,FAILURE,PA,7087.0,6978.0
24765.0,5936,"CY-FAIR BANK, N.A.",4/14/1988,4/14/1988,FAILURE,IDT,13897.0,14240.0
27866.0,1727,VALLEY FEDERAL SAVINGS AND LOAN,4/12/1988,4/12/1988,ASSISTANCE,A/A,80475.0,90263.0
30061.0,1726,CITIZENS SAVINGS AND LOAN,4/11/1988,4/11/1988,ASSISTANCE,A/A,36415.0,41190.0
31950.0,1725,TRI-CITIES SAVINGS AND LOAN,4/11/1988,4/11/1988,ASSISTANCE,A/A,53148.0,43786.0
15081.0,2804,CITIZENS STATE BANK OF EAGLE BEND,4/8/1988,4/8/1988,FAILURE,PA,10011.0,9897.0
28456.0,7571,FIRST FEDERAL OF SHAWNEE,4/8/1988,4/8/1988,FAILURE,IDT,130697.0,142378.0
13667.0,5935,HOME STATE BANK,4/7/1988,4/7/1988,FAILURE,IDT,5401.0,5259.0
24390.0,2803,CENTRAL NATIONAL BANK,4/7/1988,4/7/1988,FAILURE,PA,15915.0,17433.0
17112.0,2802,UNION BANK & TRUST COMPANY,3/31/1988,3/31/1988,FAILURE,PA,182510.0,181779.0
20260.0,2801,FIRST BANK & TRUST,3/31/1988,3/31/1988,FAILURE,PA,68665.0,59058.0
24978.0,5934,FIRST NATIONAL BANK OF DEL CITY,3/25/1988,3/25/1988,FAILURE,IDT,30860.0,28123.0
17293.0,2800,CENTURY BANK,3/24/1988,3/24/1988,FAILURE,PA,70834.0,69938.0
20702.0,2799,CASHION COMMUNITY BANK,3/24/1988,3/24/1988,FAILURE,PA,6681.0,6623.0
1930.0,2798,STATE BANK OF MORGAN,3/18/1988,3/18/1988,FAILURE,PA,20314.0,19995.0
13640.0,2797,CITIZENS STATE BK OF GIBBON,3/18/1988,3/18/1988,FAILURE,PA,15051.0,14828.0
19898.0,2796,FIRST NATIONAL BANK OF PORT ALLEN,3/17/1988,3/17/1988,FAILURE,PA,19553.0,19083.0
25783.0,1949,MOREHEAD NATIONAL BANK,3/15/1988,3/15/1988,ASSISTANCE,A/A,7581.0,7865.0
26227.0,5933,FIRST INTERCOUNTY BANK OF NEW YORK,3/11/1988,3/11/1988,FAILURE,IDT,44079.0,37927.0
28766.0,1724,FIRST FEDERAL SAVINGS BANK,3/11/1988,3/11/1988,ASSISTANCE,A/A,152339.0,173986.0
29770.0,7568,FIRST FS&LA OF PADUCAH,3/11/1988,3/11/1988,FAILURE,IDT,130938.0,149064.0
29982.0,1724,PERPETUAL S&LA,3/11/1988,3/11/1988,ASSISTANCE,A/A,112789.0,110893.0
30818.0,1724,PEOPLES FS&LA,3/11/1988,3/11/1988,ASSISTANCE,A/A,151264.0,139171.0
31371.0,1724,FIRST FEDERATED SAVINGS BANK,3/11/1988,3/11/1988,ASSISTANCE,A/A,141733.0,155210.0
4074.0,5929,THE FIRST NAT BANK & TRUST CO. OF CUSHING,3/10/1988,3/10/1988,FAILURE,IDT,60298.0,61159.0
8100.0,5932,HAYESVILLE SAVINGS BANK,3/10/1988,3/10/1988,FAILURE,IDT,37989.0,37468.0
13254.0,5928,FRENCHMAN VALLEY BANK,3/10/1988,3/10/1988,FAILURE,PO,2781.0,2663.0
14241.0,2793,FIRST AMERICAN BANK & TRUST OF BAYTOWN,3/10/1988,3/10/1988,FAILURE,PA,38198.0,41001.0
18598.0,2794,"SECURITY BANK OF DENVER, N.A.",3/10/1988,3/10/1988,FAILURE,PA,16987.0,16612.0
23547.0,5931,FIRST AMERICAN BANK & TRUST OF MANVEL,3/10/1988,3/10/1988,FAILURE,IDT,12268.0,11707.0
26546.0,5930,FIRST AMERICAN BANK & TR OF FRIENDSWOOD,3/10/1988,3/10/1988,FAILURE,PO,6353.0,6295.0
29265.0,1723,FIRST FS&LA OF CRAIG,3/10/1988,3/10/1988,ASSISTANCE,A/A,30101.0,33042.0
17726.0,2791,THE HOME STATE BANK,3/3/1988,3/3/1988,FAILURE,PA,59884.0,61903.0
25331.0,2792,FLOWER MOUND BANK,3/3/1988,3/3/1988,FAILURE,PA,17444.0,17600.0
20273.0,5927,"HARRIS COUNTY BANK HOUSTON, N.A.",2/25/1988,2/25/1988,FAILURE,IDT,80724.0,81221.0
23972.0,2790,AMERICAN NATIONAL BANK,2/25/1988,2/25/1988,FAILURE,PA,31314.0,30360.0
25743.0,2789,COLLIN COUNTY STATE BANK,2/25/1988,2/25/1988,FAILURE,PA,12451.0,12643.0
15862.0,2787,THE FARMERS & MERCHANTS BK OF HILL CITY,2/18/1988,2/18/1988,FAILURE,PA,16496.0,16611.0
22920.0,2788,MUSTANG COMMUNITY BANK,2/18/1988,2/18/1988,FAILURE,PA,9407.0,9615.0
10155.0,2784,THE FIRST STATE BANK,2/12/1988,2/12/1988,FAILURE,PA,36417.0,37433.0
18806.0,1948,AMERICAN NATIONAL BANK,2/12/1988,2/12/1988,ASSISTANCE,A/A,27774.0,25421.0
23395.0,2786,BASIN STATE BANK,2/12/1988,2/12/1988,FAILURE,PA,11982.0,11511.0
25288.0,2785,GLOBAL BANK,2/12/1988,2/12/1988,FAILURE,PA,21742.0,20423.0
19303.0,2783,FIRST STATE BANK,2/11/1988,2/11/1988,FAILURE,PA,13161.0,13255.0
24836.0,5926,"FIRST HOUSTON BANK, N.A.",2/11/1988,2/11/1988,FAILURE,IDT,33175.0,34578.0
29246.0,1722,TRADERS FS&LA,2/10/1988,2/10/1988,ASSISTANCE,A/A,68473.0,73056.0
29257.0,1722,MAGNET BANK FSB,2/10/1988,2/10/1988,ASSISTANCE,A/A,547099.0,418818.0
30823.0,1722,MOUNTAIN STATE FS&LA,2/10/1988,2/10/1988,ASSISTANCE,A/A,91389.0,100471.0
18495.0,2781,BANK OF DALLAS,2/5/1988,2/5/1988,FAILURE,PA,207817.0,202745.0
5832.0,2780,THE BANK OF LOUISBURG,2/3/1988,2/3/1988,FAILURE,PA,20672.0,20549.0
25194.0,5925,THE TRUST BANK,1/29/1988,1/29/1988,FAILURE,IDT,164547.0,160160.0
32118.0,7564,TERRITORY S&LA,1/29/1988,1/29/1988,FAILURE,IDT,31223.0,67910.0
16489.0,2779,PORT CITY BANK,1/28/1988,1/28/1988,FAILURE,PA,60736.0,62280.0
18462.0,1943,ALASKA MUTUAL BANK,1/28/1988,1/28/1988,ASSISTANCE,A/A,1183368.0,924765.0
22183.0,1943,UNITED BANK ALASKA,1/28/1988,1/28/1988,ASSISTANCE,A/A,314279.0,368279.0
23511.0,5924,HOUSTON COMMERCE BANK,1/28/1988,1/28/1988,FAILURE,PO,40962.0,40094.0
10957.0,1946,CITIZENS STATE BANK,1/27/1988,1/27/1988,ASSISTANCE,A/A,28012.0,28650.0
23038.0,2777,BANK OF CASPER,1/22/1988,1/22/1988,FAILURE,PA,6055.0,5827.0
15867.0,5923,NORTHWEST BANK,1/21/1988,1/21/1988,FAILURE,IDT,58426.0,53140.0
19759.0,2773,CEDAR VALE STATE BANK,1/21/1988,1/21/1988,FAILURE,PA,11711.0,11525.0
20650.0,2776,UNITED MERCANTILE BANK,1/21/1988,1/21/1988,FAILURE,PA,86324.0,78206.0
23042.0,2774,WILLISTON BASIN STATE BANK,1/21/1988,1/21/1988,FAILURE,PA,14004.0,13575.0
23971.0,2778,SAM HOUSTON NAT'L BANK OF WALKER,1/21/1988,1/21/1988,FAILURE,PA,37609.0,38345.0
24965.0,2775,LOUISIANA COMMERCIAL BANK,1/21/1988,1/21/1988,FAILURE,PA,26777.0,25696.0
14376.0,2772,AREDALE STATE BANK,1/20/1988,1/20/1988,FAILURE,PA,9647.0,9088.0
31593.0,7563,FIRST SAVINGS OF EAST TEXAS,1/15/1988,1/15/1988,FAILURE,IDT,61668.0,132448.0
3352.0,2770,THE MORAN NATIONAL BANK,1/14/1988,1/14/1988,FAILURE,PA,17204.0,17475.0
19779.0,2771,COLONIAL BANK,1/14/1988,1/14/1988,FAILURE,PA,50167.0,50407.0
24333.0,5922,BALBOA NATIONAL BANK,1/14/1988,1/14/1988,FAILURE,PO,29316.0,29391.0
19546.0,1967,THE JEFFERSON GUARANTY BANK,1/13/1988,1/13/1988,ASSISTANCE,A/A,292381.0,274423.0
23931.0,5921,THE NORTH AMERICAN BANK,1/8/1988,1/8/1988,FAILURE,IDT,32318.0,30691.0
12133.0,1947,THE PEOPLES STATE BANK & TRUST CO,1/7/1988,1/7/1988,ASSISTANCE,A/A,36619.0,39614.0
26540.0,5920,COMMERCE BANK OF PLANO,1/7/1988,1/7/1988,FAILURE,IDT,35306.0,32674.0
28448.0,1718,"FIRST FINANCIAL BANK, FSB",12/31/1987,12/31/1987,ASSISTANCE,A/A,744874.0,573465.0
28544.0,1720,AMERICAN FS&LA,12/31/1987,12/31/1987,ASSISTANCE,A/A,166519.0,196659.0
31327.0,1719,GIBSON FEDERAL S&LA,12/31/1987,12/31/1987,ASSISTANCE,A/A,131522.0,146168.0
31515.0,1718,FIRST FS&LA OF SLIDELL,12/31/1987,12/31/1987,ASSISTANCE,A/A,46197.0,48836.0
29947.0,1717,FIRST FINANCIAL OF LA,12/30/1987,12/30/1987,ASSISTANCE,A/A,159541.0,151504.0
30047.0,1717,FIRST FS&LA OF ALEXANDRIA,12/30/1987,12/30/1987,ASSISTANCE,A/A,148689.0,149418.0
31835.0,1717,FIRSTBANC FSB,12/30/1987,12/30/1987,ASSISTANCE,A/A,46262.0,47076.0
14094.0,1945,THE FALUN STATE BANK,12/29/1987,12/29/1987,ASSISTANCE,A/A,3102.0,3060.0
28015.0,1716,COMMUNITY FS&LA,12/29/1987,12/29/1987,ASSISTANCE,A/A,405642.0,379047.0
22904.0,5919,FIRST STATE BANK AT SHOSHONI,12/18/1987,12/18/1987,FAILURE,IDT,4555.0,4144.0
16616.0,2769,BANK OF MABANK,12/17/1987,12/17/1987,FAILURE,PA,43846.0,44507.0
18679.0,2768,USBANK,12/17/1987,12/17/1987,FAILURE,PA,86046.0,84757.0
20098.0,2767,AMERICAN BANK OF COMMERCE,12/17/1987,12/17/1987,FAILURE,PA,35450.0,36212.0
28160.0,1714,MT. PLEASANT S&LA,12/16/1987,12/16/1987,ASSISTANCE,A/A,24873.0,29321.0
28979.0,1715,BOONE COUNTY FS&LA,12/16/1987,12/16/1987,ASSISTANCE,A/A,19700.0,20843.0
17334.0,2766,FIRST INTERSTATE BANK OF ALASKA,12/11/1987,12/11/1987,FAILURE,PA,367655.0,358945.0
22326.0,2765,LEWIS AND CLARK STATE BANK,12/11/1987,12/11/1987,FAILURE,PA,20261.0,19839.0
30411.0,0,SURETY FS&LA,12/11/1987,12/11/1987,ASSISTANCE,A/A,124871.0,111495.0
3406.0,2762,THE FIRST NATIONAL BANK IN RHOME,12/10/1987,12/10/1987,FAILURE,PA,9243.0,9335.0
18298.0,2760,LOUISIANA BANK & TRUST COMPANY,12/10/1987,12/10/1987,FAILURE,PA,18489.0,21238.0
22990.0,2761,AMERICAN BANK IN LOUISIANA,12/10/1987,12/10/1987,FAILURE,PA,15028.0,14620.0
24703.0,2763,"BANCFIRST-AUSTIN, N.A.",12/10/1987,12/10/1987,FAILURE,PA,25253.0,28035.0
25000.0,2764,HERITAGE NATIONAL BANK,12/10/1987,12/10/1987,FAILURE,PA,53227.0,50960.0
4070.0,2757,THE FARMERS NATIONAL BANK OF CORDELL,12/3/1987,12/3/1987,FAILURE,PA,62300.0,60260.0
5450.0,2756,FIRST STATE BANK,12/3/1987,12/3/1987,FAILURE,PA,5634.0,5386.0
8783.0,2759,THE PEOPLES BANK,12/3/1987,12/3/1987,FAILURE,PA,40946.0,39461.0
9813.0,2753,CENTER STATE BANK,12/3/1987,12/3/1987,FAILURE,PA,8406.0,8049.0
16449.0,2754,CROFTON STATE BANK,12/3/1987,12/3/1987,FAILURE,PA,11619.0,10844.0
16554.0,2755,STATE BANK OF JANSEN,12/3/1987,12/3/1987,FAILURE,PA,5010.0,4596.0
18360.0,2758,CLIMBING HILL SAVINGS BANK,12/3/1987,12/3/1987,FAILURE,PA,5399.0,5315.0
18844.0,1944,CROSSROADS BANK,12/3/1987,12/3/1987,ASSISTANCE,A/A,25093.0,25318.0
23205.0,2751,MADISON BANK & TRUST COMPANY,12/3/1987,12/3/1987,FAILURE,PA,9747.0,9807.0
24921.0,2752,STATE BANK OF COMMERCE,12/3/1987,12/3/1987,FAILURE,PA,49171.0,48634.0
4295.0,2748,THE PEOPLES BANK AND TRUST OF IBERIA PARIS,11/19/1987,11/19/1987,FAILURE,PA,79081.0,76325.0
13606.0,5918,THE ALEXANDER STATE BANK,11/19/1987,11/19/1987,FAILURE,PO,9224.0,9377.0
13620.0,5917,THE TIMKEN STATE BANK,11/19/1987,11/19/1987,FAILURE,PO,3075.0,3117.0
18619.0,2749,REPUBLIC BANK,11/19/1987,11/19/1987,FAILURE,PA,49129.0,57283.0
28921.0,0,ARGO FS&LA,11/17/1987,11/17/1987,ASSISTANCE,A/A,25566.0,29665.0
19676.0,2747,WEST TEXAS STATE BANK OF CANYON,11/13/1987,11/13/1987,FAILURE,PA,20440.0,20036.0
31155.0,7560,TRI-COUNTY S&LA,11/13/1987,11/13/1987,FAILURE,ABT,36501.0,46220.0
31441.0,1712,GULF FS&LA,11/12/1987,11/12/1987,ASSISTANCE,A/A,6078.0,6472.0
16966.0,2745,MIDDLE PARK BANK,11/10/1987,11/10/1987,FAILURE,PA,34917.0,33015.0
20597.0,2746,BANK OF WINTER PARK,11/10/1987,11/10/1987,FAILURE,PA,24429.0,22689.0
22945.0,5916,TRI-STATE NATIONAL BANK,11/10/1987,11/10/1987,FAILURE,IDT,10728.0,10722.0
28784.0,1711,FIRST FS&LA NATCHITOCHES,10/31/1987,10/31/1987,ASSISTANCE,A/A,48103.0,62301.0
17442.0,2744,CAPITAL BANK & TRUST CO.,10/30/1987,5/24/1988,FAILURE,PA,384440.0,343386.0
21579.0,2743,AMERICAN SECURITY BANK,10/30/1987,10/30/1987,FAILURE,PA,27124.0,26453.0
22316.0,2742,DELTA PACIFIC BANK,10/30/1987,10/30/1987,FAILURE,PA,17732.0,16969.0
31962.0,7559,SIERRA S&LA,10/23/1987,10/23/1987,FAILURE,IDT,12061.0,12828.0
17493.0,5915,ALASKA NATIONAL BANK OF THE NORTH,10/22/1987,10/22/1987,FAILURE,IDT,203074.0,200240.0
17510.0,2740,FIRST STATE BANK OF BOVINA,10/22/1987,10/22/1987,FAILURE,PA,20057.0,17367.0
21951.0,2741,NEW WORLD NATIONAL BANK,10/22/1987,10/22/1987,FAILURE,PA,14685.0,14786.0
24196.0,5914,WESTERN NATIONAL BANK,10/22/1987,10/22/1987,FAILURE,IDT,22675.0,23845.0
19799.0,2739,PIONEER BANK OF FOUNTAIN,10/21/1987,10/21/1987,FAILURE,PA,12668.0,12223.0
28147.0,0,TOPEKA SAVINGS ASSOCIATION,10/20/1987,,FAILURE,MGR,112482.0,104521.0
17888.0,5913,YANKEE BANK FOR FINANCE & SAVING,10/16/1987,10/16/1987,FAILURE,IDT,525481.0,488318.0
23473.0,1942,"COMMERCIAL BANK, N.A.",10/16/1987,10/16/1987,ASSISTANCE,A/A,23408.0,21702.0
10252.0,2738,CITIZENS BANK OF RAY,10/15/1987,10/15/1987,FAILURE,PA,11720.0,11332.0
23033.0,5912,AMERICAN NATIONAL BANK OF AFTON,10/15/1987,10/15/1987,FAILURE,IDT,11361.0,11203.0
31605.0,0,FIRST CALIFORNIA SAVINGS BANK,10/15/1987,,FAILURE,MGR,220564.0,224045.0
2309.0,5910,CITIZENS BANK OF KREBS,10/8/1987,10/8/1987,FAILURE,IDT,14688.0,13795.0
2310.0,5911,UNITED SERVICES BANK,10/8/1987,10/8/1987,FAILURE,IDT,15327.0,14214.0
2998.0,2737,THE FIRST NATIONAL BANK OF BRUSH,10/8/1987,10/8/1987,FAILURE,PA,20927.0,21020.0
12185.0,5909,STATE BANK OF GREENWALD,10/2/1987,10/2/1987,FAILURE,IDT,23318.0,19888.0
8605.0,2733,SECURITY STATE BANK,10/1/1987,10/1/1987,FAILURE,PA,12195.0,11674.0
17852.0,5908,WESTERN BANK-WESTHEIMER,10/1/1987,10/1/1987,FAILURE,IDT,260560.0,256071.0
18867.0,2734,CLAY COUNTY STATE BANK,10/1/1987,10/1/1987,FAILURE,PA,10057.0,9852.0
24066.0,2736,"WESTERN BANK-WESTWOOD, N.A.",10/1/1987,10/1/1987,FAILURE,PA,44196.0,42598.0
24560.0,2735,"WESTERN BANK-NORTH WILCREST, N.A",10/1/1987,10/1/1987,FAILURE,PA,41055.0,40632.0
22857.0,2732,VALLEY STATE BANK,9/28/1987,9/28/1987,FAILURE,PA,93209.0,92026.0
22026.0,2731,COMMONWEALTH BANK,9/25/1987,9/25/1987,FAILURE,PA,85059.0,83784.0
425.0,2730,THE CITIZENS BANK,9/24/1987,9/24/1987,FAILURE,PA,35121.0,33370.0
13607.0,5907,THE MURDOCK STATE BANK,9/24/1987,9/24/1987,FAILURE,IDT,9157.0,8025.0
17653.0,5906,"THE MAYFIELD STATE BANK, MAYFIELD",9/24/1987,9/24/1987,FAILURE,IDT,6793.0,5814.0
29296.0,1786,LYONS FEDERAL TRUST & SAVINGS,9/24/1987,12/7/1988,ASSISTANCE,A/A,2275309.0,1544888.0
31527.0,0,TWIN CITY FS & LA,9/19/1987,11/10/1988,FAILURE,IDT,149486.0,182374.0
8720.0,5905,STOCKMEN'S BANK & TRUST COMPANY,9/18/1987,9/18/1987,FAILURE,IDT,117429.0,111895.0
31665.0,0,PHENIX FS&LA,9/18/1987,,FAILURE,MGR,225532.0,235485.0
13925.0,2726,THE TALMAGE STATE BANK,9/17/1987,9/17/1987,FAILURE,PA,6669.0,6650.0
18440.0,2727,BREAUX BRIDGE BANK & TRUST COMPANY,9/17/1987,9/17/1987,FAILURE,PA,22475.0,29821.0
25733.0,2729,MUSTANG NATIONAL BANK,9/17/1987,9/17/1987,FAILURE,PA,12091.0,11521.0
25735.0,2728,STEEPLECHASE NATIONAL BANK,9/17/1987,9/17/1987,FAILURE,PA,15889.0,14217.0
9768.0,2725,FIRST STATE BANK OF ROLLINGSTONE,9/11/1987,9/11/1987,FAILURE,PA,15230.0,14440.0
13403.0,5904,CENTRAL NATIONAL BANK OF NEW YORK,9/11/1987,9/11/1987,FAILURE,PO,180796.0,174715.0
10711.0,2724,WAXAHACHIE BANK & TRUST COMPANY,9/10/1987,9/10/1987,FAILURE,PA,68874.0,66215.0
21279.0,2723,LA MARQUE BANK,9/10/1987,9/10/1987,FAILURE,PA,6311.0,6168.0
4108.0,5902,THE FIRST NATIONAL BANK OF HAMMON,9/3/1987,9/3/1987,FAILURE,IDT,6271.0,5751.0
4210.0,5903,THE FIRST NATIONAL BANK OF TIPTON,9/3/1987,9/3/1987,FAILURE,IDT,8218.0,7248.0
22222.0,2722,ROCKY MOUNTAIN STATE BANK,8/28/1987,8/28/1987,FAILURE,PA,18567.0,17864.0
18088.0,5901,BANK OF NORTH AMERICA,8/27/1987,8/27/1987,FAILURE,IDT,34537.0,31165.0
25329.0,2721,CITIZENS BANK OF GLENDALE,8/27/1987,8/27/1987,FAILURE,PA,4384.0,4036.0
9753.0,6901,PEOPLE'S STATE BANK OF MAZEPPA,8/21/1987,8/21/1987,FAILURE,IDT,21613.0,20186.0
401.0,6898,THE FIRST STATE BANK,8/20/1987,8/20/1987,FAILURE,IDT,6696.0,6216.0
19164.0,2720,AMERICAN EXCHANGE BANK & TRUST CO,8/20/1987,8/20/1987,FAILURE,PA,87778.0,95808.0
25742.0,5900,AMERICAN NATIONAL BANK OF EVANSTON,8/20/1987,8/20/1987,FAILURE,IDT,9092.0,8892.0
31778.0,1802,SUNBELT FS&LA,8/20/1987,8/31/1988,FAILURE,MGR,65532.0,60137.0
31663.0,0,FIRST SAVINGS OF LA,8/19/1987,,FAILURE,MGR,33647.0,44616.0
20345.0,2719,MCNULTY BANKING COMPANY,8/14/1987,8/14/1987,FAILURE,PA,56604.0,53185.0
2313.0,6896,FIRST STATE BANK,8/13/1987,8/13/1987,FAILURE,IDT,23607.0,21892.0
3359.0,2718,THE FIRST NATIONAL BANK OF NAVASOTA,8/13/1987,8/13/1987,FAILURE,PA,31679.0,31027.0
4136.0,2717,THE FIRST NATIONAL BANK OF LUTHER,8/13/1987,8/13/1987,FAILURE,PA,17113.0,17600.0
23670.0,6894,BAYSHORE BANK OF FLORIDA,8/7/1987,8/7/1987,FAILURE,IDT,41485.0,40337.0
433.0,2715,SECURITY STATE BANK,8/6/1987,8/6/1987,FAILURE,PA,15197.0,16694.0
6004.0,2716,THE SECURITY STATE BANK,8/6/1987,8/6/1987,FAILURE,PA,9365.0,8756.0
29902.0,0,FRENCH MARKET HOMESTEAD,8/6/1987,,FAILURE,MGR,321057.0,302663.0
30957.0,0,ACADIA S&LA,8/6/1987,,FAILURE,MGR,159902.0,162237.0
15276.0,1939,VALLEY BANK OF BELGRADE,7/31/1987,7/31/1987,ASSISTANCE,A/A,18610.0,16385.0
29273.0,1710,OK FEDERAL S&LA,7/31/1987,7/31/1987,ASSISTANCE,A/A,51790.0,87308.0
4104.0,6888,BANK OF GRANITE,7/30/1987,7/30/1987,FAILURE,IDT,13164.0,13192.0
4234.0,5889,THE FIRST NATIONAL BANK OF YUKON,7/30/1987,7/30/1987,FAILURE,IDT,40285.0,41938.0
13152.0,2714,FARMERS STATE BANK,7/30/1987,7/30/1987,FAILURE,PA,15870.0,15347.0
25647.0,5891,EMPIRE NATIONAL BANK,7/30/1987,7/30/1987,FAILURE,PO,8847.0,9626.0
5993.0,2709,FARMERS & MERCHANTS BANK,7/23/1987,7/23/1987,FAILURE,PA,11499.0,13920.0
25285.0,2710,"BANK OF LOS GATOS, N.A.",7/23/1987,7/23/1987,FAILURE,PA,13149.0,12893.0
28887.0,0,FREEDOM S&LA,7/23/1987,,FAILURE,MGR,1892038.0,1241839.0
3164.0,1933,"BANKTEXAS DALLAS, N.A.",7/17/1987,7/17/1987,ASSISTANCE,A/A,541345.0,382732.0
14618.0,1933,"BANCTEXAS MCKINNEY, N.A.",7/17/1987,7/17/1987,ASSISTANCE,A/A,121528.0,119892.0
16658.0,1933,BANCTEXAS HOUSTON,7/17/1987,7/17/1987,ASSISTANCE,A/A,45854.0,45038.0
18318.0,1933,"BANCTEXAS RICHARDSON, N.A.",7/17/1987,7/17/1987,ASSISTANCE,A/A,80985.0,75556.0
18833.0,1933,"BANCTEXAS WHITE ROCK, N.A.",7/17/1987,7/17/1987,ASSISTANCE,A/A,80923.0,80963.0
19014.0,1933,"BANCTEXAS SULPHUR SPRINGS, N.A.",7/17/1987,7/17/1987,ASSISTANCE,A/A,18290.0,17961.0
20131.0,1933,BANCTEXAS WESTHEIMER,7/17/1987,7/17/1987,ASSISTANCE,A/A,34073.0,42498.0
22115.0,1933,"BANCTEXAS ALLEN PARKWAY, N.A.",7/17/1987,7/17/1987,ASSISTANCE,A/A,125031.0,161874.0
22662.0,1933,"BANCTEXAS CARROLLTON, N.A.",7/17/1987,7/17/1987,ASSISTANCE,A/A,51056.0,52152.0
23235.0,1933,"BANCTEXAS NORTHSIDE HOUSTON, N.A",7/17/1987,7/17/1987,ASSISTANCE,A/A,61053.0,60678.0
23355.0,1933,"BANCTEXAS QUORUM, N.A.",7/17/1987,7/17/1987,ASSISTANCE,A/A,21192.0,22792.0
9972.0,2707,RED OAK STATE BANK,7/9/1987,7/9/1987,FAILURE,PA,44373.0,42459.0
25652.0,2708,"FIRST CONTINENTAL BK OF ROCKRIMMON, N.A.",7/9/1987,7/9/1987,FAILURE,PA,6598.0,5737.0
18279.0,2705,BANK OF BRAZORIA,7/2/1987,7/2/1987,FAILURE,PA,24475.0,23989.0
22311.0,2706,CITIZENS BANK,7/2/1987,7/2/1987,FAILURE,PA,46400.0,44269.0
28327.0,1709,UNITED FIRST FS&LA,7/2/1987,7/2/1987,ASSISTANCE,A/A,344451.0,299597.0
29043.0,1709,PROVIDENT FS&LA,7/2/1987,7/2/1987,ASSISTANCE,A/A,222304.0,210863.0
29917.0,1708,FORT LEE S&LA,6/30/1987,6/30/1987,ASSISTANCE,A/A,170600.0,183297.0
29862.0,7570,UNITED FS&LA,6/29/1987,3/25/1988,FAILURE,IDT,89797.0,78169.0
12190.0,2704,LANESBORO STATE BANK,6/26/1987,6/26/1987,FAILURE,PA,11391.0,10974.0
23131.0,2703,LIBERTY BANK & TRUST COMPANY,6/26/1987,6/26/1987,FAILURE,PA,12588.0,12236.0
4073.0,2701,EIGHTY NINER BANK OF COYLE,6/25/1987,6/25/1987,FAILURE,PA,6583.0,5995.0
18816.0,2702,SOUTH DENVER NATIONAL BANK,6/25/1987,6/25/1987,FAILURE,PA,59565.0,61812.0
9321.0,2700,PELICAN STATE BANK,6/24/1987,6/24/1987,FAILURE,PA,7188.0,7026.0
1947.0,2699,FIRST MIDWEST BANK,6/18/1987,6/18/1987,FAILURE,PA,25620.0,25691.0
29814.0,7569,INVESTORS FEDERAL BANK,6/18/1987,3/25/1988,FAILURE,IDT,97509.0,96314.0
23207.0,2698,HAMILTON COUNTY STATE BANK,6/12/1987,6/12/1987,FAILURE,PA,13762.0,11524.0
26362.0,2697,WHITTIER THRIFT & LOAN,6/12/1987,6/12/1987,FAILURE,PA,15206.0,14409.0
32130.0,0,FRONTIER S&LA,6/12/1987,6/12/1987,FAILURE,IDT,7408.0,7990.0
3346.0,2695,FIRST STATE BANK,6/11/1987,6/11/1987,FAILURE,PA,7304.0,6869.0
17382.0,2694,THE BENTON STATE BANK,6/11/1987,6/11/1987,FAILURE,PA,9417.0,8750.0
24885.0,2696,"NORTHWEST COMMERCIAL BANK, N.A.",6/11/1987,6/11/1987,FAILURE,PA,14201.0,14457.0
31055.0,0,SECURITY SAVINGS ASSOCIATION,6/11/1987,,FAILURE,MGR,429813.0,478652.0
9806.0,1938,SECURITY BANK OF RICH HILL,6/5/1987,6/5/1987,ASSISTANCE,A/A,12966.0,12729.0
16605.0,2693,THE FIRST STATE BANK,6/4/1987,6/4/1987,FAILURE,PA,43341.0,43477.0
20065.0,6869,UNITED BANK OF TEXAS,6/4/1987,6/4/1987,FAILURE,IDT,208352.0,190365.0
5275.0,5868,FIRST NATIONAL BANK OF WILMONT,5/29/1987,5/29/1987,FAILURE,IDT,13330.0,11777.0
26199.0,5867,TEXAS NATIONAL BANK-WESTHEIMER,5/28/1987,5/28/1987,FAILURE,IDT,26342.0,26420.0
317.0,2690,BANK OF OAK GROVE,5/21/1987,5/21/1987,FAILURE,PA,24019.0,23551.0
20792.0,5866,"TEXAS INVESTMENT BANK, N.A.",5/21/1987,5/21/1987,FAILURE,IDT,17088.0,15268.0
24487.0,2691,LAKE AUSTIN NATIONAL BANK,5/21/1987,5/21/1987,FAILURE,PA,43698.0,43348.0
31130.0,1798,INDEPENDENT AMERICAN SA,5/20/1987,8/19/1988,FAILURE,MGR,1014023.0,1392604.0
32138.0,0,LIBERTY S&LA,5/15/1987,,FAILURE,MGR,98688.0,115467.0
5135.0,2689,THE FIRST NATIONAL BANK OF ELBOW LAKE,5/14/1987,5/14/1987,FAILURE,PA,14157.0,15712.0
14279.0,2686,MARLIN NATIONAL BANK,5/14/1987,5/14/1987,FAILURE,PA,39566.0,43669.0
16684.0,2687,TODD COUNTY STATE BANK,5/14/1987,5/14/1987,FAILURE,PA,15410.0,15150.0
19324.0,2688,UNITED BANK,5/14/1987,5/14/1987,FAILURE,PA,15369.0,14434.0
16043.0,1935,SYRACUSE SAVINGS BANK,5/13/1987,5/13/1987,ASSISTANCE,A/A,1183321.0,1099485.0
9426.0,6858,FARMERS STATE BANK,5/8/1987,5/8/1987,FAILURE,IDT,11864.0,11675.0
16357.0,2685,MOREAUVILLE STATE BANK,5/8/1987,5/8/1987,FAILURE,PA,16813.0,16917.0
506.0,2684,FIRST STATE BANK OF SISSETON,5/7/1987,5/7/1987,FAILURE,PA,20058.0,19350.0
24569.0,5857,NORTH AMERICAN NATIONAL BANK,5/7/1987,5/7/1987,FAILURE,IDT,9516.0,9008.0
26207.0,2683,AMERICAN BANK OF COMMERCE,5/6/1987,5/6/1987,FAILURE,PA,25504.0,24587.0
16098.0,2682,PEOPLES STATE BANK,4/30/1987,4/30/1987,FAILURE,PA,5789.0,5837.0
18595.0,6854,UNITEDBANK-HOUSTON,4/30/1987,4/30/1987,FAILURE,IDT,217304.0,183389.0
22548.0,6852,HERITAGE BANK & TRUST,4/29/1987,4/29/1987,FAILURE,IDT,17640.0,16225.0
31804.0,7556,LIBERTY FS&LA,4/24/1987,4/24/1987,FAILURE,PO,134936.0,150687.0
20304.0,2681,OSCEOLA STATE BANK & TRUST COMPANY,4/23/1987,4/23/1987,FAILURE,PA,8590.0,7693.0
26201.0,5851,NORTH CENTRAL NATIONAL BANK,4/23/1987,4/23/1987,FAILURE,IDT,23388.0,23093.0
76.0,2680,THE PEOPLES BANK,4/22/1987,4/22/1987,FAILURE,PA,11896.0,11899.0
11426.0,2679,THE BANK OF NORTH MISSISSIPPI,4/22/1987,4/22/1987,FAILURE,PA,14452.0,13820.0
16291.0,6845,FIRST STATE BANK OF FOREST CITY,4/16/1987,4/16/1987,FAILURE,PO,6457.0,6830.0
20724.0,2677,FIRST BANK OF SAGINAW,4/16/1987,4/16/1987,FAILURE,PA,30622.0,29945.0
24467.0,2678,"FIRST COMMERCIAL BANK OF TEXAS,",4/16/1987,4/16/1987,FAILURE,PA,4400.0,4685.0
32204.0,0,SOUTHERN FLORIDABANC SA,4/16/1987,,FAILURE,MGR,219068.0,256578.0
10094.0,6843,THE CITIZENS STATE BANK,4/10/1987,4/10/1987,FAILURE,IDT,29049.0,27725.0
16617.0,2676,BANK OF IRON COUNTY,4/10/1987,4/10/1987,FAILURE,PA,19827.0,19467.0
32028.0,7554,FUTURE S&LA,4/10/1987,4/10/1987,FAILURE,IDT,57614.0,57710.0
4047.0,2673,FIRST NATIONAL BANK OF BRAMAN,4/9/1987,4/9/1987,FAILURE,PA,12218.0,11728.0
8316.0,2675,DEER LODGE BANK & TRUST COMPANY,4/9/1987,4/9/1987,FAILURE,PA,15166.0,14148.0
24161.0,2674,COMMONWEALTH BANK,4/9/1987,4/9/1987,FAILURE,PA,7799.0,7696.0
24791.0,2672,"THE SOUTHWESTERN BANK, N.A.",4/9/1987,4/9/1987,FAILURE,PA,14704.0,14541.0
31440.0,1787,TAHOE S&LA,4/3/1987,12/31/1988,ASSISTANCE,A/A,81164.0,90792.0
4685.0,2671,THE FIRST NATIONAL BANK OF HERINGTON,4/2/1987,4/2/1987,FAILURE,PA,20742.0,19866.0
8803.0,2670,TALLULAH STATE BANK & TRUST COMP,3/27/1987,3/27/1987,FAILURE,PA,31136.0,31357.0
31880.0,7553,EQUITABLE S&LA,3/27/1987,3/27/1987,FAILURE,IDT,58927.0,83722.0
9466.0,2669,THE FIRST STATE BANK IN BILLINGS,3/26/1987,3/26/1987,FAILURE,PA,10151.0,10308.0
32050.0,1784,SOUTH FLORIDA SAVINGS BANK,3/25/1987,12/31/1988,ASSISTANCE,A/A,172028.0,176277.0
30681.0,1880,WESTERN S&LA,3/24/1987,3/24/1987,ASSISTANCE,A/A,392698.0,360780.0
4243.0,2666,THE MADILL BANK & TRUST COMPANY,3/20/1987,3/20/1987,FAILURE,PA,39630.0,39050.0
13095.0,2667,MOROCCO STATE BANK,3/20/1987,3/20/1987,FAILURE,PA,16299.0,15779.0
24789.0,2668,NEW CITY BANK,3/20/1987,3/20/1987,FAILURE,PA,26049.0,25847.0
29821.0,0,FIRST FS&LA,3/20/1987,3/20/1987,FAILURE,IDT,95719.0,124677.0
31171.0,7561,VERNON S&LA,3/20/1987,11/20/1987,FAILURE,ABT,1347012.0,1582967.0
31893.0,0,FIRST SOUTHERN SA,3/20/1987,3/20/1987,FAILURE,IDT,47063.0,57202.0
32156.0,1704,BAYOU FS&LA,3/20/1987,3/20/1987,ASSISTANCE,A/A,25833.0,28256.0
1108.0,2665,CLARKS FORK NATIONAL BANK,3/19/1987,3/19/1987,FAILURE,PA,8423.0,8159.0
3139.0,2663,RED RIVER NATIONAL BANK IN CLARKSVILLE,3/19/1987,3/19/1987,FAILURE,PA,22829.0,23367.0
16856.0,2664,SWEENEY BANK,3/19/1987,3/19/1987,FAILURE,PA,19669.0,20071.0
32183.0,0,PERPETUAL SB,3/18/1987,,FAILURE,MGR,62462.0,59674.0
411.0,2662,UNITED OKLAHOMA BANK,3/17/1987,3/17/1987,FAILURE,PA,171925.0,121959.0
8846.0,6828,BEAVER CREEK STATE BANK,3/13/1987,3/13/1987,FAILURE,IDT,7269.0,7149.0
29828.0,7579,VICTOR S&LA,3/13/1987,7/29/1988,FAILURE,MGR,601315.0,505320.0
30467.0,1703,HOME S&LA,3/13/1987,3/13/1987,ASSISTANCE,A/A,150608.0,117570.0
3372.0,2659,THE FIRST NATIONAL BANK OF OLNEY,3/12/1987,3/12/1987,FAILURE,PA,16684.0,17340.0
20915.0,2660,WESTERN BANK,3/12/1987,3/12/1987,FAILURE,PA,46701.0,46082.0
23445.0,5824,PLAZA NATIONAL BANK,3/12/1987,3/12/1987,FAILURE,PO,34250.0,33068.0
24822.0,2661,EXPRESSWAY BANK,3/12/1987,3/12/1987,FAILURE,PA,19089.0,20059.0
32163.0,1702,SOUTH BAY S&LA,3/6/1987,3/6/1987,ASSISTANCE,A/A,61880.0,64324.0
14426.0,5821,FIRST NATIONAL BANK IN WEST CONCORD,3/5/1987,3/5/1987,FAILURE,IDT,9068.0,8741.0
18994.0,2655,LIBERTY BANK,3/5/1987,3/5/1987,FAILURE,PA,57195.0,53860.0
24262.0,2657,FIRST NATIONAL BANK OF SAPULPA,3/5/1987,3/5/1987,FAILURE,PA,7460.0,7600.0
25326.0,2656,SEALY NATIONAL BANK,3/5/1987,3/5/1987,FAILURE,PA,7670.0,7586.0
9101.0,2653,THE FIRST STATE BANK,3/4/1987,3/4/1987,FAILURE,PA,15754.0,15205.0
3695.0,2652,THE LEWISTOWN BANK,2/27/1987,2/27/1987,FAILURE,PA,15254.0,14938.0
28129.0,0,FIRST FS&LA OF BELOIT,2/27/1987,2/27/1987,FAILURE,IDT,82910.0,89654.0
30623.0,7589,KEY S&LA,2/27/1987,11/18/1988,FAILURE,IDT,241648.0,203684.0
17947.0,2650,FARMERS STATE BANK,2/26/1987,2/26/1987,FAILURE,PA,9803.0,9594.0
19331.0,1937,CENTRAL BANK & TRUST COMPANY,2/26/1987,2/26/1987,ASSISTANCE,A/A,20598.0,24660.0
24356.0,2651,FIRST NATIONAL BANK OF CROSBY,2/26/1987,2/26/1987,FAILURE,PA,7797.0,8001.0
24068.0,1936,AMERICAN NATIONAL BANK,2/25/1987,2/25/1987,ASSISTANCE,A/A,9696.0,10167.0
5579.0,5815,THE FIRST NATIONAL BANK OF WESLACO,2/20/1987,2/20/1987,FAILURE,PO,70708.0,73170.0
19257.0,2649,HUB CITY BANK & TRUST COMPANY,2/20/1987,2/20/1987,FAILURE,PA,37978.0,38209.0
24990.0,2648,FIRST STATE BANK OF ATMORE,2/19/1987,2/19/1987,FAILURE,PA,12365.0,12392.0
14742.0,2646,"FIRST STATE BANK OF KING CITY, MISSOURI",2/13/1987,2/13/1987,FAILURE,PA,14457.0,14503.0
21627.0,2647,THE COUNTY BANK,2/13/1987,2/13/1987,FAILURE,PA,187142.0,159572.0
31115.0,7549,LIFE SAVINGS OF AMERICA,2/13/1987,2/13/1987,FAILURE,IDT,342279.0,339245.0
31913.0,7581,"UNIVERSAL SA, FA",2/13/1987,7/29/1988,FAILURE,PO,104554.0,87976.0
18773.0,2645,FIRST CITY BANK OF ATOKA,2/12/1987,2/12/1987,FAILURE,PA,11622.0,12450.0
24039.0,5809,SECURITY NATIONAL BANK,2/12/1987,2/12/1987,FAILURE,PO,8644.0,8813.0
25193.0,5810,FEDERATED NATIONAL BANK,2/12/1987,2/12/1987,FAILURE,PO,13632.0,12392.0
24056.0,2644,COMMUNITY BANK,2/11/1987,2/11/1987,FAILURE,PA,5144.0,5373.0
10496.0,2643,STATE BANK OF ALLISON,2/5/1987,2/5/1987,FAILURE,PA,17353.0,16993.0
17267.0,2642,BOULEVARD STATE BANK,2/5/1987,2/5/1987,FAILURE,PA,102271.0,89631.0
24274.0,5806,MARKET NATIONAL BANK,2/5/1987,2/5/1987,FAILURE,IDT,8724.0,9377.0
24709.0,5805,SUNBELT NATIONAL BANK,2/5/1987,2/5/1987,FAILURE,PO,11380.0,11780.0
4372.0,2638,THE FARMERS NATIONAL BANK OF REMINGTON,1/29/1987,1/29/1987,FAILURE,PA,34717.0,33499.0
8444.0,2641,THE LA PRYOR STATE BANK,1/29/1987,1/29/1987,FAILURE,PA,5695.0,5444.0
15143.0,6798,FIRST STATE BANK OF PATTONSBURG,1/29/1987,1/29/1987,FAILURE,PO,5915.0,5779.0
19522.0,2637,PEOPLES BANK & TRUST COMPANY,1/29/1987,1/29/1987,FAILURE,PA,20176.0,18791.0
20694.0,2640,"MONTGOMERY COUNTY BANK, N.A.",1/29/1987,1/29/1987,FAILURE,PA,48494.0,47634.0
25633.0,2639,BEAR CREEK NATIONAL BANK,1/29/1987,1/29/1987,FAILURE,PA,26593.0,25970.0
2609.0,5795,THE FIRST NATIONAL BANK OF MARLBOROUGH,1/23/1987,1/23/1987,FAILURE,IDT,60731.0,55881.0
23282.0,6796,FIRST SIERRA BANK,1/23/1987,1/23/1987,FAILURE,IDT,23227.0,22996.0
32176.0,7577,NORTH AMERICA  S&LA,1/23/1987,6/6/1988,FAILURE,PO,220304.0,220504.0
14627.0,5794,NATIONAL BANK OF FREDERICK,1/22/1987,1/22/1987,FAILURE,IDT,23821.0,22368.0
28309.0,7548,UMPQUA S&LA,1/16/1987,1/16/1987,FAILURE,PO,108213.0,88486.0
31169.0,7547,FIRST S&LA OF BURKBURNETT,1/16/1987,1/16/1987,FAILURE,IDT,204538.0,74124.0
31598.0,1701,MAGIC VALLEY S&LA,1/16/1987,1/16/1987,ASSISTANCE,A/A,103392.0,116546.0
4189.0,2634,THE FIRST NATIONAL BANK OF RUSH SPRINGS,1/15/1987,1/15/1987,FAILURE,PA,12827.0,12502.0
17475.0,2633,LATIMER BANK & TRUST,1/15/1987,1/15/1987,FAILURE,PA,23230.0,21988.0
23829.0,2635,FIRST CHARTER BANK,1/15/1987,1/15/1987,FAILURE,PA,10125.0,9347.0
24423.0,2636,THE FIRST NATIONAL BANK OF SKIATOOK,1/15/1987,1/15/1987,FAILURE,PA,13988.0,13566.0
12548.0,2632,STATE BANK OF CUBA,1/9/1987,1/9/1987,FAILURE,PA,18275.0,17717.0
4159.0,2631,THE SECURITY NAT BK & TR CO. OF NORMAN,1/8/1987,1/8/1987,FAILURE,PA,198716.0,171175.0
18756.0,2630,BOWIE NATIONAL BANK,1/8/1987,1/8/1987,FAILURE,PA,12253.0,12406.0
25053.0,5788,AMERICAN NATIONAL BANK OF GRAND JUNCTION,1/8/1987,1/8/1987,FAILURE,IDT,7669.0,7242.0
20492.0,1934,CITIZENS BANK & TRUST COMPANY,12/31/1986,12/31/1986,ASSISTANCE,A/A,10424.0,10674.0
27865.0,1700,LINCOLN FS&LA,12/31/1986,12/31/1986,ASSISTANCE,A/A,460843.0,478330.0
15886.0,1932,BANK OF KANSAS CITY,12/29/1986,12/29/1986,ASSISTANCE,A/A,114114.0,107316.0
29096.0,1699,ST. LOUIS FS&LA,12/22/1986,12/22/1986,ASSISTANCE,A/A,955426.0,963216.0
1407.0,2626,LAKELAND STATE BANK,12/19/1986,12/19/1986,FAILURE,PA,49435.0,49145.0
11936.0,2627,FARMERS STATE BANK,12/19/1986,12/19/1986,FAILURE,PA,9695.0,9243.0
12294.0,6782,FIRST BANK & TRUST CO.,12/18/1986,12/18/1986,FAILURE,IDT,94888.0,84607.0
24388.0,5781,LAGO VISTA NATIONAL BANK,12/18/1986,12/18/1986,FAILURE,IDT,11862.0,12370.0
24638.0,2625,LANDMARK NATIONAL BANK,12/18/1986,12/18/1986,FAILURE,PA,12879.0,12756.0
29295.0,1698,BARRON COUNTY FS&LA,12/16/1986,12/16/1986,ASSISTANCE,A/A,158237.0,144439.0
29461.0,0,FIRST SAVINGS OF AMERICA,12/12/1986,,FAILURE,MGR,46975.0,56013.0
29648.0,7546,GUARANTY FEDERAL BANK FSB,12/12/1986,12/12/1986,FAILURE,IDT,63780.0,73471.0
14262.0,2624,THE CITIZENS BANK OF WINDSOR,12/9/1986,12/9/1986,FAILURE,PA,24790.0,24271.0
4069.0,5779,CORDELL NATIONAL BANK,12/5/1986,12/5/1986,FAILURE,IDT,78649.0,73505.0
29048.0,7545,FIRSTSOUTH  FS&LA,12/5/1986,12/8/1987,FAILURE,ABT,1680854.0,1500237.0
5258.0,2623,FIRST NATIONAL BANK OF STEWARTVILLE,12/4/1986,12/4/1986,FAILURE,PA,18475.0,18282.0
15371.0,2622,PANHANDLE BANK & TRUST COMPANY,12/4/1986,12/4/1986,FAILURE,PA,112074.0,99900.0
19094.0,2621,HAYS STATE BANK,12/4/1986,12/4/1986,FAILURE,PA,27762.0,32252.0
15409.0,1931,BANK OF COMMERCE,11/26/1986,11/26/1986,ASSISTANCE,A/A,66627.0,64699.0
4166.0,1930,"BANK OF OKLAHOMA, OKLA. CITY, N.A.",11/24/1986,11/24/1986,ASSISTANCE,A/A,468166.0,349863.0
31493.0,1717,GULF FEDERAL SAVINGS BANK,11/21/1986,12/30/1987,ASSISTANCE,A/A,499112.0,375140.0
32105.0,1879,FIRST SECURITY  S&LA,11/21/1986,3/9/1987,ASSISTANCE,A/A,55238.0,52133.0
3547.0,2619,FIRST NATIONAL BANK,11/20/1986,11/20/1986,FAILURE,PA,62962.0,59245.0
19098.0,2618,NORMAN BANK OF COMMERCE,11/20/1986,11/20/1986,FAILURE,PA,43525.0,41632.0
24855.0,2617,TEXANA NATIONAL BANK OF COLLEGE,11/20/1986,11/20/1986,FAILURE,PA,12085.0,11897.0
18871.0,5771,FIRST NATIONAL BANK OF TEMPLE,11/14/1986,11/14/1986,FAILURE,IDT,7346.0,7124.0
24395.0,2616,THE BANK OF NORTHERN CALIFORNIA,11/14/1986,11/14/1986,FAILURE,PA,16095.0,15774.0
13570.0,2615,THE HOXIE STATE BANK,11/13/1986,11/13/1986,FAILURE,PA,35821.0,33362.0
10995.0,2614,CHOKIO STATE BANK,11/7/1986,11/7/1986,FAILURE,PA,11917.0,10959.0
24081.0,2613,METROPOLITAN BANK & TRUST COMPANY,11/7/1986,11/7/1986,FAILURE,PA,70053.0,69201.0
1428.0,2611,THE HOME BANK,11/6/1986,11/6/1986,FAILURE,PA,39092.0,40088.0
1620.0,2612,FIRST STOCK YARDS BANK,11/6/1986,11/6/1986,FAILURE,PA,31589.0,31526.0
4090.0,5765,THE FIRST NATIONAL BANK & TR CO.,11/6/1986,11/6/1986,FAILURE,PO,100115.0,96804.0
12998.0,2610,THE CITIZENS STATE BANK,11/6/1986,11/6/1986,FAILURE,PA,27468.0,27793.0
23504.0,6763,SEDGWICK COUNTY BANK,11/5/1986,11/5/1986,FAILURE,IDT,3825.0,3665.0
20758.0,2609,REPUBLIC BANK,10/31/1986,10/31/1986,FAILURE,PA,41684.0,39419.0
27649.0,1697,FAMILY FS&LA,10/31/1986,10/31/1986,ASSISTANCE,A/A,338904.0,354906.0
5437.0,2606,BANK OF GERING,10/23/1986,10/23/1986,FAILURE,PA,24155.0,22157.0
19010.0,2607,STILLWATER COMMUNITY BANK,10/23/1986,10/23/1986,FAILURE,PA,22610.0,22641.0
22145.0,2608,SECURITY NATIONAL BANK,10/23/1986,10/23/1986,FAILURE,PA,41829.0,41634.0
27712.0,1696,FARMERS FS&LA,10/23/1986,10/23/1986,ASSISTANCE,A/A,131271.0,124706.0
30071.0,1696,FIRST STATE S&LA,10/23/1986,10/23/1986,ASSISTANCE,A/A,78769.0,77864.0
23409.0,6758,VALLEY STATE BANK,10/17/1986,10/17/1986,FAILURE,PO,5008.0,4611.0
28527.0,7544,HOMESTEAD S&LA,10/10/1986,10/10/1986,FAILURE,IDT,134982.0,149213.0
32157.0,0,UNIFIED SAVINGS BANK,10/10/1986,,FAILURE,MGR,102833.0,104759.0
24727.0,5757,INDEPENDENT NATIONAL BANK,10/9/1986,10/9/1986,FAILURE,IDT,28334.0,27744.0
22869.0,2605,COLUMBIA COMMUNITY BANK,10/3/1986,10/3/1986,FAILURE,PA,5257.0,4977.0
14957.0,2603,MISSOURI FARMERS BANK,10/2/1986,10/2/1986,FAILURE,PA,25963.0,25440.0
24201.0,5754,CENTURY NATIONAL BANK,10/2/1986,10/2/1986,FAILURE,IDT,15522.0,13503.0
24270.0,2604,FRONTIER NATIONAL BANK,10/2/1986,10/2/1986,FAILURE,PA,9913.0,10614.0
31384.0,1736,REPUBLIC SAVINGS BANK,10/1/1986,7/28/1988,ASSISTANCE,A/A,56847.0,60316.0
17532.0,2602,AMERICAN BANK & TRUST COMPANY,9/26/1986,9/26/1986,FAILURE,PA,210925.0,191717.0
16861.0,2600,THE HOME STATE BANK,9/25/1986,9/25/1986,FAILURE,PA,14718.0,13596.0
23738.0,2601,HERITAGE NATIONAL BANK,9/25/1986,9/25/1986,FAILURE,PA,33112.0,29998.0
21038.0,2599,TEXAS BANK & TRUST COMPANY,9/19/1986,9/19/1986,FAILURE,PA,39250.0,35812.0
31338.0,1783,CAL AMERICA S&LA,9/19/1986,12/31/1988,ASSISTANCE,A/A,413015.0,367829.0
21149.0,2598,TEXAS INDEPENDENCE BANK,9/18/1986,9/18/1986,FAILURE,PA,12252.0,11976.0
28664.0,7567,RAMONA  S&LA,9/12/1986,2/26/1988,FAILURE,IDT,108085.0,95957.0
30438.0,1798,WESTERN S&LA,9/12/1986,8/19/1988,FAILURE,MGR,1960164.0,1806271.0
31615.0,1695,DE VARGAS S&LA BANK,9/11/1986,9/11/1986,ASSISTANCE,A/A,19062.0,16530.0
19167.0,2597,CENTRAL BANK & TRUST OF TULSA,9/10/1986,9/10/1986,FAILURE,PA,80147.0,71573.0
10673.0,2595,FAIRVIEW STATE BANK OF FAIRVIEW,9/4/1986,9/4/1986,FAILURE,PA,24000.0,23700.0
20616.0,2596,WESTERN BANK,9/4/1986,9/4/1986,FAILURE,PA,77432.0,70599.0
20178.0,1929,MID VALLEY BANK,8/30/1986,8/30/1986,ASSISTANCE,A/A,39139.0,39085.0
28326.0,1693,CITIZENS FS&LA,8/29/1986,8/29/1986,ASSISTANCE,A/A,434768.0,475182.0
28520.0,1693,DOLLAR SAVINGS BANK,8/29/1986,8/29/1986,ASSISTANCE,A/A,334304.0,314651.0
31870.0,0,FIRST SA OF KILGORE,8/29/1986,8/29/1986,ASSISTANCE,A/A,21562.0,21784.0
18749.0,6743,BUENA VISTA BANK & TRUST COMPANY,8/28/1986,8/28/1986,FAILURE,PO,32769.0,30475.0
23248.0,2594,ALBANY STATE BANK,8/28/1986,8/28/1986,FAILURE,PA,4676.0,4921.0
25047.0,5744,AMERICAN NATIONAL BANK OF EASTRIDGE,8/28/1986,8/28/1986,FAILURE,PO,4367.0,4055.0
31902.0,1694,RESERVE S&LA,8/27/1986,8/27/1986,ASSISTANCE,A/A,21510.0,27141.0
32123.0,0,METROPOLITAN FS&LA,8/27/1986,,FAILURE,MGR,49772.0,49937.0
3051.0,5741,THE FIRST NATIONAL BANK IN RIFLE,8/21/1986,8/21/1986,FAILURE,PO,17588.0,17465.0
9662.0,2592,UNITED BANK OF MINNEAPOLIS,8/21/1986,8/21/1986,FAILURE,PA,22692.0,22069.0
20116.0,2593,DANBURY BANK,8/21/1986,8/21/1986,FAILURE,PA,9358.0,9635.0
13714.0,2591,MENDON STATE BANK,8/20/1986,8/20/1986,FAILURE,PA,18891.0,17590.0
15603.0,1928,STATE BANK OF WESTPHALIA,8/15/1986,8/15/1986,ASSISTANCE,A/A,4830.0,4728.0
8112.0,2590,THE STATE EXCHANGE BANK,8/14/1986,8/14/1986,FAILURE,PA,27813.0,26692.0
16698.0,5737,CITIZENS NATIONAL BANK & TRUST CO,8/14/1986,8/14/1986,FAILURE,IDT,179081.0,183284.0
23229.0,6735,MEDICINE BOW STATE BANK,8/8/1986,8/8/1986,FAILURE,PO,4810.0,4207.0
31959.0,0,PENINSULA FS&LA,8/8/1986,8/8/1986,FAILURE,IDT,42622.0,41337.0
4088.0,5732,THE FIRST NAT BANK & TRUST CO. OF EL RENO,8/7/1986,8/7/1986,FAILURE,IDT,47182.0,44238.0
16800.0,2586,THE EASTON STATE BANK,8/7/1986,8/7/1986,FAILURE,PA,17197.0,17162.0
17310.0,2589,FIRST CITIZENS BANK,8/7/1986,8/7/1986,FAILURE,PA,112668.0,105402.0
18377.0,2588,GRAETTINGER STATE BANK,8/7/1986,8/7/1986,FAILURE,PA,11828.0,11459.0
27888.0,1691,NATIONAL PERMANENT BANK FSB,8/1/1986,8/1/1986,ASSISTANCE,A/A,1033795.0,738982.0
1186.0,2583,EDEN STATE BANK,7/31/1986,7/31/1986,FAILURE,PA,13340.0,13225.0
4068.0,5727,FIRST NATIONAL BANK IN CORDELL,7/31/1986,7/31/1986,FAILURE,PO,23026.0,22814.0
5409.0,2585,THE GERING NATIONAL BANK & TRUST,7/31/1986,7/31/1986,FAILURE,PA,70213.0,70580.0
15109.0,2584,CITIZENS STATE BANK,7/31/1986,7/31/1986,FAILURE,PA,53963.0,53474.0
21622.0,6726,THE BANK OF PARK COUNTY,7/25/1986,7/25/1986,FAILURE,IDT,5950.0,5015.0
23021.0,2582,MOUNTAIN VALLEY BANK,7/25/1986,7/25/1986,FAILURE,PA,8054.0,7346.0
28328.0,7539,CENTRAL ILLINOIS S&LA,7/25/1986,7/25/1986,FAILURE,PO,47585.0,58893.0
30768.0,0,MAJOR FEDERAL S&LA,7/25/1986,3/31/1987,FAILURE,ABT,24999.0,21433.0
4492.0,2580,THE FIRST NATIONAL BANK OF PRAIRIE CITY,7/24/1986,7/24/1986,FAILURE,PA,18948.0,19248.0
14111.0,2581,MCCUNE STATE BANK,7/24/1986,7/24/1986,FAILURE,PA,9134.0,8673.0
31173.0,1690,LINCOLN S&LA,7/23/1986,7/23/1986,ASSISTANCE,A/A,261702.0,230363.0
8438.0,2579,FARMER'S BANK,7/18/1986,7/18/1986,FAILURE,PA,21445.0,20248.0
20355.0,6721,PERMIAN BANK,7/18/1986,7/18/1986,FAILURE,PO,41221.0,38366.0
32044.0,7537,SUN S&LA,7/18/1986,11/18/1988,ASSISTANCE,A/A,370935.0,334444.0
2230.0,2577,THE FIRST NATIONAL BANK OF SHERIDAN,7/17/1986,7/17/1986,FAILURE,PA,69334.0,63573.0
12142.0,6716,THE BANK OF KIOWA,7/17/1986,7/17/1986,FAILURE,PO,10924.0,11019.0
16969.0,2576,CALLAO COMMUNITY BANK,7/17/1986,7/17/1986,FAILURE,PA,5671.0,5652.0
19579.0,2575,FILLMORE COUNTY BANK,7/17/1986,7/17/1986,FAILURE,PA,11975.0,11175.0
20457.0,2578,NEW MEXICO NATIONAL BANK,7/17/1986,7/17/1986,FAILURE,PA,159298.0,149163.0
4164.0,2574,THE FIRST NAT BK & TR CO. OF OKLAHOMA,7/14/1986,7/14/1986,FAILURE,PA,1754157.0,1301346.0
32103.0,1689,ATLAS S&LA,7/14/1986,7/14/1986,ASSISTANCE,A/A,76393.0,85678.0
9730.0,2573,FARMERS STATE BANK OF CLARISSA,7/11/1986,7/11/1986,FAILURE,PA,17918.0,16791.0
28681.0,1687,EQUITABLE FSB,7/9/1986,7/9/1986,ASSISTANCE,A/A,691489.0,645718.0
21676.0,5713,NATIONAL BANK OF TEXAS,7/2/1986,7/2/1986,FAILURE,PO,33378.0,31725.0
257.0,2571,COMMERCIAL STATE BANK,6/27/1986,6/27/1986,FAILURE,PA,47880.0,42878.0
15896.0,2570,THE HOME STATE BANK,6/27/1986,6/27/1986,FAILURE,PA,9157.0,8968.0
26439.0,2572,ORANGE COAST THRIFT & LOAN ASSOCIATION,6/27/1986,6/27/1986,FAILURE,PA,13966.0,12330.0
28149.0,1688,CITIZENS HOME SAVINGS COMPANY,6/27/1986,6/27/1986,ASSISTANCE,A/A,156119.0,168623.0
28491.0,1688,THE STATE S&L CO.,6/27/1986,6/27/1986,ASSISTANCE,A/A,381665.0,401807.0
8765.0,6708,UNION DEPOSIT BANK,6/26/1986,6/26/1986,FAILURE,IDT,5766.0,4998.0
22275.0,2569,CONTINENTAL NATIONAL BANK OF KENTUCKY,6/26/1986,6/26/1986,FAILURE,PA,10088.0,10188.0
13050.0,6707,THE AMERICAN BANK,6/20/1986,6/20/1986,FAILURE,IDT,40024.0,36175.0
4637.0,5706,THE FIRST NATIONAL BANK OF CHANUTE,6/19/1986,6/19/1986,FAILURE,PO,45414.0,46636.0
16683.0,2568,FIRST NATIONAL BANK OF BORGER,6/19/1986,6/19/1986,FAILURE,PA,80113.0,75196.0
8142.0,2566,BOSSIER BANK & TRUST COMPANY,6/13/1986,6/13/1986,FAILURE,PA,215830.0,201871.0
21889.0,2567,THE BANK OF COMMERCE,6/13/1986,6/13/1986,FAILURE,PA,75430.0,74262.0
24296.0,5702,"PETROBANK, N.A.",6/12/1986,6/12/1986,FAILURE,PO,35455.0,34624.0
23807.0,6701,SECURITY BANK OF GLENROCK,6/6/1986,6/6/1986,FAILURE,PO,5993.0,5619.0
28240.0,1686,FIRST OF MONTGOMERY COUNTY,6/6/1986,6/6/1986,ASSISTANCE,A/A,14512.0,15468.0
31727.0,1686,MOUNTAIN SECURITY SB,6/6/1986,6/6/1986,ASSISTANCE,A/A,125326.0,114335.0
18093.0,6700,THE CITIZENS ST BANK OF MCCRACKEN,6/5/1986,6/5/1986,FAILURE,PO,11396.0,10691.0
32314.0,7531,SEAPOINTE S&LA,5/31/1986,5/31/1986,FAILURE,IDT,17343.0,37882.0
8315.0,2565,BANK OF COLUMBIA FALLS,5/30/1986,5/30/1986,FAILURE,PA,41470.0,39228.0
22456.0,2564,"BANCO DE AHORRO, F.S.B.",5/30/1986,5/30/1986,FAILURE,PA,33961.0,30021.0
4157.0,5697,THE FIRST NATIONAL BK & TR CO. OF NORMAN,5/29/1986,5/29/1986,FAILURE,IDT,73170.0,75727.0
25297.0,2563,"THE LONE ROCK BANK, N.A.",5/29/1986,5/29/1986,FAILURE,PA,7462.0,7165.0
14034.0,2562,ROSELAND STATE BANK,5/28/1986,5/28/1986,FAILURE,PA,12020.0,11237.0
16382.0,2561,FIRST STATE BANK & TRUST COMPANY,5/23/1986,5/23/1986,FAILURE,PA,137947.0,136979.0
20857.0,6694,SUNSHINE STATE BANK,5/23/1986,5/23/1986,FAILURE,PO,109404.0,103092.0
20912.0,2560,CENTENNIAL STATE BANK OF COLORADO,5/23/1986,5/23/1986,FAILURE,PA,20357.0,20210.0
32199.0,7542,CONSOLIDATED SAVINGS BANK,5/22/1986,8/29/1986,FAILURE,PO,84370.0,78422.0
14767.0,2559,THE CITIZENS STATE BANK OF ST. FRANCIS,5/15/1986,5/15/1986,FAILURE,PA,24189.0,22073.0
24645.0,5691,SADDLEBACK NATIONAL BANK,5/15/1986,5/15/1986,FAILURE,IDT,13454.0,13112.0
2864.0,2558,FIRST BANK & TRUST OF IDAHO,5/9/1986,5/9/1986,FAILURE,PA,55867.0,51885.0
19216.0,2557,RAINSVILLE BANK,5/9/1986,5/9/1986,FAILURE,PA,17489.0,16081.0
4215.0,2556,BANK OF COMMERCE & TRUST COMPANY,5/8/1986,5/8/1986,FAILURE,PA,182653.0,154279.0
4055.0,5686,THE FIRST NATIONAL BANK OF CARTER,5/1/1986,5/1/1986,FAILURE,PO,7344.0,6714.0
4426.0,2555,THE BEDFORD NATIONAL BANK,5/1/1986,5/1/1986,FAILURE,PA,19323.0,18365.0
4742.0,2554,BANK OF NORTONVILLE,5/1/1986,5/1/1986,FAILURE,PA,7249.0,6472.0
28563.0,1684,WASHINGTON FIRST FS&LA,4/30/1986,4/30/1986,ASSISTANCE,A/A,57463.0,60092.0
3088.0,2553,THE FIRST NATIONAL BANK OF BANDERA,4/24/1986,4/24/1986,FAILURE,PA,15541.0,15062.0
18534.0,2552,FIRST NATIONAL BANK OF IRVING,4/24/1986,4/24/1986,FAILURE,PA,38462.0,37809.0
16943.0,6681,UNION COUNTY BANK,4/22/1986,4/22/1986,FAILURE,IDT,32902.0,30436.0
21531.0,2551,FLORIDA CENTER BANK,4/18/1986,4/18/1986,FAILURE,PA,78891.0,72235.0
13925.0,1927,THE TALMAGE STATE BANK,4/16/1986,4/16/1986,ASSISTANCE,A/A,9258.0,8883.0
31989.0,7555,SUMMIT S&LA,4/16/1986,4/10/1987,FAILURE,PO,210684.0,180733.0
31550.0,1792,FIRST AMERICAN S&LA,4/14/1986,2/3/1989,ASSISTANCE,A/A,80596.0,73477.0
31943.0,1783,COLUMBUS S&LA,4/14/1986,12/31/1988,ASSISTANCE,A/A,271460.0,295030.0
32059.0,0,GATEWAY SB,4/14/1986,,FAILURE,MGR,155852.0,166948.0
23920.0,2550,CENTER NATIONAL BANK,4/11/1986,4/11/1986,FAILURE,PA,47721.0,45728.0
4452.0,2548,THE NATIONAL BANK,4/10/1986,4/10/1986,FAILURE,PA,43038.0,39806.0
11451.0,6677,THE PEOPLES BANK OF MERCER,4/10/1986,4/10/1986,FAILURE,PO,10412.0,10456.0
14308.0,2549,THE FIRST NATIONAL BANK OF RUSTON,4/10/1986,4/10/1986,FAILURE,PA,31539.0,31047.0
30342.0,7529,MAINLAND  S&LA,4/4/1986,9/9/1988,FAILURE,ABT,1003281.0,873609.0
22774.0,2546,INDUSTRIAL NATIONAL BANK OF EAST CHICAGO,4/3/1986,4/3/1986,FAILURE,PA,8387.0,8146.0
23190.0,2547,EDDY COUNTY NATIONAL BANK,4/3/1986,4/3/1986,FAILURE,PA,30352.0,26541.0
14389.0,6672,FARMERS & MERCHANTS BANK OF HUNTSVILLE,3/28/1986,3/28/1986,FAILURE,IDT,16603.0,17590.0
22432.0,2545,FAMILY BANK,3/28/1986,3/28/1986,FAILURE,PA,27979.0,24673.0
31702.0,1681,"UNITED BANK, SSB",3/28/1986,3/28/1986,ASSISTANCE,A/A,590234.0,489667.0
9951.0,2544,STOCKHOLM STATE BANK,3/27/1986,3/27/1986,FAILURE,PA,7154.0,6644.0
11911.0,2543,FIRST STATE BANK,3/27/1986,3/27/1986,FAILURE,PA,17008.0,16307.0
17616.0,2542,FIRST STATE BANK,3/27/1986,3/27/1986,FAILURE,PA,6083.0,5597.0
31927.0,0,WESTWOOD S&LA,3/27/1986,,FAILURE,MGR,583179.0,550570.0
30966.0,0,GUARANTY S&LA,3/21/1986,3/21/1986,FAILURE,IDT,22341.0,13877.0
12667.0,2541,WILLIAMS SAVINGS BANK,3/20/1986,3/20/1986,FAILURE,PA,12847.0,11746.0
31380.0,0,FIRST FS&LA OF REDDING,3/20/1986,3/20/1986,ASSISTANCE,A/A,39642.0,41214.0
31632.0,0,HACIENDA FS&LA,3/20/1986,3/20/1986,ASSISTANCE,A/A,34456.0,15545.0
1405.0,6667,FARMERS & MERCHANTS ST BK OF LAMBERTON,3/14/1986,3/14/1986,FAILURE,IDT,17139.0,16196.0
31186.0,1797,MERCURY S&LA OF TEXAS,3/14/1986,8/18/1988,ASSISTANCE,A/A,664049.0,601823.0
31590.0,1797,BEN MILAM S&LA,3/14/1986,8/18/1988,ASSISTANCE,A/A,306041.0,279080.0
9391.0,6666,THE CITIZENS BANK OF WINIGAN,3/7/1986,3/7/1986,FAILURE,PO,6534.0,6209.0
5482.0,2539,THE FIRST NATIONAL BANK OF TEKAMAH,3/6/1986,3/6/1986,FAILURE,PA,21166.0,20228.0
13920.0,2540,THE CITY NATIONAL BANK OF PLAINVIEW,3/6/1986,3/6/1986,FAILURE,PA,48357.0,49606.0
3224.0,2537,THE FIRST NATIONAL BANK OF GORMAN,2/27/1986,2/27/1986,FAILURE,PA,14486.0,13623.0
19405.0,2538,FIRST NATIONAL BANK AT DOUGLAS,2/21/1986,2/21/1986,FAILURE,PA,14020.0,14260.0
23151.0,6661,ELK CITY STATE BANK,2/21/1986,2/21/1986,FAILURE,PO,22159.0,21408.0
29920.0,7574,CAPITOL S&LA,2/21/1986,5/8/1987,FAILURE,IDT,192018.0,180527.0
16740.0,2535,FIRST NATIONAL BANK OF TIPTON,2/14/1986,2/14/1986,FAILURE,PA,17896.0,18008.0
20859.0,2536,PARK BANK OF FLORIDA,2/14/1986,2/14/1986,FAILURE,PA,591667.0,577791.0
25162.0,5660,"EXECUTIVE CENTER BANK, N.A.",2/14/1986,2/14/1986,FAILURE,PO,9911.0,9608.0
32006.0,7576,AMERICAN DIVERSIFIED SAVINGS BANK,2/14/1986,6/6/1988,FAILURE,PO,978635.0,958953.0
32215.0,0,INTERCAPITAL S&LA,2/14/1986,2/14/1986,FAILURE,IDT,65233.0,70825.0
32058.0,7566,MT. WHITNEY S&LA,2/12/1986,2/26/1988,FAILURE,IDT,81642.0,83873.0
11484.0,2534,JOHNSON COUNTY BANK,2/7/1986,2/7/1986,FAILURE,PA,20173.0,19384.0
20572.0,6657,VALENCIA BANK,2/7/1986,2/7/1986,FAILURE,IDT,101081.0,99181.0
31645.0,1692,CORONADO FS&LA,2/7/1986,8/15/1986,ASSISTANCE,A/A,12728.0,13559.0
4422.0,5655,THE PEOPLES NATIONAL BANK & TRUST,2/6/1986,2/6/1986,FAILURE,PO,51966.0,49408.0
32149.0,1878,GREAT WEST S&LA,1/31/1986,1/31/1986,ASSISTANCE,A/A,52115.0,52223.0
32273.0,7562,BOHEMIAN S&LA,1/30/1986,12/11/1987,FAILURE,IDT,242394.0,220643.0
22715.0,2531,UTAH FIRSTBANK,1/24/1986,1/24/1986,FAILURE,PA,38492.0,39601.0
22818.0,2532,PIONEER STATE BANK,1/24/1986,1/24/1986,FAILURE,PA,11698.0,10893.0
21722.0,2530,FIRST PROGRESSIVE BANK,1/17/1986,1/17/1986,FAILURE,PA,39362.0,37908.0
22670.0,6652,AMERICAN BANK OF CASPER,1/17/1986,1/17/1986,FAILURE,IDT,20489.0,18905.0
8147.0,2529,BANK OF DIXIE,1/10/1986,1/10/1986,FAILURE,PA,41444.0,36452.0
4798.0,2527,THE FIRST NATIONAL BANK OF WHITE CITY,1/9/1986,1/9/1986,FAILURE,PA,9607.0,9239.0
8976.0,2528,FIRST STATE BANK,1/9/1986,1/9/1986,FAILURE,PA,20725.0,18897.0
32205.0,6933,MANHATTAN BEACH S&LA,1/9/1986,2/10/1989,FAILURE,IDT,51119.0,49569.0
29406.0,0,FIRST FS&LA,1/2/1986,1/2/1986,ASSISTANCE,A/A,52751.0,55689.0
16074.0,1925,HOME SAVINGS BANK,12/31/1985,12/31/1985,ASSISTANCE,A/A,413948.0,405013.0
30611.0,1679,SUN FS&LA,12/31/1985,12/31/1985,ASSISTANCE,A/A,367489.0,341031.0
1917.0,2525,STATE BANK OF FROST,12/20/1985,12/20/1985,FAILURE,PA,7736.0,6603.0
22698.0,2526,FIRST CITY BANK,12/20/1985,12/20/1985,FAILURE,PA,35813.0,28772.0
30507.0,1796,BROWNFIELD  S&LA,12/20/1985,6/22/1988,ASSISTANCE,A/A,64709.0,59940.0
31117.0,1799,STATE S&LA OF LUBBOCK,12/20/1985,8/26/1988,ASSISTANCE,A/A,841612.0,815045.0
8299.0,6645,PRINCETON STATE BANK,12/19/1985,12/19/1985,FAILURE,PO,18366.0,16809.0
8596.0,6642,FARMERS & MERCHANTS BANK,12/19/1985,12/19/1985,FAILURE,PO,3324.0,3180.0
16732.0,2524,FARMERS STATE BANK,12/19/1985,12/19/1985,FAILURE,PA,12474.0,11321.0
18726.0,2523,BANK OF PANAMA,12/19/1985,12/19/1985,FAILURE,PA,4376.0,4281.0
12460.0,2520,"THE FARMERS STATE BANK OF BARRY COUNTY, EX",12/13/1985,12/13/1985,FAILURE,PA,4203.0,4079.0
23977.0,2522,THE FIRST NATIONAL BANK IN LINCOLN COUNTY,12/13/1985,12/13/1985,FAILURE,PA,32024.0,30697.0
24449.0,2521,LAKE NATIONAL BANK,12/13/1985,12/13/1985,FAILURE,PA,19795.0,19130.0
31321.0,7524,GUARANTY S&LA,12/6/1985,1/7/1987,FAILURE,ABT,451432.0,316527.0
31354.0,7525,STATE  FS&LA,12/6/1985,9/16/1988,FAILURE,IDT,563862.0,443856.0
1433.0,6637,SECURITY STATE BANK,12/5/1985,12/5/1985,FAILURE,PO,8040.0,7550.0
4115.0,5638,THE FARMERS AND MERCHANTS NATIONAL BANK OF,12/5/1985,12/5/1985,FAILURE,PO,28684.0,27452.0
31792.0,7565,CITIZENS S&LA,12/4/1985,1/29/1988,FAILURE,IDT,239709.0,153498.0
27622.0,0,HOME FS&LA,12/2/1985,12/2/1985,ASSISTANCE,A/A,115303.0,117130.0
30731.0,1676,MIDLAND FS&LA,12/2/1985,12/2/1985,ASSISTANCE,A/A,37978.0,40926.0
30914.0,1677,HOME FS&LA,12/2/1985,12/2/1985,ASSISTANCE,A/A,106672.0,106091.0
28890.0,1678,CITIZENS FS&LA,12/1/1985,12/1/1985,ASSISTANCE,A/A,461380.0,353209.0
31761.0,7585,USM (U.S. MUTUAL) S&LA,11/26/1985,10/14/1988,FAILURE,PO,306069.0,286973.0
30952.0,1810,HI-PLAINS  S&LA,11/25/1985,12/22/1988,ASSISTANCE,A/A,114611.0,100507.0
11931.0,2517,CHESTER STATE BANK,11/22/1985,11/22/1985,FAILURE,PA,11722.0,10979.0
20533.0,2518,ALLEN COUNTY BANK AND TRUST COMPANY,11/22/1985,11/22/1985,FAILURE,PA,10907.0,10524.0
21691.0,2519,CALIFORNIA HERITAGE BANK,11/22/1985,11/22/1985,FAILURE,PA,24114.0,22397.0
2306.0,2515,THE DILL STATE BANK,11/21/1985,11/21/1985,FAILURE,PA,15459.0,14289.0
4740.0,2514,DECATAUR COUNTY NATIONAL BANK OF OBERLIN,11/21/1985,11/21/1985,FAILURE,PA,18362.0,16786.0
8562.0,2516,THE CLARKSDALE BANK OF CLARKDALE,11/21/1985,11/21/1985,FAILURE,PA,6167.0,5847.0
13160.0,6630,THE FARMERS AND MERCHANTS STATE BANK OF RU,11/21/1985,11/21/1985,FAILURE,PO,32647.0,28914.0
5550.0,5629,FIRST NATIONAL BANK OF TEAGUE,11/14/1985,11/14/1985,FAILURE,PO,31995.0,29155.0
14271.0,2512,AUBURN SAVINGS BANK,11/8/1985,11/8/1985,FAILURE,PA,6833.0,6647.0
18859.0,2513,NORTHSHORE BANK,11/8/1985,11/8/1985,FAILURE,PA,47187.0,43341.0
10116.0,2510,EARLY SAVINGS BANK,11/1/1985,11/1/1985,FAILURE,PA,12890.0,11935.0
23218.0,6626,YELLOWSTONE STATE BANK,11/1/1985,11/1/1985,FAILURE,PO,18676.0,20774.0
23892.0,2511,THE AURORA BANK,11/1/1985,11/1/1985,FAILURE,PA,16567.0,15214.0
27972.0,1675,LEWIS FS&LA,11/1/1985,11/1/1985,ASSISTANCE,A/A,51877.0,52397.0
31841.0,1674,SECURITY TRUST S&LA,10/28/1985,10/28/1985,ASSISTANCE,A/A,28792.0,27192.0
12189.0,2508,FARMERS STATE BANK OF KANARANZI,10/18/1985,10/18/1985,FAILURE,PA,3907.0,3823.0
14670.0,2506,FIRST STATE BANK,10/18/1985,10/18/1985,FAILURE,PA,12344.0,11495.0
19383.0,2509,THE CITIZENS BANK,10/18/1985,10/18/1985,FAILURE,PA,93459.0,85512.0
23024.0,2507,THE EARLY BANK,10/18/1985,10/18/1985,FAILURE,PA,15846.0,15130.0
32032.0,7578,FARMERS SAVINGS BANK,10/18/1985,7/18/1988,FAILURE,PO,590288.0,526353.0
2321.0,2505,FARMERS STATE BANK IN AFTON,10/17/1985,10/17/1985,FAILURE,PA,10794.0,9905.0
525.0,2503,SARATOGA STATE BANK,10/11/1985,10/11/1985,FAILURE,PA,18470.0,16300.0
4602.0,2504,THE FIRST NATIONAL BANK OF ST. JOSEPH,10/11/1985,10/11/1985,FAILURE,PA,193485.0,175895.0
15756.0,2502,BANK OF CANTON,10/10/1985,10/10/1985,FAILURE,PA,22438.0,20609.0
28422.0,1673,SUN S&LA,10/4/1985,10/4/1985,ASSISTANCE,A/A,231947.0,177079.0
24573.0,2500,"TOWER BANK, N.A.",10/3/1985,10/3/1985,FAILURE,PA,20523.0,19722.0
15919.0,1924,BOWERY SAVINGS BANK,10/1/1985,10/1/1985,ASSISTANCE,A/A,5277472.0,5001932.0
27873.0,0,BATON ROUGE S&LA,10/1/1985,10/1/1985,ASSISTANCE,A/A,116047.0,93265.0
30922.0,1672,SECURITY FS&LA,10/1/1985,10/1/1985,ASSISTANCE,A/A,169057.0,167698.0
4207.0,5614,THE FIRST NATIONLAL BANK IN TERRAL,9/27/1985,9/27/1985,FAILURE,PO,4063.0,3948.0
18760.0,2499,WESTERN STATE BANK,9/27/1985,9/27/1985,FAILURE,PA,27831.0,23678.0
31652.0,1671,FAMILY FS&LA,9/27/1985,9/27/1985,ASSISTANCE,A/A,57071.0,71193.0
32207.0,1689,GOLDEN PACIFIC S&LA,9/27/1985,7/14/1986,ASSISTANCE,A/A,45574.0,46160.0
1148.0,6612,THE SEDAN STATE BANK,9/25/1985,9/25/1985,FAILURE,PO,28153.0,26586.0
30916.0,1771,GLEN ELLYN  S&LA,9/20/1985,12/31/1988,ASSISTANCE,A/A,122108.0,101105.0
12743.0,6611,ELBA STATE BANK,9/18/1985,9/18/1985,FAILURE,PO,4735.0,4217.0
21562.0,5610,THE FIRST NATIONAL BANK OF ROCKLAND,9/13/1985,9/13/1985,FAILURE,IDT,29482.0,25309.0
20490.0,2498,FIRST SECURITY BANK OF DICKSON,9/12/1985,9/12/1985,FAILURE,PA,14785.0,14259.0
24106.0,2497,"MONCOR BANK, N.A.",9/12/1985,9/12/1985,FAILURE,PA,33293.0,32901.0
23209.0,6607,BANK OF CLIFTON,9/6/1985,9/6/1985,FAILURE,PO,10887.0,9839.0
30676.0,1804,HEIGHTS SAVINGS ASSOCIATION,9/6/1985,9/9/1988,ASSISTANCE,A/A,436548.0,422018.0
6096.0,2496,THE BANK OF LORETTO,9/4/1985,9/4/1985,FAILURE,PA,25637.0,24782.0
27766.0,0,CITIZENS FS&LA,9/3/1985,9/3/1985,ASSISTANCE,A/A,133824.0,133506.0
16798.0,2495,"MONCOR BANK, N.A.",8/30/1985,8/30/1985,FAILURE,PA,229302.0,220340.0
28124.0,0,WESTSIDE FS&LA,8/30/1985,5/9/1986,FAILURE,ABT,378366.0,325085.0
16084.0,2493,CARDWELL STATE BANK,8/28/1985,8/28/1985,FAILURE,PA,6206.0,5664.0
19574.0,2494,MISSOURI DELTA BANK,8/28/1985,8/28/1985,FAILURE,PA,9116.0,8112.0
31749.0,7541,PRESIDIO  S&LA,8/28/1985,8/8/1986,FAILURE,ABT,284494.0,244890.0
10501.0,6602,THE BANK OF BRONSON,8/23/1985,8/23/1985,FAILURE,PO,9604.0,9294.0
32083.0,7522,ALLIANCE FS&LA,8/23/1985,8/23/1985,FAILURE,IDT,188137.0,133989.0
31818.0,7557,CENTENNIAL  S&LA,8/20/1985,4/27/1987,FAILURE,IDT,368163.0,367831.0
55.0,1926,THE COMMERCIAL BANK,8/16/1985,8/16/1985,ASSISTANCE,A/A,77816.0,76446.0
32055.0,7521,MONTANA S&LA,8/16/1985,8/16/1985,FAILURE,PO,26949.0,30360.0
24761.0,5601,"PARK WEST BANK, N.A.",8/15/1985,8/15/1985,FAILURE,IDT,20544.0,18232.0
15380.0,6600,STATE BANK OF HERNDON,8/14/1985,8/14/1985,FAILURE,PO,6237.0,5758.0
10085.0,2492,STATE BANK OF FARMERSVILLE,8/9/1985,8/9/1985,FAILURE,PA,11984.0,12118.0
31906.0,0,SIERRA FS&LA,8/9/1985,2/28/1986,FAILURE,IDT,48363.0,81482.0
18907.0,2490,SECURITY BANK & TRUST COMPANY,8/8/1985,8/8/1985,FAILURE,PA,34976.0,33426.0
29540.0,1754,BUTTERFIELD  S&LA,8/7/1985,9/29/1988,ASSISTANCE,A/A,708261.0,768317.0
14180.0,2489,MINEOLA STATE BANK,8/6/1985,8/6/1985,FAILURE,PA,5205.0,4928.0
10970.0,2486,FARMERS STATE BANK OF ROUND LAKE,8/2/1985,8/2/1985,FAILURE,PA,23210.0,20903.0
11828.0,2485,FARMERS STATE BANK,8/2/1985,8/2/1985,FAILURE,PA,12845.0,11929.0
29527.0,7520,BELL SAVINGS BANC,8/2/1985,8/2/1985,FAILURE,IDT,185009.0,288045.0
18862.0,2491,RIVERSIDE NATIONAL BANK OF HOUSTON,8/1/1985,8/1/1985,FAILURE,PA,18365.0,17158.0
29071.0,1670,WESTERN HERITAGE FS&LA,8/1/1985,8/1/1985,ASSISTANCE,A/A,175148.0,134017.0
12423.0,2484,CITIZENS STATE BANK OF EL DORADO,7/25/1985,7/25/1985,FAILURE,PA,31185.0,29527.0
20699.0,2483,KANSAS AMERICAN BANK,7/25/1985,7/25/1985,FAILURE,PA,25707.0,23888.0
28490.0,1750,BELL  S&LA,7/25/1985,8/23/1988,ASSISTANCE,A/A,1635150.0,1312477.0
4745.0,2481,THE FIRST NATIONAL BANK OF ONAGA,7/23/1985,7/23/1985,FAILURE,PA,22379.0,22259.0
18928.0,2482,FIRST NATIONAL BANK OF GLENROCK,7/23/1985,7/23/1985,FAILURE,PA,18686.0,16463.0
10625.0,2480,LINN COUNTY BANK,7/19/1985,7/19/1985,FAILURE,PA,5381.0,5301.0
22851.0,2479,GILPIN COUNTY BANK,7/19/1985,7/19/1985,FAILURE,PA,3861.0,3481.0
28504.0,1682,FLUSHING FS&LA,7/19/1985,4/29/1986,ASSISTANCE,A/A,527685.0,524880.0
3166.0,5586,THE FIRST NATIONAL BANK OF DAROUZZET,7/18/1985,7/18/1985,FAILURE,PO,18213.0,11388.0
17962.0,2478,ESKRIDGE STATE BANK,7/18/1985,7/18/1985,FAILURE,PA,10137.0,9435.0
32016.0,7543,"SUNRISE, S&LA",7/18/1985,9/12/1986,FAILURE,ABT,1516512.0,1498748.0
22163.0,6584,CROSSROADS STATE BANK,7/11/1985,7/11/1985,FAILURE,PO,17776.0,17101.0
14837.0,2477,THE FIRST NATIONAL BANK OF JACKSONVILLE,7/5/1985,7/5/1985,FAILURE,PA,43290.0,39643.0
10510.0,2476,MADISON BANK,7/2/1985,7/2/1985,FAILURE,PA,8392.0,7739.0
31839.0,0,CITIZENS S&LA,7/1/1985,7/1/1985,ASSISTANCE,A/A,18387.0,13257.0
4968.0,2475,FIRST BANK & TRUST,6/28/1985,6/28/1985,FAILURE,PA,21123.0,19718.0
31940.0,1669,CENTURY SA,6/26/1985,6/26/1985,ASSISTANCE,A/A,91832.0,44968.0
28913.0,7530,"SUN BELT FEDERAL BANK, FSB",6/25/1985,5/2/1986,FAILURE,ABT,278335.0,269111.0
31480.0,7536,NEW ORLEANS S&LA,6/25/1985,6/20/1986,FAILURE,ABT,118050.0,105339.0
31891.0,7535,AUDUBON S&LA,6/25/1985,6/20/1986,FAILURE,ABT,211301.0,222109.0
32015.0,0,COMMUNITY FS&LA,6/25/1985,6/20/1986,FAILURE,ABT,47936.0,46831.0
32029.0,7534,NORTHLAKE S&LA,6/25/1985,6/20/1986,FAILURE,ABT,141383.0,148074.0
32098.0,7532,CRESCENT SAVINGS BANK,6/25/1985,6/20/1986,FAILURE,ABT,89114.0,83950.0
4165.0,2474,"FIRST CITY BANK, N.A.",6/21/1985,6/21/1985,FAILURE,PA,97808.0,92708.0
13153.0,2473,URBANA SAVINGS BANK,6/21/1985,6/21/1985,FAILURE,PA,7158.0,6325.0
22452.0,5580,GOLDEN PACIFIC NATIONAL BANK,6/21/1985,6/21/1985,FAILURE,IDT,146254.0,131418.0
28745.0,1729,EUREKA FS&LA,6/21/1985,5/26/1988,ASSISTANCE,A/A,1570628.0,1364360.0
10507.0,6577,FARMERS STATE BANK OF DEXTER,6/20/1985,6/20/1985,FAILURE,PO,4267.0,4166.0
1602.0,2472,SWIFT COUNTY BANK,6/14/1985,6/14/1985,FAILURE,PA,41598.0,38007.0
11613.0,6576,STRONG'S BANK,6/14/1985,6/14/1985,FAILURE,IDT,30733.0,28240.0
4657.0,2471,THE FIRST STATE BANK,6/13/1985,6/13/1985,FAILURE,PA,8325.0,8119.0
18551.0,2470,AMERICAN NATIONAL BANK OF RIVERTON,6/11/1985,6/11/1985,FAILURE,PA,37937.0,39595.0
31323.0,0,COMMUNITY FS&LA,6/7/1985,6/7/1985,FAILURE,PO,22747.0,18798.0
31674.0,0,MAGNOLIA FS&LA,6/7/1985,6/7/1985,FAILURE,IDT,4816.0,3649.0
28621.0,1707,SOUTHERN CALIFORNIA  S&LA,6/6/1985,4/30/1987,ASSISTANCE,A/A,1492644.0,1263750.0
13797.0,2466,BANK OF TAYLOR,5/31/1985,5/31/1985,FAILURE,PA,14542.0,13360.0
18388.0,6571,FAIRFIELD STATE BANK,5/31/1985,5/31/1985,FAILURE,PO,6795.0,6034.0
18738.0,2469,SECURITY STATE BANK,5/31/1985,5/31/1985,FAILURE,PA,6570.0,6072.0
19117.0,6570,SCROGGIN & COMPANY BANK,5/31/1985,5/31/1985,FAILURE,PO,3552.0,3219.0
30965.0,1706,CENTRAL S&LA,5/31/1985,4/10/1987,ASSISTANCE,A/A,2308903.0,1680711.0
5177.0,6568,FIRST TRUST BANK OF LAKEFIELD,5/31/1985,5/31/1985,FAILURE,IDT,24288.0,22126.0
9477.0,1923,BANK OF OREGON,5/31/1985,5/31/1985,ASSISTANCE,A/A,117145.0,96968.0
13790.0,2467,BANK OF LOCKESBURG,5/31/1985,5/31/1985,FAILURE,PA,25469.0,23508.0
29052.0,1721,FIRST FS&LA OF FREEPORT,5/28/1985,1/27/1988,ASSISTANCE,A/A,63321.0,45738.0
19076.0,2465,NORTHWEST BANK,5/23/1985,5/23/1985,FAILURE,PA,54001.0,51102.0
30054.0,1667,HOME FS&LA,5/22/1985,5/22/1985,ASSISTANCE,A/A,201914.0,206552.0
21757.0,2463,BANK OF NEWCASTLE,5/16/1985,5/16/1985,FAILURE,PA,32623.0,31169.0
23889.0,2464,"THE ENERGY BANK, N.A.",5/16/1985,5/16/1985,FAILURE,PA,29744.0,27370.0
28448.0,1718,"FIRST FINANCIAL BANK, FSB",5/10/1985,5/10/1985,ASSISTANCE,A/A,739385.0,630966.0
5813.0,2462,STORY COUNTY STATE BANK,5/9/1985,5/9/1985,FAILURE,PA,33586.0,31633.0
10599.0,2461,FARMERS STATE BANK,5/3/1985,5/3/1985,FAILURE,PA,50867.0,49603.0
16573.0,2460,FARMERS SAVINGS BANK,5/3/1985,5/3/1985,FAILURE,PA,16920.0,15393.0
11775.0,2459,THE BANK OF COMMERCE,5/2/1985,5/2/1985,FAILURE,PA,66843.0,63907.0
27832.0,1666,CAPITAL CITY FS&LA,5/2/1985,5/2/1985,ASSISTANCE,A/A,361193.0,298020.0
30728.0,1666,NORTHERN VIRGINIA S&LA,5/2/1985,5/2/1985,ASSISTANCE,A/A,237179.0,240568.0
30934.0,1666,FIRST FEDERAL OF TITUSVILLE,5/2/1985,5/2/1985,ASSISTANCE,A/A,162735.0,157676.0
29279.0,1665,BRIGHTON FS&LA,5/1/1985,5/1/1985,ASSISTANCE,A/A,91402.0,83084.0
12414.0,2458,PEOPLES STATE BANK,4/26/1985,4/26/1985,FAILURE,PA,13541.0,12654.0
20708.0,6599,FIRST ENTERPRISE BANK,4/26/1985,4/26/1985,FAILURE,PO,43809.0,43013.0
29769.0,1790,BEVERLY HILLS  S&LA,4/23/1985,12/31/1988,ASSISTANCE,A/A,2918178.0,2444652.0
3057.0,2457,THE FIRST NATIONAL BANK OF SPRINGFIELD,4/18/1985,4/18/1985,FAILURE,PA,15305.0,14011.0
3294.0,2456,THE PEOPLES NATIONAL BANK OF LAMPASAS,4/18/1985,4/18/1985,FAILURE,PA,39427.0,40518.0
16255.0,2454,FIRST STATE BANK OF ELGIN,4/12/1985,4/12/1985,FAILURE,PA,18169.0,15775.0
21984.0,2455,SOUTH COAST BANK,4/12/1985,4/12/1985,FAILURE,PA,31304.0,29483.0
28447.0,7516,STATE S&LA,4/12/1985,4/12/1985,FAILURE,IDT,639002.0,417950.0
17466.0,6553,STATE BANK OF ALEXANDRIA,4/10/1985,4/10/1985,FAILURE,PO,2545.0,2413.0
22159.0,2453,CAPISTRANO NATIONAL BANK,4/5/1985,4/5/1985,FAILURE,PA,58224.0,56664.0
2336.0,2452,BANK OF HUNTER,4/4/1985,4/4/1985,FAILURE,PA,3001.0,3109.0
23408.0,2451,FIDELITY BANK OF DENVER,3/29/1985,3/29/1985,FAILURE,PA,54700.0,48789.0
22387.0,2450,GOLDEN VALLEY BANK,3/25/1985,3/25/1985,FAILURE,PA,82236.0,79818.0
10811.0,2449,TAYLOR STATE BANK,3/15/1985,3/15/1985,FAILURE,PA,4980.0,4840.0
949.0,2448,COMMERCIAL STATE BANK,3/8/1985,3/8/1985,FAILURE,PA,16260.0,15561.0
8345.0,2447,CITIZENS STATE BANK,3/8/1985,3/8/1985,FAILURE,PA,16932.0,15644.0
32171.0,7515,WESTERN COMMUNITY S&L,3/8/1985,3/8/1985,FAILURE,IDT,110589.0,7606.0
19064.0,2446,HALIFAX NATIONAL BANK OF PORT ORANGE,3/1/1985,3/1/1985,FAILURE,PA,38584.0,35745.0
16248.0,2445,INWOOD STATE BANK,2/19/1985,2/19/1985,FAILURE,PA,8147.0,7648.0
10997.0,6543,CITIZENS STATE BANK OF FULDA,2/15/1985,2/15/1985,FAILURE,IDT,39376.0,36355.0
14563.0,2444,FIRST NATIONAL BANK OF EADS,2/14/1985,2/14/1985,FAILURE,PA,17547.0,16718.0
2393.0,6540,PEOPLES BANK & TRUST CO.,2/8/1985,2/8/1985,FAILURE,IDT,24408.0,23107.0
22673.0,2443,WEST VALLEY BANK,2/8/1985,2/8/1985,FAILURE,PA,48262.0,43364.0
4093.0,2442,FARMERS NATIONAL BANK OF ERICK,2/7/1985,2/7/1985,FAILURE,PA,16845.0,17340.0
4523.0,2441,FIRST NATIONAL BANK OF WOODBINE,2/7/1985,2/7/1985,FAILURE,PA,25782.0,25800.0
22822.0,2440,CITIZENS FIDELITY BANK,2/1/1985,2/1/1985,FAILURE,PA,18223.0,17599.0
17833.0,2439,THE STEELE STATE BANK,1/25/1985,1/25/1985,FAILURE,PA,21891.0,20586.0
4141.0,2437,THE FIRST NATIONAL BANK IN MARLOW,1/24/1985,1/24/1985,FAILURE,PA,27447.0,27006.0
13812.0,2438,FIRST NATIONAL BANK IN CLARKSVILLE,1/24/1985,1/24/1985,FAILURE,PA,34955.0,33390.0
22757.0,2436,COAST COMMUNITY BANK,1/11/1985,1/11/1985,FAILURE,PA,9123.0,8473.0
18751.0,6532,STATE BANK OF DANNEBROG,1/7/1985,1/7/1985,FAILURE,PO,4870.0,4350.0
22433.0,6531,CITIZENS STATE BANK,1/4/1985,1/4/1985,FAILURE,PO,2907.0,2563.0
30066.0,0,FIDELITY S&L,1/1/1985,1/1/1985,ASSISTANCE,A/A,72544.0,72528.0
32067.0,0,PEOPLES S&LA,1/1/1985,1/1/1985,ASSISTANCE,A/A,15032.0,10453.0
22160.0,2435,FIRST SECURITY BANK,12/22/1984,12/22/1984,FAILURE,PA,13422.0,12101.0
17700.0,2434,THE FARMERS STATE BANK,12/20/1984,12/20/1984,FAILURE,PA,14578.0,13697.0
20978.0,6528,UEHLING STATE BANK,12/18/1984,12/18/1984,FAILURE,IDT,4224.0,3713.0
21505.0,2433,UNIVERSITY BANK OF WICHITA,12/11/1984,12/11/1984,FAILURE,PA,4700.0,4474.0
18946.0,2432,FARMERS STATE BK OF HOLYOKE,12/7/1984,12/7/1984,FAILURE,PA,3901.0,3578.0
31987.0,7514,SAN MARINO S&LA,12/7/1984,12/7/1984,FAILURE,IDT,856806.0,212229.0
22999.0,2431,GOLDEN SPIKE STATE BANK,12/4/1984,12/4/1984,FAILURE,PA,7788.0,7269.0
2378.0,6524,THE DAYTON BK & TR CO.,11/30/1984,11/30/1984,FAILURE,IDT,51433.0,50035.0
12429.0,2430,THE STRONG CITY STATE BANK,11/29/1984,11/29/1984,FAILURE,PA,5026.0,4746.0
21016.0,2429,FIRST AMERICAN BANKING COMPANY,11/16/1984,11/16/1984,FAILURE,PA,18630.0,15269.0
30848.0,0,KNOX FS&LA,11/16/1984,3/29/1985,ASSISTANCE,A/A,154654.0,141607.0
31848.0,0,AMERICAN S&LA,11/16/1984,3/29/1985,ASSISTANCE,A/A,64839.0,59729.0
31877.0,0,JOHN SEVIER S&LA,11/16/1984,3/29/1985,ASSISTANCE,A/A,35765.0,34238.0
31883.0,0,SAVANNAH FS&LA,11/16/1984,3/29/1985,FAILURE,IDT,19343.0,14507.0
31890.0,0,EAST TENNESSEE,11/16/1984,3/29/1985,ASSISTANCE,A/A,21881.0,15024.0
4671.0,2428,THE FIRST NAT BK OF GAYLORD,10/25/1984,10/25/1984,FAILURE,PA,6426.0,6074.0
1994.0,2425,THE BANK OF CODY,10/24/1984,10/24/1984,FAILURE,PA,10277.0,9380.0
8342.0,2426,FARMERS STATE BANK,10/24/1984,10/24/1984,FAILURE,PA,6082.0,5538.0
16646.0,2427,STATE BANK OF BOYD,10/24/1984,10/24/1984,FAILURE,PA,7117.0,6221.0
8985.0,2424,AMERICAN STATE BANK,10/19/1984,10/19/1984,FAILURE,PA,23869.0,22195.0
11008.0,2423,BUCKLIN STATE BANK OF BUCKLIN,10/12/1984,10/12/1984,FAILURE,PA,16133.0,15265.0
16991.0,2422,ONEIDA BK & TR CO.,10/12/1984,10/12/1984,FAILURE,PA,6292.0,5445.0
12867.0,2421,THE REXFORD STATE BANK,10/10/1984,10/10/1984,FAILURE,PA,5770.0,5294.0
9883.0,2420,THE FARMERS & MERCHANTS BANK,10/5/1984,10/5/1984,FAILURE,PA,31139.0,30968.0
30939.0,0,FIDELITY FS&LA,10/2/1984,10/2/1984,ASSISTANCE,A/A,34817.0,33596.0
28764.0,0,SUBURBIA FS&LA,10/1/1984,10/1/1984,ASSISTANCE,A/A,660228.0,630807.0
31617.0,1662,HOME FS&LA,10/1/1984,10/1/1984,ASSISTANCE,A/A,45594.0,23715.0
16148.0,1922,ORANGE SAVINGS BANK,9/28/1984,9/28/1984,ASSISTANCE,A/A,513376.0,498033.0
2304.0,2418,SECURITY STATE BANK,9/21/1984,9/21/1984,FAILURE,PA,50126.0,48462.0
27781.0,1661,CONTINENTAL FS&LA,9/21/1984,9/21/1984,ASSISTANCE,A/A,1039846.0,837663.0
22369.0,2417,CENTURY NATIONAL BANK,9/20/1984,9/20/1984,FAILURE,PA,13207.0,13267.0
16531.0,2416,BANK OF VERDIGRE & TRUST COMPANY,9/19/1984,9/19/1984,FAILURE,PA,13356.0,12729.0
19119.0,2415,COMMUNITY BK & TR CO.,9/14/1984,9/14/1984,FAILURE,PA,32236.0,28002.0
233.0,2414,OAKLAND SAVINGS BANK,9/7/1984,9/7/1984,FAILURE,PA,22101.0,19921.0
29456.0,1660,UNION FS&LA,9/7/1984,9/7/1984,ASSISTANCE,A/A,309344.0,285940.0
13256.0,2413,DAVID CITY BANK,9/6/1984,9/6/1984,FAILURE,PA,21321.0,18801.0
29892.0,0,RHODE ISLAND FS&LA,9/1/1984,9/1/1984,ASSISTANCE,A/A,130265.0,124408.0
22485.0,2412,BANK OF THE NORTHWEST,8/31/1984,8/31/1984,FAILURE,PA,21780.0,19793.0
28418.0,1659,FIDELITY FS&LA,8/28/1984,8/28/1984,ASSISTANCE,A/A,137793.0,79211.0
31284.0,1659,AMERICAN HERITAGE SAVINGS FA,8/28/1984,8/28/1984,ASSISTANCE,A/A,277008.0,256379.0
9219.0,6505,HEREFORD STATE BANK,8/24/1984,8/24/1984,FAILURE,PO,2707.0,2476.0
4780.0,2408,THE FIRST STATE BANK,8/22/1984,8/22/1984,FAILURE,PA,12163.0,11224.0
14422.0,2406,AMERICAN NAT BK IN MCLEAN,8/16/1984,8/16/1984,FAILURE,PA,14271.0,13408.0
23765.0,2407,GIROD TRUST COMPANY,8/16/1984,8/16/1984,FAILURE,PA,405685.0,289698.0
10480.0,2404,PEOPLES STATE BANK OF CLAY COUNTY,8/10/1984,8/10/1984,FAILURE,PA,17724.0,17106.0
14796.0,2405,THE TINGLEY STATE SAVINGS BANK,8/10/1984,8/10/1984,FAILURE,PA,19404.0,18478.0
28546.0,1658,CENTURY FS&LA,8/10/1984,8/10/1984,ASSISTANCE,A/A,651723.0,724485.0
3895.0,2403,JACKSON COUNTY NATIONAL BANK,8/9/1984,8/9/1984,FAILURE,PA,13254.0,12941.0
31414.0,0,MITCHELL HOME S&LA,8/1/1984,8/1/1984,ASSISTANCE,A/A,16607.0,18029.0
10699.0,2401,COALMONT SAVINGS BANK,7/24/1984,7/24/1984,FAILURE,PA,25716.0,24039.0
31392.0,1657,"QUEEN CITY S&LA, WA",7/24/1984,7/24/1984,ASSISTANCE,A/A,233512.0,130867.0
18510.0,2400,THE GUARANTY BK OF SAINT PAUL,7/19/1984,7/19/1984,FAILURE,PA,28619.0,27461.0
29182.0,0,WINDOM FS&LA,7/18/1984,7/18/1984,ASSISTANCE,A/A,47882.0,45268.0
3782.0,2399,THE COFFEEN NATIONAL BANK,7/12/1984,7/12/1984,FAILURE,PA,9359.0,9374.0
16654.0,2398,EAST TEXAS BK & TR CO.,6/29/1984,6/29/1984,FAILURE,PA,106092.0,97121.0
9175.0,6494,AMERICAN BANK,6/27/1984,6/27/1984,FAILURE,IDT,32993.0,29811.0
4424.0,2397,THE FARMERS NAT BK OF AURELIA,6/21/1984,6/21/1984,FAILURE,PA,19900.0,19142.0
12213.0,6492,REPUBLIC BK OF KANSAS CITY,6/18/1984,6/18/1984,FAILURE,IDT,41326.0,38328.0
5631.0,2396,THE CORNING BANK,6/15/1984,6/15/1984,FAILURE,PA,32030.0,30570.0
9009.0,2394,FARMERS STATE BANK,6/15/1984,6/15/1984,FAILURE,PA,3231.0,2984.0
20188.0,2395,THE LAWRENCE COUNTY BANK,6/15/1984,6/15/1984,FAILURE,PA,25155.0,24521.0
23362.0,6488,STEWARDSHIP BANK OF OREGON,6/8/1984,6/8/1984,FAILURE,PO,6314.0,5843.0
31644.0,1655,AMERICAN S&LA,6/8/1984,6/8/1984,ASSISTANCE,A/A,58431.0,38790.0
9054.0,2393,CHEROKEE COUNTY BANK,6/5/1984,6/5/1984,FAILURE,PA,39391.0,37588.0
22848.0,2392,GARDEN GROVE COMMUNITY BANK,6/1/1984,6/1/1984,FAILURE,PA,43892.0,41127.0
24098.0,2391,FIRST NAT BK OF PRIOR LAKE,5/24/1984,5/24/1984,FAILURE,PA,12231.0,11494.0
11791.0,2388,PLANTERS TRUST & SAVINGS BANK OF OPELOUSAS,5/18/1984,5/18/1984,FAILURE,PA,71427.0,66396.0
21410.0,2389,BANK OF IRVINE,5/18/1984,5/18/1984,FAILURE,PA,30992.0,29401.0
21891.0,2387,BLEDSOE COUNTY BANK,5/18/1984,5/18/1984,FAILURE,PA,5272.0,5402.0
22568.0,2390,WASHINGTON NAT BK OF CHICAGO,5/18/1984,5/18/1984,FAILURE,PA,14077.0,13809.0
3622.0,2402,CONTINENTAL ILLINOIS NAT BK & TR,5/17/1984,5/17/1984,ASSISTANCE,A/A,39956956.0,28590214.0
31636.0,0,INVESTORS S&LA,5/16/1984,5/16/1984,ASSISTANCE,A/A,31463.0,24245.0
17036.0,2386,THE MISSISSIPPI BANK,5/11/1984,5/11/1984,FAILURE,PA,238037.0,182956.0
18112.0,6479,FIRST CONTINENTAL BANK & TRUST COMPANY OF,5/11/1984,5/11/1984,FAILURE,IDT,107237.0,104028.0
23358.0,5478,THE NAT BK OF CARMEL,5/8/1984,5/8/1984,FAILURE,IDT,76185.0,68381.0
5239.0,2385,THE FIRST NAT BK OF RUSHFORD,5/4/1984,5/4/1984,FAILURE,PA,21991.0,21360.0
19091.0,2383,WESTERN NATIONAL BK OF CASPER,5/4/1984,5/4/1984,FAILURE,PA,27373.0,23329.0
22861.0,2384,STATE BANK OF MILLS,5/4/1984,5/4/1984,FAILURE,PA,7240.0,6424.0
23335.0,5476,FIRST NATIONAL BANK,5/4/1984,5/4/1984,FAILURE,IDT,23518.0,22169.0
1472.0,2382,CITIZENS BK OF MONROE COUNTY,4/27/1984,4/27/1984,FAILURE,PA,21099.0,20643.0
22744.0,6473,WEST COAST BANK,4/27/1984,4/27/1984,FAILURE,PO,198210.0,189986.0
18527.0,6471,UNITED OF AMERICA BANK,4/26/1984,4/26/1984,FAILURE,IDT,38145.0,36913.0
4380.0,2381,THE SHELBY NAT BK OF SHELBYVILLE,4/19/1984,4/19/1984,FAILURE,PA,67778.0,65542.0
9312.0,6469,GAMALIEL BANK,4/19/1984,4/19/1984,FAILURE,IDT,22773.0,21509.0
18961.0,5468,SECURITY NATIONAL BK OF LUBBOCK,4/13/1984,4/13/1984,FAILURE,IDT,51404.0,49854.0
20227.0,2379,FIRST SECURITY BANK,4/6/1984,4/6/1984,FAILURE,PA,22457.0,21289.0
22210.0,2380,WATAUGA VALLEY BANK,4/6/1984,4/6/1984,FAILURE,PA,15393.0,14880.0
31836.0,0,AMERICAN S&LA,4/3/1984,4/3/1984,FAILURE,IDT,9443.63,15630.68
29184.0,1654,FIRST FS AND LA OF GRAND FORKS AND MINOT,4/2/1984,4/2/1984,ASSISTANCE,A/A,245988.0,210581.0
30911.0,0,SCANDIA S&LA,4/1/1984,4/1/1984,ASSISTANCE,A/A,65195.0,65919.0
15783.0,5464,SEMINOLE STATE NATIONAL BANK,3/16/1984,3/16/1984,FAILURE,IDT,51131.0,48364.0
22093.0,6465,HERITAGE BANK,3/16/1984,3/16/1984,FAILURE,PO,186068.0,180425.0
31716.0,7508,EMPIRE S&LA,3/14/1984,3/14/1984,FAILURE,PO,332512.459,303450.648
14598.0,2378,NATIONAL BANK AND TRUST COMPANY OF TRAVERS,3/9/1984,3/9/1984,FAILURE,PA,103968.0,97825.0
22784.0,2376,UNITED BANK OF OREGON,3/2/1984,3/2/1984,FAILURE,PA,17258.0,16056.0
22922.0,2377,ALL AMERICAN NATIONAL BANK,3/2/1984,3/2/1984,FAILURE,PA,13855.0,12033.0
30102.0,0,HOME S&LA,3/1/1984,3/1/1984,ASSISTANCE,A/A,77455.147,75717.002
1177.0,2375,BROWNFIELD STATE BK & TR CO.,2/17/1984,2/17/1984,FAILURE,PA,38854.0,37585.0
19282.0,2374,WEST OLYMPIA BANK,2/10/1984,2/10/1984,FAILURE,PA,20411.0,19916.0
10466.0,2373,HERITAGE BANK OF BUREAU COUNTY,2/8/1984,2/8/1984,FAILURE,PA,8706.0,7846.0
843.0,2372,THE TUCKER COUNTY BANK,2/3/1984,2/3/1984,FAILURE,PA,15437.0,14785.0
22929.0,2371,EMERALD EMPIRE BANKING CO.,2/3/1984,2/3/1984,FAILURE,PA,22278.0,21331.0
20567.0,6455,INDIAN SPRINGS STATE BANK,1/27/1984,1/27/1984,FAILURE,IDT,30896.0,27345.0
31584.0,0,UNION MUTUAL S&LA,1/27/1984,1/27/1984,FAILURE,IDT,8641.148,7945.455
9960.0,2370,CITY & COUNTY BK OF JEFFERSON CT,1/20/1984,1/20/1984,FAILURE,PA,21712.0,22775.0
4971.0,2369,FARMERS BK & TR CO.,1/6/1984,1/6/1984,FAILURE,PA,48606.0,48269.0
31558.0,0,FIRST FS&LA OF MONROEVILLE,12/30/1983,12/30/1983,ASSISTANCE,A/A,29779.54,29805.466
27882.0,0,CITIZENS S&LA,12/27/1983,12/27/1983,ASSISTANCE,A/A,63593.949,50908.012
431.0,2368,THE BANK OF RED OAK,12/16/1983,12/16/1983,FAILURE,PA,11135.0,10489.0
1731.0,2367,BANK OF HACKLEBURG,12/13/1983,12/13/1983,FAILURE,PA,6531.0,6421.0
23674.0,2366,UNION TRUST COMPANY,12/9/1983,12/9/1983,FAILURE,PA,30578.0,25653.0
31114.0,7507,METRO FS&LA,12/2/1983,12/2/1983,FAILURE,IDT,27381.141,18509.218
30478.0,0,BOHEMIAN S&LA,12/1/1983,12/1/1983,ASSISTANCE,A/A,168566.741,173187.91
11692.0,6449,ATKINSON TRUST & SAVINGS BANK,11/25/1983,11/25/1983,FAILURE,IDT,21074.0,18511.0
28768.0,0,FIRST FS&LA OF FT. WAYNE,11/14/1983,11/14/1983,ASSISTANCE,A/A,298107.745,267166.753
29453.0,0,SOUTH BEND FS&LA,11/14/1983,11/14/1983,ASSISTANCE,A/A,71416.524,71483.498
31275.0,0,AMERICAN FS&LA,11/14/1983,11/14/1983,ASSISTANCE,A/A,55358.208,46429.599
31557.0,0,FT. WAYNE FS&LA,11/14/1983,11/14/1983,ASSISTANCE,A/A,37027.512,30991.725
2166.0,5448,FIRST NAT BK OF BROWNING,11/11/1983,11/11/1983,FAILURE,PO,13703.0,13366.0
31281.0,7506,"STATE OF CLOVIS, SA",11/3/1983,11/3/1983,FAILURE,IDT,30904.102,30146.593
30642.0,0,CLEVELAND COMMUNITY SAVINGS CO.,10/28/1983,10/28/1983,FAILURE,IDT,21026.551,17335.567
3343.0,2365,THE FIRST NAT BK OF MIDLAND,10/14/1983,10/14/1983,FAILURE,PA,1409639.0,780076.0
30396.0,0,FIRST CAROLINA FS&LA,10/14/1983,10/14/1983,ASSISTANCE,A/A,98290.342,96538.546
22807.0,2364,THE DESCHUTES BANK,10/7/1983,10/7/1983,FAILURE,PA,10207.0,10021.0
15955.0,1919,AUBURN SAVINGS BANK,10/1/1983,10/1/1983,ASSISTANCE,A/A,133184.0,131382.0
17957.0,2363,NATIONAL BK OF ODESSA,9/30/1983,9/30/1983,FAILURE,PA,92878.0,100531.0
19609.0,2362,DOMINION BK OF DENVER,9/30/1983,9/30/1983,FAILURE,PA,16709.0,13724.0
28181.0,0,BASTROP FS&LA,9/30/1983,9/30/1983,ASSISTANCE,A/A,32916.753,32497.082
31178.0,0,SECURITY S&LA,9/30/1983,9/30/1983,ASSISTANCE,A/A,26499.263,25117.399
20736.0,2361,WARREN COUNTY BANK,9/16/1983,9/16/1983,FAILURE,PA,19639.0,18728.0
16614.0,2360,THE DOUGLASS STATE BANK,9/2/1983,9/2/1983,FAILURE,PA,35385.0,31156.0
28365.0,0,CITIZENS FS&LA OF MARYSVILLE,9/1/1983,9/1/1983,ASSISTANCE,A/A,96570.567,89222.48
28881.0,1650,SUBURBAN S&LA,8/31/1983,8/31/1983,ASSISTANCE,A/A,2017750.886,1747530.21
29255.0,0,1ST FS&LA OF E. CHICAGO,8/31/1983,8/31/1983,ASSISTANCE,A/A,209535.237,211063.639
29651.0,0,GARY FS&LA,8/31/1983,8/31/1983,ASSISTANCE,A/A,15223.142,15666.444
30170.0,1651,WASHINGTON FS&LA,8/31/1983,8/31/1983,ASSISTANCE,A/A,644986.778,548349.139
30932.0,1651,COMMUNITY FS&LA,8/31/1983,8/31/1983,ASSISTANCE,A/A,123083.816,101788.985
22577.0,2359,UNITED SOUTHERN BANK OF CLARKSVILLE,8/26/1983,8/26/1983,FAILURE,PA,9943.0,11494.0
17815.0,2358,FIRST COMMERCE BK OF HAWKINS CTY,8/12/1983,8/12/1983,FAILURE,PA,43097.0,44920.0
30861.0,0,GIBRALTAR S&LA,8/12/1983,8/12/1983,ASSISTANCE,A/A,48894.723,43743.36
3643.0,2357,THE FIRST NAT BK OF DANVERS,8/5/1983,8/5/1983,FAILURE,PA,12525.0,11659.0
9572.0,1918,OREGON MUTUAL SAVINGS BANK,8/5/1983,8/5/1983,ASSISTANCE,A/A,265734.0,251338.0
28457.0,1648,FIRST FLORIDA S&LA,8/5/1983,8/5/1983,ASSISTANCE,A/A,80826.097,70525.729
31603.0,1648,MIDDLE PNSLA NRTH. NECK FS&LA,8/5/1983,8/5/1983,ASSISTANCE,A/A,44674.173,41920.218
31885.0,1648,MT. VERNON S&LA,8/5/1983,8/5/1983,ASSISTANCE,A/A,117787.644,118014.908
8429.0,2355,FIRST PEOPLES BANK OF WASHINGTON COUNTY,7/29/1983,7/29/1983,FAILURE,PA,177785.0,175010.0
22765.0,2356,METRO BANK,7/29/1983,7/29/1983,FAILURE,PA,33607.0,31113.0
30484.0,0,GUARANTY FS&LA,7/22/1983,7/22/1983,ASSISTANCE,A/A,143415.797,133534.855
4963.0,2353,THE FIRST CENTRAL BANK,7/8/1983,7/8/1983,FAILURE,PA,18905.0,17851.0
13189.0,2354,BANK OF NIOBRARA,7/8/1983,7/8/1983,FAILURE,PA,7177.0,6123.0
16946.0,5436,UNION NAT BK OF CHICAGO,7/8/1983,7/8/1983,FAILURE,IDT,26252.0,24360.0
31172.0,0,ANTIOCH S&LA,7/8/1983,7/8/1983,FAILURE,IDT,57936.396,52211.685
29843.0,0,PROVIDENT S&LA,7/5/1983,7/5/1983,ASSISTANCE,A/A,51049.473,48031.779
27620.0,0,MUTUAL FS&LA OF MASON CITY,7/1/1983,7/1/1983,ASSISTANCE,A/A,118783.604,103705.878
23501.0,6433,MINERAL BK OF NEVADA,6/30/1983,6/30/1983,FAILURE,PO,18036.0,13131.0
19261.0,5432,WESTERN NAT BK OF LOVELL,6/24/1983,6/24/1983,FAILURE,PO,24804.0,23281.0
28255.0,1645,NORTHERN FS&LA,6/24/1983,6/24/1983,ASSISTANCE,A/A,267257.575,135393.195
31288.0,1645,COLONIAL SA,6/24/1983,6/24/1983,ASSISTANCE,A/A,90045.579,83614.13
6066.0,2352,COMMUNITY BANK,6/17/1983,6/17/1983,FAILURE,PA,32007.0,28291.0
30549.0,1644,FIRST FS&LA OF SIOUX FALLS,6/10/1983,6/10/1983,ASSISTANCE,A/A,77959.471,75252.89
31475.0,1644,FIRST DAKOTA HOME S&LA,6/10/1983,6/10/1983,ASSISTANCE,A/A,27755.644,26072.735
31640.0,1643,JACKSON FS&LA,6/6/1983,6/6/1983,ASSISTANCE,A/A,34508.439,23797.059
29489.0,0,WOMEN'S FS&LA,6/3/1983,6/3/1983,ASSISTANCE,A/A,570215.369,512968.86
31207.0,0,FIRST FS&LA OF WALWORTH COUNTY,6/2/1983,6/2/1983,ASSISTANCE,A/A,38345.904,32409.34
27994.0,0,CONTINENTAL S&LA,5/31/1983,5/31/1983,ASSISTANCE,A/A,39960.869,28577.859
1473.0,2349,CITY & COUNTY BK OF ROANE CTY,5/27/1983,5/27/1983,FAILURE,PA,42232.0,40420.0
4925.0,2350,CITY & COUNTY BK OF ANDERSON CTY,5/27/1983,5/27/1983,FAILURE,PA,142875.0,133943.0
20332.0,2348,UNITED AMERICAN BANK IN HAMILTON COUNTY,5/27/1983,5/27/1983,FAILURE,PA,133834.0,125232.0
20494.0,2346,CITY & COUNTY BK OF KNOX COUNTY,5/27/1983,5/27/1983,FAILURE,PA,262474.0,250036.0
21030.0,2347,UNITED SOUTHERN BK OF NASHVILLE,5/27/1983,5/27/1983,FAILURE,PA,144171.0,135665.0
21364.0,2351,THE COMMERCIAL BK OF CALIFORNIA,5/27/1983,5/27/1983,FAILURE,PA,32437.0,30180.0
1483.0,2345,SMITH COUNTY BANK,5/6/1983,5/6/1983,FAILURE,PA,32985.0,30898.0
18550.0,2344,FIRST NAT BK OF OAK LAWN,4/29/1983,4/29/1983,FAILURE,PA,130265.0,123278.0
22808.0,2343,HERITAGE BANK,4/29/1983,4/29/1983,FAILURE,PA,18518.0,16254.0
27784.0,1641,GUARANTY S&LA,4/28/1983,4/28/1983,ASSISTANCE,A/A,182851.942,135167.561
15301.0,6421,SPARTA-SANDERS STATE BANK,4/15/1983,4/15/1983,FAILURE,PO,19033.0,18517.0
30354.0,1640,NORTHWESTERN S&LA,4/11/1983,4/11/1983,ASSISTANCE,A/A,82522.397,69343.136
1810.0,2341,THE INA STATE BANK,4/8/1983,4/8/1983,FAILURE,PA,17743.0,16566.0
23143.0,2342,BANK OF SAN MARINO,4/8/1983,4/8/1983,FAILURE,PA,12997.0,12754.0
30841.0,1653,BISCAYNE FS&LA,4/6/1983,1/20/1984,ASSISTANCE,A/A,1892054.3,1727114.868
31863.0,0,NORTH MISSISSIPPI S&LA,4/1/1983,8/31/1984,ASSISTANCE,A/A,151971.005,130520.644
23043.0,2340,BEAR CREEK VALLEY BANK,3/25/1983,3/25/1983,FAILURE,PA,13589.0,11164.0
16290.0,6417,PRAIRIE COUNTY BANK,3/24/1983,3/24/1983,FAILURE,PO,13251.0,12119.0
31338.0,0,TWIN PINES FS&LA,3/21/1983,3/21/1983,ASSISTANCE,A/A,45879.804,41069.932
20461.0,2339,PAN AMERICAN NATIONAL BANK,3/18/1983,3/18/1983,FAILURE,PA,37172.0,36307.0
22310.0,6416,COLUMBIA PACIFIC BK & TR CO.,3/18/1983,3/18/1983,FAILURE,PO,47385.0,45696.0
23085.0,2337,NEWPORT HARBOUR NATIONAL BANK,3/11/1983,3/11/1983,FAILURE,PA,47296.0,44035.0
31258.0,0,FIRST FS&LA OF NEWPORT NEWS,3/5/1983,3/5/1983,ASSISTANCE,A/A,94600.274,86301.671
31306.0,0,PENINSULA FS&LA,3/5/1983,3/5/1983,ASSISTANCE,A/A,95850.806,76111.84
29964.0,0,LEADER S&LA,3/4/1983,3/4/1983,ASSISTANCE,A/A,229759.078,139754.832
27823.0,0,GEM FS&LA,3/1/1983,3/1/1983,ASSISTANCE,A/A,16758.12,11088.06
28324.0,0,UNITED S&LA,3/1/1983,3/1/1983,ASSISTANCE,A/A,102120.266,68567.591
28333.0,1638,FIRST FS&LA OF MOBERLY,2/28/1983,2/28/1983,ASSISTANCE,A/A,38696.189,29964.672
30814.0,1638,CARONDELET S&LA ALSO CASE 115,2/28/1983,2/28/1983,ASSISTANCE,A/A,740577.112,645581.312
19020.0,2336,AMERICAN CITY BANK,2/25/1983,2/25/1983,FAILURE,PA,319354.0,293937.0
23035.0,2335,MERCHANTS & FARMERS STATE BANK,2/18/1983,2/18/1983,FAILURE,PA,5908.0,5685.0
4943.0,1123,UNITED AMERICAN BK IN KNOXVILLE,2/14/1983,2/14/1983,ASSISTANCE,A/A,760473.0,590861.0
22880.0,2334,AMERICAN STATE BANK,2/12/1983,2/12/1983,FAILURE,PA,14124.0,13775.0
30558.0,1626,METROPOLITAN SA,2/12/1983,2/12/1983,ASSISTANCE,A/A,395939.899,254007.119
15748.0,6409,STATE BANK OF BARNUM,2/9/1983,2/9/1983,FAILURE,PO,13873.0,13056.0
16065.0,1916,DRY DOCK SAVINGS BANK,2/9/1983,2/9/1983,ASSISTANCE,A/A,2452158.0,2037825.0
30092.0,7503,MANNING S&LA,2/3/1983,2/3/1983,FAILURE,IDT,78654.18,60740.021
8593.0,2333,THE MADISON COUNTY BANK,1/21/1983,1/21/1983,FAILURE,PA,7000.0,6758.0
31620.0,7502,VALLEY FIRST FS&LA,1/14/1983,1/14/1983,FAILURE,IDT,37109.71,33697.72
29586.0,0,LANSING FS&LA,1/6/1983,1/6/1983,ASSISTANCE,A/A,45787.284,44459.721
28872.0,0,CLAY COUNTY FS&LA,12/20/1982,12/20/1982,ASSISTANCE,A/A,14082.104,12488.898
29117.0,0,SOUTH EAST FS&LA,12/20/1982,12/20/1982,ASSISTANCE,A/A,132145.667,111823.698
29159.0,0,FIRST FS&LA OF CRISP COUNTY,12/20/1982,12/20/1982,ASSISTANCE,A/A,44594.92,44194.681
29229.0,0,MID-CITY FS&LA,12/20/1982,12/20/1982,ASSISTANCE,A/A,47779.352,40871.698
29736.0,0,GARFIELD FS&LA,12/20/1982,12/20/1982,ASSISTANCE,A/A,70418.958,37627.313
29969.0,0,FIRST HOME FS&LA,12/20/1982,12/20/1982,ASSISTANCE,A/A,83632.379,65327.594
30366.0,0,PEACHTREE FS&LA,12/20/1982,12/20/1982,ASSISTANCE,A/A,104978.864,77140.418
31439.0,0,SECURITY FS&LA,12/20/1982,12/20/1982,ASSISTANCE,A/A,45861.986,41966.988
31574.0,0,HOME TRUST S&LA,12/20/1982,12/20/1982,ASSISTANCE,A/A,13175.113,12102.096
30018.0,1636,CHICAGOLAND FS&LA,12/17/1982,12/17/1982,ASSISTANCE,A/A,140540.076,126317.22
9874.0,2332,THE SECURITY STATE BANK,12/16/1982,12/16/1982,FAILURE,PA,11554.0,10062.0
8287.0,2331,BOLLINGER COUNTY BANK,12/10/1982,12/10/1982,FAILURE,PA,15867.0,14637.0
3334.0,5405,RANCHLANDER NATIONAL BANK,11/19/1982,11/19/1982,FAILURE,PO,4305.0,4123.0
30729.0,0,NORTH KANSAS SA,11/19/1982,11/19/1982,FAILURE,PO,36508.21,31074.105
28076.0,1634,ISLAND S&LA,11/15/1982,11/15/1982,ASSISTANCE,A/A,284483.429,221013.037
29218.0,1634,SOUTH SHORE FS&LA,11/15/1982,11/15/1982,ASSISTANCE,A/A,366130.601,272226.792
12527.0,2330,BANK OF QUITMAN,11/12/1982,11/12/1982,FAILURE,PA,17359.0,16318.0
6799.0,2328,THE FIRST NATIONAL BANK OF SOUTH CHARLESTO,11/5/1982,11/5/1982,FAILURE,PA,28629.0,27711.0
22364.0,2329,TEXAS BK OF AMARILLO,11/5/1982,11/5/1982,FAILURE,PA,13149.0,11540.0
9053.0,2327,CEDAR BLUFF BANK,11/2/1982,11/2/1982,FAILURE,PA,13685.0,12735.0
28987.0,0,CORSICANA FS&LA,10/22/1982,10/22/1982,ASSISTANCE,A/A,70311.363,68310.183
31651.0,0,MODERN S&LA,10/22/1982,10/22/1982,ASSISTANCE,A/A,20659.159,17583.469
15931.0,1910,MECHANICS SAVINGS BANK,10/15/1982,10/15/1982,ASSISTANCE,A/A,55254.0,50608.0
28203.0,1633,FREEDOM FS&LA,10/12/1982,10/12/1982,ASSISTANCE,A/A,790665.804,645028.57
28297.0,1633,FIRST FS&LA,10/12/1982,10/12/1982,ASSISTANCE,A/A,235978.475,177713.387
18505.0,6400,TRI-STATE BANK,10/8/1982,10/8/1982,FAILURE,PO,16281.0,16034.0
4168.0,2325,OKLAHOMA NATIONAL BK & TR CO.,10/3/1982,10/3/1982,ASSISTANCE,A/A,131620.0,133587.0
29326.0,0,DIXIE FS&LA,10/1/1982,10/1/1982,ASSISTANCE,A/A,539031.665,433847.902
30216.0,0,BARTON S&LA,10/1/1982,10/1/1982,ASSISTANCE,A/A,170367.53,123014.6
30472.0,0,1ST OF DELRAY BEACH S&LA,10/1/1982,10/1/1982,ASSISTANCE,A/A,842958.525,675150.586
31301.0,0,UNION FS&LA,10/1/1982,10/1/1982,ASSISTANCE,A/A,29112.819,25033.047
31365.0,0,HERITAGE FS&LA,10/1/1982,10/1/1982,ASSISTANCE,A/A,70959.122,47197.05
15937.0,1911,UNITED MUTUAL SAVINGS BANK,9/24/1982,9/24/1982,ASSISTANCE,A/A,832858.0,777890.0
31527.0,0,FIRST FS&LA,9/21/1982,9/21/1982,ASSISTANCE,A/A,11696.347,11391.62
28941.0,0,FIRST FS&LA OF NEW YORK,9/20/1982,9/20/1982,ASSISTANCE,A/A,658856.239,462565.693
30549.0,0,FIRST FS&LA OF SIOUX FALLS,9/20/1982,9/20/1982,ASSISTANCE,A/A,78232.07,74331.576
31475.0,0,FIRST DAKOTA HOME S&LA,9/20/1982,9/20/1982,ASSISTANCE,A/A,27834.42,25595.433
31895.0,0,FIRST FS&LA OF ACADIA,9/20/1982,9/20/1982,ASSISTANCE,A/A,11252.099,11024.662
31942.0,0,REPUBLIC FS&LA,9/20/1982,9/20/1982,ASSISTANCE,A/A,19347.07,17028.681
30769.0,0,INVESTORS S&LA,9/10/1982,9/10/1982,ASSISTANCE,A/A,48055.633,39808.841
30958.0,1629,UNION FS&LA OF NEW YORK,9/10/1982,9/10/1982,ASSISTANCE,A/A,151849.988,122592.813
31337.0,0,VANDALIA CITIZENS S&LA,9/10/1982,9/10/1982,ASSISTANCE,A/A,13653.366,13064.344
10692.0,6399,HOHENWALD NATIONAL BANK,9/3/1982,9/3/1982,FAILURE,PO,27053.0,24334.0
28108.0,0,FIRST FS&LA,9/1/1982,9/1/1982,ASSISTANCE,A/A,445968.653,401663.083
28822.0,0,UNION OF COOK COUNTY,9/1/1982,9/1/1982,ASSISTANCE,A/A,107001.612,94471.089
29948.0,0,HAVRE FS&LA,9/1/1982,9/1/1982,ASSISTANCE,A/A,73255.167,65835.79
1758.0,2318,FIRST SECURITY BANK OF NORTH ARKANSAS,8/27/1982,8/27/1982,FAILURE,PA,14148.0,12728.0
3774.0,2319,SECURITY BK & TR COMPANY,8/27/1982,8/27/1982,FAILURE,PA,12021.0,11169.0
23308.0,2320,WESTERN NATIONAL BANK,8/27/1982,8/27/1982,FAILURE,PA,25590.0,21892.0
31609.0,1631,CORONADO S&LA,8/27/1982,8/27/1982,ASSISTANCE,A/A,34352.732,24952.406
16558.0,2317,MOUNT PLEASANT BK & TR COMPANY,8/6/1982,8/6/1982,FAILURE,PA,29367.0,26214.0
19019.0,1909,ABILENE NATIONAL BANK,8/6/1982,8/6/1982,ASSISTANCE,A/A,437282.0,427572.0
30796.0,1628,FIRST FS&LA OF SUFFOLK,8/6/1982,8/6/1982,ASSISTANCE,A/A,102727.235,81623.147
28099.0,0,MUTUAL S&LA OF EL PASO,8/2/1982,8/2/1982,ASSISTANCE,A/A,174737.491,151735.073
29976.0,0,RIVER EDGE S&LA,8/2/1982,8/2/1982,ASSISTANCE,A/A,61729.485,47488.44
30500.0,0,GUARDIAN FS&LA,8/2/1982,8/2/1982,ASSISTANCE,A/A,184442.63,108945.529
27679.0,1627,FIRST FS&LA OF BURLINGTON CTY,7/31/1982,7/31/1982,ASSISTANCE,A/A,135168.173,104800.738
28584.0,0,PRINCETON S&LA,7/31/1982,7/31/1982,ASSISTANCE,A/A,249638.931,197228.793
31034.0,0,ALLIED FS&LA,7/31/1982,7/31/1982,ASSISTANCE,A/A,18308.011,17045.327
19831.0,2316,UNITY BK & TR COMPANY,7/30/1982,7/30/1982,FAILURE,PA,12759.0,11467.0
27906.0,1626,HARRIS COUNTY FS&LA,7/30/1982,7/30/1982,ASSISTANCE,A/A,181691.558,157791.455
29308.0,1626,FIRST OF MID FLORIDA,7/30/1982,7/30/1982,ASSISTANCE,A/A,549297.709,486774.459
30321.0,1626,AMERICAN FS&LA,7/30/1982,7/30/1982,ASSISTANCE,A/A,841712.782,475755.738
30967.0,0,UNITED FS&LA OF PUERTO RICO,7/30/1982,7/30/1982,ASSISTANCE,A/A,286852.318,215880.188
12767.0,2315,GUARANTY BOND STATE BANK,7/27/1982,7/27/1982,FAILURE,PA,14070.0,12407.0
17716.0,2314,THE BOWIE COUNTY STATE BANK,7/27/1982,7/27/1982,FAILURE,PA,14413.0,13408.0
29452.0,0,FIRST FS&LA OF PITTSTON,7/16/1982,7/16/1982,ASSISTANCE,A/A,45770.938,43346.118
31683.0,0,TRI-LAKES FS&LA,7/15/1982,7/15/1982,ASSISTANCE,A/A,13903.601,12777.135
18153.0,5391,"PENN SQUARE BANK, N.A.",7/5/1982,7/5/1982,FAILURE,DINB,436484.0,390029.0
13586.0,2313,THE BELLE-BLAND BANK,7/2/1982,7/2/1982,FAILURE,PA,4251.0,3902.0
10454.0,2312,FARMERS STATE BK OF LEWISTON,6/25/1982,6/25/1982,FAILURE,PA,30852.0,28104.0
15933.0,6388,CITIZENS BANK,6/23/1982,6/23/1982,FAILURE,PO,6316.0,5582.0
22321.0,2311,BANCO REGIONAL,6/12/1982,6/12/1982,FAILURE,PA,21440.0,17922.0
27899.0,0,FIDELITY FS&LA,6/10/1982,6/10/1982,ASSISTANCE,A/A,62995.76,58767.095
31798.0,0,MONTEBELLO FS&LA,6/1/1982,6/1/1982,ASSISTANCE,A/A,36285.067,34378.309
30975.0,0,UNITED FS&LA,5/31/1982,5/31/1982,ASSISTANCE,A/A,172401.424,132185.086
20794.0,2310,COMMUNITY BK OF WASHTENAW,5/15/1982,5/15/1982,FAILURE,PA,19915.0,18218.0
18299.0,2309,COLES COUNTY NATIONAL BANK OF CHARLESTON,5/1/1982,5/1/1982,FAILURE,PA,26807.0,24200.0
21569.0,6384,CARROLL COUNTY BANK,4/30/1982,4/30/1982,FAILURE,PO,8739.0,8292.0
20988.0,2308,PACIFIC COAST BANK,4/29/1982,4/29/1982,FAILURE,PA,9758.0,8684.0
22103.0,2307,NATIONAL SECURITY BANK,4/16/1982,4/16/1982,FAILURE,PA,8530.0,8018.0
29037.0,1649,SUFFOLK COUNTY FS&LA,4/15/1982,8/1/1983,ASSISTANCE,A/A,1113262.927,950154.589
29935.0,1649,COUNTY FS&LA,4/15/1982,4/15/1982,ASSISTANCE,A/A,1409394.805,980663.537
21068.0,2305,AQUIA BK & TR COMPANY,4/3/1982,4/3/1982,FAILURE,PA,14009.0,12228.0
28820.0,1652,FIRST FS&LA OF CHICAGO,4/3/1982,3/1/1984,ASSISTANCE,A/A,3534833.585,2839538.315
31193.0,0,"FIRST FINANCIAL, S&LA",4/3/1982,4/3/1982,ASSISTANCE,A/A,633926.812,398164.412
4467.0,2306,THE FIRST NATIONAL BK IN HUMBOLD,4/2/1982,4/2/1982,FAILURE,PA,55412.0,47398.0
15698.0,1908,THE WESTERN SAVING FUND SOCIETY OF PHILADE,4/2/1982,4/2/1982,ASSISTANCE,A/A,2126384.0,1966280.0
28251.0,1630,FIDELITY S&LA,4/1/1982,8/16/1982,ASSISTANCE,A/A,2909485.164,1408006.78
15901.0,1907,THE NEW YORK BK FOR SAVINGS,3/26/1982,3/26/1982,ASSISTANCE,A/A,3503545.0,2900493.0
29290.0,0,HARTFORD FS&LA,3/15/1982,3/15/1982,ASSISTANCE,A/A,377728.241,352657.031
12015.0,1906,"UNITED STATES BK OF NEWARK, N.J.",3/11/1982,3/11/1982,ASSISTANCE,A/A,688491.0,576360.0
19776.0,1969,FIDELITY MUTUAL SAVINGS BANK,3/11/1982,3/11/1982,ASSISTANCE,A/A,695542.0,568965.0
29409.0,0,NINTH FEDERAL SAVINGS,3/9/1982,3/9/1982,ASSISTANCE,A/A,477524.507,241493.864
29727.0,0,KNICKERBOCKER FS&LA,3/9/1982,3/9/1982,ASSISTANCE,A/A,528825.387,347767.022
30711.0,1623,MORGAN PARK S&LA,3/8/1982,3/8/1982,ASSISTANCE,A/A,2307.828,2152.629
15088.0,6379,THE BANK OF WOODSON,3/1/1982,3/1/1982,FAILURE,PO,3908.0,3500.0
2376.0,2300,BANK OF YORKVILLE,2/20/1982,2/20/1982,FAILURE,PA,7097.0,6387.0
12008.0,1905,FARMERS & MECHANICS SAVINGS BANK OF MINNEA,2/20/1982,2/20/1982,ASSISTANCE,A/A,1010324.0,842021.0
27828.0,0,"NORTH WEST, FS&LA",2/20/1982,2/20/1982,ASSISTANCE,A/A,1280548.316,1137397.41
28244.0,0,"TALMAN HOME, FS&LA",2/20/1982,10/1/1986,FAILURE,REP,3402878.479,2661599.979
29938.0,0,"ALLIANCE, S&LA",2/20/1982,2/20/1982,ASSISTANCE,A/A,280663.335,231668.126
31035.0,0,"UNITY, SA",2/20/1982,2/20/1982,ASSISTANCE,A/A,987428.645,738799.272
21623.0,2298,METROPOLITAN BK & TR COMPANY,2/12/1982,2/12/1982,FAILURE,PA,267410.0,210173.0
3751.0,2297,THE FIRST NATIONAL BANK AND TRUST COMPANY,2/6/1982,2/6/1982,FAILURE,PA,22138.0,17067.0
30407.0,0,GUARANTY FS&LA,2/5/1982,2/5/1982,ASSISTANCE,A/A,34846.754,30979.342
30702.0,1622,CENTRAL ILLINOIS B&HA,2/5/1982,2/5/1982,ASSISTANCE,A/A,29287.926,27075.693
30913.0,0,PEACH STATE FS&LA,2/5/1982,2/5/1982,ASSISTANCE,A/A,115921.746,84228.535
31379.0,0,FIRST FS&LA OF SYLVANIA,2/5/1982,2/5/1982,ASSISTANCE,A/A,17534.111,16013.648
31481.0,0,UNITED FS&LA OF BROWARD COUNTY,2/5/1982,2/5/1982,ASSISTANCE,A/A,672427.971,573665.961
31996.0,0,INGLEWOOD FS&LA,2/1/1982,2/1/1982,ASSISTANCE,A/A,7666.818,6775.545
29737.0,1621,FIRST S&LA OF NEW BRUNSWICK,1/25/1982,1/25/1982,ASSISTANCE,A/A,405822.546,265836.053
15997.0,1904,THE WESTERN NEW YORK SAVINGS BK,1/15/1982,1/15/1982,ASSISTANCE,A/A,1027986.0,874606.0
30777.0,1620,REPUBLIC OF TEXAS SA,1/15/1982,1/15/1982,ASSISTANCE,A/A,257628.877,188342.465
31056.0,1620,ROYAL FS&LA,1/15/1982,1/15/1982,ASSISTANCE,A/A,167602.866,66144.392
31268.0,1620,HYDE PARK FS&LA,1/15/1982,1/15/1982,ASSISTANCE,A/A,308498.597,170913.07
31426.0,1620,BUFFALO S&LA,1/15/1982,1/15/1982,ASSISTANCE,A/A,155344.687,123663.948
31534.0,1620,CIVIC S&LA,1/15/1982,1/15/1982,ASSISTANCE,A/A,36758.108,12856.032
31668.0,1620,EL CENTRO FS&LA,1/15/1982,1/15/1982,ASSISTANCE,A/A,11161.864,7920.521
16051.0,1903,UNION DIME SAVINGS BANK,12/18/1981,12/18/1981,ASSISTANCE,A/A,1452985.0,1261434.0
27851.0,1619,HAMILTONIAN FS&LA,12/17/1981,12/17/1981,ASSISTANCE,A/A,239539.768,198865.979
30938.0,1619,SECURITY FS&LA OF SIKESTON,12/17/1981,12/17/1981,ASSISTANCE,A/A,84463.937,67069.915
31200.0,1619,SOUTHERN FS&LA OF BROWARD COUNTY,12/17/1981,12/17/1981,ASSISTANCE,A/A,615444.207,495688.498
28337.0,1618,MOHAWK S&LA,12/9/1981,12/9/1981,ASSISTANCE,A/A,91082.275,76252.498
31519.0,1618,BOCA RATON FS&LA,12/9/1981,12/9/1981,ASSISTANCE,A/A,275847.527,236161.736
31138.0,0,PALOS S&LA,12/5/1981,12/5/1981,ASSISTANCE,A/A,97999.194,81022.911
16064.0,1902,CENTRAL SAVINGS BANK,12/4/1981,12/4/1981,ASSISTANCE,A/A,910243.0,698912.0
28675.0,1617,EMPIRE STATE FS&LA,11/30/1981,11/30/1981,ASSISTANCE,A/A,291325.513,217217.421
30964.0,0,GUARANTY FS&LA,11/30/1981,11/30/1981,ASSISTANCE,A/A,33450.687,29033.159
30387.0,0,FIRST FS&LA OF PUERTO RICO,11/20/1981,11/1/1983,ASSISTANCE,A/A,,
31773.0,0,"PAN AMERICAN, FS&LA",11/20/1981,11/20/1981,ASSISTANCE,A/A,43914.65,31610.013
28967.0,1616,FIRST FS&LA OF BROWARD COUNTY,11/19/1981,11/19/1981,ASSISTANCE,A/A,2552308.305,1934504.238
16067.0,1901,GREENWICH SAVINGS BANK,11/4/1981,11/4/1981,ASSISTANCE,A/A,2475384.0,1953922.0
19379.0,2292,MIDTOWN NATIONAL BANK,10/30/1981,10/30/1981,FAILURE,PA,10599.0,9938.0
22975.0,2291,HIGH LAKES COMMUNITY BANK,10/23/1981,10/23/1981,FAILURE,PA,3706.0,3004.0
30703.0,0,RESERVE S&LA,10/7/1981,10/7/1981,ASSISTANCE,A/A,129781.892,99976.199
28604.0,1614,LAFAYETTE FS&LA,10/2/1981,10/2/1981,ASSISTANCE,A/A,416460.415,253734.21
20778.0,6373,SOUTHWESTERN BANK,9/25/1981,9/25/1981,FAILURE,PO,5308.0,5006.0
31506.0,0,PERPETUAL S&LA,9/15/1981,9/15/1981,ASSISTANCE,A/A,49718.445,39174.267
28630.0,1612,WEST SIDE FS&LA,9/8/1981,9/8/1981,ASSISTANCE,A/A,2496181.638,1959660.909
28678.0,0,FIRST FS&LA OF ROCHESTER,9/8/1981,8/15/1986,FAILURE,REP,1195291.078,989186.249
30496.0,0,FRANKLIN SOCIETY FS&LA,9/8/1981,9/8/1981,ASSISTANCE,A/A,947356.73,703910.762
30603.0,1612,WASHINGTON FS&LA,9/8/1981,9/8/1981,ASSISTANCE,A/A,1201562.434,913543.346
30875.0,1611,COUNTY FS&LA,8/9/1981,8/9/1981,ASSISTANCE,A/A,144050.638,95084.37
31754.0,0,FIRST FINANCIAL FS&LA,7/10/1981,7/10/1981,ASSISTANCE,A/A,5924.868,4844.106
30272.0,0,FIRST FS&LA OF NEW BERN,7/1/1981,7/1/1981,ASSISTANCE,A/A,57377.84,46803.077
31705.0,1610,COMMUNITY FS&LA,6/21/1981,6/21/1981,ASSISTANCE,A/A,22871.926,21140.391
22640.0,2289,NORTHWEST COMMERCE BANK,6/19/1981,6/19/1981,FAILURE,PA,6737.0,5193.0
28190.0,1608,FINANCIAL SECURITY S&LA,6/1/1981,6/1/1981,ASSISTANCE,A/A,63801.509,50125.792
29270.0,1609,NY & SUBURBAN FS&LA,5/31/1981,5/31/1981,ASSISTANCE,A/A,547636.273,355632.362
30480.0,0,ECONOMY S&LA,5/18/1981,5/18/1981,FAILURE,PO,73869.766,58374.955
31017.0,0,ARCTIC FS&LA,5/9/1981,5/9/1981,ASSISTANCE,A/A,40512.349,34783.375
29525.0,0,GUARDIAN FSB,4/30/1981,4/30/1981,ASSISTANCE,A/A,125904.949,89142.28
16556.0,2288,PEOPLES BANKING COMPANY,3/17/1981,3/17/1981,FAILURE,PA,8391.0,8103.0
18373.0,6370,THE DES PLAINES BANK,3/14/1981,3/14/1981,FAILURE,PO,46503.0,42927.0
20688.0,2287,SOUTH SIDE BANK,3/14/1981,3/14/1981,FAILURE,PA,27505.0,25983.0
31010.0,1606,FRANKLIN SA,2/9/1981,2/9/1981,ASSISTANCE,A/A,97565.765,71947.618
31721.0,0,SECURITY OF STATESVILLE,2/9/1981,2/9/1981,ASSISTANCE,A/A,15688.648,12987.86
28693.0,0,HOME SA,1/18/1981,1/18/1981,ASSISTANCE,A/A,686365.036,492649.105
40.0,2286,EAST GADSDEN BANK,12/31/1980,12/31/1980,FAILURE,PA,43980.0,40680.0
15559.0,2285,CITIZENS STATE BK OF GALENA,11/21/1980,11/21/1980,FAILURE,PA,10338.0,9402.0
30901.0,0,SIOUX CITY FS&LA,11/1/1980,11/1/1980,ASSISTANCE,A/A,25351.117,18114.946
29504.0,1605,FIRST OF NILES FS&LA,10/14/1980,10/14/1980,ASSISTANCE,A/A,131813.779,120260.806
17762.0,2284,THE ROCHELLE BK & TR CO.,10/11/1980,10/11/1980,FAILURE,PA,8430.0,7567.0
19611.0,1122,"THE METRO BK OF HUNTINGTON, INC.",9/12/1980,9/12/1980,FAILURE,PA,26969.0,23949.0
31312.0,0,SECURITY S&LA,9/1/1980,9/1/1980,ASSISTANCE,A/A,54603.034,44271.77
1368.0,2283,THE MISSION STATE BK & TR CO.,8/8/1980,8/8/1980,FAILURE,PA,86436.0,79646.0
31014.0,0,UNIVERSITY FS&LA,8/1/1980,8/1/1980,ASSISTANCE,A/A,235417.645,175698.498
31289.0,0,MAYFLOWER FS&LA,7/1/1980,7/1/1980,ASSISTANCE,A/A,24008.93,15768.325
4939.0,2282,CITY & COUNTY BK OF CAMPBELL CTY,6/28/1980,6/28/1980,FAILURE,PA,39804.0,36031.0
17615.0,6362,THE CITIZENS STATE BANK,6/4/1980,6/4/1980,FAILURE,PO,1980.0,1722.0
30015.0,1604,FIRST CALUMET CITY SAVINGS,6/4/1980,6/4/1980,ASSISTANCE,A/A,102052.691,82447.432
29607.0,0,CARLSBAD S&LA,5/1/1980,5/1/1980,ASSISTANCE,A/A,26689.655,20097.698
29900.0,0,TELEGRAPH S&LA,5/1/1980,5/1/1980,ASSISTANCE,A/A,264460.396,218111.071
31221.0,0,CONTINENTAL S&LA,5/1/1980,5/1/1980,ASSISTANCE,A/A,74926.425,58495.18
719.0,0,"FIRST PENNSYLVANIA BK, N.A.",4/28/1980,4/28/1980,ASSISTANCE,A/A,7953042.0,5001755.0
30928.0,0,WASHINGTON FS&LA,3/1/1980,3/1/1980,ASSISTANCE,A/A,376399.201,176547.091
21751.0,2281,MOHAWK BK & TR CO.,2/16/1980,2/16/1980,FAILURE,PA,5908.0,5375.0
19177.0,5360,FIRST NATIONAL BK OF CARRINGTON,2/12/1980,2/12/1980,FAILURE,PO,12444.0,11184.0
31431.0,0,FIRST S&LA,2/1/1980,2/1/1980,ASSISTANCE,A/A,33184.643,26065.83
21291.0,6359,BANK OF LAKE HELEN,1/11/1980,1/11/1980,FAILURE,PO,3027.0,4334.0
20237.0,0,AMERICAN NATIONAL BANK,10/12/1979,,FAILURE,P&A,10659.0,10353.0
21816.0,0,LIVINGSTON STATE BANK,10/12/1979,,FAILURE,P&A,12681.0,11021.0
8249.0,0,FIDELITY BANK,9/28/1979,,FAILURE,P&A,32818.0,30223.0
17377.0,0,THE FARMERS STATE BANK,9/21/1979,,FAILURE,PO,5038.0,4686.0
16403.0,0,THE GUARANTY BANK & TRUST COMPANY,7/14/1979,,FAILURE,P&A,7876.0,7416.0
17710.0,0,GATEWAY NATIONAL BANK,7/14/1979,,FAILURE,P&A,16933.0,9230.0
9195.0,0,BANK OF ENVILLE,6/16/1979,,FAILURE,PO,3468.0,3139.0
22102.0,0,SOUTHERN NATIONAL BANK,6/14/1979,,FAILURE,P&A,32586.0,24032.0
22110.0,0,VILLAGE BANK,1/26/1979,,FAILURE,PO,5059.0,4862.0
16294.0,0,TONEY BROTHERS BANK,1/5/1979,,FAILURE,P&A,5869.0,5791.0
20315.0,0,NORTH POINT STATE BANK,12/16/1978,,FAILURE,P&A,26466.0,21850.0
19575.0,0,BANCO DE AHORRO DE PUERTO RICO,9/5/1978,,FAILURE,P&A,9352.0,11831.0
856.0,0,WATKINS BANKING COMPANY,7/21/1978,,FAILURE,PO,1660.0,1282.0
16875.0,0,BANCO CREDITO Y DE AHORRO PONCENO,3/31/1978,,FAILURE,P&A,712540.0,607611.0
1726.0,0,WILCOX COUNTY BANK,3/1/1978,,FAILURE,P&A,12652.0,10585.0
1733.0,0,FIRST BANK OF MACON COUNTY,1/26/1978,,FAILURE,P&A,4538.0,3825.0
3623.0,0,THE DROVERS' NATIONAL BANK OF CHICAGO,1/19/1978,,FAILURE,P&A,226826.0,197166.0
16878.0,0,BANCO ECONOMIAS,9/2/1977,,ASSISTANCE,A/A,190254.0,169999.0
13914.0,0,DONAHUE SAVINGS BANK,8/26/1977,,FAILURE,P&A,5509.0,5094.0
21640.0,0,REPUBLIC NATIONAL BANK OF LOUISIANA,7/29/1977,,FAILURE,P&A,6267.0,4912.0
19871.0,0,FIRST AUGUSTA BANK & TRUST COMPANY,5/20/1977,,FAILURE,P&A,24223.0,20017.0
21218.0,0,THE MONROE BANK AND TRUST COMPANY,3/28/1977,,FAILURE,P&A,4315.0,2791.0
415.0,0,FIRST STATE BANK,3/10/1977,,FAILURE,P&A,2044.0,1763.0
19539.0,0,INTERNATIONAL CITY BANK AND TRUST COMPANY,12/3/1976,,FAILURE,P&A,176320.0,161639.0
,11919,FIRST STATE BANK & TRUST CO.,11/19/1976,,FAILURE,P&A,13754.0,12082.0
9150.0,0,CENTENNIAL BANK,10/19/1976,,FAILURE,P&A,13670.0,12312.0
10070.0,0,THE HAMILTON BANK AND TRUST COMPANY,10/8/1976,,FAILURE,P&A,40075.0,32022.0
638.0,0,AMERICAN BANK & TRUST COMPANY,9/15/1976,,FAILURE,P&A,224502.0,165079.0
20120.0,0,THE NEW BOSTON BANK AND TRUST COMPANY,9/14/1976,,FAILURE,P&A,6662.0,5335.0
11548.0,0,CITIZENS STATE BANK,6/28/1976,,FAILURE,PO,17410.0,15943.0
8780.0,0,MT. ZION DEPOSIT BANK,6/25/1976,,FAILURE,PO,507.0,555.0
21021.0,0,CORONADO NATIONAL BANK,6/25/1976,,FAILURE,PO,2613.0,2610.0
20092.0,0,FIRST STATE BANK OF HUDSON COUNTY,6/14/1976,,FAILURE,P&A,14072.0,13790.0
17902.0,0,NORTHEAST BANK OF HOUSTON,6/3/1976,,FAILURE,P&A,18141.0,17452.0
18470.0,0,FIRST STATE BANK OF NORTHERN CALIFORNIA,5/21/1976,,FAILURE,P&A,56018.0,53405.0
,11653,FARMERS BANK OF THE STATE OF DELAWARE,3/15/1976,,ASSISTANCE,A/A,,370000.0
20294.0,0,SOUTH TEXAS BANK,2/25/1976,,FAILURE,P&A,7756.0,7074.0
4921.0,0,THE HAMILTON NATIONAL BANK OF CHATTANOOGA,2/16/1976,,FAILURE,P&A,412107.0,336292.0
20405.0,0,BANK OF WOODMOOR,1/12/1976,,FAILURE,P&A,4033.0,3549.0
18798.0,0,THE BANK OF BLOOMFIELD,1/10/1976,,FAILURE,P&A,31652.0,25969.0
17376.0,0,THE FIRST STATE BANK OF JENNINGS,12/27/1975,,FAILURE,P&A,2898.0,2613.0
19637.0,0,THE PEOPLES BANK,12/19/1975,,FAILURE,P&A,5657.0,5044.0
20465.0,0,THE PEOPLES BANK OF THE VIRGIN ISLANDS,10/24/1975,,FAILURE,PO,14879.0,14256.0
6203.0,0,"AMERICAN CITY BANK & TRUST COMPANY, N.A.",10/21/1975,,FAILURE,P&A,147563.0,98344.0
20523.0,0,ASTRO BANK,10/16/1975,,FAILURE,P&A,5471.0,5168.0
917.0,0,STATE BANK OF CLEARING,7/12/1975,,FAILURE,P&A,74354.0,60603.0
13082.0,0,BANK OF CHIDESTER,7/1/1975,,FAILURE,P&A,2449.0,2298.0
11427.0,0,BANK OF PICAYUNE,6/18/1975,,FAILURE,P&A,18049.0,15352.0
15154.0,0,ALGOMA BANK,5/30/1975,,FAILURE,P&A,5176.0,4772.0
19596.0,0,CHICOPEE BANK & TRUST COMPANY,5/9/1975,,FAILURE,P&A,11406.0,9862.0
19377.0,0,FRANKLIN BANK,3/24/1975,,FAILURE,PO,20690.0,18247.0
20478.0,0,NORTHERN OHIO BANK,2/19/1975,,FAILURE,P&A,103782.0,95616.0
19834.0,0,SWOPE PARKWAY NATIONAL BANK,1/3/1975,,FAILURE,PO,7576.0,7422.0
14250.0,0,CROMWELL STATE SAVINGS BANK,10/9/1974,,FAILURE,P&A,3502.0,3271.0
7060.0,0,FRANKLIN NATIONAL BANK,10/8/1974,,FAILURE,P&A,3655662.0,1444982.0
17918.0,0,TRI-CITY BANK,9/27/1974,,FAILURE,P&A,16295.0,14876.0
11543.0,0,AMERICAN BANK & TRUST,9/20/1974,,FAILURE,P&A,147137.0,112703.0
3506.0,0,UNITED STATES NATIONAL BANK,10/18/1973,,FAILURE,P&A,1265868.0,931954.0
10498.0,0,FIRST NATIONAL BANK OF ELDORA,10/5/1973,,FAILURE,P&A,8072.0,7540.0
11170.0,0,THE FIRST STATE BANK,7/16/1973,,FAILURE,PO,16242.0,14797.0
16214.0,0,ELM CREEK STATE BANK,5/7/1973,,FAILURE,PO,3186.0,2915.0
20550.0,0,SKYLINE NATIONAL BANK,3/26/1973,,FAILURE,P&A,6527.0,6006.0
18535.0,0,DELTA SECURITY BANK AND TRUST COMPANY,1/19/1973,,FAILURE,PO,9780.0,8079.0
18365.0,0,SURETY BANK AND TRUST COMPANY,5/27/1972,,FAILURE,PO,22054.0,20385.0
,12894,BANK OF THE COMMONWEALTH,1/18/1972,,ASSISTANCE,A/A,1300000.0,
,0,FIRST COMMUNITY STATE BANK OF SAVANNAH,12/30/1971,,FAILURE,PO,3701.0,3488.0
3007.0,0,THE FIRST NATIONAL BANK OF CRIPPLE CREEK,11/30/1971,,FAILURE,PO,1301.0,1201.0
,0,UNITY BANK & TRUST COMPANY,7/27/1971,,ASSISTANCE,A/A,,9300.0
8332.0,0,BANK OF SALEM,4/5/1971,,FAILURE,PO,679.0,606.0
10472.0,0,FARMERS STATE BANK OF CARLOCK,2/17/1971,,FAILURE,PO,2196.0,2077.0
18316.0,0,BIRMINGHAM-BLOOMFIELD BANK,2/16/1971,,FAILURE,P&A,109739.0,57547.0
18254.0,0,SHARPSTOWN STATE BANK,1/25/1971,,FAILURE,PO,78903.0,66763.0
1876.0,0,BEREA BANK AND TRUST COMPANY,10/8/1970,,FAILURE,P&A,5871.0,5375.0
19791.0,0,CITY BANK OF PHILADELPHIA,9/3/1970,,FAILURE,P&A,10775.0,8839.0
12227.0,0,FIRST STATE BANK OF BONNE TERRE,8/24/1970,,FAILURE,P&A,8003.0,7118.0
19276.0,0,EATONTOWN NATIONAL BANK,8/7/1970,,FAILURE,PO,21417.0,15912.0
13164.0,0,FARMERS BANK OF PETERSBURG,6/25/1970,,FAILURE,PO,1074.0,1259.0
14987.0,0,THE PEOPLES STATE SAVINGS BANK,4/18/1970,,FAILURE,PO,10877.0,9940.0
14571.0,0,STATE BANK OF PRAIRIE CITY,2/22/1970,,FAILURE,PO,4130.0,3897.0
,0,THE FIRST NATIONAL BANK OF COALVILLE,10/10/1969,,FAILURE,P&A,6625.0,5992.0
,0,THE FIRST STATE BANK,9/5/1969,,FAILURE,P&A,11417.0,10472.0
,0,THE BIG LAKE STATE BANK,8/22/1969,,FAILURE,P&A,4750.0,4427.0
,0,FIRST NATIONAL BANK OF URSA,8/20/1969,,FAILURE,PO,2053.0,1798.0
,0,THE STATE NATIONAL BANK,5/28/1969,,FAILURE,PO,4136.0,3802.0
,0,THE FIRST STATE BANK,5/12/1969,,FAILURE,PO,1134.0,1085.0
,0,THE MORRICE STATE BANK,5/6/1969,,FAILURE,P&A,2283.0,2167.0
,0,CITIZENS STATE BANK,4/12/1969,,FAILURE,PO,2556.0,2320.0
,0,THE ROCKY MOUNTAIN BANK,2/6/1969,,FAILURE,P&A,8617.0,8065.0
,0,BANK OF COMMERCE,9/25/1968,,FAILURE,P&A,5551.0,5155.0
,0,CENTRAL NATIONAL BANK OF JACKSONVILLE,5/27/1968,,FAILURE,P&A,13445.0,11757.0
,0,LORENZO STATE BANK,2/13/1968,,FAILURE,P&A,6159.0,5612.0
,0,THE CEDAR VALE NATIONAL BANK,7/7/1967,,FAILURE,PO,4058.0,3818.0
,0,SACUL STATE BANK,6/23/1967,,FAILURE,PO,762.0,724.0
,0,SOUTHERN BANK OF ST. PETERSBURG,2/17/1967,,FAILURE,PO,2884.0,2451.0
,0,BANK OF PINE APPLE,1/31/1967,,FAILURE,PO,4289.0,3885.0
,0,FIRST STATE BANK OF TUSCOLA,10/17/1966,,FAILURE,P&A,3330.0,3081.0
,0,PUBLIC BANK,10/12/1966,,FAILURE,P&A,110077.0,92960.0
,0,BANK OF GRAY SUMMIT,4/7/1966,,FAILURE,P&A,1935.0,1832.0
,0,SAGUACHE COUNTY NATIONAL BANK,3/17/1966,,FAILURE,P&A,512.0,725.0
,0,BLANKET STATE BANK,1/31/1966,,FAILURE,P&A,1257.0,1183.0
,0,CITIZENS BANK,1/24/1966,,FAILURE,PO,832.0,774.0
,0,FIVE POINTS NATIONAL BANK,1/12/1966,,FAILURE,P&A,2703.0,2967.0
,0,FIRST STATE BANK,4/5/1965,,FAILURE,P&A,606.0,488.0
,0,MALONE STATE BANK,2/25/1965,,FAILURE,P&A,589.0,524.0
,0,WINONA STATE BANK,2/5/1965,,FAILURE,PO,479.0,435.0
,0,THE BRIGHTON NATIONAL BANK,1/22/1965,,FAILURE,PO,3015.0,2254.0
,0,SAN FRANCISCO NATIONAL BANK,1/22/1965,,FAILURE,PO,54061.0,40176.0
,0,"NEBRASKA ST BANK OF VALENTINE, NEBRASKA",10/29/1964,,FAILURE,PO,7769.0,7025.0
,0,CROWN SAVINGS BANK,9/4/1964,,FAILURE,PO,7865.0,7023.0
,0,FRONTIER BANK,7/31/1964,,FAILURE,PO,2642.0,2312.0
,0,BELLEVIEW VALLEY BANK,7/20/1964,,FAILURE,PO,1285.0,1189.0
,0,FIRST STATE BANK,7/4/1964,,FAILURE,PO,1237.0,1082.0
,0,THE STATE SAVINGS BANK OF MINDEN CITY,3/17/1964,,FAILURE,PO,1310.0,1233.0
,0,THE FIRST NATIONAL BANK OF MARLIN,3/10/1964,,FAILURE,PO,3741.0,3459.0
,0,CHATHAM BANK OF CHICAGO,8/23/1963,,FAILURE,PO,19124.0,16782.0
,0,THE FIRST BANK OF WESTMONT,5/24/1963,,FAILURE,PO,7055.0,6659.0
,0,THE FIRST NATIONAL BANK OF EXETER,2/19/1962,,FAILURE,P&A,,3011.0
,0,FIRST STATE BANK,12/30/1961,,FAILURE,PO,1882.0,1652.0
,0,THE FIRST NATIONAL BANK OF MAUD,12/19/1961,,FAILURE,PO,1626.0,1509.0
,0,BANK OF OCHLOCHNEE,9/7/1961,,FAILURE,PO,984.0,872.0
,0,BANK OF EARLSBORO,8/11/1961,,FAILURE,PO,962.0,902.0
,0,THE SHELDON NATIONAL BANK,1/16/1961,,FAILURE,PO,4365.0,3884.0
,0,THE CAPITOL HILL STATE BANK,7/29/1960,,FAILURE,PO,7506.0,6955.0
,0,FIRST STATE BANK,12/3/1959,,FAILURE,PO,1277.0,1110.0
,0,LIBERAL STATE BANK,6/9/1959,,FAILURE,PO,1012.0,925.0
,0,THE BARTLETT STATE BANK,5/13/1959,,FAILURE,PO,570.0,504.0
,0,THE MANUFACTURERS' BANK OF EDGEWATER,7/17/1958,,FAILURE,PO,2365.0,2213.0
,0,THE RUSHVILLE BANKING COMPANY,5/26/1958,,FAILURE,P&A,4476.0,4084.0
,0,PEOPLES STATE BANK,5/5/1958,,FAILURE,PO,618.0,574.0
,0,THE FIRST NATIONAL BANK OF HALFWAY,3/17/1958,,FAILURE,PO,1446.0,1368.0
,0,FIRST STATE BANK OF YORKTOWN,4/10/1957,,FAILURE,PO,1253.0,1163.0
,0,THE HOME NATIONAL OF ELLENVILLE,12/4/1956,,FAILURE,P&A,7712.0,6578.0
,0,RIVER OAKS STATE BANK,10/15/1956,,FAILURE,PO,5202.0,4703.0
,0,FRONTIER TRUST COMPANY,10/3/1955,,FAILURE,P&A,6036.0,5465.0
,0,JOSHUA MONUMENT NAT BANK-TWENTYNINE PALMS,7/25/1955,,FAILURE,PO,3111.0,3714.0
,0,RATHDRUM STATE BANK,4/30/1955,,FAILURE,PO,1017.0,909.0
,0,BANK OF NORTH IDAHO,4/30/1955,,FAILURE,PO,1101.0,983.0
,0,FIRST NATIONAL BANK OF LEWISVILLE,1/27/1955,,FAILURE,PO,721.0,892.0
,0,BANK OF WHITESVILLE,10/1/1954,,FAILURE,P&A,1040.0,930.0
,0,BANK OF ILA,8/9/1954,,FAILURE,P&A,98.0,60.0
,0,FIRST STATE BANK OF ELMWOOD PARK,5/26/1953,,FAILURE,P&A,17456.0,16957.0
,0,MAYFIELD STATE BANK,2/13/1953,,FAILURE,P&A,1355.0,1305.0
,0,BANK OF DIERKS,9/2/1952,,FAILURE,P&A,520.0,583.0
,0,CAMDEN STATE BANK,5/5/1952,,FAILURE,P&A,838.0,817.0
,0,THOMASVILLE BANK AND TRUST CO.,1/21/1952,,FAILURE,P&A,1031.0,1757.0
,0,THE PARNASSUS NATIONAL BANK,8/25/1951,,FAILURE,P&A,2906.0,3260.0
,0,BRAZEAU BANK,1/22/1951,,FAILURE,P&A,144.0,148.0
,0,FIRST NATIONAL BANK IN CECIL,10/9/1950,,FAILURE,P&A,638.0,2245.0
,0,THE FARMERS FIRST NATIONAL BANK OF MINOOKA,8/14/1950,,FAILURE,P&A,1332.0,1403.0
,0,THE BANK OF AURORA,7/24/1950,,FAILURE,P&A,1291.0,991.0
,0,THE WESTPHALIA STATE BANK,4/3/1950,,FAILURE,P&A,744.0,1126.0
,0,FARMERS & MERCHANTS STATE BANK,10/8/1949,,FAILURE,P&A,354.0,437.0
,0,THE CITIZENS BANKING COMPANY,6/11/1949,,FAILURE,P&A,740.0,742.0
,0,STOCKMENS BANK OF MARTINSDALE,4/30/1949,,FAILURE,P&A,634.0,709.0
,0,THE FIRST NATIONAL BANK OF DYER,2/19/1949,,FAILURE,P&A,3157.0,3090.0
,0,THE FIRST STATE BANK,12/18/1948,,FAILURE,P&A,694.0,609.0
,0,THE AMERICAN NATIONAL BANK OF PRYOR CREEK,11/20/1948,,FAILURE,P&A,1774.0,1925.0
,0,COLUMBUS TRUST COMPANY,7/24/1948,,FAILURE,P&A,7892.0,7921.0
,0,LYONS STATE BANK,12/6/1947,,FAILURE,P&A,874.0,804.0
,0,PEOPLES BANK OF DONALDS,11/29/1947,,FAILURE,P&A,762.0,713.0
,0,THE CENTRAL CITY NATIONAL BANK,7/12/1947,,FAILURE,P&A,1693.0,1709.0
,0,THE FIRST NATIONAL BANK OF LEMONT,1/25/1947,,FAILURE,P&A,1666.0,1749.0
,0,THE FIRST NATIONAL BANK OF EVANSTON,1/11/1947,,FAILURE,P&A,1803.0,1991.0
,0,"AUGUSTA COUNTY BANK, INC.",9/14/1946,,FAILURE,P&A,351.0,316.0
,0,THE FARMERS & MERCHANTS STATE BANK,1/13/1945,,FAILURE,P&A,6392.0,5695.0
,0,THE FIRST NATIONAL BANK OF SUSQUEHANNA,5/27/1944,,FAILURE,P&A,1651.0,1459.0
,0,THE BROWNVILLE STATE BANK,5/12/1944,,FAILURE,PO,447.0,405.0
,0,FIRST NATIONAL BK & TR CO. OF EASTON,12/10/1943,,FAILURE,PO,5169.0,4171.0
,0,THE JEFFERSON COUNTY NAT BK -WATERTOWN,9/25/1943,,FAILURE,P&A,6677.0,5898.0
,0,FARMERS STATE BANK OF CULLOM,4/2/1943,,FAILURE,PO,439.0,474.0
,0,BANK OF BLACK MOUNTAIN,3/18/1943,,FAILURE,PO,855.0,767.0
,0,THE POULTNEY NATIONAL BANK,3/17/1943,,FAILURE,PO,919.0,862.0
,0,GUARANTEE TR & SAFE DEP. CO.-MT.CARMEL,11/28/1942,,FAILURE,P&A,,1123.0
,0,THE CITIZENS BANK OF LIBERTY,11/18/1942,,FAILURE,PO,258.0,206.0
,0,THE FARMERS NATIONAL BANK OF SELINSGROVE,10/17/1942,,FAILURE,P&A,,719.0
,0,FARMERS BANK,10/2/1942,,FAILURE,PO,580.0,537.0
,0,MERCHANTS BANKING TRUST COMPANY,9/12/1942,,FAILURE,P&A,,859.0
,0,THE HARNEY COUNTY NATIONAL BANK OF BURNS,8/29/1942,,FAILURE,P&A,,1114.0
,0,THE FIRST NATIONAL BANK OF LEHIGHTON,8/1/1942,,FAILURE,P&A,,1834.0
,0,CITIZENS NAT BK & TR CO. OF LEHIGHTON,8/1/1942,,FAILURE,P&A,,1104.0
,0,FARMER'S AND MERCHANT'S BANK,7/6/1942,,FAILURE,PO,395.0,325.0
,0,THE FIRST NAT BK & TR CO. OF DALLASTOWN,6/20/1942,,FAILURE,P&A,,1351.0
,0,THE EMMAUS NATIONAL BANK,4/25/1942,,FAILURE,P&A,,1399.0
,0,BANK OF MALONE,3/31/1942,,FAILURE,PO,149.0,140.0
,0,FLORAL PARK BANK  AND TRUST COMPANY,3/28/1942,,FAILURE,P&A,,1999.0
,0,THE FIRST NATIONAL BANK OF WEATHERLY,3/14/1942,,FAILURE,P&A,,521.0
,0,THE CITIZENS NATIONAL BANK OF FREEPORT,3/7/1942,,FAILURE,P&A,,1279.0
,0,THE HADDONFIELD NATIONAL BANK,2/28/1942,,FAILURE,P&A,,2662.0
,0,BANK OF DRAPER,2/6/1942,,FAILURE,PO,129.0,83.0
,0,THE LOUISA NATIONAL BANK,1/31/1942,,FAILURE,P&A,,477.0
,0,PALISADE STATE BANK,1/21/1942,,FAILURE,PO,91.0,88.0
,0,PROVIDENCE BANK,1/17/1942,,FAILURE,P&A,,754.0
,0,THE FRANKLIN TRUST CO.,12/22/1941,,FAILURE,P&A,,3196.0
,0,THE LAMBERTON NATIONAL BANK OF FRANKLIN,12/22/1941,,FAILURE,P&A,,2476.0
,0,THE ST. CHARLES STATE BANK,12/13/1941,,FAILURE,P&A,,412.0
,0,BANCO DI NAPOLI TRUST CO. OF NEW YORK,12/11/1941,,FAILURE,PO,13799.0,10991.0
,0,THE FIRST NATIONAL BANK OF DODGEVILLE,11/29/1941,,FAILURE,PO,941.0,907.0
,0,THE FIRST NATIONAL BANK OF FORESTVILLE,11/1/1941,,FAILURE,PO,328.0,303.0
,0,"BANK OF AU SABLE FORKS, N.Y.",9/29/1941,,FAILURE,P&A,,800.0
,0,THE EXCHANGE STATE BANK,6/23/1941,,FAILURE,P&A,,455.0
,0,THE FIRST NAT BK & TR CO. OF PORT CHESTER,4/26/1941,,FAILURE,P&A,,5157.0
,0,MUTUAL TRUST CO. OF WESTCHESTER COUNTY,4/26/1941,,FAILURE,P&A,,2495.0
,0,THE KESWICK NATIONAL BANK OF GLENSIDE,4/12/1941,,FAILURE,PO,1307.0,1200.0
,0,BANK OF BALDWYN,3/8/1941,,FAILURE,PO,233.0,179.0
,0,FIRST STATE BANK & TRUST CO. OF INDIANOLA,1/29/1941,,FAILURE,PO,195.0,165.0
,0,THE FIRST NATIONAL BANK OF ANADARKO,1/17/1941,,FAILURE,PO,822.0,725.0
,0,BANK OF JAMESTOWN,1/11/1941,,FAILURE,PO,186.0,156.0
,0,THE AMERICAN NAT BK OF SANTA MONICA,12/4/1940,,FAILURE,P&A,,1078.0
,0,THE STATE EXCHANGE BANK,11/23/1940,,FAILURE,P&A,,986.0
,0,THE FIRST NATIONAL BANK OF BURLINGAME,11/19/1940,,FAILURE,PO,301.0,256.0
,0,BANK OF EAGLE,10/25/1940,,FAILURE,PO,457.0,387.0
,0,SAVINGS BANK OF NANTICOKE,10/4/1940,,FAILURE,PO,190.0,159.0
,0,THE BANK OF LESLIE,9/18/1940,,FAILURE,PO,141.0,113.0
,0,FIRST CITIZENS BANK & TRUST CO. OF UTICA,9/14/1940,,FAILURE,P&A,,34277.0
,0,MT. UNION STATE BANK,8/24/1940,,FAILURE,P&A,,179.0
,0,BADGER STATE BANK,8/3/1940,,FAILURE,PO,74.0,53.0
,0,BANK OF WILLIAMSVILLE,7/27/1940,,FAILURE,P&A,,1775.0
,0,MOUNT PLEASANT BANK & TRUST CO.,7/20/1940,,FAILURE,P&A,,2137.0
,0,THE CLAXTON STATE BANK,7/20/1940,,FAILURE,PO,223.0,162.0
,0,CHASEBURG STATE BANK,7/13/1940,,FAILURE,P&A,,341.0
,0,KANE TRUST AND SAVINGS BANK,7/2/1940,,FAILURE,PO,915.0,717.0
,0,WAUSHARA COUNTY BANK,6/25/1940,,FAILURE,P&A,,267.0
,0,THE LUCERNE STATE BANK,6/22/1940,,FAILURE,PO,195.0,166.0
,0,FIRST STATE BANK OF SCOTCH PLAINS,6/22/1940,,FAILURE,P&A,,612.0
,0,THE WESTFIELD TRUST COMPANY,6/22/1940,,FAILURE,P&A,,4668.0
,0,FIRST STATE BANK OF STONEWALL,6/13/1940,,FAILURE,PO,143.0,147.0
,0,THE SOUTHAMPTON BANK,6/8/1940,,FAILURE,P&A,,1274.0
,0,MACKEY STATE BANK,5/9/1940,,FAILURE,PO,40.0,25.0
,0,THE FIRST NATIONAL BANK OF BALLY,4/27/1940,,FAILURE,P&A,,619.0
,0,THE FIRST NATIONAL BANK OF HARRISON,4/20/1940,,FAILURE,P&A,,1924.0
,0,THE RYE NATIONAL BANK,4/20/1940,,FAILURE,P&A,,3358.0
,0,BANK OF MORELAND,4/19/1940,,FAILURE,PO,142.0,124.0
,0,ASHLEY STATE BANK,4/18/1940,,FAILURE,PO,247.0,172.0
,0,FIRST STATE BANK,4/18/1940,,FAILURE,PO,136.0,113.0
,0,BANK OF REEDER,4/17/1940,,FAILURE,P&A,,125.0
,0,BALDWINSVILLE STATE BANK,4/6/1940,,FAILURE,P&A,,807.0
,0,FIRST TRUST & DEPOSIT COMPANY,4/6/1940,,FAILURE,P&A,,48256.0
,0,BLAIRSVILLE SAVINGS AND TRUST COMPANY,4/4/1940,,FAILURE,PO,1821.0,1390.0
,0,THE FIRST NATIONAL BANK OF WENATCHEE,3/26/1940,,FAILURE,P&A,,1548.0
,0,FARMERS BANK,3/23/1940,,FAILURE,PO,363.0,286.0
,0,THE SWEDESBORO NATIONAL BANK,3/16/1940,,FAILURE,P&A,,680.0
,0,EUGENE STATE BANK,3/13/1940,,FAILURE,PO,128.0,106.0
,0,HARTFORD SAVINGS BANK AND TRUST COMPANY,3/9/1940,,FAILURE,P&A,,352.0
,0,BANK OF BROCTON,2/24/1940,,FAILURE,P&A,,444.0
,0,THE NATIONAL BANK OF WESTFIELD,2/24/1940,,FAILURE,P&A,,1611.0
,0,WOODCLIFF TRUST COMPANY,2/3/1940,,FAILURE,P&A,,1492.0
,0,BANKERS TRUST COMPANY,2/1/1940,,FAILURE,PO,2131.0,986.0
,0,INTEGRITY TRUST COMPANY,1/13/1940,,FAILURE,P&A,,29362.0
,0,THE CITIZENS STATE BANK OF NIANGUA,1/12/1940,,FAILURE,PO,143.0,119.0
,0,GUARANTY BOND STATE BANK,1/4/1940,,FAILURE,PO,169.0,119.0
,0,THE TUCKERTON BANK,12/27/1939,,FAILURE,PO,735.0,624.0
,0,MAYNARDVILLE STATE BANK,12/11/1939,,FAILURE,PO,218.0,186.0
,0,THE STATE BANK OF LIEBENTHAL,12/6/1939,,FAILURE,PO,60.0,58.0
,0,THE YONKERS NATIONAL BANK & TRUST CO.,12/4/1939,,FAILURE,P&A,,8849.0
,0,THE FARMERS STATE BANK,11/25/1939,,FAILURE,P&A,,94.0
,0,COMMERCIAL BANK OF LIBERTY,11/25/1939,,FAILURE,PO,548.0,502.0
,0,THE EGG HARBOR COMMERCIAL BANK,10/7/1939,,FAILURE,P&A,,865.0
,0,SECURITY STATE BANK,10/3/1939,,FAILURE,PO,121.0,96.0
,0,THE FARMERS STATE BANK,9/15/1939,,FAILURE,PO,97.0,82.0
,0,PROVIDENCE CITIZENS BANK,9/1/1939,,FAILURE,PO,306.0,251.0
,0,RARDIN STATE BANK,8/30/1939,,FAILURE,P&A,,3092.0
,0,FIRST STATE BANK OF O'FALLON,8/28/1939,,FAILURE,PO,50.0,102.0
,0,PLEASANTVILLE TRUST COMPANY,6/30/1939,,FAILURE,PO,1116.0,936.0
,0,WEST HUDSON COUNTY TRUST COMPANY,6/30/1939,,FAILURE,P&A,,5773.0
,0,KEARNY NATIONAL BANK,6/30/1939,,FAILURE,P&A,,3092.0
,0,THE PLANTSVILLE NATIONAL BANK,6/24/1939,,FAILURE,PO,380.0,464.0
,0,THE HAMILTON TRUST COMPANY OF PATERSON,6/17/1939,,FAILURE,PO,3734.0,2860.0
,0,GLENDIVE STATE BANK,6/15/1939,,FAILURE,PO,162.0,119.0
,0,GLOUCESTER CITY TRUST COMPANY,6/3/1939,,FAILURE,P&A,,1160.0
,0,COMMONWEALTH TRUST COMPANY,6/3/1939,,FAILURE,P&A,,5763.0
,0,MERCHANTS TRUST COMPANY,6/3/1939,,FAILURE,P&A,,5593.0
,0,BANK OF HARTLAND,5/29/1939,,FAILURE,PO,455.0,370.0
,0,THE PARKSLEY NATIONAL BANK,5/18/1939,,FAILURE,PO,279.0,182.0
,0,TATUM STATE BANK,5/2/1939,,FAILURE,PO,47.0,17.0
,0,COLUMBIA TRUST COMPANY OF NEW JERSEY,4/29/1939,,FAILURE,P&A,,1484.0
,0,BANK OF EDEN,4/29/1939,,FAILURE,P&A,,734.0
,0,HUDSON TRUST COMPANY,4/29/1939,,FAILURE,P&A,,24484.0
,0,RIPLEY SAVINGS BANK & TRUST COMPANY,4/28/1939,,FAILURE,PO,794.0,739.0
,0,THE TRUST COMPANY OF NEW JERSEY,4/20/1939,,FAILURE,P&A,,48822.0
,0,WEST BERGEN TRUST COMPANY,4/20/1939,,FAILURE,P&A,,2686.0
,0,BANK OF BRUSSELS,4/14/1939,,FAILURE,P&A,,148.0
,0,THE FIRST NATIONAL BANK OF PLAINFIELD,4/8/1939,,FAILURE,P&A,,4080.0
,0,BANK OF AMORITA,4/6/1939,,FAILURE,PO,132.0,117.0
,0,MERCHANTS & FARMERS BANK,3/23/1939,,FAILURE,PO,223.0,192.0
,0,EDEN STATE BANK,3/18/1939,,FAILURE,P&A,,179.0
,0,THE FULTON STATE BANK,3/18/1939,,FAILURE,PO,168.0,137.0
,0,STATE BANK OF BREMEN,3/18/1939,,FAILURE,PO,61.0,28.0
,0,RAHWAY TRUST COMPANY,3/11/1939,,FAILURE,P&A,,1187.0
,0,STATE BANK OF FORESTVILLE,3/8/1939,,FAILURE,PO,342.0,281.0
,0,THE POINT PLEASANT NATIONAL BANK,3/7/1939,,FAILURE,PO,461.0,410.0
,0,THE BANK OF ROCKY HILL,3/4/1939,,FAILURE,PO,163.0,154.0
,0,THE FIRST NATIONAL BANK IN BROOKSVILLE,2/25/1939,,FAILURE,P&A,,274.0
,0,PEOPLES STATE BANK,2/21/1939,,FAILURE,P&A,,1932.0
,0,THE FIRST NAT'L BANK & TR CO. OF BLACKWOOD,2/18/1939,,FAILURE,P&A,,708.0
,0,ST. JOSEPH COUNTY SAVINGS BANK,2/16/1939,,FAILURE,P&A,,1584.0
,0,THE ST. JOSEPH LOAN & TRUST COMPANY,2/16/1939,,FAILURE,P&A,,3202.0
,0,GROVETON NATIONAL BANK,2/14/1939,,FAILURE,P&A,,297.0
,0,THE NEW JERSEY TITLE GUARANTEE & TRUST CO.,2/11/1939,,FAILURE,PO,30745.0,21667.0
,0,NORTH CAMDEN TRUST COMPANY,2/11/1939,,FAILURE,P&A,,820.0
,0,THE COUDERSPORT TRUST COMPANY,2/4/1939,,FAILURE,PO,952.0,706.0
,0,THE AMERICAN NATIONAL BANK OF CAMDEN,2/4/1939,,FAILURE,P&A,,820.0
,0,FARMERS STATE BANK IN MERKEL,2/3/1939,,FAILURE,PO,183.0,131.0
,0,THE FARMERS BANK OF NEWTOWN,2/2/1939,,FAILURE,PO,114.0,89.0
,0,"THE HILLSBORO-QUEEN ANNE BANK, INC.",1/21/1939,,FAILURE,P&A,,249.0
,0,FIRST STATE BANK,1/16/1939,,FAILURE,PO,87.0,46.0
,0,BANK OF SCRANTON,1/16/1939,,FAILURE,PO,153.0,94.0
,0,BANK OF HANCOCK,1/12/1939,,FAILURE,P&A,,248.0
,0,FIRST STATE BANK,1/9/1939,,FAILURE,PO,347.0,287.0
,0,THE FIRST NATIONAL BANK OF PRESTON,1/5/1939,,FAILURE,PO,304.0,285.0
,0,OCONTO COUNTY STATE BANK,1/4/1939,,FAILURE,PO,386.0,346.0
,0,THE HARFORD BANK,12/31/1938,,FAILURE,PO,893.0,669.0
,0,FARMERS STATE BANK,12/31/1938,,FAILURE,PO,51.0,30.0
,0,FARMERS STATE BANK OF LONDON,12/21/1938,,FAILURE,PO,355.0,287.0
,0,BOILING SPRINGS STATE BANK,12/17/1938,,FAILURE,P&A,,147.0
,0,COLEMAN STATE BANK,12/14/1938,,FAILURE,P&A,,234.0
,0,THE NATIONAL CITY BANK OF LYNN,12/3/1938,,FAILURE,P&A,,2233.0
,0,FARMERS STATE BANK OF ANAMOOSE,11/26/1938,,FAILURE,PO,62.0,39.0
,0,THE BANK OF CUBA,11/26/1938,,FAILURE,PO,89.0,100.0
,0,THE FIRST NATIONAL BANK OF ROOSEVELT,11/26/1938,,FAILURE,P&A,,1001.0
,0,BANK OF BELLFLOWER,11/5/1938,,FAILURE,P&A,,52.0
,0,FAYETTE BANK,11/3/1938,,FAILURE,PO,348.0,303.0
,0,KERMIT STATE BANK,11/1/1938,,FAILURE,PO,120.0,67.0
,0,BANK OF ETON,10/12/1938,,FAILURE,P&A,,29.0
,0,BANK OF LOCKPORT,10/11/1938,,FAILURE,PO,68.0,51.0
,0,FIRST STATE BANK,9/29/1938,,FAILURE,PO,165.0,112.0
,0,STOCKMENS STATE BANK,9/24/1938,,FAILURE,PO,87.0,74.0
,0,THE SARANAC LAKE NATIONAL BANK,9/24/1938,,FAILURE,P&A,,491.0
,0,FIRST STATE BANK,9/2/1938,,FAILURE,PO,135.0,112.0
,0,JERAULD COUNTY BANK,8/31/1938,,FAILURE,PO,260.0,211.0
,0,FIRST BANK OF FLAXTON,8/31/1938,,FAILURE,PO,80.0,53.0
,0,HITCHCOCK STATE BANK,8/24/1938,,FAILURE,PO,79.0,54.0
,0,HOME BANK & TRUST COMPANY,8/19/1938,,FAILURE,PO,401.0,278.0
,0,THE FARMERS & MERCHANTS BANK,8/18/1938,,FAILURE,PO,119.0,95.0
,0,BANK OF HIGHMORE (DREW BROS.),8/16/1938,,FAILURE,PO,109.0,79.0
,0,STATE BANK OF RICE LAKE,8/15/1938,,FAILURE,PO,946.0,841.0
,0,WINOOSKI SAVINGS BANK,7/28/1938,,FAILURE,PO,4008.0,2479.0
,0,HUTCHINSON COUNTY BANK,7/27/1938,,FAILURE,PO,273.0,215.0
,0,TAKOMA PARK BANK,7/23/1938,,FAILURE,P&A,,2048.0
,0,BETHEL SPRINGS BANK,7/22/1938,,FAILURE,P&A,,39.0
,0,HUDSON STATE BANK,7/12/1938,,FAILURE,PO,254.0,209.0
,0,BANK OF MILBURN,7/11/1938,,FAILURE,PO,79.0,62.0
,0,COMMERCIAL BANK OF MARYLAND,7/1/1938,,FAILURE,P&A,,1410.0
,0,THE BANK OF ASHE,6/24/1938,,FAILURE,P&A,,312.0
,0,CENTRAL SAVINGS BANK,6/22/1938,,FAILURE,P&A,,1361.0
,0,RUSSELL STATE BANK & TRUST COMPANY,6/17/1938,,FAILURE,PO,217.0,185.0
,0,LEOPOLIS STATE BANK,6/3/1938,,FAILURE,PO,205.0,143.0
,0,GERMAN STATE BANK OF BEULAH,5/31/1938,,FAILURE,PO,122.0,100.0
,0,FARMERS SAVINGS BANK,5/19/1938,,FAILURE,PO,186.0,163.0
,0,CITIZENS STATE BANK OF ANDOVER,5/17/1938,,FAILURE,PO,78.0,48.0
,0,SUSSEX STATE BANK,5/14/1938,,FAILURE,P&A,,290.0
,0,STATE BANK OF IRENE,4/25/1938,,FAILURE,PO,176.0,142.0
,0,CAROLINE STATE BANK,4/20/1938,,FAILURE,PO,168.0,134.0
,0,BANK OF HUMBOLDT,4/19/1938,,FAILURE,PO,194.0,131.0
,0,FIRST STATE BANK,4/19/1938,,FAILURE,PO,186.0,144.0
,0,FIRST STATE BANK OF IPSWICH,4/12/1938,,FAILURE,PO,210.0,184.0
,0,CAMDEN SAFE DEPOSIT & TRUST COMPANY,4/11/1938,,FAILURE,P&A,,22564.0
,0,WEST JERSEY TRUST COMPANY,4/11/1938,,FAILURE,P&A,,8985.0
,0,THE FIRST STATE BANK,4/9/1938,,FAILURE,PO,117.0,83.0
,0,THE CITY NATIONAL BANK OF HARRISBURG,4/9/1938,,FAILURE,P&A,,2795.0
,0,BANK OF ELLENBORO,4/9/1938,,FAILURE,P&A,,54.0
,0,MARGATE TRUST COMPANY,4/2/1938,,FAILURE,PO,702.0,367.0
,0,MERCHANTS' AND MECHANICS' SAVINGS BANK OF NORFOLK,3/26/1938,,FAILURE,P&A,,2941.0
,0,THE BORDEN STATE BANK,3/18/1938,,FAILURE,PO,165.0,135.0
,0,FIRST STATE BANK,3/14/1938,,FAILURE,PO,212.0,142.0
,0,HOME SAVINGS BANK,3/5/1938,,FAILURE,P&A,,1246.0
,0,"BANK OF NORTHAMPTON, INCORPORATED",3/3/1938,,FAILURE,P&A,,300.0
,0,CITIZENS STATE BANK,3/2/1938,,FAILURE,PO,118.0,94.0
,0,STATE BANK OF SURPRISE,2/28/1938,,FAILURE,PO,65.0,56.0
,0,FARMERS BANK OF BLACKBURN,2/17/1938,,FAILURE,PO,79.0,51.0
,0,THE FIRST NATIONAL BANK OF PURDON,2/12/1938,,FAILURE,PO,63.0,36.0
,0,BANK OF STRAFFORD,2/10/1938,,FAILURE,PO,136.0,122.0
,0,PEOPLES BANK & TRUST COMPANY,2/10/1938,,FAILURE,P&A,,123.0
,0,THE BRIGGSDALE STATE BANK,2/10/1938,,FAILURE,PO,14.0,8.0
,0,BANK OF MARION,2/7/1938,,FAILURE,PO,639.0,554.0
,0,FARMERS SECURITY BANK,2/1/1938,,FAILURE,PO,213.0,186.0
,0,THE FIRST STATE BANK OF LATHROP,2/1/1938,,FAILURE,PO,163.0,125.0
,0,POLLOCK STATE BANK,2/1/1938,,FAILURE,PO,103.0,56.0
,0,THE BANK OF FREMONT,1/29/1938,,FAILURE,P&A,,341.0
,0,THE TROUT CREEK STATE BANK,1/28/1938,,FAILURE,PO,46.0,22.0
,0,BELLEVILLE BANK & TRUST COMPANY,1/26/1938,,FAILURE,P&A,,2795.0
,0,THE WOODMAN STATE BANK,1/22/1938,,FAILURE,P&A,,152.0
,0,FIRST STATE BANK OF WOLSEY,1/21/1938,,FAILURE,PO,123.0,90.0
,0,BANK OF DECATUR,1/19/1938,,FAILURE,PO,97.0,84.0
,0,WORTHVILLE DEPOSIT BANK,1/11/1938,,FAILURE,PO,141.0,116.0
,0,FIRST NAT BK & TR CO. OF MANHASSET,12/20/1937,,FAILURE,P&A,,1214.0
,0,BIG FALLS STATE BANK,12/17/1937,,FAILURE,PO,103.0,85.0
,0,NEVADA TRUST COMPANY,12/2/1937,,FAILURE,PO,242.0,189.0
,0,PEOPLES UNITED BANK,12/2/1937,,FAILURE,P&A,,162.0
,0,STERLING STATE BANK,11/30/1937,,FAILURE,PO,121.0,84.0
,0,LOGANVILLE STATE BANK,11/27/1937,,FAILURE,P&A,,489.0
,0,FIRST STATE BANK OF COBDEN,11/24/1937,,FAILURE,P&A,,52.0
,0,BANK OF SWIFTON,11/19/1937,,FAILURE,PO,208.0,157.0
,0,COMMERCIAL BANK & TRUST COMPANY,11/4/1937,,FAILURE,PO,853.0,733.0
,0,FIRST STATE BANK,11/1/1937,,FAILURE,PO,80.0,52.0
,0,BANK OF ALBA,11/1/1937,,FAILURE,PO,97.0,79.0
,0,FARMERS & MERCHANTS BANK OF ELGIN,10/30/1937,,FAILURE,PO,57.0,35.0
,0,CARTER COUNTY COMMERCIAL BANK,10/30/1937,,FAILURE,PO,139.0,109.0
,0,FIRST STATE BANK,10/29/1937,,FAILURE,PO,425.0,391.0
,0,FARMERS STATE BANK,10/23/1937,,FAILURE,PO,100.0,72.0
,0,THE LITTLE FERRY NATIONAL BANK,10/22/1937,,FAILURE,P&A,,744.0
,0,THE NESCOPECK NATIONAL BANK,10/22/1937,,FAILURE,PO,397.0,329.0
,0,THE FIRST NATIONAL BANK IN BURLINGTON,10/20/1937,,FAILURE,P&A,,3594.0
,0,STATE BANK OF MUNDELEIN,10/18/1937,,FAILURE,P&A,,522.0
,0,FARMERS STATE BANK OF CARLISLE,10/7/1937,,FAILURE,PO,99.0,82.0
,0,THE FIRST NATIONAL BANK OF PERTH AMBOY,10/2/1937,,FAILURE,P&A,,3660.0
,0,PERTH AMBOY TRUST COMPANY,10/2/1937,,FAILURE,PO,2899.0,1344.0
,0,THE RARITAN TRUST COMPANY,10/2/1937,,FAILURE,PO,707.0,365.0
,0,RINGGOLD STATE BANK,10/1/1937,,FAILURE,PO,92.0,51.0
,0,THE FIRST NATIONAL BANK OF LOVELADY,10/1/1937,,FAILURE,P&A,,78.0
,0,WESTWOOD TRUST COMPANY,9/30/1937,,FAILURE,P&A,,648.0
,0,BURT STATE BANK,9/25/1937,,FAILURE,PO,63.0,39.0
,0,THE BANK OF GALENA,9/14/1937,,FAILURE,PO,93.0,76.0
,0,STONEHAM TRUST COMPANY,9/11/1937,,FAILURE,P&A,,809.0
,0,ROANOKE STATE BANK,9/8/1937,,FAILURE,PO,265.0,280.0
,0,FARMERS BANK & TRUST COMPANY,8/31/1937,,FAILURE,PO,1262.0,1361.0
,0,FARMERS AND MERCHANTS BANK,8/21/1937,,FAILURE,P&A,,159.0
,0,THE FORT GREENE NATIONAL BANK IN NEW YORK,8/14/1937,,FAILURE,PO,2379.0,1987.0
,0,THE FIRST NATIONAL BANK OF ALBERTVILLE,8/12/1937,,FAILURE,P&A,,428.0
,0,THE BANK OF NOEL,8/11/1937,,FAILURE,PO,135.0,108.0
,0,KOCHAN BANKING COMPANY,8/5/1937,,FAILURE,P&A,,173.0
,0,FIRST BANK & TRUST COMPANY OF HAMILTON,7/24/1937,,FAILURE,PO,698.0,544.0
,0,MICHIGAN CITY TRUST & SAVINGS BANK,7/20/1937,,FAILURE,P&A,,983.0
,0,"PEOPLES BANK OF BLOXOM, INC.",7/19/1937,,FAILURE,PO,101.0,63.0
,0,FARMERS & MERCHANTS BANK,7/17/1937,,FAILURE,PO,264.0,189.0
,0,CHATTOOGA COUNTY BANK,7/13/1937,,FAILURE,PO,265.0,205.0
,0,FARMERS STATE BANK OF BAINVILLE,7/13/1937,,FAILURE,PO,104.0,54.0
,0,BANK OF ANUTT,7/12/1937,,FAILURE,P&A,,33.0
,0,BANK OF STURGIS,7/3/1937,,FAILURE,PO,246.0,213.0
,0,AMERICAN BANK,7/3/1937,,FAILURE,P&A,,206.0
,0,THE TAYLOR NATIONAL BANK OF CAMPBELLSVILLE,6/30/1937,,FAILURE,PO,1651.0,914.0
,0,FIRST STATE BANK OF SOUTH SAN ANTONIO,6/29/1937,,FAILURE,PO,514.0,490.0
,0,GHENT DEPOSIT BANK,6/26/1937,,FAILURE,PO,223.0,189.0
,0,AMITE RIVER BANK,6/23/1937,,FAILURE,PO,308.0,248.0
,0,HARDIN TRUST COMPANY,6/18/1937,,FAILURE,PO,259.0,225.0
,0,THE STATE BANK OF MARCELLUS,6/17/1937,,FAILURE,PO,95.0,64.0
,0,UNION STATE BANK AND TRUST COMPANY,6/16/1937,,FAILURE,PO,359.0,302.0
,0,THE FIRST NATIONAL BANK OF PUKWANA,6/16/1937,,FAILURE,P&A,,127.0
,0,THE ROMNEY BANK,6/15/1937,,FAILURE,PO,64.0,56.0
,0,COLOMA STATE BANK,6/14/1937,,FAILURE,PO,94.0,79.0
,0,THE FIRST NATIONAL BANK OF MAHANOY CITY,6/5/1937,,FAILURE,P&A,,2060.0
,0,CARROLL EXCHANGE BANK,5/29/1937,,FAILURE,P&A,,787.0
,0,THE FARMERS NATIONAL BANK OF GRAYVILLE,5/27/1937,,FAILURE,P&A,,258.0
,0,FARMERS & MERCHANTS TRUST BANK,5/22/1937,,FAILURE,P&A,,844.0
,0,THE CITIZENS BANK,5/1/1937,,FAILURE,PO,157.0,141.0
,0,ST. ONGE STATE BANK,4/30/1937,,FAILURE,PO,81.0,61.0
,0,WHITEWOOD BANKING COMPANY,4/29/1937,,FAILURE,PO,124.0,88.0
,0,BANK OF EUREKA,4/23/1937,,FAILURE,PO,70.0,57.0
,0,ROBBINS BANK & TRUST COMPANY,4/15/1937,,FAILURE,P&A,,29.0
,0,FIRST STATE BANK,4/12/1937,,FAILURE,PO,719.0,720.0
,0,TEXAS STATE BANK AND TRUST COMPANY,4/8/1937,,FAILURE,PO,628.0,419.0
,0,FIRST INTERNATIONAL BANK,4/3/1937,,FAILURE,PO,192.0,139.0
,0,RIO STATE BANK,3/26/1937,,FAILURE,PO,384.0,329.0
,0,THE CITIZENS STATE BANK OF LEBANON,2/20/1937,,FAILURE,PO,154.0,112.0
,0,THE FIRST NATIONAL BANK OF ISMAY,2/20/1937,,FAILURE,P&A,,83.0
,0,FARMERS STATE BANK,2/18/1937,,FAILURE,PO,205.0,164.0
,0,AKASKA STATE BANK,2/18/1937,,FAILURE,PO,92.0,62.0
,0,FARMERS BANK OF TRENTON,2/10/1937,,FAILURE,PO,335.0,323.0
,0,SARGENT COUNTY BANK,1/14/1937,,FAILURE,P&A,,154.0
,0,BANK OF HOUGHTON,1/12/1937,,FAILURE,PO,82.0,50.0
,0,CENTRAL STATE BANK OF SHERMAN,12/31/1936,,FAILURE,PO,312.0,219.0
,0,THE CUMMINGS STATE BANK,12/21/1936,,FAILURE,P&A,,30.0
,0,RESERVATION STATE BANK,12/21/1936,,FAILURE,P&A,,78.0
,0,FIRST STATE BANK OF MAX,12/21/1936,,FAILURE,P&A,,100.0
,0,FIRST STATE BANK OF POWERS LAKE,12/21/1936,,FAILURE,P&A,,76.0
,0,BANK OF BERTHOLD,12/21/1936,,FAILURE,P&A,,84.0
,0,FIRST STATE BANK,12/21/1936,,FAILURE,P&A,,43.0
,0,NORTHERN AND DAKOTA TRUST COMPANY,12/19/1936,,FAILURE,P&A,,479.0
,0,FIRST INTERNATIONAL BANK,12/19/1936,,FAILURE,P&A,,360.0
,0,THE FIRST INTERNATIONAL BANK OF WILLISTON,12/19/1936,,FAILURE,P&A,,763.0
,0,THE FIRST NATIONAL BANK OF CENTERVILLE,12/18/1936,,FAILURE,PO,569.0,506.0
,0,THE FIRST STATE BANK OF LIGNITE,12/12/1936,,FAILURE,PO,83.0,46.0
,0,THE UNION STATE BANK,12/7/1936,,FAILURE,PO,248.0,207.0
,0,THE BREWSTER STATE BANK,12/7/1936,,FAILURE,P&A,,75.0
,0,CITIZENS STATE BANK,12/5/1936,,FAILURE,PO,350.0,297.0
,0,SCOTTSBURG STATE BANK,12/5/1936,,FAILURE,PO,563.0,491.0
,0,BANK OF CAMBRIA,12/1/1936,,FAILURE,P&A,,317.0
,0,THE UNION BANK,10/27/1936,,FAILURE,PO,1906.0,1992.0
,0,DESOTO BANK AND TRUST COMPANY,10/9/1936,,FAILURE,PO,1169.0,996.0
,0,STOVER BANK,10/3/1936,,FAILURE,P&A,,153.0
,0,FARMERS STATE BANK,9/17/1936,,FAILURE,PO,70.0,52.0
,0,SECURITY BANK,9/15/1936,,FAILURE,P&A,,149.0
,0,THE WELLSVILLE BANK,9/12/1936,,FAILURE,PO,325.0,290.0
,0,COMMERCIAL BANK OF STANBERRY,8/31/1936,,FAILURE,PO,173.0,128.0
,0,DURHAM STATE BANK,8/22/1936,,FAILURE,P&A,,124.0
,0,BANK OF MAGNOLIA,8/14/1936,,FAILURE,PO,70.0,58.0
,0,CUMBERLAND BANK,8/14/1936,,FAILURE,PO,87.0,71.0
,0,THE EAST HAMPTON BANK & TRUST CO.,7/16/1936,,FAILURE,PO,1233.0,1050.0
,0,D'AURIA BANK & TRUST COMPANY,7/15/1936,,FAILURE,PO,1245.0,1118.0
,0,THE STATE BANK OF SARCOXIE,7/11/1936,,FAILURE,P&A,,99.0
,0,FARMERS STATE BANK,7/10/1936,,FAILURE,PO,80.0,55.0
,0,WALTON EQUITABLE BANK,7/3/1936,,FAILURE,P&A,,235.0
,0,CENTRAL BANK AND TRUST COMPANY,6/29/1936,,FAILURE,P&A,,361.0
,0,THE PEOPLES STATE BANK OF FLAT ROCK,6/17/1936,,FAILURE,P&A,,61.0
,0,COMMUNITY BANK,6/5/1936,,FAILURE,PO,75.0,50.0
,0,THE CHRISTIAN COUNTY BANK,6/5/1936,,FAILURE,PO,339.0,297.0
,0,HOLTON STATE BANK,5/28/1936,,FAILURE,PO,204.0,171.0
,0,WEST MONROE STATE BANK,5/23/1936,,FAILURE,PO,520.0,410.0
,0,KOSHKONONG STATE BANK,5/23/1936,,FAILURE,P&A,,48.0
,0,FARMERS BANK OF NEW TRUXTON,5/14/1936,,FAILURE,PO,71.0,53.0
,0,FORD CITY STATE BANK,5/13/1936,,FAILURE,PO,62.0,50.0
,0,GROWERS EXCHANGE BANK,5/9/1936,,FAILURE,PO,53.0,43.0
,0,GUARANTY BOND STATE BANK,4/23/1936,,FAILURE,PO,202.0,103.0
,0,NORBORNE TRUST COMPANY,4/22/1936,,FAILURE,P&A,,121.0
,0,FARMERS & MERCHANTS BANK,4/21/1936,,FAILURE,PO,128.0,89.0
,0,HARDIN BANK,4/18/1936,,FAILURE,PO,72.0,53.0
,0,CROSS PLAINS BANK,4/10/1936,,FAILURE,PO,50.0,32.0
,0,LELAND COOPERATIVE BANK,3/31/1936,,FAILURE,PO,150.0,155.0
,0,BANK OF HOLCOMB,3/31/1936,,FAILURE,PO,23.0,11.0
,0,THE EARL PARK STATE BANK,3/28/1936,,FAILURE,PO,181.0,134.0
,0,CLIFTON STATE BANK,3/27/1936,,FAILURE,PO,30.0,22.0
,0,DONELSON BANK & TRUST CO.,3/25/1936,,FAILURE,P&A,,131.0
,0,THE FARMERS STATE BANK,3/24/1936,,FAILURE,P&A,,71.0
,0,BENJAMIN STATE BANK,3/18/1936,,FAILURE,PO,254.0,181.0
,0,FARMERS STATE BANK,3/18/1936,,FAILURE,PO,56.0,59.0
,0,CITIZENS BANK OF BOSWORTH,3/18/1936,,FAILURE,P&A,,80.0
,0,FARMERS AND MERCHANTS BANK OF LINN,3/5/1936,,FAILURE,PO,228.0,198.0
,0,PEOPLES BANK,3/2/1936,,FAILURE,PO,93.0,75.0
,0,FARMERS BANK OF LEONARD,2/27/1936,,FAILURE,PO,69.0,51.0
,0,THE BANK OF HIGH HILL,2/20/1936,,FAILURE,PO,106.0,93.0
,0,COLUMBIA STATE BANK,2/18/1936,,FAILURE,PO,906.0,775.0
,0,MERCHANTS AND FARMERS BANK,2/17/1936,,FAILURE,PO,213.0,142.0
,0,FARMERS & MECHANICS BANK,2/15/1936,,FAILURE,P&A,,3734.0
,0,THE ANN ARBOR SAVINGS BANK,2/15/1936,,FAILURE,P&A,,6758.0
,0,THE FIRST NATIONAL BANK & TRUST CO.,2/15/1936,,FAILURE,P&A,,1729.0
,0,PEOPLES BANK,2/5/1936,,FAILURE,PO,186.0,143.0
,0,THE FIRST NATIONAL BANK OF CLINTON,2/1/1936,,FAILURE,P&A,,437.0
,0,FARMERS & MERCHANTS BANK,2/1/1936,,FAILURE,PO,14.0,5.0
,0,CITIZENS BANK OF ERWIN,1/10/1936,,FAILURE,PO,159.0,95.0
,0,THE FARMERS BANK,12/16/1935,,FAILURE,PO,55.0,37.0
,0,LIVINGSTON STATE BANK,12/14/1935,,FAILURE,PO,91.0,72.0
,0,FRIENDSHIP STATE BANK,12/7/1935,,FAILURE,PO,147.0,125.0
,0,FARMERS BANK OF CHARLTON COUNTY,12/5/1935,,FAILURE,PO,287.0,229.0
,0,BANK OF LINDEN,11/27/1935,,FAILURE,PO,224.0,188.0
,0,LENNON STATE BANK,11/26/1935,,FAILURE,PO,79.0,74.0
,0,PRESIDIO VALLEY BANK,11/18/1935,,FAILURE,PO,73.0,49.0
,0,E. P. WILBUR TRUST COMPANY,11/16/1935,,FAILURE,P&A,,4357.0
,0,BUNA STATE BANK,10/23/1935,,FAILURE,PO,47.0,29.0
,0,THE COMMERCIAL NATIONAL BANK OF BRADFORD,9/28/1935,,FAILURE,PO,5162.0,4621.0
,0,THE FARMERS NATIONAL BANK OF SARDINIA,7/24/1935,,FAILURE,PO,308.0,261.0
,0,MERCHANTS & FARMERS BANK,7/22/1935,,FAILURE,PO,227.0,132.0
,0,BANK OF GRANTVILLE,7/20/1935,,FAILURE,PO,91.0,48.0
,0,THE FIRST NATIONAL BANK OF PENDER,6/29/1935,,FAILURE,PO,301.0,195.0
,0,STATE BANK OF SUAMICO,6/24/1935,,FAILURE,PO,161.0,128.0
,0,ANCHOR STATE BANK,6/4/1935,,FAILURE,PO,891.0,718.0
,0,BLUE SPRINGS STATE BANK,6/1/1935,,FAILURE,PO,235.0,234.0
,0,FIRST STATE BANK OF AGRA,5/3/1935,,FAILURE,PO,129.0,96.0
,0,THE FARMERS BANK,5/2/1935,,FAILURE,PO,166.0,108.0
,0,THE STATE BANK OF MILFORD,4/10/1935,,FAILURE,PO,118.0,87.0
,0,GUARANTY STATE BANK,4/4/1935,,FAILURE,PO,264.0,176.0
,0,THE FIRST STATE BANK,3/25/1935,,FAILURE,PO,427.0,303.0
,0,PALMETTO STATE BANK,3/9/1935,,FAILURE,PO,149.0,136.0
,0,THE NATIONAL BANK OF HERNDON,1/9/1935,,FAILURE,PO,387.0,384.0
,0,CLIFFSIDE PARK TITLE GUARANTEE & TRUST CO.,1/3/1935,,FAILURE,PO,2305.0,590.0
,0,THE STATE BANK,11/16/1934,,FAILURE,PO,195.0,170.0
,0,PICKENS COUNTY BANK,10/13/1934,,FAILURE,PO,243.0,210.0
,0,FARMERS & TRADERS BANK,10/11/1934,,FAILURE,PO,46.0,32.0
,0,FARMERS STATE BANK OF BONGARDS,9/13/1934,,FAILURE,PO,91.0,73.0
,0,BANK OF LEWISPORT,8/6/1934,,FAILURE,PO,81.0,68.0
,0,FIRST NATIONAL BANK OF LIMA,7/18/1934,,FAILURE,PO,91.0,42.0
,0,FLORENCE DEPOSIT BANK,7/18/1934,,FAILURE,PO,105.0,69.0
,0,FON DU LAC STATE BANK,5/28/1934,,FAILURE,PO,374.0,238.0
,0,BANK OF AMERICA TRUST CO.,4/19/1934,,FAILURE,PO,1435.0,1064.0
