cik,accession_number,official_filing_date,official_form_type,official_report_date,official_raw_path,filing_date,form_type,source_shard,_merge,date_match,form_match
0000001800,0001047469-18-000856,2018-02-16,10-K,2017-12-31,<archived-record-root>/...,2018-02-16,10-K,data/train-00004-of-00020.parquet,both,True,True
0000001800,0001047469-17-000744,2017-02-17,10-K,2016-12-31,<archived-record-root>/...,2017-02-17,10-K,data/train-00011-of-00020.parquet,both,True,True
0000001800,0001047469-16-010246,2016-02-19,10-K,2015-12-31,<archived-record-root>/...,2016-02-19,10-K,data/train-00016-of-00020.parquet,both,True,True
0000001800,0001047469-15-001377,2015-02-27,10-K,2014-12-31,<archived-record-root>/...,2015-02-27,10-K,data/train-00008-of-00020.parquet,both,True,True
0000001800,0001047469-14-001176,2014-02-21,10-K,2013-12-31,<archived-record-root>/...,2014-02-21,10-K,data/train-00000-of-00020.parquet,both,True,True
0000001800,0001047469-13-001180,2013-02-15,10-K,2012-12-31,<archived-record-root>/...,2013-02-15,10-K,data/train-00001-of-00020.parquet,both,True,True
0000001800,0001047469-12-001216,2012-02-21,10-K,2011-12-31,<archived-record-root>/...,2012-02-21,10-K,data/train-00001-of-00020.parquet,both,True,True
0000001800,0001047469-11-001056,2011-02-18,10-K,2010-12-31,<archived-record-root>/...,2011-02-18,10-K,data/train-00003-of-00020.parquet,both,True,True
0000001800,0001047469-10-001018,2010-02-19,10-K,2009-12-31,<archived-record-root>/...,2010-02-19,10-K,data/train-00009-of-00020.parquet,both,True,True
0000001800,0001104659-21-025751,2021-02-19,10-K,2020-12-31,<archived-record-root>/...,2021-02-19,10-K,data/train-00018-of-00020.parquet,both,True,True
0000001800,0001104659-20-023904,2020-02-21,10-K,2019-12-31,<archived-record-root>/...,2020-02-21,10-K,data/train-00003-of-00020.parquet,both,True,True
0000001800,0001047469-19-000624,2019-02-22,10-K,2018-12-31,<archived-record-root>/...,2019-02-22,10-K,data/train-00013-of-00020.parquet,both,True,True
0000002488,0000002488-17-000043,2017-02-21,10-K,2016-12-31,<archived-record-root>/...,2017-02-21,10-K,data/train-00011-of-00020.parquet,both,True,True
0000002488,0000002488-16-000111,2016-02-18,10-K,2015-12-26,<archived-record-root>/...,2016-02-18,10-K,data/train-00016-of-00020.parquet,both,True,True
0000002488,0001193125-15-054362,2015-02-19,10-K,2014-12-27,<archived-record-root>/...,2015-02-19,10-K,data/train-00008-of-00020.parquet,both,True,True
0000002488,0001193125-14-057240,2014-02-18,10-K,2013-12-28,<archived-record-root>/...,2014-02-18,10-K,data/train-00000-of-00020.parquet,both,True,True
0000002488,0001193125-13-069422,2013-02-21,10-K,2012-12-29,<archived-record-root>/...,2013-02-21,10-K,data/train-00001-of-00020.parquet,both,True,True
0000002488,0001193125-12-075837,2012-02-24,10-K,2011-12-31,<archived-record-root>/...,2012-02-24,10-K,data/train-00001-of-00020.parquet,both,True,True
0000002488,0001193125-11-040392,2011-02-18,10-K,2010-12-25,<archived-record-root>/...,2011-02-18,10-K,data/train-00003-of-00020.parquet,both,True,True
0000002488,0001193125-10-035218,2010-02-19,10-K,2009-12-26,<archived-record-root>/...,2010-02-19,10-K,data/train-00009-of-00020.parquet,both,True,True
0000002488,0001628280-21-001185,2021-01-29,10-K,2020-12-26,<archived-record-root>/...,2021-01-29,10-K,data/train-00018-of-00020.parquet,both,True,True
0000002488,0000002488-20-000008,2020-02-04,10-K,2019-12-28,<archived-record-root>/...,2020-02-04,10-K,data/train-00003-of-00020.parquet,both,True,True
0000002488,0000002488-19-000011,2019-02-08,10-K,2018-12-29,<archived-record-root>/...,2019-02-08,10-K,data/train-00013-of-00020.parquet,both,True,True
0000002488,0000002488-18-000042,2018-02-27,10-K,2017-12-30,<archived-record-root>/...,2018-02-27,10-K,data/train-00004-of-00020.parquet,both,True,True
0000002969,0001193125-15-386399,2015-11-24,10-K,2015-09-30,<archived-record-root>/...,2015-11-24,10-K,data/train-00002-of-00020.parquet,both,True,True
0000002969,0001193125-14-423115,2014-11-24,10-K,2014-09-30,<archived-record-root>/...,2014-11-24,10-K,data/train-00004-of-00020.parquet,both,True,True
0000002969,0001193125-13-453925,2013-11-26,10-K,2013-09-30,<archived-record-root>/...,2013-11-26,10-K,data/train-00003-of-00020.parquet,both,True,True
0000002969,0001193125-12-476878,2012-11-20,10-K,2012-09-30,<archived-record-root>/...,2012-11-20,10-K,data/train-00000-of-00020.parquet,both,True,True
0000002969,0001193125-11-319887,2011-11-22,10-K,2011-09-30,<archived-record-root>/...,2011-11-22,10-K,data/train-00005-of-00020.parquet,both,True,True
0000002969,0001193125-10-266784,2010-11-23,10-K,2010-09-30,<archived-record-root>/...,2010-11-23,10-K,data/train-00015-of-00020.parquet,both,True,True
0000002969,0000002969-21-000055,2021-11-18,10-K,2021-09-30,<archived-record-root>/...,2021-11-18,10-K,data/train-00019-of-00020.parquet,both,True,True
0000002969,0000002969-20-000049,2020-11-19,10-K,2020-09-30,<archived-record-root>/...,2020-11-19,10-K,data/train-00010-of-00020.parquet,both,True,True
0000002969,0000002969-19-000051,2019-11-26,10-K,2019-09-30,<archived-record-root>/...,2019-11-26,10-K,data/train-00004-of-00020.parquet,both,True,True
0000002969,0000002969-18-000044,2018-11-20,10-K,2018-09-30,<archived-record-root>/...,2018-11-20,10-K,data/train-00009-of-00020.parquet,both,True,True
0000002969,0000002969-17-000039,2017-11-16,10-K,2017-09-30,<archived-record-root>/...,2017-11-16,10-K,data/train-00006-of-00020.parquet,both,True,True
0000002969,0001193125-16-773346,2016-11-21,10-K,2016-09-30,<archived-record-root>/...,2016-11-21,10-K,data/train-00005-of-00020.parquet,both,True,True
0000004127,0000004127-13-000056,2013-11-18,10-K,2013-09-27,<archived-record-root>/...,2013-11-18,10-K,data/train-00003-of-00020.parquet,both,True,True
0000004127,0000004127-12-000042,2012-11-21,10-K,2012-09-28,<archived-record-root>/...,2012-11-21,10-K,data/train-00000-of-00020.parquet,both,True,True
0000004127,0000004127-11-000015,2011-11-28,10-K,2011-09-30,<archived-record-root>/...,2011-11-28,10-K,data/train-00005-of-00020.parquet,both,True,True
0000004127,0000950123-10-109435,2010-11-29,10-K,2010-10-01,<archived-record-root>/...,2010-11-29,10-K,data/train-00015-of-00020.parquet,both,True,True
0000004127,0000004127-21-000058,2021-11-24,10-K,2021-10-01,<archived-record-root>/...,2021-11-24,10-K,data/train-00019-of-00020.parquet,both,True,True
0000004127,0000004127-20-000058,2020-11-17,10-K,2020-10-02,<archived-record-root>/...,2020-11-17,10-K,data/train-00010-of-00020.parquet,both,True,True
0000004127,0000004127-19-000049,2019-11-14,10-K,2019-09-27,<archived-record-root>/...,2019-11-14,10-K,data/train-00004-of-00020.parquet,both,True,True
0000004127,0000004127-18-000046,2018-11-15,10-K,2018-09-28,<archived-record-root>/...,2018-11-15,10-K,data/train-00009-of-00020.parquet,both,True,True
0000004127,0000004127-17-000033,2017-11-13,10-K,2017-09-29,<archived-record-root>/...,2017-11-13,10-K,data/train-00006-of-00020.parquet,both,True,True
0000004127,0000004127-16-000068,2016-11-22,10-K,2016-09-30,<archived-record-root>/...,2016-11-22,10-K,data/train-00005-of-00020.parquet,both,True,True
0000004127,0000004127-15-000037,2015-11-24,10-K,2015-10-02,<archived-record-root>/...,2015-11-24,10-K,data/train-00002-of-00020.parquet,both,True,True
0000004127,0000004127-14-000046,2014-11-25,10-K,2014-10-03,<archived-record-root>/...,2014-11-25,10-K,data/train-00004-of-00020.parquet,both,True,True
0000005981,0001193125-10-052341,2010-03-10,10-K,2009-12-31,<archived-record-root>/...,2010-03-10,10-K,data/train-00009-of-00020.parquet,both,True,True
0000005981,0001564590-21-017113,2021-03-31,10-K,2020-12-31,<archived-record-root>/...,2021-03-31,10-K,data/train-00018-of-00020.parquet,both,True,True
0000005981,0001564590-20-009724,2020-03-10,10-K,2019-12-31,<archived-record-root>/...,2020-03-10,10-K,data/train-00003-of-00020.parquet,both,True,True
0000005981,0001564590-19-007329,2019-03-12,10-K,2018-12-31,<archived-record-root>/...,2019-03-12,10-K,data/train-00013-of-00020.parquet,both,True,True
0000005981,0001564590-18-005662,2018-03-14,10-K,2017-12-31,<archived-record-root>/...,2018-03-14,10-K,data/train-00004-of-00020.parquet,both,True,True
0000005981,0001564590-17-003513,2017-03-07,10-K,2016-12-31,<archived-record-root>/...,2017-03-07,10-K,data/train-00011-of-00020.parquet,both,True,True
0000005981,0001193125-16-488588,2016-03-02,10-K,2015-12-31,<archived-record-root>/...,2016-03-02,10-K,data/train-00016-of-00020.parquet,both,True,True
0000005981,0001193125-15-069176,2015-02-27,10-K,2014-12-31,<archived-record-root>/...,2015-02-27,10-K,data/train-00008-of-00020.parquet,both,True,True
0000005981,0001193125-14-077597,2014-02-28,10-K,2013-12-31,<archived-record-root>/...,2014-02-28,10-K,data/train-00000-of-00020.parquet,both,True,True
0000005981,0001193125-13-087788,2013-03-01,10-K,2012-12-31,<archived-record-root>/...,2013-03-01,10-K,data/train-00001-of-00020.parquet,both,True,True
0000005981,0001193125-12-106666,2012-03-09,10-K,2011-12-31,<archived-record-root>/...,2012-03-09,10-K,data/train-00001-of-00020.parquet,both,True,True
0000005981,0001193125-11-062341,2011-03-10,10-K,2010-12-31,<archived-record-root>/...,2011-03-10,10-K,data/train-00003-of-00020.parquet,both,True,True
0000006281,0000006281-17-000144,2017-11-22,10-K,2017-10-28,<archived-record-root>/...,2017-11-22,10-K,data/train-00006-of-00020.parquet,both,True,True
0000006281,0000006281-16-000097,2016-11-22,10-K,2016-10-29,<archived-record-root>/...,2016-11-22,10-K,data/train-00005-of-00020.parquet,both,True,True
0000006281,0000006281-15-000044,2015-11-24,10-K,2015-10-31,<archived-record-root>/...,2015-11-24,10-K,data/train-00002-of-00020.parquet,both,True,True
0000006281,0000006281-14-000039,2014-12-10,10-K,2014-11-01,<archived-record-root>/...,2014-12-10,10-K,data/train-00004-of-00020.parquet,both,True,True
0000006281,0000006281-13-000040,2013-11-26,10-K,2013-11-02,<archived-record-root>/...,2013-11-26,10-K,data/train-00003-of-00020.parquet,both,True,True
0000006281,0000006281-12-000010,2012-11-27,10-K,2012-11-03,<archived-record-root>/...,2012-11-27,10-K,data/train-00000-of-00020.parquet,both,True,True
0000006281,0000950123-11-099928,2011-11-22,10-K,2011-10-29,<archived-record-root>/...,2011-11-22,10-K,data/train-00005-of-00020.parquet,both,True,True
0000006281,0000950123-10-107816,2010-11-22,10-K,2010-10-30,<archived-record-root>/...,2010-11-22,10-K,data/train-00015-of-00020.parquet,both,True,True
0000006281,0000006281-21-000294,2021-12-03,10-K,2021-10-30,<archived-record-root>/...,2021-12-03,10-K,data/train-00019-of-00020.parquet,both,True,True
0000006281,0000006281-20-000156,2020-11-24,10-K,2020-10-31,<archived-record-root>/...,2020-11-24,10-K,data/train-00010-of-00020.parquet,both,True,True
0000006281,0000006281-19-000144,2019-11-26,10-K,2019-11-02,<archived-record-root>/...,2019-11-26,10-K,data/train-00004-of-00020.parquet,both,True,True
0000006281,0000006281-18-000126,2018-11-27,10-K,2018-11-03,<archived-record-root>/...,2018-11-27,10-K,data/train-00009-of-00020.parquet,both,True,True
0000006951,0000006951-12-000018,2012-12-05,10-K,2012-10-28,<archived-record-root>/...,2012-12-05,10-K,data/train-00000-of-00020.parquet,both,True,True
0000006951,0001193125-11-332050,2011-12-06,10-K,2011-10-30,<archived-record-root>/...,2011-12-06,10-K,data/train-00005-of-00020.parquet,both,True,True
0000006951,0000950123-10-112754,2010-12-10,10-K,2010-10-31,<archived-record-root>/...,2010-12-10,10-K,data/train-00015-of-00020.parquet,both,True,True
0000006951,0000006951-21-000043,2021-12-17,10-K,2021-10-31,<archived-record-root>/...,2021-12-17,10-K,data/train-00019-of-00020.parquet,both,True,True
0000006951,0000006951-20-000048,2020-12-11,10-K,2020-10-25,<archived-record-root>/...,2020-12-11,10-K,data/train-00010-of-00020.parquet,both,True,True
0000006951,0000006951-19-000046,2019-12-13,10-K,2019-10-27,<archived-record-root>/...,2019-12-13,10-K,data/train-00004-of-00020.parquet,both,True,True
0000006951,0000006951-18-000041,2018-12-13,10-K,2018-10-28,<archived-record-root>/...,2018-12-13,10-K,data/train-00009-of-00020.parquet,both,True,True
0000006951,0000006951-17-000038,2017-12-15,10-K,2017-10-29,<archived-record-root>/...,2017-12-15,10-K,data/train-00006-of-00020.parquet,both,True,True
0000006951,0000006951-16-000068,2016-12-15,10-K,2016-10-30,<archived-record-root>/...,2016-12-15,10-K,data/train-00005-of-00020.parquet,both,True,True
0000006951,0000006951-15-000034,2015-12-09,10-K,2015-10-25,<archived-record-root>/...,2015-12-09,10-K,data/train-00002-of-00020.parquet,both,True,True
0000006951,0000006951-14-000037,2014-12-17,10-K,2014-10-26,<archived-record-root>/...,2014-12-17,10-K,data/train-00004-of-00020.parquet,both,True,True
0000006951,0000006951-13-000044,2013-12-04,10-K,2013-10-27,<archived-record-root>/...,2013-12-04,10-K,data/train-00003-of-00020.parquet,both,True,True
0000007431,0000950123-11-019272,2011-02-28,10-K,2010-12-31,<archived-record-root>/...,2011-02-28,10-K,data/train-00003-of-00020.parquet,both,True,True
0000007431,0000950123-10-018254,2010-02-26,10-K,2009-12-31,<archived-record-root>/...,2010-02-26,10-K,data/train-00009-of-00020.parquet,both,True,True
0000007431,0001564590-21-007297,2021-02-23,10-K,2020-12-31,<archived-record-root>/...,2021-02-23,10-K,data/train-00018-of-00020.parquet,both,True,True
0000007431,0001564590-20-006193,2020-02-25,10-K,2019-12-31,<archived-record-root>/...,2020-02-25,10-K,data/train-00003-of-00020.parquet,both,True,True
0000007431,0001564590-19-003978,2019-02-25,10-K,2018-12-31,<archived-record-root>/...,2019-02-25,10-K,data/train-00013-of-00020.parquet,both,True,True
0000007431,0001564590-18-003128,2018-02-26,10-K,2017-12-31,<archived-record-root>/...,2018-02-26,10-K,data/train-00005-of-00020.parquet,both,True,True
0000007431,0001564590-17-002497,2017-02-27,10-K,2016-12-31,<archived-record-root>/...,2017-02-27,10-K,data/train-00011-of-00020.parquet,both,True,True
0000007431,0001193125-16-470804,2016-02-22,10-K,2015-12-31,<archived-record-root>/...,2016-02-22,10-K,data/train-00016-of-00020.parquet,both,True,True
0000007431,0001193125-15-057190,2015-02-23,10-K,2014-12-31,<archived-record-root>/...,2015-02-23,10-K,data/train-00008-of-00020.parquet,both,True,True
0000007431,0001193125-14-063795,2014-02-24,10-K,2013-12-31,<archived-record-root>/...,2014-02-24,10-K,data/train-00000-of-00020.parquet,both,True,True
0000007431,0001193125-13-078379,2013-02-27,10-K,2012-12-31,<archived-record-root>/...,2013-02-27,10-K,data/train-00001-of-00020.parquet,both,True,True
0000007431,0001193125-12-079973,2012-02-27,10-K,2011-12-31,<archived-record-root>/...,2012-02-27,10-K,data/train-00001-of-00020.parquet,both,True,True
0000009389,0001558370-18-001345,2018-03-01,10-K,2017-12-31,<archived-record-root>/...,2018-03-01,10-K,data/train-00005-of-00020.parquet,both,True,True
0000009389,0001558370-17-001300,2017-03-02,10-K,2016-12-31,<archived-record-root>/...,2017-03-02,10-K,data/train-00011-of-00020.parquet,both,True,True
0000009389,0001104659-16-097390,2016-02-16,10-K,2015-12-31,<archived-record-root>/...,2016-02-16,10-K,data/train-00016-of-00020.parquet,both,True,True
0000009389,0001104659-15-012578,2015-02-20,10-K,2014-12-31,<archived-record-root>/...,2015-02-20,10-K,data/train-00008-of-00020.parquet,both,True,True
0000009389,0001104659-14-012614,2014-02-24,10-K,2013-12-31,<archived-record-root>/...,2014-02-24,10-K,data/train-00000-of-00020.parquet,both,True,True
0000009389,0001104659-13-013165,2013-02-22,10-K,2012-12-31,<archived-record-root>/...,2013-02-22,10-K,data/train-00001-of-00020.parquet,both,True,True
0000009389,0001104659-12-011588,2012-02-22,10-K,2011-12-31,<archived-record-root>/...,2012-02-22,10-K,data/train-00001-of-00020.parquet,both,True,True
0000009389,0000009389-11-000014,2011-02-28,10-K,2010-12-31,<archived-record-root>/...,2011-02-28,10-K,data/train-00003-of-00020.parquet,both,True,True
0000009389,0000009389-10-000007,2010-02-25,10-K,2009-12-31,<archived-record-root>/...,2010-02-25,10-K,data/train-00009-of-00020.parquet,both,True,True
0000009389,0001558370-21-001121,2021-02-17,10-K,2020-12-31,<archived-record-root>/...,2021-02-17,10-K,data/train-00018-of-00020.parquet,both,True,True
0000009389,0001558370-20-001005,2020-02-19,10-K,2019-12-31,<archived-record-root>/...,2020-02-19,10-K,data/train-00003-of-00020.parquet,both,True,True
0000009389,0001558370-19-000909,2019-02-22,10-K,2018-12-31,<archived-record-root>/...,2019-02-22,10-K,data/train-00013-of-00020.parquet,both,True,True
0000010795,0000010795-17-000021,2017-11-22,10-K,2017-09-30,<archived-record-root>/...,2017-11-22,10-K,data/train-00006-of-00020.parquet,both,True,True
0000010795,0001628280-16-021658,2016-11-23,10-K,2016-09-30,<archived-record-root>/...,2016-11-23,10-K,data/train-00005-of-00020.parquet,both,True,True
0000010795,0001628280-15-008984,2015-11-25,10-K,2015-09-30,<archived-record-root>/...,2015-11-25,10-K,data/train-00002-of-00020.parquet,both,True,True
0000010795,0001193125-14-426571,2014-11-26,10-K,2014-09-30,<archived-record-root>/...,2014-11-26,10-K,data/train-00004-of-00020.parquet,both,True,True
0000010795,0001193125-13-456802,2013-11-27,10-K,2013-09-30,<archived-record-root>/...,2013-11-27,10-K,data/train-00003-of-00020.parquet,both,True,True
0000010795,0001193125-12-478705,2012-11-21,10-K,2012-09-30,<archived-record-root>/...,2012-11-21,10-K,data/train-00000-of-00020.parquet,both,True,True
0000010795,0000950123-11-100266,2011-11-23,10-K,2011-09-30,<archived-record-root>/...,2011-11-23,10-K,data/train-00005-of-00020.parquet,both,True,True
0000010795,0000950123-10-108757,2010-11-24,10-K,2010-09-30,<archived-record-root>/...,2010-11-24,10-K,data/train-00014-of-00020.parquet,both,True,True
0000010795,0000010795-21-000091,2021-11-24,10-K,2021-09-30,<archived-record-root>/...,2021-11-24,10-K,data/train-00019-of-00020.parquet,both,True,True
0000010795,0000010795-20-000055,2020-11-25,10-K,2020-09-30,<archived-record-root>/...,2020-11-25,10-K,data/train-00009-of-00020.parquet,both,True,True
0000010795,0000010795-19-000044,2019-11-27,10-K,2019-09-30,<archived-record-root>/...,2019-11-27,10-K,data/train-00003-of-00020.parquet,both,True,True
0000010795,0000010795-18-000036,2018-11-21,10-K,2018-09-30,<archived-record-root>/...,2018-11-21,10-K,data/train-00009-of-00020.parquet,both,True,True
0000012208,0000012208-11-000016,2011-02-28,10-K,2010-12-31,<archived-record-root>/...,2011-02-28,10-K,data/train-00003-of-00020.parquet,both,True,True
0000012208,0000012208-10-000013,2010-02-26,10-K,2009-12-31,<archived-record-root>/...,2010-02-26,10-K,data/train-00009-of-00020.parquet,both,True,True
0000012208,0000012208-21-000012,2021-02-16,10-K,2020-12-31,<archived-record-root>/...,2021-02-16,10-K,data/train-00018-of-00020.parquet,both,True,True
0000012208,0000012208-20-000012,2020-03-02,10-K,2019-12-31,<archived-record-root>/...,2020-03-02,10-K,data/train-00003-of-00020.parquet,both,True,True
0000012208,0000012208-19-000014,2019-04-01,10-K,2018-12-31,<archived-record-root>/...,2019-04-01,10-K,data/train-00008-of-00020.parquet,both,True,True
0000012208,0000012208-18-000014,2018-04-16,10-K,2017-12-31,<archived-record-root>/...,2018-04-16,10-K,data/train-00012-of-00020.parquet,both,True,True
0000012208,0000012208-17-000012,2017-03-01,10-K,2016-12-31,<archived-record-root>/...,2017-03-01,10-K,data/train-00011-of-00020.parquet,both,True,True
0000012208,0000012208-16-000053,2016-02-29,10-K,2015-12-31,<archived-record-root>/...,2016-02-29,10-K,data/train-00016-of-00020.parquet,both,True,True
0000012208,0000012208-15-000012,2015-03-02,10-K,2014-12-31,<archived-record-root>/...,2015-03-02,10-K,data/train-00008-of-00020.parquet,both,True,True
0000012208,0000012208-14-000020,2014-03-18,10-K,2013-12-31,<archived-record-root>/...,2014-03-18,10-K,data/train-00000-of-00020.parquet,both,True,True
0000012208,0000012208-13-000007,2013-03-18,10-K,2012-12-31,<archived-record-root>/...,2013-03-18,10-K,data/train-00000-of-00020.parquet,both,True,True
0000012208,0000012208-12-000008,2012-02-29,10-K,2011-12-31,<archived-record-root>/...,2012-02-29,10-K,data/train-00001-of-00020.parquet,both,True,True
0000012927,0000012927-19-000010,2019-02-08,10-K,2018-12-31,<archived-record-root>/...,2019-02-08,10-K,data/train-00013-of-00020.parquet,both,True,True
0000012927,0000012927-18-000007,2018-02-12,10-K,2017-12-31,<archived-record-root>/...,2018-02-12,10-K,data/train-00004-of-00020.parquet,both,True,True
0000012927,0000012927-17-000006,2017-02-08,10-K,2016-12-31,<archived-record-root>/...,2017-02-08,10-K,data/train-00011-of-00020.parquet,both,True,True
0000012927,0000012927-16-000099,2016-02-10,10-K,2015-12-31,<archived-record-root>/...,2016-02-10,10-K,data/train-00016-of-00020.parquet,both,True,True
0000012927,0000012927-15-000011,2015-02-12,10-K,2014-12-31,<archived-record-root>/...,2015-02-12,10-K,data/train-00008-of-00020.parquet,both,True,True
0000012927,0000012927-14-000004,2014-02-14,10-K,2013-12-31,<archived-record-root>/...,2014-02-14,10-K,data/train-00000-of-00020.parquet,both,True,True
0000012927,0000012927-13-000014,2013-02-11,10-K,2012-12-31,<archived-record-root>/...,2013-02-11,10-K,data/train-00000-of-00020.parquet,both,True,True
0000012927,0001193125-12-048565,2012-02-09,10-K,2011-12-31,<archived-record-root>/...,2012-02-09,10-K,data/train-00001-of-00020.parquet,both,True,True
0000012927,0001193125-11-028490,2011-02-09,10-K,2010-12-31,<archived-record-root>/...,2011-02-09,10-K,data/train-00003-of-00020.parquet,both,True,True
0000012927,0001193125-10-024406,2010-02-08,10-K,2009-12-31,<archived-record-root>/...,2010-02-08,10-K,data/train-00009-of-00020.parquet,both,True,True
0000012927,0000012927-21-000011,2021-02-01,10-K,2020-12-31,<archived-record-root>/...,2021-02-01,10-K,data/train-00018-of-00020.parquet,both,True,True
0000012927,0000012927-20-000014,2020-01-31,10-K,2019-12-31,<archived-record-root>/...,2020-01-31,10-K,data/train-00003-of-00020.parquet,both,True,True
0000014930,0000014930-15-000050,2015-02-20,10-K,2014-12-31,<archived-record-root>/...,2015-02-20,10-K,data/train-00008-of-00020.parquet,both,True,True
0000014930,0000014930-14-000039,2014-02-14,10-K,2013-12-31,<archived-record-root>/...,2014-02-14,10-K,data/train-00000-of-00020.parquet,both,True,True
0000014930,0000014930-13-000059,2013-02-21,10-K,2012-12-31,<archived-record-root>/...,2013-02-21,10-K,data/train-00000-of-00020.parquet,both,True,True
0000014930,0000014930-12-000028,2012-02-23,10-K,2011-12-31,<archived-record-root>/...,2012-02-23,10-K,data/train-00001-of-00020.parquet,both,True,True
0000014930,0000014930-11-000033,2011-02-18,10-K,2010-12-31,<archived-record-root>/...,2011-02-18,10-K,data/train-00003-of-00020.parquet,both,True,True
0000014930,0000014930-10-000041,2010-02-23,10-K,2009-12-31,<archived-record-root>/...,2010-02-23,10-K,data/train-00009-of-00020.parquet,both,True,True
0000014930,0000014930-21-000029,2021-02-16,10-K,2020-12-31,<archived-record-root>/...,2021-02-16,10-K,data/train-00018-of-00020.parquet,both,True,True
0000014930,0000014930-20-000027,2020-02-18,10-K,2019-12-31,<archived-record-root>/...,2020-02-18,10-K,data/train-00003-of-00020.parquet,both,True,True
0000014930,0000014930-19-000054,2019-02-19,10-K,2018-12-31,<archived-record-root>/...,2019-02-19,10-K,data/train-00013-of-00020.parquet,both,True,True
0000014930,0000014930-18-000056,2018-02-20,10-K,2017-12-31,<archived-record-root>/...,2018-02-20,10-K,data/train-00004-of-00020.parquet,both,True,True
0000014930,0000014930-17-000051,2017-02-17,10-K,2016-12-31,<archived-record-root>/...,2017-02-17,10-K,data/train-00011-of-00020.parquet,both,True,True
0000014930,0001628280-16-011325,2016-02-17,10-K,2015-12-31,<archived-record-root>/...,2016-02-17,10-K,data/train-00016-of-00020.parquet,both,True,True
0000016918,0000016918-17-000029,2017-04-27,10-K,2017-02-28,<archived-record-root>/...,2017-04-27,10-K,data/train-00001-of-00020.parquet,both,True,True
0000016918,0000016918-16-000075,2016-04-25,10-K,2016-02-29,<archived-record-root>/...,2016-04-25,10-K,data/train-00010-of-00020.parquet,both,True,True
0000016918,0000016918-15-000016,2015-04-28,10-K,2015-02-28,<archived-record-root>/...,2015-04-28,10-K,data/train-00002-of-00020.parquet,both,True,True
0000016918,0000016918-14-000011,2014-04-29,10-K,2014-02-28,<archived-record-root>/...,2014-04-29,10-K,data/train-00005-of-00020.parquet,both,True,True
0000016918,0000016918-13-000008,2013-04-29,10-K,2013-02-28,<archived-record-root>/...,2013-04-29,10-K,data/train-00008-of-00020.parquet,both,True,True
0000016918,0001193125-12-195350,2012-04-30,10-K,2012-02-29,<archived-record-root>/...,2012-04-30,10-K,data/train-00008-of-00020.parquet,both,True,True
0000016918,0000950123-11-041878,2011-04-29,10-K,2011-02-28,<archived-record-root>/...,2011-04-29,10-K,data/train-00014-of-00020.parquet,both,True,True
0000016918,0000950123-10-040629,2010-04-29,10-K,2010-02-28,<archived-record-root>/...,2010-04-29,10-K,data/train-00002-of-00020.parquet,both,True,True
0000016918,0000016918-21-000060,2021-04-20,10-K,2021-02-28,<archived-record-root>/...,2021-04-20,10-K,data/train-00018-of-00020.parquet,both,True,True
0000016918,0000016918-20-000078,2020-04-21,10-K,2020-02-29,<archived-record-root>/...,2020-04-21,10-K,data/train-00006-of-00020.parquet,both,True,True
0000016918,0000016918-19-000024,2019-04-23,10-K,2019-02-28,<archived-record-root>/...,2019-04-23,10-K,data/train-00008-of-00020.parquet,both,True,True
0000016918,0000016918-18-000033,2018-04-23,10-K,2018-02-28,<archived-record-root>/...,2018-04-23,10-K,data/train-00012-of-00020.parquet,both,True,True
0000017843,0001104659-13-065850,2013-08-23,10-K,2013-06-30,<archived-record-root>/...,2013-08-23,10-K,data/train-00004-of-00020.parquet,both,True,True
0000017843,0001104659-12-059558,2012-08-22,10-K,2012-06-30,<archived-record-root>/...,2012-08-22,10-K,data/train-00007-of-00020.parquet,both,True,True
0000017843,0001193125-11-231043,2011-08-24,10-K,2011-06-30,<archived-record-root>/...,2011-08-24,10-K,data/train-00009-of-00020.parquet,both,True,True
0000017843,0001193125-10-194135,2010-08-20,10-K,2010-06-30,<archived-record-root>/...,2010-08-20,10-K,data/train-00012-of-00020.parquet,both,True,True
0000017843,0000017843-21-000030,2021-08-19,10-K,2021-06-30,<archived-record-root>/...,2021-08-19,10-K,data/train-00016-of-00020.parquet,both,True,True
0000017843,0000017843-20-000071,2020-09-04,10-K,2020-06-30,<archived-record-root>/...,2020-09-04,10-K,data/train-00014-of-00020.parquet,both,True,True
0000017843,0000017843-19-000058,2019-08-29,10-K,2019-06-30,<archived-record-root>/...,2019-08-29,10-K,data/train-00015-of-00020.parquet,both,True,True
0000017843,0000017843-18-000047,2018-08-14,10-K,2018-06-30,<archived-record-root>/...,2018-08-14,10-K,data/train-00006-of-00020.parquet,both,True,True
0000017843,0000017843-17-000050,2017-08-11,10-K,2017-06-30,<archived-record-root>/...,2017-08-11,10-K,data/train-00011-of-00020.parquet,both,True,True
0000017843,0000017843-16-000094,2016-08-18,10-K,2016-06-30,<archived-record-root>/...,2016-08-18,10-K,data/train-00011-of-00020.parquet,both,True,True
0000017843,0000017843-15-000026,2015-08-25,10-K,2015-06-30,<archived-record-root>/...,2015-08-25,10-K,data/train-00014-of-00020.parquet,both,True,True
0000017843,0001104659-14-063147,2014-08-26,10-K,2014-06-30,<archived-record-root>/...,2014-08-26,10-K,data/train-00016-of-00020.parquet,both,True,True
0000018230,0000018230-19-000034,2019-02-14,10-K,2018-12-31,<archived-record-root>/...,2019-02-14,10-K,data/train-00013-of-00020.parquet,both,True,True
0000018230,0000018230-18-000042,2018-02-15,10-K,2017-12-31,<archived-record-root>/...,2018-02-15,10-K,data/train-00004-of-00020.parquet,both,True,True
0000018230,0000018230-17-000041,2017-02-15,10-K,2016-12-31,<archived-record-root>/...,2017-02-15,10-K,data/train-00011-of-00020.parquet,both,True,True
0000018230,0000018230-16-000410,2016-02-16,10-K,2015-12-31,<archived-record-root>/...,2016-02-16,10-K,data/train-00016-of-00020.parquet,both,True,True
0000018230,0000018230-15-000061,2015-02-17,10-K,2014-12-31,<archived-record-root>/...,2015-02-17,10-K,data/train-00008-of-00020.parquet,both,True,True
0000018230,0000018230-14-000058,2014-02-18,10-K,2013-12-31,<archived-record-root>/...,2014-02-18,10-K,data/train-00000-of-00020.parquet,both,True,True
0000018230,0000018230-13-000075,2013-02-19,10-K,2012-12-31,<archived-record-root>/...,2013-02-19,10-K,data/train-00001-of-00020.parquet,both,True,True
0000018230,0001104659-12-011331,2012-02-21,10-K,2011-12-31,<archived-record-root>/...,2012-02-21,10-K,data/train-00001-of-00020.parquet,both,True,True
0000018230,0001104659-11-008938,2011-02-22,10-K,2010-12-31,<archived-record-root>/...,2011-02-22,10-K,data/train-00003-of-00020.parquet,both,True,True
0000018230,0000018230-10-000092,2010-02-19,10-K,2009-12-31,<archived-record-root>/...,2010-02-19,10-K,data/train-00009-of-00020.parquet,both,True,True
0000018230,0000018230-21-000063,2021-02-17,10-K,2020-12-31,<archived-record-root>/...,2021-02-17,10-K,data/train-00018-of-00020.parquet,both,True,True
0000018230,0000018230-20-000056,2020-02-19,10-K,2019-12-31,<archived-record-root>/...,2020-02-19,10-K,data/train-00003-of-00020.parquet,both,True,True
0000021344,0000021344-18-000008,2018-02-23,10-K,2017-12-31,<archived-record-root>/...,2018-02-23,10-K,data/train-00004-of-00020.parquet,both,True,True
0000021344,0000021344-17-000009,2017-02-24,10-K,2016-12-31,<archived-record-root>/...,2017-02-24,10-K,data/train-00011-of-00020.parquet,both,True,True
0000021344,0000021344-16-000050,2016-02-25,10-K,2015-12-31,<archived-record-root>/...,2016-02-25,10-K,data/train-00016-of-00020.parquet,both,True,True
0000021344,0000021344-15-000005,2015-02-25,10-K,2014-12-31,<archived-record-root>/...,2015-02-25,10-K,data/train-00008-of-00020.parquet,both,True,True
0000021344,0000021344-14-000008,2014-02-27,10-K,2013-12-31,<archived-record-root>/...,2014-02-27,10-K,data/train-00000-of-00020.parquet,both,True,True
0000021344,0000021344-13-000007,2013-02-27,10-K,2012-12-31,<archived-record-root>/...,2013-02-27,10-K,data/train-00001-of-00020.parquet,both,True,True
0000021344,0000021344-12-000007,2012-02-23,10-K,2011-12-31,<archived-record-root>/...,2012-02-23,10-K,data/train-00001-of-00020.parquet,both,True,True
0000021344,0001047469-11-001506,2011-02-28,10-K,2010-12-31,<archived-record-root>/...,2011-02-28,10-K,data/train-00003-of-00020.parquet,both,True,True
0000021344,0001047469-10-001476,2010-02-26,10-K,2009-12-31,<archived-record-root>/...,2010-02-26,10-K,data/train-00009-of-00020.parquet,both,True,True
0000021344,0000021344-21-000008,2021-02-25,10-K,2020-12-31,<archived-record-root>/...,2021-02-25,10-K,data/train-00018-of-00020.parquet,both,True,True
0000021344,0000021344-20-000006,2020-02-24,10-K,2019-12-31,<archived-record-root>/...,2020-02-24,10-K,data/train-00003-of-00020.parquet,both,True,True
0000021344,0000021344-19-000014,2019-02-21,10-K,2018-12-31,<archived-record-root>/...,2019-02-21,10-K,data/train-00013-of-00020.parquet,both,True,True
0000022444,0000022444-15-000023,2015-10-30,10-K,2015-08-31,<archived-record-root>/...,2015-10-30,10-K,data/train-00002-of-00020.parquet,both,True,True
0000022444,0000022444-14-000021,2014-10-30,10-K,2014-08-31,<archived-record-root>/...,2014-10-30,10-K,data/train-00004-of-00020.parquet,both,True,True
0000022444,0000022444-13-000012,2013-10-28,10-K,2013-08-31,<archived-record-root>/...,2013-10-28,10-K,data/train-00003-of-00020.parquet,both,True,True
0000022444,0000022444-12-000006,2012-10-30,10-K,2012-08-31,<archived-record-root>/...,2012-10-30,10-K,data/train-00000-of-00020.parquet,both,True,True
0000022444,0000950123-11-093536,2011-10-31,10-K,2011-08-31,<archived-record-root>/...,2011-10-31,10-K,data/train-00005-of-00020.parquet,both,True,True
0000022444,0000950123-10-098248,2010-10-29,10-K,2010-08-31,<archived-record-root>/...,2010-10-29,10-K,data/train-00015-of-00020.parquet,both,True,True
0000022444,0000022444-21-000126,2021-10-14,10-K,2021-08-31,<archived-record-root>/...,2021-10-14,10-K,data/train-00019-of-00020.parquet,both,True,True
0000022444,0000022444-20-000047,2020-10-15,10-K,2020-08-31,<archived-record-root>/...,2020-10-15,10-K,data/train-00010-of-00020.parquet,both,True,True
0000022444,0000022444-19-000042,2019-10-23,10-K,2019-08-31,<archived-record-root>/...,2019-10-23,10-K,data/train-00004-of-00020.parquet,both,True,True
0000022444,0000022444-18-000035,2018-10-25,10-K,2018-08-31,<archived-record-root>/...,2018-10-25,10-K,data/train-00009-of-00020.parquet,both,True,True
0000022444,0000022444-17-000027,2017-10-26,10-K,2017-08-31,<archived-record-root>/...,2017-10-26,10-K,data/train-00006-of-00020.parquet,both,True,True
0000022444,0000022444-16-000059,2016-10-31,10-K,2016-08-31,<archived-record-root>/...,2016-10-31,10-K,data/train-00005-of-00020.parquet,both,True,True
0000023217,0000023217-14-000009,2014-07-16,10-K,2014-05-25,<archived-record-root>/...,2014-07-16,10-K,data/train-00016-of-00020.parquet,both,True,True
0000023217,0001445305-13-001653,2013-07-19,10-K,2013-05-26,<archived-record-root>/...,2013-07-19,10-K,data/train-00004-of-00020.parquet,both,True,True
0000023217,0001193125-12-308387,2012-07-20,10-K,2012-05-27,<archived-record-root>/...,2012-07-20,10-K,data/train-00007-of-00020.parquet,both,True,True
0000023217,0000950123-11-066520,2011-07-19,10-K,2011-05-29,<archived-record-root>/...,2011-07-19,10-K,data/train-00009-of-00020.parquet,both,True,True
0000023217,0000950123-10-067148,2010-07-22,10-K,2010-05-30,<archived-record-root>/...,2010-07-22,10-K,data/train-00012-of-00020.parquet,both,True,True
0000023217,0001564590-21-037738,2021-07-23,10-K,2021-05-30,<archived-record-root>/...,2021-07-23,10-K,data/train-00016-of-00020.parquet,both,True,True
0000023217,0001564590-20-033366,2020-07-24,10-K,2020-05-31,<archived-record-root>/...,2020-07-24,10-K,data/train-00014-of-00020.parquet,both,True,True
0000023217,0000023217-19-000006,2019-07-19,10-K,2019-05-26,<archived-record-root>/...,2019-07-19,10-K,data/train-00015-of-00020.parquet,both,True,True
0000023217,0000023217-18-000005,2018-07-20,10-K,2018-05-27,<archived-record-root>/...,2018-07-20,10-K,data/train-00006-of-00020.parquet,both,True,True
0000023217,0001628280-17-007184,2017-07-21,10-K,2017-05-28,<archived-record-root>/...,2017-07-21,10-K,data/train-00011-of-00020.parquet,both,True,True
0000023217,0001628280-16-017613,2016-07-15,10-K,2016-05-29,<archived-record-root>/...,2016-07-15,10-K,data/train-00011-of-00020.parquet,both,True,True
0000023217,0001628280-15-005333,2015-07-17,10-K,2015-05-31,<archived-record-root>/...,2015-07-17,10-K,data/train-00014-of-00020.parquet,both,True,True
0000026058,0001564590-21-008853,2021-02-25,10-K,2020-12-31,<archived-record-root>/...,2021-02-25,10-K,data/train-00018-of-00020.parquet,both,True,True
0000026058,0000026058-20-000016,2020-02-20,10-K,2019-12-31,<archived-record-root>/...,2020-02-20,10-K,data/train-00003-of-00020.parquet,both,True,True
0000026058,0000026058-19-000020,2019-02-22,10-K,2018-12-31,<archived-record-root>/...,2019-02-22,10-K,data/train-00013-of-00020.parquet,both,True,True
0000026058,0000026058-18-000020,2018-02-23,10-K,2017-12-31,<archived-record-root>/...,2018-02-23,10-K,data/train-00004-of-00020.parquet,both,True,True
0000026058,0000026058-17-000026,2017-02-24,10-K,2016-12-31,<archived-record-root>/...,2017-02-24,10-K,data/train-00011-of-00020.parquet,both,True,True
0000026058,0000026058-16-000044,2016-02-24,10-K,2015-12-31,<archived-record-root>/...,2016-02-24,10-K,data/train-00016-of-00020.parquet,both,True,True
0000026058,0001047469-15-001116,2015-02-24,10-K,2014-12-31,<archived-record-root>/...,2015-02-24,10-K,data/train-00008-of-00020.parquet,both,True,True
0000026058,0001193125-14-080179,2014-03-03,10-K,2013-12-31,<archived-record-root>/...,2014-03-03,10-K,data/train-00000-of-00020.parquet,both,True,True
0000026058,0001193125-13-073546,2013-02-25,10-K,2012-12-31,<archived-record-root>/...,2013-02-25,10-K,data/train-00001-of-00020.parquet,both,True,True
0000026058,0001193125-12-076105,2012-02-24,10-K,2011-12-31,<archived-record-root>/...,2012-02-24,10-K,data/train-00001-of-00020.parquet,both,True,True
0000026058,0000026058-11-000011,2011-02-24,10-K,2010-12-31,<archived-record-root>/...,2011-02-24,10-K,data/train-00003-of-00020.parquet,both,True,True
0000026058,0000026058-10-000009,2010-02-23,10-K,2009-12-31,<archived-record-root>/...,2010-02-23,10-K,data/train-00009-of-00020.parquet,both,True,True
0000026780,0000026780-19-000004,2019-02-15,10-K,2018-12-31,<archived-record-root>/...,2019-02-15,10-K,data/train-00013-of-00020.parquet,both,True,True
0000026780,0000026780-18-000004,2018-02-14,10-K,2017-12-31,<archived-record-root>/...,2018-02-14,10-K,data/train-00004-of-00020.parquet,both,True,True
0000026780,0000026780-17-000004,2017-02-10,10-K,2016-12-31,<archived-record-root>/...,2017-02-10,10-K,data/train-00011-of-00020.parquet,both,True,True
0000026780,0000026780-16-000019,2016-02-18,10-K,2015-12-31,<archived-record-root>/...,2016-02-18,10-K,data/train-00016-of-00020.parquet,both,True,True
0000026780,0000026780-15-000004,2015-02-20,10-K,2014-12-31,<archived-record-root>/...,2015-02-20,10-K,data/train-00008-of-00020.parquet,both,True,True
0000026780,0000026780-14-000005,2014-02-21,10-K,2013-12-31,<archived-record-root>/...,2014-02-21,10-K,data/train-00000-of-00020.parquet,both,True,True
0000026780,0001144204-13-010507,2013-02-21,10-K,2012-12-31,<archived-record-root>/...,2013-02-21,10-K,data/train-00001-of-00020.parquet,both,True,True
0000026780,0001144204-12-010573,2012-02-23,10-K,2011-12-31,<archived-record-root>/...,2012-02-23,10-K,data/train-00001-of-00020.parquet,both,True,True
0000026780,0001144204-11-010809,2011-02-24,10-K,2010-12-31,<archived-record-root>/...,2011-02-24,10-K,data/train-00003-of-00020.parquet,both,True,True
0000026780,0000950123-10-016351,2010-02-24,10-K,2009-12-31,<archived-record-root>/...,2010-02-24,10-K,data/train-00009-of-00020.parquet,both,True,True
0000026780,0001437749-21-003221,2021-02-18,10-K,2020-12-31,<archived-record-root>/...,2021-02-18,10-K,data/train-00018-of-00020.parquet,both,True,True
0000026780,0000026780-20-000006,2020-02-14,10-K,2019-12-31,<archived-record-root>/...,2020-02-14,10-K,data/train-00003-of-00020.parquet,both,True,True
0000029644,0000897101-15-001507,2015-11-10,10-K,2015-07-31,<archived-record-root>/...,2015-11-10,10-K,data/train-00002-of-00020.parquet,both,True,True
0000029644,0000897101-14-001376,2014-09-26,10-K,2014-07-31,<archived-record-root>/...,2014-09-26,10-K,data/train-00016-of-00020.parquet,both,True,True
0000029644,0000897101-13-001411,2013-09-27,10-K,2013-07-31,<archived-record-root>/...,2013-09-27,10-K,data/train-00004-of-00020.parquet,both,True,True
0000029644,0000897101-12-001641,2012-09-28,10-K,2012-07-31,<archived-record-root>/...,2012-09-28,10-K,data/train-00007-of-00020.parquet,both,True,True
0000029644,0000897101-11-001630,2011-09-23,10-K,2011-07-31,<archived-record-root>/...,2011-09-23,10-K,data/train-00009-of-00020.parquet,both,True,True
0000029644,0000897101-10-001864,2010-09-24,10-K,2010-07-31,<archived-record-root>/...,2010-09-24,10-K,data/train-00012-of-00020.parquet,both,True,True
0000029644,0000029644-21-000029,2021-09-24,10-K,2021-07-31,<archived-record-root>/...,2021-09-24,10-K,data/train-00016-of-00020.parquet,both,True,True
0000029644,0000029644-20-000046,2020-09-25,10-K,2020-07-31,<archived-record-root>/...,2020-09-25,10-K,data/train-00014-of-00020.parquet,both,True,True
0000029644,0000029644-19-000023,2019-09-27,10-K,2019-07-31,<archived-record-root>/...,2019-09-27,10-K,data/train-00015-of-00020.parquet,both,True,True
0000029644,0000029644-18-000024,2018-10-01,10-K,2018-07-31,<archived-record-root>/...,2018-10-01,10-K,data/train-00009-of-00020.parquet,both,True,True
0000029644,0000029644-17-000019,2017-09-22,10-K,2017-07-31,<archived-record-root>/...,2017-09-22,10-K,data/train-00011-of-00020.parquet,both,True,True
0000029644,0001628280-16-019746,2016-09-23,10-K,2016-07-31,<archived-record-root>/...,2016-09-23,10-K,data/train-00011-of-00020.parquet,both,True,True
0000029905,0000029905-14-000012,2014-02-14,10-K,2013-12-31,<archived-record-root>/...,2014-02-14,10-K,data/train-00000-of-00020.parquet,both,True,True
0000029905,0000029905-13-000014,2013-02-15,10-K,2012-12-31,<archived-record-root>/...,2013-02-15,10-K,data/train-00001-of-00020.parquet,both,True,True
0000029905,0000029905-12-000008,2012-02-10,10-K,2011-12-31,<archived-record-root>/...,2012-02-10,10-K,data/train-00001-of-00020.parquet,both,True,True
0000029905,0000950123-11-012422,2011-02-11,10-K,2010-12-31,<archived-record-root>/...,2011-02-11,10-K,data/train-00003-of-00020.parquet,both,True,True
0000029905,0000950123-10-014502,2010-02-19,10-K,2009-12-31,<archived-record-root>/...,2010-02-19,10-K,data/train-00009-of-00020.parquet,both,True,True
0000029905,0000029905-21-000010,2021-02-12,10-K,2020-12-31,<archived-record-root>/...,2021-02-12,10-K,data/train-00018-of-00020.parquet,both,True,True
0000029905,0000029905-20-000011,2020-02-14,10-K,2019-12-31,<archived-record-root>/...,2020-02-14,10-K,data/train-00003-of-00020.parquet,both,True,True
0000029905,0000029905-19-000019,2019-02-15,10-K,2018-12-31,<archived-record-root>/...,2019-02-15,10-K,data/train-00013-of-00020.parquet,both,True,True
0000029905,0000029905-18-000013,2018-02-09,10-K,2017-12-31,<archived-record-root>/...,2018-02-09,10-K,data/train-00004-of-00020.parquet,both,True,True
0000029905,0000029905-17-000011,2017-02-10,10-K,2016-12-31,<archived-record-root>/...,2017-02-10,10-K,data/train-00011-of-00020.parquet,both,True,True
0000029905,0000029905-16-000064,2016-02-12,10-K,2015-12-31,<archived-record-root>/...,2016-02-12,10-K,data/train-00016-of-00020.parquet,both,True,True
0000029905,0000029905-15-000007,2015-02-13,10-K,2014-12-31,<archived-record-root>/...,2015-02-13,10-K,data/train-00008-of-00020.parquet,both,True,True
0000030305,0001193125-12-096819,2012-03-05,10-K,2011-12-31,<archived-record-root>/...,2012-03-05,10-K,data/train-00001-of-00020.parquet,both,True,True
0000030305,0001193125-11-041192,2011-02-22,10-K,2010-12-31,<archived-record-root>/...,2011-02-22,10-K,data/train-00003-of-00020.parquet,both,True,True
0000030305,0001193125-10-036507,2010-02-22,10-K,2009-12-31,<archived-record-root>/...,2010-02-22,10-K,data/train-00009-of-00020.parquet,both,True,True
0000030305,0001628280-21-001951,2021-02-11,10-K,2020-12-31,<archived-record-root>/...,2021-02-11,10-K,data/train-00018-of-00020.parquet,both,True,True
0000030305,0001628280-20-001898,2020-02-20,10-K,2019-12-31,<archived-record-root>/...,2020-02-20,10-K,data/train-00003-of-00020.parquet,both,True,True
0000030305,0001628280-19-002279,2019-02-28,10-K,2018-12-31,<archived-record-root>/...,2019-02-28,10-K,data/train-00013-of-00020.parquet,both,True,True
0000030305,0001628280-18-002505,2018-02-28,10-K,2017-12-31,<archived-record-root>/...,2018-02-28,10-K,data/train-00004-of-00020.parquet,both,True,True
0000030305,0001628280-17-002221,2017-03-06,10-K,2016-12-31,<archived-record-root>/...,2017-03-06,10-K,data/train-00011-of-00020.parquet,both,True,True
0000030305,0001628280-16-012671,2016-03-14,10-K,2015-12-31,<archived-record-root>/...,2016-03-14,10-K,data/train-00016-of-00020.parquet,both,True,True
0000030305,0001628280-15-002233,2015-04-10,10-K,2014-12-31,<archived-record-root>/...,2015-04-10,10-K,data/train-00002-of-00020.parquet,both,True,True
0000030305,0001445305-14-000669,2014-02-27,10-K,2013-12-31,<archived-record-root>/...,2014-02-27,10-K,data/train-00000-of-00020.parquet,both,True,True
0000030305,0001193125-13-089632,2013-03-04,10-K,2012-12-31,<archived-record-root>/...,2013-03-04,10-K,data/train-00001-of-00020.parquet,both,True,True
0000030625,0000030625-14-000017,2014-02-18,10-K,2013-12-31,<archived-record-root>/...,2014-02-18,10-K,data/train-00000-of-00020.parquet,both,True,True
0000030625,0000030625-13-000019,2013-02-21,10-K,2012-12-31,<archived-record-root>/...,2013-02-21,10-K,data/train-00001-of-00020.parquet,both,True,True
0000030625,0000030625-12-000005,2012-02-22,10-K,2011-12-31,<archived-record-root>/...,2012-02-22,10-K,data/train-00001-of-00020.parquet,both,True,True
0000030625,0000950123-11-017117,2011-02-23,10-K,2010-12-31,<archived-record-root>/...,2011-02-23,10-K,data/train-00003-of-00020.parquet,both,True,True
0000030625,0000950123-10-016384,2010-02-24,10-K,2009-12-31,<archived-record-root>/...,2010-02-24,10-K,data/train-00009-of-00020.parquet,both,True,True
0000030625,0000030625-21-000034,2021-02-23,10-K,2020-12-31,<archived-record-root>/...,2021-02-23,10-K,data/train-00018-of-00020.parquet,both,True,True
0000030625,0000030625-20-000007,2020-02-18,10-K,2019-12-31,<archived-record-root>/...,2020-02-18,10-K,data/train-00003-of-00020.parquet,both,True,True
0000030625,0000030625-19-000009,2019-02-20,10-K,2018-12-31,<archived-record-root>/...,2019-02-20,10-K,data/train-00013-of-00020.parquet,both,True,True
0000030625,0001628280-18-002486,2018-02-28,10-K,2017-12-31,<archived-record-root>/...,2018-02-28,10-K,data/train-00004-of-00020.parquet,both,True,True
0000030625,0000030625-17-000046,2017-02-16,10-K,2016-12-31,<archived-record-root>/...,2017-02-16,10-K,data/train-00011-of-00020.parquet,both,True,True
0000030625,0000030625-16-000121,2016-02-18,10-K,2015-12-31,<archived-record-root>/...,2016-02-18,10-K,data/train-00016-of-00020.parquet,both,True,True
0000030625,0000030625-15-000021,2015-02-17,10-K,2014-12-31,<archived-record-root>/...,2015-02-17,10-K,data/train-00008-of-00020.parquet,both,True,True
0000031462,0001558370-20-001788,2020-02-28,10-K,2019-12-31,<archived-record-root>/...,2020-02-28,10-K,data/train-00003-of-00020.parquet,both,True,True
0000031462,0001558370-19-001379,2019-03-01,10-K,2018-12-31,<archived-record-root>/...,2019-03-01,10-K,data/train-00013-of-00020.parquet,both,True,True
0000031462,0001558370-18-000999,2018-02-23,10-K,2017-12-31,<archived-record-root>/...,2018-02-23,10-K,data/train-00004-of-00020.parquet,both,True,True
0000031462,0001558370-17-000944,2017-02-24,10-K,2016-12-31,<archived-record-root>/...,2017-02-24,10-K,data/train-00011-of-00020.parquet,both,True,True
0000031462,0001558370-16-003581,2016-02-26,10-K,2015-12-31,<archived-record-root>/...,2016-02-26,10-K,data/train-00016-of-00020.parquet,both,True,True
0000031462,0001104659-15-014788,2015-02-27,10-K,2014-12-31,<archived-record-root>/...,2015-02-27,10-K,data/train-00008-of-00020.parquet,both,True,True
0000031462,0001104659-14-014489,2014-02-28,10-K,2013-12-31,<archived-record-root>/...,2014-02-28,10-K,data/train-00000-of-00020.parquet,both,True,True
0000031462,0001104659-13-014387,2013-02-26,10-K,2012-12-31,<archived-record-root>/...,2013-02-26,10-K,data/train-00001-of-00020.parquet,both,True,True
0000031462,0001104659-12-014104,2012-02-28,10-K,2011-12-31,<archived-record-root>/...,2012-02-28,10-K,data/train-00001-of-00020.parquet,both,True,True
0000031462,0001104659-11-010321,2011-02-25,10-K,2010-12-31,<archived-record-root>/...,2011-02-25,10-K,data/train-00003-of-00020.parquet,both,True,True
0000031462,0001104659-10-010302,2010-02-26,10-K,2009-12-31,<archived-record-root>/...,2010-02-26,10-K,data/train-00009-of-00020.parquet,both,True,True
0000031462,0001558370-21-001916,2021-02-26,10-K,2020-12-31,<archived-record-root>/...,2021-02-26,10-K,data/train-00018-of-00020.parquet,both,True,True
0000032604,0000032604-12-000012,2012-11-20,10-K,2012-09-30,<archived-record-root>/...,2012-11-20,10-K,data/train-00000-of-00020.parquet,both,True,True
0000032604,0001144204-11-066373,2011-11-22,10-K,2011-09-30,<archived-record-root>/...,2011-11-22,10-K,data/train-00005-of-00020.parquet,both,True,True
0000032604,0001144204-10-063258,2010-11-23,10-K,2010-09-30,<archived-record-root>/...,2010-11-23,10-K,data/train-00015-of-00020.parquet,both,True,True
0000032604,0000032604-21-000038,2021-11-15,10-K,2021-09-30,<archived-record-root>/...,2021-11-15,10-K,data/train-00019-of-00020.parquet,both,True,True
0000032604,0000032604-20-000041,2020-11-16,10-K,2020-09-30,<archived-record-root>/...,2020-11-16,10-K,data/train-00010-of-00020.parquet,both,True,True
0000032604,0000032604-19-000048,2019-11-18,10-K,2019-09-30,<archived-record-root>/...,2019-11-18,10-K,data/train-00004-of-00020.parquet,both,True,True
0000032604,0000032604-18-000044,2018-11-19,10-K,2018-09-30,<archived-record-root>/...,2018-11-19,10-K,data/train-00009-of-00020.parquet,both,True,True
0000032604,0000032604-17-000046,2017-11-20,10-K,2017-09-30,<archived-record-root>/...,2017-11-20,10-K,data/train-00006-of-00020.parquet,both,True,True
0000032604,0000032604-16-000105,2016-11-16,10-K,2016-09-30,<archived-record-root>/...,2016-11-16,10-K,data/train-00005-of-00020.parquet,both,True,True
0000032604,0000032604-15-000051,2015-11-18,10-K,2015-09-30,<archived-record-root>/...,2015-11-18,10-K,data/train-00002-of-00020.parquet,both,True,True
0000032604,0000032604-14-000048,2014-11-19,10-K,2014-09-30,<archived-record-root>/...,2014-11-19,10-K,data/train-00004-of-00020.parquet,both,True,True
0000032604,0000032604-13-000044,2013-11-19,10-K,2013-09-30,<archived-record-root>/...,2013-11-19,10-K,data/train-00003-of-00020.parquet,both,True,True
0000034067,0000034067-21-000015,2021-02-22,10-K,2020-12-31,<archived-record-root>/...,2021-02-22,10-K,data/train-00018-of-00020.parquet,both,True,True
0000034067,0000034067-20-000009,2020-02-24,10-K,2019-12-31,<archived-record-root>/...,2020-02-24,10-K,data/train-00003-of-00020.parquet,both,True,True
0000034067,0000034067-19-000005,2019-02-21,10-K,2018-12-31,<archived-record-root>/...,2019-02-21,10-K,data/train-00013-of-00020.parquet,both,True,True
0000034067,0000034067-18-000009,2018-03-08,10-K,2017-12-31,<archived-record-root>/...,2018-03-08,10-K,data/train-00004-of-00020.parquet,both,True,True
0000034067,0000034067-17-000007,2017-03-09,10-K,2016-12-31,<archived-record-root>/...,2017-03-09,10-K,data/train-00011-of-00020.parquet,both,True,True
0000034067,0000034067-16-000072,2016-03-11,10-K,2015-12-31,<archived-record-root>/...,2016-03-11,10-K,data/train-00016-of-00020.parquet,both,True,True
0000034067,0000034067-15-000018,2015-03-16,10-K,2014-12-31,<archived-record-root>/...,2015-03-16,10-K,data/train-00008-of-00020.parquet,both,True,True
0000034067,0000034067-14-000003,2014-03-07,10-K,2013-12-31,<archived-record-root>/...,2014-03-07,10-K,data/train-00000-of-00020.parquet,both,True,True
0000034067,0001104659-13-020365,2013-03-14,10-K,2012-12-31,<archived-record-root>/...,2013-03-14,10-K,data/train-00001-of-00020.parquet,both,True,True
0000034067,0001104659-12-016908,2012-03-09,10-K,2011-12-31,<archived-record-root>/...,2012-03-09,10-K,data/train-00001-of-00020.parquet,both,True,True
0000034067,0001104659-11-010898,2011-02-28,10-K,2010-12-31,<archived-record-root>/...,2011-02-28,10-K,data/train-00003-of-00020.parquet,both,True,True
0000034067,0001104659-10-013851,2010-03-12,10-K,2009-12-31,<archived-record-root>/...,2010-03-12,10-K,data/train-00009-of-00020.parquet,both,True,True
0000037785,0000037785-17-000011,2017-02-28,10-K,2016-12-31,<archived-record-root>/...,2017-02-28,10-K,data/train-00011-of-00020.parquet,both,True,True
0000037785,0000037785-16-000081,2016-02-26,10-K,2015-12-31,<archived-record-root>/...,2016-02-26,10-K,data/train-00016-of-00020.parquet,both,True,True
0000037785,0000037785-15-000008,2015-02-27,10-K,2014-12-31,<archived-record-root>/...,2015-02-27,10-K,data/train-00008-of-00020.parquet,both,True,True
0000037785,0000037785-14-000006,2014-02-18,10-K,2013-12-31,<archived-record-root>/...,2014-02-18,10-K,data/train-00000-of-00020.parquet,both,True,True
0000037785,0000037785-13-000008,2013-02-19,10-K,2012-12-31,<archived-record-root>/...,2013-02-19,10-K,data/train-00001-of-00020.parquet,both,True,True
0000037785,0000037785-12-000004,2012-02-21,10-K,2011-12-31,<archived-record-root>/...,2012-02-21,10-K,data/train-00001-of-00020.parquet,both,True,True
0000037785,0001193125-11-041464,2011-02-22,10-K,2010-12-31,<archived-record-root>/...,2011-02-22,10-K,data/train-00003-of-00020.parquet,both,True,True
0000037785,0001193125-10-036348,2010-02-22,10-K,2009-12-31,<archived-record-root>/...,2010-02-22,10-K,data/train-00009-of-00020.parquet,both,True,True
0000037785,0000037785-21-000024,2021-02-25,10-K,2020-12-31,<archived-record-root>/...,2021-02-25,10-K,data/train-00018-of-00020.parquet,both,True,True
0000037785,0000037785-20-000035,2020-02-28,10-K,2019-12-31,<archived-record-root>/...,2020-02-28,10-K,data/train-00003-of-00020.parquet,both,True,True
0000037785,0000037785-19-000039,2019-02-28,10-K,2018-12-31,<archived-record-root>/...,2019-02-28,10-K,data/train-00013-of-00020.parquet,both,True,True
0000037785,0000037785-18-000019,2018-02-28,10-K,2017-12-31,<archived-record-root>/...,2018-02-28,10-K,data/train-00004-of-00020.parquet,both,True,True
0000040545,0000040545-18-000014,2018-02-23,10-K,2017-12-31,<archived-record-root>/...,2018-02-23,10-K,data/train-00004-of-00020.parquet,both,True,True
0000040545,0000040545-17-000010,2017-02-24,10-K,2016-12-31,<archived-record-root>/...,2017-02-24,10-K,data/train-00011-of-00020.parquet,both,True,True
0000040545,0000040545-16-000145,2016-02-26,10-K,2015-12-31,<archived-record-root>/...,2016-02-26,10-K,data/train-00016-of-00020.parquet,both,True,True
0000040545,0000040545-15-000030,2015-02-27,10-K,2015-02-27,<archived-record-root>/...,2015-02-27,10-K,data/train-00008-of-00020.parquet,both,True,True
0000040545,0000040554-14-000023,2014-02-27,10-K,2013-12-31,<archived-record-root>/...,2014-02-27,10-K,data/train-00000-of-00020.parquet,both,True,True
0000040545,0000040545-13-000036,2013-02-26,10-K,2012-12-31,<archived-record-root>/...,2013-02-26,10-K,data/train-00001-of-00020.parquet,both,True,True
0000040545,0000040545-12-000016,2012-02-24,10-K,2011-12-31,<archived-record-root>/...,2012-02-24,10-K,data/train-00001-of-00020.parquet,both,True,True
0000040545,0001193125-11-047479,2011-02-25,10-K,2010-12-31,<archived-record-root>/...,2011-02-25,10-K,data/train-00003-of-00020.parquet,both,True,True
0000040545,0000040545-10-000010,2010-02-19,10-K,2009-12-31,<archived-record-root>/...,2010-02-19,10-K,data/train-00009-of-00020.parquet,both,True,True
0000040545,0000040545-21-000011,2021-02-12,10-K,2020-12-31,<archived-record-root>/...,2021-02-12,10-K,data/train-00018-of-00020.parquet,both,True,True
0000040545,0000040545-20-000009,2020-02-24,10-K,2019-12-31,<archived-record-root>/...,2020-02-24,10-K,data/train-00003-of-00020.parquet,both,True,True
0000040545,0000040545-19-000014,2019-02-26,10-K,2018-12-31,<archived-record-root>/...,2019-02-26,10-K,data/train-00013-of-00020.parquet,both,True,True
0000040704,0001193125-18-209377,2018-06-29,10-K,2018-05-27,<archived-record-root>/...,2018-06-29,10-K,data/train-00012-of-00020.parquet,both,True,True
0000040704,0001193125-17-217396,2017-06-29,10-K,2017-05-28,<archived-record-root>/...,2017-06-29,10-K,data/train-00001-of-00020.parquet,both,True,True
0000040704,0001193125-16-638404,2016-06-30,10-K,2016-05-29,<archived-record-root>/...,2016-06-30,10-K,data/train-00010-of-00020.parquet,both,True,True
0000040704,0001193125-15-245476,2015-07-06,10-K,2015-05-31,<archived-record-root>/...,2015-07-06,10-K,data/train-00014-of-00020.parquet,both,True,True
0000040704,0001193125-14-260716,2014-07-03,10-K,2014-05-25,<archived-record-root>/...,2014-07-03,10-K,data/train-00016-of-00020.parquet,both,True,True
0000040704,0001193125-13-282371,2013-07-03,10-K,2013-05-26,<archived-record-root>/...,2013-07-03,10-K,data/train-00004-of-00020.parquet,both,True,True
0000040704,0001193125-12-293636,2012-07-03,10-K,2012-05-27,<archived-record-root>/...,2012-07-03,10-K,data/train-00007-of-00020.parquet,both,True,True
0000040704,0000950123-11-064606,2011-07-08,10-K,2011-05-29,<archived-record-root>/...,2011-07-08,10-K,data/train-00009-of-00020.parquet,both,True,True
0000040704,0000950123-10-064517,2010-07-09,10-K,2010-05-30,<archived-record-root>/...,2010-07-09,10-K,data/train-00012-of-00020.parquet,both,True,True
0000040704,0001193125-21-204830,2021-06-30,10-K,2021-05-30,<archived-record-root>/...,2021-06-30,10-K,data/train-00018-of-00020.parquet,both,True,True
0000040704,0001193125-20-186469,2020-07-02,10-K,2020-05-31,<archived-record-root>/...,2020-07-02,10-K,data/train-00014-of-00020.parquet,both,True,True
0000040704,0001193125-19-184675,2019-06-28,10-K,2019-05-26,<archived-record-root>/...,2019-06-28,10-K,data/train-00009-of-00020.parquet,both,True,True
0000043920,0001193125-12-514736,2012-12-26,10-K,2012-10-31,<archived-record-root>/...,2012-12-26,10-K,data/train-00000-of-00020.parquet,both,True,True
0000043920,0001193125-11-343838,2011-12-16,10-K,2011-10-31,<archived-record-root>/...,2011-12-16,10-K,data/train-00005-of-00020.parquet,both,True,True
0000043920,0000950123-10-115754,2010-12-22,10-K,2010-10-31,<archived-record-root>/...,2010-12-22,10-K,data/train-00015-of-00020.parquet,both,True,True
0000043920,0000043920-21-000076,2021-12-16,10-K,2021-10-31,<archived-record-root>/...,2021-12-16,10-K,data/train-00019-of-00020.parquet,both,True,True
0000043920,0000043920-20-000074,2020-12-17,10-K,2020-10-31,<archived-record-root>/...,2020-12-17,10-K,data/train-00010-of-00020.parquet,both,True,True
0000043920,0000043920-19-000063,2019-12-18,10-K,2019-10-31,<archived-record-root>/...,2019-12-18,10-K,data/train-00004-of-00020.parquet,both,True,True
0000043920,0000043920-18-000034,2018-12-20,10-K,2018-10-31,<archived-record-root>/...,2018-12-20,10-K,data/train-00009-of-00020.parquet,both,True,True
0000043920,0000043920-17-000051,2017-12-20,10-K,2017-10-31,<archived-record-root>/...,2017-12-20,10-K,data/train-00006-of-00020.parquet,both,True,True
0000043920,0000043920-16-000025,2016-12-21,10-K,2016-10-31,<archived-record-root>/...,2016-12-21,10-K,data/train-00005-of-00020.parquet,both,True,True
0000043920,0001193125-15-408980,2015-12-21,10-K,2015-10-31,<archived-record-root>/...,2015-12-21,10-K,data/train-00002-of-00020.parquet,both,True,True
0000043920,0001193125-15-015537,2015-01-21,10-K,2014-10-31,<archived-record-root>/...,2015-01-21,10-K,data/train-00008-of-00020.parquet,both,True,True
0000043920,0001193125-13-483163,2013-12-23,10-K,2013-10-31,<archived-record-root>/...,2013-12-23,10-K,data/train-00003-of-00020.parquet,both,True,True
0000046619,0000046619-21-000085,2021-12-21,10-K,2021-10-31,<archived-record-root>/...,2021-12-21,10-K,data/train-00019-of-00020.parquet,both,True,True
0000046619,0000046619-20-000078,2020-12-23,10-K,2020-10-31,<archived-record-root>/...,2020-12-23,10-K,data/train-00010-of-00020.parquet,both,True,True
0000046619,0000046619-19-000095,2019-12-19,10-K,2019-10-31,<archived-record-root>/...,2019-12-19,10-K,data/train-00004-of-00020.parquet,both,True,True
0000046619,0000046619-18-000117,2018-12-20,10-K,2018-10-31,<archived-record-root>/...,2018-12-20,10-K,data/train-00009-of-00020.parquet,both,True,True
0000046619,0000046619-17-000085,2017-12-21,10-K,2017-10-31,<archived-record-root>/...,2017-12-21,10-K,data/train-00006-of-00020.parquet,both,True,True
0000046619,0000046619-16-000162,2016-12-15,10-K,2016-10-31,<archived-record-root>/...,2016-12-15,10-K,data/train-00005-of-00020.parquet,both,True,True
0000046619,0000046619-15-000078,2015-12-17,10-K,2015-10-31,<archived-record-root>/...,2015-12-17,10-K,data/train-00002-of-00020.parquet,both,True,True
0000046619,0000046619-14-000056,2014-12-18,10-K,2014-10-31,<archived-record-root>/...,2014-12-18,10-K,data/train-00004-of-00020.parquet,both,True,True
0000046619,0000046619-13-000017,2013-12-19,10-K,2013-10-31,<archived-record-root>/...,2013-12-19,10-K,data/train-00003-of-00020.parquet,both,True,True
0000046619,0000046619-12-000009,2012-12-20,10-K,2012-10-31,<archived-record-root>/...,2012-12-20,10-K,data/train-00000-of-00020.parquet,both,True,True
0000046619,0001133796-11-000362,2011-12-22,10-K,2011-10-31,<archived-record-root>/...,2011-12-22,10-K,data/train-00005-of-00020.parquet,both,True,True
0000046619,0001133796-10-000375,2010-12-22,10-K,2010-10-31,<archived-record-root>/...,2010-12-22,10-K,data/train-00015-of-00020.parquet,both,True,True
0000048287,0000048287-16-000053,2016-02-29,10-K,2016-01-02,<archived-record-root>/...,2016-02-29,10-K,data/train-00016-of-00020.parquet,both,True,True
0000048287,0000048287-15-000009,2015-02-27,10-K,2015-01-03,<archived-record-root>/...,2015-02-27,10-K,data/train-00008-of-00020.parquet,both,True,True
0000048287,0000048287-14-000007,2014-02-21,10-K,2013-12-28,<archived-record-root>/...,2014-02-21,10-K,data/train-00000-of-00020.parquet,both,True,True
0000048287,0000048287-13-000006,2013-02-22,10-K,2012-12-29,<archived-record-root>/...,2013-02-22,10-K,data/train-00001-of-00020.parquet,both,True,True
0000048287,0000048287-12-000010,2012-02-24,10-K,2011-12-31,<archived-record-root>/...,2012-02-24,10-K,data/train-00001-of-00020.parquet,both,True,True
0000048287,0000048287-11-000009,2011-02-25,10-K,2011-01-01,<archived-record-root>/...,2011-02-25,10-K,data/train-00003-of-00020.parquet,both,True,True
0000048287,0001140361-10-008626,2010-02-26,10-K,2010-01-02,<archived-record-root>/...,2010-02-26,10-K,data/train-00009-of-00020.parquet,both,True,True
0000048287,0000048287-21-000038,2021-03-02,10-K,2021-01-02,<archived-record-root>/...,2021-03-02,10-K,data/train-00018-of-00020.parquet,both,True,True
0000048287,0000048287-20-000045,2020-02-25,10-K,2019-12-28,<archived-record-root>/...,2020-02-25,10-K,data/train-00003-of-00020.parquet,both,True,True
0000048287,0000048287-19-000045,2019-02-26,10-K,2018-12-29,<archived-record-root>/...,2019-02-26,10-K,data/train-00013-of-00020.parquet,both,True,True
0000048287,0000048287-18-000059,2018-02-23,10-K,2017-12-30,<archived-record-root>/...,2018-02-23,10-K,data/train-00004-of-00020.parquet,both,True,True
0000048287,0000048287-17-000067,2017-02-24,10-K,2016-12-31,<archived-record-root>/...,2017-02-24,10-K,data/train-00011-of-00020.parquet,both,True,True
0000048898,0001628280-15-000853,2015-02-19,10-K,2014-12-31,<archived-record-root>/...,2015-02-19,10-K,data/train-00008-of-00020.parquet,both,True,True
0000048898,0001308179-14-000038,2014-02-18,10-K,2013-12-31,<archived-record-root>/...,2014-02-18,10-K,data/train-00000-of-00020.parquet,both,True,True
0000048898,0001308179-13-000027,2013-02-13,10-K,2012-12-31,<archived-record-root>/...,2013-02-13,10-K,data/train-00001-of-00020.parquet,both,True,True
0000048898,0001308179-12-000024,2012-02-15,10-K,2011-12-31,<archived-record-root>/...,2012-02-15,10-K,data/train-00001-of-00020.parquet,both,True,True
0000048898,0000950123-11-014739,2011-02-16,10-K,2010-12-31,<archived-record-root>/...,2011-02-16,10-K,data/train-00003-of-00020.parquet,both,True,True
0000048898,0000950123-10-014554,2010-02-19,10-K,2009-12-31,<archived-record-root>/...,2010-02-19,10-K,data/train-00009-of-00020.parquet,both,True,True
0000048898,0001628280-21-001868,2021-02-11,10-K,2020-12-31,<archived-record-root>/...,2021-02-11,10-K,data/train-00018-of-00020.parquet,both,True,True
0000048898,0001628280-20-001557,2020-02-14,10-K,2019-12-31,<archived-record-root>/...,2020-02-14,10-K,data/train-00003-of-00020.parquet,both,True,True
0000048898,0001628280-19-001446,2019-02-15,10-K,2018-12-31,<archived-record-root>/...,2019-02-15,10-K,data/train-00013-of-00020.parquet,both,True,True
0000048898,0001628280-18-001740,2018-02-15,10-K,2017-12-31,<archived-record-root>/...,2018-02-15,10-K,data/train-00004-of-00020.parquet,both,True,True
0000048898,0001628280-17-001423,2017-02-16,10-K,2016-12-31,<archived-record-root>/...,2017-02-16,10-K,data/train-00011-of-00020.parquet,both,True,True
0000048898,0001628280-16-011342,2016-02-18,10-K,2015-12-31,<archived-record-root>/...,2016-02-18,10-K,data/train-00016-of-00020.parquet,both,True,True
0000049826,0000049826-14-000022,2014-02-14,10-K,2013-12-31,<archived-record-root>/...,2014-02-14,10-K,data/train-00000-of-00020.parquet,both,True,True
0000049826,0000049826-13-000007,2013-02-19,10-K,2012-12-31,<archived-record-root>/...,2013-02-19,10-K,data/train-00001-of-00020.parquet,both,True,True
0000049826,0001193125-12-067004,2012-02-17,10-K,2011-12-31,<archived-record-root>/...,2012-02-17,10-K,data/train-00001-of-00020.parquet,both,True,True
0000049826,0000950123-11-019620,2011-02-28,10-K,2010-12-31,<archived-record-root>/...,2011-02-28,10-K,data/train-00003-of-00020.parquet,both,True,True
0000049826,0000950123-10-017817,2010-02-26,10-K,2009-12-31,<archived-record-root>/...,2010-02-26,10-K,data/train-00009-of-00020.parquet,both,True,True
0000049826,0000049826-21-000007,2021-02-12,10-K,2020-12-31,<archived-record-root>/...,2021-02-12,10-K,data/train-00018-of-00020.parquet,both,True,True
0000049826,0000049826-20-000020,2020-02-14,10-K,2019-12-31,<archived-record-root>/...,2020-02-14,10-K,data/train-00003-of-00020.parquet,both,True,True
0000049826,0000049826-19-000021,2019-02-15,10-K,2018-12-31,<archived-record-root>/...,2019-02-15,10-K,data/train-00013-of-00020.parquet,both,True,True
0000049826,0000049826-18-000017,2018-02-15,10-K,2017-12-31,<archived-record-root>/...,2018-02-15,10-K,data/train-00004-of-00020.parquet,both,True,True
0000049826,0000049826-17-000022,2017-02-10,10-K,2016-12-31,<archived-record-root>/...,2017-02-10,10-K,data/train-00011-of-00020.parquet,both,True,True
0000049826,0000049826-16-000151,2016-02-12,10-K,2015-12-31,<archived-record-root>/...,2016-02-12,10-K,data/train-00016-of-00020.parquet,both,True,True
0000049826,0000049826-15-000016,2015-02-13,10-K,2014-12-31,<archived-record-root>/...,2015-02-13,10-K,data/train-00008-of-00020.parquet,both,True,True
0000050863,0000050863-19-000007,2019-02-01,10-K,2018-12-29,<archived-record-root>/...,2019-02-01,10-K,data/train-00013-of-00020.parquet,both,True,True
0000050863,0000050863-18-000007,2018-02-16,10-K,2017-12-30,<archived-record-root>/...,2018-02-16,10-K,data/train-00004-of-00020.parquet,both,True,True
0000050863,0000050863-17-000012,2017-02-17,10-K,2016-12-31,<archived-record-root>/...,2017-02-17,10-K,data/train-00011-of-00020.parquet,both,True,True
0000050863,0000050863-16-000105,2016-02-12,10-K,2015-12-26,<archived-record-root>/...,2016-02-12,10-K,data/train-00016-of-00020.parquet,both,True,True
0000050863,0000050863-15-000015,2015-02-13,10-K,2014-12-27,<archived-record-root>/...,2015-02-13,10-K,data/train-00008-of-00020.parquet,both,True,True
0000050863,0000050863-14-000020,2014-02-14,10-K,2013-12-28,<archived-record-root>/...,2014-02-14,10-K,data/train-00000-of-00020.parquet,both,True,True
0000050863,0001193125-13-065416,2013-02-19,10-K,2012-12-29,<archived-record-root>/...,2013-02-19,10-K,data/train-00001-of-00020.parquet,both,True,True
0000050863,0001193125-12-075534,2012-02-23,10-K,2011-12-31,<archived-record-root>/...,2012-02-23,10-K,data/train-00001-of-00020.parquet,both,True,True
0000050863,0000950123-11-015783,2011-02-18,10-K,2010-12-25,<archived-record-root>/...,2011-02-18,10-K,data/train-00003-of-00020.parquet,both,True,True
0000050863,0000950123-10-015237,2010-02-22,10-K,2009-12-26,<archived-record-root>/...,2010-02-22,10-K,data/train-00009-of-00020.parquet,both,True,True
0000050863,0000050863-21-000010,2021-01-22,10-K,2020-12-26,<archived-record-root>/...,2021-01-22,10-K,data/train-00018-of-00020.parquet,both,True,True
0000050863,0000050863-20-000011,2020-01-24,10-K,2019-12-28,<archived-record-root>/...,2020-01-24,10-K,data/train-00003-of-00020.parquet,both,True,True
0000056873,0001558370-18-002753,2018-04-03,10-K,2018-02-03,<archived-record-root>/...,2018-04-03,10-K,data/train-00012-of-00020.parquet,both,True,True
0000056873,0001558370-17-002198,2017-03-28,10-K,2017-01-28,<archived-record-root>/...,2017-03-28,10-K,data/train-00011-of-00020.parquet,both,True,True
0000056873,0001104659-16-108277,2016-03-29,10-K,2016-01-30,<archived-record-root>/...,2016-03-29,10-K,data/train-00016-of-00020.parquet,both,True,True
0000056873,0001104659-15-024557,2015-03-31,10-K,2015-01-31,<archived-record-root>/...,2015-03-31,10-K,data/train-00008-of-00020.parquet,both,True,True
0000056873,0001104659-14-024819,2014-04-01,10-K,2014-02-01,<archived-record-root>/...,2014-04-01,10-K,data/train-00005-of-00020.parquet,both,True,True
0000056873,0001104659-13-026395,2013-04-02,10-K,2013-02-02,<archived-record-root>/...,2013-04-02,10-K,data/train-00008-of-00020.parquet,both,True,True
0000056873,0001104659-12-021358,2012-03-27,10-K,2012-01-28,<archived-record-root>/...,2012-03-27,10-K,data/train-00001-of-00020.parquet,both,True,True
0000056873,0001104659-11-017372,2011-03-29,10-K,2011-01-29,<archived-record-root>/...,2011-03-29,10-K,data/train-00003-of-00020.parquet,both,True,True
0000056873,0001104659-10-017258,2010-03-30,10-K,2010-01-30,<archived-record-root>/...,2010-03-30,10-K,data/train-00009-of-00020.parquet,both,True,True
0000056873,0001558370-21-003706,2021-03-30,10-K,2021-01-30,<archived-record-root>/...,2021-03-30,10-K,data/train-00018-of-00020.parquet,both,True,True
0000056873,0001558370-20-003501,2020-04-01,10-K,2020-02-01,<archived-record-root>/...,2020-04-01,10-K,data/train-00006-of-00020.parquet,both,True,True
0000056873,0001558370-19-002756,2019-04-02,10-K,2019-02-02,<archived-record-root>/...,2019-04-02,10-K,data/train-00009-of-00020.parquet,both,True,True
0000058492,0000058492-21-000005,2021-02-24,10-K,2020-12-31,<archived-record-root>/...,2021-02-24,10-K,data/train-00018-of-00020.parquet,both,True,True
0000058492,0000058492-20-000002,2020-02-20,10-K,2019-12-31,<archived-record-root>/...,2020-02-20,10-K,data/train-00003-of-00020.parquet,both,True,True
0000058492,0000058492-19-000004,2019-02-27,10-K,2018-12-31,<archived-record-root>/...,2019-02-27,10-K,data/train-00013-of-00020.parquet,both,True,True
0000058492,0000058492-18-000004,2018-02-22,10-K,2017-12-31,<archived-record-root>/...,2018-02-22,10-K,data/train-00004-of-00020.parquet,both,True,True
0000058492,0000058492-17-000004,2017-02-22,10-K,2016-12-31,<archived-record-root>/...,2017-02-22,10-K,data/train-00011-of-00020.parquet,both,True,True
0000058492,0000058492-16-000019,2016-02-25,10-K,2015-12-31,<archived-record-root>/...,2016-02-25,10-K,data/train-00016-of-00020.parquet,both,True,True
0000058492,0000058492-15-000002,2015-02-26,10-K,2014-12-31,<archived-record-root>/...,2015-02-26,10-K,data/train-00008-of-00020.parquet,both,True,True
0000058492,0000058492-14-000002,2014-02-26,10-K,2013-12-31,<archived-record-root>/...,2014-02-26,10-K,data/train-00000-of-00020.parquet,both,True,True
0000058492,0000058492-13-000002,2013-02-28,10-K,2012-12-31,<archived-record-root>/...,2013-02-28,10-K,data/train-00001-of-00020.parquet,both,True,True
0000058492,0001193125-12-078429,2012-02-24,10-K,2011-12-31,<archived-record-root>/...,2012-02-24,10-K,data/train-00001-of-00020.parquet,both,True,True
0000058492,0001193125-11-045388,2011-02-24,10-K,2010-12-31,<archived-record-root>/...,2011-02-24,10-K,data/train-00003-of-00020.parquet,both,True,True
0000058492,0001193125-10-040659,2010-02-25,10-K,2009-12-31,<archived-record-root>/...,2010-02-25,10-K,data/train-00009-of-00020.parquet,both,True,True
0000059527,0001445305-13-000291,2013-02-22,10-K,2012-12-31,<archived-record-root>/...,2013-02-22,10-K,data/train-00001-of-00020.parquet,both,True,True
0000059527,0001047469-12-001433,2012-02-24,10-K,2011-12-31,<archived-record-root>/...,2012-02-24,10-K,data/train-00001-of-00020.parquet,both,True,True
0000059527,0001047469-11-001516,2011-02-28,10-K,2010-12-31,<archived-record-root>/...,2011-02-28,10-K,data/train-00003-of-00020.parquet,both,True,True
0000059527,0001193125-10-035769,2010-02-22,10-K,2009-12-31,<archived-record-root>/...,2010-02-22,10-K,data/train-00009-of-00020.parquet,both,True,True
0000059527,0000059527-21-000008,2021-02-19,10-K,2020-12-31,<archived-record-root>/...,2021-02-19,10-K,data/train-00018-of-00020.parquet,both,True,True
0000059527,0000059527-20-000007,2020-02-27,10-K,2019-12-31,<archived-record-root>/...,2020-02-27,10-K,data/train-00003-of-00020.parquet,both,True,True
0000059527,0000059527-19-000008,2019-02-27,10-K,2018-12-31,<archived-record-root>/...,2019-02-27,10-K,data/train-00013-of-00020.parquet,both,True,True
0000059527,0000059527-18-000006,2018-02-27,10-K,2017-12-31,<archived-record-root>/...,2018-02-27,10-K,data/train-00004-of-00020.parquet,both,True,True
0000059527,0000059527-17-000006,2017-02-24,10-K,2016-12-31,<archived-record-root>/...,2017-02-24,10-K,data/train-00011-of-00020.parquet,both,True,True
0000059527,0000059527-16-000036,2016-02-25,10-K,2015-12-31,<archived-record-root>/...,2016-02-25,10-K,data/train-00016-of-00020.parquet,both,True,True
0000059527,0000059527-15-000006,2015-02-20,10-K,2014-12-31,<archived-record-root>/...,2015-02-20,10-K,data/train-00008-of-00020.parquet,both,True,True
0000059527,0000059527-14-000007,2014-02-21,10-K,2013-12-31,<archived-record-root>/...,2014-02-21,10-K,data/train-00000-of-00020.parquet,both,True,True
0000060519,0001193125-10-044563,2010-03-01,10-K,2009-12-31,<archived-record-root>/...,2010-03-01,10-K,data/train-00009-of-00020.parquet,both,True,True
0000060519,0001628280-21-002469,2021-02-18,10-K,2020-12-31,<archived-record-root>/...,2021-02-18,10-K,data/train-00018-of-00020.parquet,both,True,True
0000060519,0001793498-20-000014,2020-02-13,10-K,2019-12-31,<archived-record-root>/...,2020-02-13,10-K,data/train-00003-of-00020.parquet,both,True,True
0000060519,0001504337-19-000008,2019-02-14,10-K,2018-12-31,<archived-record-root>/...,2019-02-14,10-K,data/train-00013-of-00020.parquet,both,True,True
0000060519,0001504337-18-000006,2018-02-13,10-K,2017-12-31,<archived-record-root>/...,2018-02-13,10-K,data/train-00004-of-00020.parquet,both,True,True
0000060519,0001504337-17-000007,2017-02-15,10-K,2016-12-31,<archived-record-root>/...,2017-02-15,10-K,data/train-00011-of-00020.parquet,both,True,True
0000060519,0001504337-16-000048,2016-02-24,10-K,2015-12-31,<archived-record-root>/...,2016-02-24,10-K,data/train-00016-of-00020.parquet,both,True,True
0000060519,0001504337-15-000010,2015-03-02,10-K,2014-12-31,<archived-record-root>/...,2015-03-02,10-K,data/train-00008-of-00020.parquet,both,True,True
0000060519,0001504337-14-000012,2014-02-27,10-K,2013-12-31,<archived-record-root>/...,2014-02-27,10-K,data/train-00000-of-00020.parquet,both,True,True
0000060519,0001504337-13-000009,2013-02-28,10-K,2012-12-31,<archived-record-root>/...,2013-02-28,10-K,data/train-00001-of-00020.parquet,both,True,True
0000060519,0001504337-12-000010,2012-02-29,10-K,2011-12-31,<archived-record-root>/...,2012-02-29,10-K,data/train-00001-of-00020.parquet,both,True,True
0000060519,0001193125-11-049415,2011-02-28,10-K,2010-12-31,<archived-record-root>/...,2011-02-28,10-K,data/train-00003-of-00020.parquet,both,True,True
0000062996,0001193125-13-062852,2013-02-15,10-K,2012-12-31,<archived-record-root>/...,2013-02-15,10-K,data/train-00001-of-00020.parquet,both,True,True
0000062996,0001193125-12-070524,2012-02-21,10-K,2011-12-31,<archived-record-root>/...,2012-02-21,10-K,data/train-00001-of-00020.parquet,both,True,True
0000062996,0000950123-11-015716,2011-02-18,10-K,2010-12-31,<archived-record-root>/...,2011-02-18,10-K,data/train-00003-of-00020.parquet,both,True,True
0000062996,0000950123-10-013437,2010-02-16,10-K,2009-12-31,<archived-record-root>/...,2010-02-16,10-K,data/train-00009-of-00020.parquet,both,True,True
0000062996,0000062996-21-000008,2021-02-09,10-K,2020-12-31,<archived-record-root>/...,2021-02-09,10-K,data/train-00018-of-00020.parquet,both,True,True
0000062996,0000062996-20-000006,2020-02-11,10-K,2019-12-31,<archived-record-root>/...,2020-02-11,10-K,data/train-00003-of-00020.parquet,both,True,True
0000062996,0000062996-19-000011,2019-02-07,10-K,2018-12-31,<archived-record-root>/...,2019-02-07,10-K,data/train-00013-of-00020.parquet,both,True,True
0000062996,0000062996-18-000015,2018-02-08,10-K,2017-12-31,<archived-record-root>/...,2018-02-08,10-K,data/train-00004-of-00020.parquet,both,True,True
0000062996,0000062996-17-000008,2017-02-09,10-K,2016-12-31,<archived-record-root>/...,2017-02-09,10-K,data/train-00011-of-00020.parquet,both,True,True
0000062996,0001047469-16-010135,2016-02-12,10-K,2015-12-31,<archived-record-root>/...,2016-02-12,10-K,data/train-00016-of-00020.parquet,both,True,True
0000062996,0001047469-15-000803,2015-02-13,10-K,2014-12-31,<archived-record-root>/...,2015-02-13,10-K,data/train-00008-of-00020.parquet,both,True,True
0000062996,0001047469-14-000923,2014-02-14,10-K,2013-12-31,<archived-record-root>/...,2014-02-14,10-K,data/train-00000-of-00020.parquet,both,True,True
0000066740,0001558370-18-000535,2018-02-08,10-K,2017-12-31,<archived-record-root>/...,2018-02-08,10-K,data/train-00004-of-00020.parquet,both,True,True
0000066740,0001558370-17-000479,2017-02-09,10-K,2016-12-31,<archived-record-root>/...,2017-02-09,10-K,data/train-00011-of-00020.parquet,both,True,True
0000066740,0001558370-16-003162,2016-02-11,10-K,2015-12-31,<archived-record-root>/...,2016-02-11,10-K,data/train-00016-of-00020.parquet,both,True,True
0000066740,0001104659-15-009560,2015-02-12,10-K,2014-12-31,<archived-record-root>/...,2015-02-12,10-K,data/train-00008-of-00020.parquet,both,True,True
0000066740,0001104659-14-009773,2014-02-13,10-K,2013-12-31,<archived-record-root>/...,2014-02-13,10-K,data/train-00000-of-00020.parquet,both,True,True
0000066740,0001104659-13-010881,2013-02-14,10-K,2012-12-31,<archived-record-root>/...,2013-02-14,10-K,data/train-00001-of-00020.parquet,both,True,True
0000066740,0001104659-12-010566,2012-02-16,10-K,2011-12-31,<archived-record-root>/...,2012-02-16,10-K,data/train-00001-of-00020.parquet,both,True,True
0000066740,0001104659-11-007845,2011-02-16,10-K,2010-12-31,<archived-record-root>/...,2011-02-16,10-K,data/train-00003-of-00020.parquet,both,True,True
0000066740,0001104659-10-007295,2010-02-16,10-K,2009-12-31,<archived-record-root>/...,2010-02-16,10-K,data/train-00009-of-00020.parquet,both,True,True
0000066740,0001558370-21-000737,2021-02-04,10-K,2020-12-31,<archived-record-root>/...,2021-02-04,10-K,data/train-00018-of-00020.parquet,both,True,True
0000066740,0001558370-20-000581,2020-02-06,10-K,2019-12-31,<archived-record-root>/...,2020-02-06,10-K,data/train-00003-of-00020.parquet,both,True,True
0000066740,0001558370-19-000470,2019-02-07,10-K,2018-12-31,<archived-record-root>/...,2019-02-07,10-K,data/train-00013-of-00020.parquet,both,True,True
0000067716,0000067716-10-000030,2010-02-17,10-K,2009-12-31,<archived-record-root>/...,2010-02-17,10-K,data/train-00009-of-00020.parquet,both,True,True
0000067716,0000067716-21-000007,2021-02-19,10-K,2020-12-31,<archived-record-root>/...,2021-02-19,10-K,data/train-00018-of-00020.parquet,both,True,True
0000067716,0000067716-20-000010,2020-02-21,10-K,2019-12-31,<archived-record-root>/...,2020-02-21,10-K,data/train-00003-of-00020.parquet,both,True,True
0000067716,0000067716-19-000019,2019-02-22,10-K,2018-12-31,<archived-record-root>/...,2019-02-22,10-K,data/train-00013-of-00020.parquet,both,True,True
0000067716,0000067716-18-000013,2018-02-23,10-K,2017-12-31,<archived-record-root>/...,2018-02-23,10-K,data/train-00004-of-00020.parquet,both,True,True
0000067716,0000067716-17-000017,2017-02-24,10-K,2016-12-31,<archived-record-root>/...,2017-02-24,10-K,data/train-00011-of-00020.parquet,both,True,True
0000067716,0000067716-16-000116,2016-02-19,10-K,2015-12-31,<archived-record-root>/...,2016-02-19,10-K,data/train-00016-of-00020.parquet,both,True,True
0000067716,0000067716-15-000027,2015-02-20,10-K,2014-12-31,<archived-record-root>/...,2015-02-20,10-K,data/train-00008-of-00020.parquet,both,True,True
0000067716,0000067716-14-000029,2014-02-21,10-K,2013-12-31,<archived-record-root>/...,2014-02-21,10-K,data/train-00000-of-00020.parquet,both,True,True
0000067716,0000067716-13-000021,2013-02-28,10-K,2012-12-31,<archived-record-root>/...,2013-02-28,10-K,data/train-00001-of-00020.parquet,both,True,True
0000067716,0000067716-12-000031,2012-02-24,10-K,2011-12-31,<archived-record-root>/...,2012-02-24,10-K,data/train-00001-of-00020.parquet,both,True,True
0000067716,0000067716-11-000021,2011-02-23,10-K,2010-12-31,<archived-record-root>/...,2011-02-23,10-K,data/train-00003-of-00020.parquet,both,True,True
0000067887,0000067887-13-000043,2013-11-12,10-K,2013-09-28,<archived-record-root>/...,2013-11-12,10-K,data/train-00003-of-00020.parquet,both,True,True
0000067887,0000067887-12-000034,2012-11-20,10-K,2012-09-29,<archived-record-root>/...,2012-11-20,10-K,data/train-00000-of-00020.parquet,both,True,True
0000067887,0001193125-11-325967,2011-11-30,10-K,2011-10-01,<archived-record-root>/...,2011-11-30,10-K,data/train-00005-of-00020.parquet,both,True,True
0000067887,0000950123-10-110062,2010-12-01,10-K,2010-10-02,<archived-record-root>/...,2010-12-01,10-K,data/train-00015-of-00020.parquet,both,True,True
0000067887,0000067887-21-000065,2021-11-15,10-K,2021-10-02,<archived-record-root>/...,2021-11-15,10-K,data/train-00019-of-00020.parquet,both,True,True
0000067887,0000067887-20-000054,2020-11-17,10-K,2020-10-03,<archived-record-root>/...,2020-11-17,10-K,data/train-00010-of-00020.parquet,both,True,True
0000067887,0000067887-19-000086,2019-11-12,10-K,2019-09-28,<archived-record-root>/...,2019-11-12,10-K,data/train-00004-of-00020.parquet,both,True,True
0000067887,0000067887-18-000053,2018-11-13,10-K,2018-09-29,<archived-record-root>/...,2018-11-13,10-K,data/train-00009-of-00020.parquet,both,True,True
0000067887,0000067887-17-000087,2017-11-14,10-K,2017-09-30,<archived-record-root>/...,2017-11-14,10-K,data/train-00006-of-00020.parquet,both,True,True
0000067887,0000067887-16-000213,2016-11-14,10-K,2016-10-01,<archived-record-root>/...,2016-11-14,10-K,data/train-00005-of-00020.parquet,both,True,True
0000067887,0000067887-15-000081,2015-11-16,10-K,2015-10-03,<archived-record-root>/...,2015-11-16,10-K,data/train-00002-of-00020.parquet,both,True,True
0000067887,0000067887-14-000071,2014-11-10,10-K,2014-09-27,<archived-record-root>/...,2014-11-10,10-K,data/train-00004-of-00020.parquet,both,True,True
0000073309,0001193125-14-077349,2014-02-28,10-K,2013-12-31,<archived-record-root>/...,2014-02-28,10-K,data/train-00000-of-00020.parquet,both,True,True
0000073309,0001193125-13-084517,2013-02-28,10-K,2012-12-31,<archived-record-root>/...,2013-02-28,10-K,data/train-00001-of-00020.parquet,both,True,True
0000073309,0001193125-12-083972,2012-02-28,10-K,2011-12-31,<archived-record-root>/...,2012-02-28,10-K,data/train-00001-of-00020.parquet,both,True,True
0000073309,0001193125-11-049351,2011-02-28,10-K,2010-12-31,<archived-record-root>/...,2011-02-28,10-K,data/train-00003-of-00020.parquet,both,True,True
0000073309,0001193125-10-040686,2010-02-25,10-K,2009-12-31,<archived-record-root>/...,2010-02-25,10-K,data/train-00009-of-00020.parquet,both,True,True
0000073309,0001564590-21-009503,2021-02-26,10-K,2020-12-31,<archived-record-root>/...,2021-02-26,10-K,data/train-00018-of-00020.parquet,both,True,True
0000073309,0001564590-20-007794,2020-02-28,10-K,2019-12-31,<archived-record-root>/...,2020-02-28,10-K,data/train-00003-of-00020.parquet,both,True,True
0000073309,0001193125-19-057744,2019-02-28,10-K,2018-12-31,<archived-record-root>/...,2019-02-28,10-K,data/train-00013-of-00020.parquet,both,True,True
0000073309,0001193125-18-064018,2018-02-28,10-K,2017-12-31,<archived-record-root>/...,2018-02-28,10-K,data/train-00005-of-00020.parquet,both,True,True
0000073309,0001193125-17-062124,2017-02-28,10-K,2016-12-31,<archived-record-root>/...,2017-02-28,10-K,data/train-00011-of-00020.parquet,both,True,True
0000073309,0001193125-16-481119,2016-02-26,10-K,2015-12-31,<archived-record-root>/...,2016-02-26,10-K,data/train-00016-of-00020.parquet,both,True,True
0000073309,0001193125-15-068895,2015-02-27,10-K,2014-12-31,<archived-record-root>/...,2015-02-27,10-K,data/train-00008-of-00020.parquet,both,True,True
0000074303,0000074303-16-000090,2016-03-01,10-K,2015-12-31,<archived-record-root>/...,2016-03-01,10-K,data/train-00016-of-00020.parquet,both,True,True
0000074303,0000074303-15-000015,2015-02-25,10-K,2014-12-31,<archived-record-root>/...,2015-02-25,10-K,data/train-00008-of-00020.parquet,both,True,True
0000074303,0000074303-14-000021,2014-02-24,10-K,2013-12-31,<archived-record-root>/...,2014-02-24,10-K,data/train-00000-of-00020.parquet,both,True,True
0000074303,0000074303-13-000012,2013-02-25,10-K,2012-12-31,<archived-record-root>/...,2013-02-25,10-K,data/train-00001-of-00020.parquet,both,True,True
0000074303,0000074303-12-000027,2012-02-24,10-K,2011-12-31,<archived-record-root>/...,2012-02-24,10-K,data/train-00001-of-00020.parquet,both,True,True
0000074303,0000074303-11-000012,2011-02-24,10-K,2010-12-31,<archived-record-root>/...,2011-02-24,10-K,data/train-00003-of-00020.parquet,both,True,True
0000074303,0000074303-10-000007,2010-02-24,10-K,2009-12-31,<archived-record-root>/...,2010-02-24,10-K,data/train-00009-of-00020.parquet,both,True,True
0000074303,0000074303-21-000019,2021-02-22,10-K,2020-12-31,<archived-record-root>/...,2021-02-22,10-K,data/train-00018-of-00020.parquet,both,True,True
0000074303,0000074303-20-000072,2020-02-25,10-K,2019-12-31,<archived-record-root>/...,2020-02-25,10-K,data/train-00003-of-00020.parquet,both,True,True
0000074303,0000074303-19-000018,2019-02-25,10-K,2018-12-31,<archived-record-root>/...,2019-02-25,10-K,data/train-00013-of-00020.parquet,both,True,True
0000074303,0000074303-18-000007,2018-02-26,10-K,2017-12-31,<archived-record-root>/...,2018-02-26,10-K,data/train-00005-of-00020.parquet,both,True,True
0000074303,0000074303-17-000026,2017-02-28,10-K,2016-12-31,<archived-record-root>/...,2017-02-28,10-K,data/train-00011-of-00020.parquet,both,True,True
0000076334,0000076334-17-000095,2017-08-25,10-K,2017-06-30,<archived-record-root>/...,2017-08-25,10-K,data/train-00011-of-00020.parquet,both,True,True
0000076334,0000076334-16-000196,2016-08-26,10-K,2016-06-30,<archived-record-root>/...,2016-08-26,10-K,data/train-00011-of-00020.parquet,both,True,True
0000076334,0000076334-15-000079,2015-08-26,10-K,2015-06-30,<archived-record-root>/...,2015-08-26,10-K,data/train-00014-of-00020.parquet,both,True,True
0000076334,0000076334-14-000114,2014-08-22,10-K,2014-06-30,<archived-record-root>/...,2014-08-22,10-K,data/train-00016-of-00020.parquet,both,True,True
0000076334,0000076334-13-000157,2013-08-29,10-K,2013-06-30,<archived-record-root>/...,2013-08-29,10-K,data/train-00004-of-00020.parquet,both,True,True
0000076334,0000076334-12-000064,2012-08-24,10-K,2012-06-30,<archived-record-root>/...,2012-08-24,10-K,data/train-00007-of-00020.parquet,both,True,True
0000076334,0001193125-11-233381,2011-08-26,10-K,2011-06-30,<archived-record-root>/...,2011-08-26,10-K,data/train-00009-of-00020.parquet,both,True,True
0000076334,0001193125-10-197800,2010-08-26,10-K,2010-06-30,<archived-record-root>/...,2010-08-26,10-K,data/train-00012-of-00020.parquet,both,True,True
0000076334,0000076334-21-000187,2021-08-25,10-K,2021-06-30,<archived-record-root>/...,2021-08-25,10-K,data/train-00016-of-00020.parquet,both,True,True
0000076334,0000076334-20-000099,2020-08-26,10-K,2020-06-30,<archived-record-root>/...,2020-08-26,10-K,data/train-00014-of-00020.parquet,both,True,True
0000076334,0000076334-19-000096,2019-08-23,10-K,2019-06-30,<archived-record-root>/...,2019-08-23,10-K,data/train-00015-of-00020.parquet,both,True,True
0000076334,0000076334-18-000087,2018-08-24,10-K,2018-06-30,<archived-record-root>/...,2018-08-24,10-K,data/train-00006-of-00020.parquet,both,True,True
0000077360,0001193125-13-077034,2013-02-26,10-K,2012-12-31,<archived-record-root>/...,2013-02-26,10-K,data/train-00001-of-00020.parquet,both,True,True
0000077360,0001193125-12-070520,2012-02-21,10-K,2011-12-31,<archived-record-root>/...,2012-02-21,10-K,data/train-00001-of-00020.parquet,both,True,True
0000077360,0000950123-11-016702,2011-02-23,10-K,2010-12-31,<archived-record-root>/...,2011-02-23,10-K,data/train-00003-of-00020.parquet,both,True,True
0000077360,0000950123-10-015693,2010-02-23,10-K,2009-12-31,<archived-record-root>/...,2010-02-23,10-K,data/train-00009-of-00020.parquet,both,True,True
0000077360,0000077360-21-000005,2021-02-16,10-K,2020-12-31,<archived-record-root>/...,2021-02-16,10-K,data/train-00018-of-00020.parquet,both,True,True
0000077360,0000077360-20-000006,2020-02-25,10-K,2019-12-31,<archived-record-root>/...,2020-02-25,10-K,data/train-00003-of-00020.parquet,both,True,True
0000077360,0000077360-19-000006,2019-02-19,10-K,2018-12-31,<archived-record-root>/...,2019-02-19,10-K,data/train-00013-of-00020.parquet,both,True,True
0000077360,0000077360-18-000007,2018-02-27,10-K,2017-12-31,<archived-record-root>/...,2018-02-27,10-K,data/train-00005-of-00020.parquet,both,True,True
0000077360,0000077360-17-000008,2017-02-21,10-K,2016-12-31,<archived-record-root>/...,2017-02-21,10-K,data/train-00011-of-00020.parquet,both,True,True
0000077360,0000077360-16-000058,2016-02-26,10-K,2015-12-31,<archived-record-root>/...,2016-02-26,10-K,data/train-00016-of-00020.parquet,both,True,True
0000077360,0000077360-15-000007,2015-02-24,10-K,2014-12-31,<archived-record-root>/...,2015-02-24,10-K,data/train-00008-of-00020.parquet,both,True,True
0000077360,0000077360-14-000010,2014-02-25,10-K,2013-12-31,<archived-record-root>/...,2014-02-25,10-K,data/train-00000-of-00020.parquet,both,True,True
0000077476,0000077476-15-000012,2015-02-12,10-K,2014-12-27,<archived-record-root>/...,2015-02-12,10-K,data/train-00008-of-00020.parquet,both,True,True
0000077476,0000077476-14-000007,2014-02-14,10-K,2013-12-28,<archived-record-root>/...,2014-02-14,10-K,data/train-00000-of-00020.parquet,both,True,True
0000077476,0001445305-13-000278,2013-02-21,10-K,2012-12-29,<archived-record-root>/...,2013-02-21,10-K,data/train-00001-of-00020.parquet,both,True,True
0000077476,0001193125-12-081822,2012-02-27,10-K,2011-12-31,<archived-record-root>/...,2012-02-27,10-K,data/train-00001-of-00020.parquet,both,True,True
0000077476,0001193125-11-040427,2011-02-18,10-K,2010-12-25,<archived-record-root>/...,2011-02-18,10-K,data/train-00003-of-00020.parquet,both,True,True
0000077476,0001193125-10-036385,2010-02-22,10-K,2009-12-26,<archived-record-root>/...,2010-02-22,10-K,data/train-00009-of-00020.parquet,both,True,True
0000077476,0000077476-21-000007,2021-02-11,10-K,2020-12-26,<archived-record-root>/...,2021-02-11,10-K,data/train-00018-of-00020.parquet,both,True,True
0000077476,0000077476-20-000015,2020-02-13,10-K,2019-12-28,<archived-record-root>/...,2020-02-13,10-K,data/train-00003-of-00020.parquet,both,True,True
0000077476,0000077476-19-000017,2019-02-15,10-K,2018-12-29,<archived-record-root>/...,2019-02-15,10-K,data/train-00013-of-00020.parquet,both,True,True
0000077476,0000077476-18-000012,2018-02-13,10-K,2017-12-30,<archived-record-root>/...,2018-02-13,10-K,data/train-00005-of-00020.parquet,both,True,True
0000077476,0000077476-17-000010,2017-02-15,10-K,2016-12-31,<archived-record-root>/...,2017-02-15,10-K,data/train-00011-of-00020.parquet,both,True,True
0000077476,0000077476-16-000066,2016-02-11,10-K,2015-12-26,<archived-record-root>/...,2016-02-11,10-K,data/train-00016-of-00020.parquet,both,True,True
0000079879,0000079879-21-000008,2021-02-18,10-K,2020-12-31,<archived-record-root>/...,2021-02-18,10-K,data/train-00018-of-00020.parquet,both,True,True
0000079879,0000079879-20-000008,2020-02-20,10-K,2019-12-31,<archived-record-root>/...,2020-02-20,10-K,data/train-00003-of-00020.parquet,both,True,True
0000079879,0000079879-19-000008,2019-02-21,10-K,2018-12-31,<archived-record-root>/...,2019-02-21,10-K,data/train-00013-of-00020.parquet,both,True,True
0000079879,0000079879-18-000010,2018-02-15,10-K,2017-12-31,<archived-record-root>/...,2018-02-15,10-K,data/train-00005-of-00020.parquet,both,True,True
0000079879,0000079879-17-000009,2017-02-16,10-K,2016-12-31,<archived-record-root>/...,2017-02-16,10-K,data/train-00011-of-00020.parquet,both,True,True
0000079879,0000079879-16-000065,2016-02-18,10-K,2015-12-31,<archived-record-root>/...,2016-02-18,10-K,data/train-00016-of-00020.parquet,both,True,True
0000079879,0000079879-15-000009,2015-02-19,10-K,2014-12-31,<archived-record-root>/...,2015-02-19,10-K,data/train-00008-of-00020.parquet,both,True,True
0000079879,0000079879-14-000010,2014-02-20,10-K,2013-12-31,<archived-record-root>/...,2014-02-20,10-K,data/train-00000-of-00020.parquet,both,True,True
0000079879,0000079879-13-000016,2013-02-21,10-K,2012-12-31,<archived-record-root>/...,2013-02-21,10-K,data/train-00001-of-00020.parquet,both,True,True
0000079879,0001193125-12-064763,2012-02-16,10-K,2011-12-31,<archived-record-root>/...,2012-02-16,10-K,data/train-00001-of-00020.parquet,both,True,True
0000079879,0001193125-11-038642,2011-02-17,10-K,2010-12-31,<archived-record-root>/...,2011-02-17,10-K,data/train-00003-of-00020.parquet,both,True,True
0000079879,0001193125-10-033939,2010-02-18,10-K,2009-12-31,<archived-record-root>/...,2010-02-18,10-K,data/train-00009-of-00020.parquet,both,True,True
0000080424,0000080424-21-000100,2021-08-06,10-K,2021-06-30,<archived-record-root>/...,2021-08-06,10-K,data/train-00016-of-00020.parquet,both,True,True
0000080424,0000080424-20-000053,2020-08-06,10-K,2020-06-30,<archived-record-root>/...,2020-08-06,10-K,data/train-00014-of-00020.parquet,both,True,True
0000080424,0000080424-19-000050,2019-08-06,10-K,2019-06-30,<archived-record-root>/...,2019-08-06,10-K,data/train-00015-of-00020.parquet,both,True,True
0000080424,0000080424-18-000055,2018-08-07,10-K,2018-06-30,<archived-record-root>/...,2018-08-07,10-K,data/train-00006-of-00020.parquet,both,True,True
0000080424,0000080424-17-000047,2017-08-07,10-K,2017-06-30,<archived-record-root>/...,2017-08-07,10-K,data/train-00011-of-00020.parquet,both,True,True
0000080424,0000080424-16-000212,2016-08-09,10-K,2016-06-30,<archived-record-root>/...,2016-08-09,10-K,data/train-00011-of-00020.parquet,both,True,True
0000080424,0000080424-15-000070,2015-08-07,10-K,2015-06-30,<archived-record-root>/...,2015-08-07,10-K,data/train-00014-of-00020.parquet,both,True,True
0000080424,0000080424-14-000057,2014-08-08,10-K,2014-06-30,<archived-record-root>/...,2014-08-08,10-K,data/train-00016-of-00020.parquet,both,True,True
0000080424,0000080424-13-000063,2013-08-08,10-K,2013-06-30,<archived-record-root>/...,2013-08-08,10-K,data/train-00004-of-00020.parquet,both,True,True
0000080424,0000080424-12-000063,2012-08-08,10-K,2012-06-30,<archived-record-root>/...,2012-08-08,10-K,data/train-00007-of-00020.parquet,both,True,True
0000080424,0000080424-11-000014,2011-08-10,10-K,2011-06-30,<archived-record-root>/...,2011-08-10,10-K,data/train-00009-of-00020.parquet,both,True,True
0000080424,0001193125-10-188769,2010-08-13,10-K,2010-06-30,<archived-record-root>/...,2010-08-13,10-K,data/train-00012-of-00020.parquet,both,True,True
0000081362,0000081362-14-000006,2014-02-28,10-K,2013-12-31,<archived-record-root>/...,2014-02-28,10-K,data/train-00000-of-00020.parquet,both,True,True
0000081362,0000081362-13-000005,2013-03-06,10-K,2012-12-31,<archived-record-root>/...,2013-03-06,10-K,data/train-00001-of-00020.parquet,both,True,True
0000081362,0000081362-12-000005,2012-03-07,10-K,2011-12-31,<archived-record-root>/...,2012-03-07,10-K,data/train-00001-of-00020.parquet,both,True,True
0000081362,0001193125-11-053672,2011-03-02,10-K,2010-12-31,<archived-record-root>/...,2011-03-02,10-K,data/train-00003-of-00020.parquet,both,True,True
0000081362,0001193125-10-046944,2010-03-03,10-K,2009-12-31,<archived-record-root>/...,2010-03-03,10-K,data/train-00009-of-00020.parquet,both,True,True
0000081362,0000081362-21-000004,2021-03-01,10-K,2020-12-31,<archived-record-root>/...,2021-03-01,10-K,data/train-00018-of-00020.parquet,both,True,True
0000081362,0000081362-20-000002,2020-03-20,10-K,2019-12-31,<archived-record-root>/...,2020-03-20,10-K,data/train-00003-of-00020.parquet,both,True,True
0000081362,0000081362-19-000002,2019-02-28,10-K,2018-12-31,<archived-record-root>/...,2019-02-28,10-K,data/train-00013-of-00020.parquet,both,True,True
0000081362,0000081362-18-000003,2018-02-28,10-K,2017-12-31,<archived-record-root>/...,2018-02-28,10-K,data/train-00005-of-00020.parquet,both,True,True
0000081362,0000081362-17-000006,2017-02-28,10-K,2016-12-31,<archived-record-root>/...,2017-02-28,10-K,data/train-00011-of-00020.parquet,both,True,True
0000081362,0000081362-16-000025,2016-02-25,10-K,2015-12-31,<archived-record-root>/...,2016-02-25,10-K,data/train-00016-of-00020.parquet,both,True,True
0000081362,0000081362-15-000004,2015-02-26,10-K,2014-12-31,<archived-record-root>/...,2015-02-26,10-K,data/train-00008-of-00020.parquet,both,True,True
0000082811,0000082811-16-000124,2016-03-02,10-K,2016-01-02,<archived-record-root>/...,2016-03-02,10-K,data/train-00016-of-00020.parquet,both,True,True
0000082811,0000082811-15-000014,2015-03-04,10-K,2015-01-03,<archived-record-root>/...,2015-03-04,10-K,data/train-00008-of-00020.parquet,both,True,True
0000082811,0000082811-14-000017,2014-02-26,10-K,2013-12-28,<archived-record-root>/...,2014-02-26,10-K,data/train-00000-of-00020.parquet,both,True,True
0000082811,0000082811-13-000008,2013-02-27,10-K,2012-12-29,<archived-record-root>/...,2013-02-27,10-K,data/train-00001-of-00020.parquet,both,True,True
0000082811,0001193125-12-089005,2012-02-29,10-K,2011-12-31,<archived-record-root>/...,2012-02-29,10-K,data/train-00001-of-00020.parquet,both,True,True
0000082811,0000950123-11-021291,2011-03-02,10-K,2011-01-01,<archived-record-root>/...,2011-03-02,10-K,data/train-00003-of-00020.parquet,both,True,True
0000082811,0000082811-10-000009,2010-03-02,10-K,2010-03-01,<archived-record-root>/...,2010-03-02,10-K,data/train-00009-of-00020.parquet,both,True,True
0000082811,0000082811-21-000043,2021-03-02,10-K,2021-01-02,<archived-record-root>/...,2021-03-02,10-K,data/train-00018-of-00020.parquet,both,True,True
0000082811,0000082811-20-000035,2020-02-26,10-K,2019-12-28,<archived-record-root>/...,2020-02-26,10-K,data/train-00003-of-00020.parquet,both,True,True
0000082811,0000082811-19-000018,2019-02-26,10-K,2018-12-29,<archived-record-root>/...,2019-02-26,10-K,data/train-00013-of-00020.parquet,both,True,True
0000082811,0000082811-18-000011,2018-02-27,10-K,2017-12-30,<archived-record-root>/...,2018-02-27,10-K,data/train-00005-of-00020.parquet,both,True,True
0000082811,0000082811-17-000017,2017-03-01,10-K,2017-01-07,<archived-record-root>/...,2017-03-01,10-K,data/train-00011-of-00020.parquet,both,True,True
0000084246,0001558370-16-003590,2016-02-26,10-K,2015-12-31,<archived-record-root>/...,2016-02-26,10-K,data/train-00016-of-00020.parquet,both,True,True
0000084246,0001558370-15-000197,2015-02-26,10-K,2014-12-31,<archived-record-root>/...,2015-02-26,10-K,data/train-00008-of-00020.parquet,both,True,True
0000084246,0001104659-14-014137,2014-02-27,10-K,2013-12-31,<archived-record-root>/...,2014-02-27,10-K,data/train-00000-of-00020.parquet,both,True,True
0000084246,0001104659-13-014851,2013-02-27,10-K,2012-12-31,<archived-record-root>/...,2013-02-27,10-K,data/train-00001-of-00020.parquet,both,True,True
0000084246,0001104659-12-013871,2012-02-28,10-K,2012-01-31,<archived-record-root>/...,2012-02-28,10-K,data/train-00001-of-00020.parquet,both,True,True
0000084246,0001104659-11-010249,2011-02-25,10-K,2010-12-31,<archived-record-root>/...,2011-02-25,10-K,data/train-00003-of-00020.parquet,both,True,True
0000084246,0001104659-10-009197,2010-02-24,10-K,2009-12-31,<archived-record-root>/...,2010-02-24,10-K,data/train-00009-of-00020.parquet,both,True,True
0000084246,0001564590-21-006861,2021-02-19,10-K,2020-12-31,<archived-record-root>/...,2021-02-19,10-K,data/train-00018-of-00020.parquet,both,True,True
0000084246,0000084246-20-000010,2020-02-21,10-K,2019-12-31,<archived-record-root>/...,2020-02-21,10-K,data/train-00003-of-00020.parquet,both,True,True
0000084246,0000084246-19-000013,2019-02-22,10-K,2018-12-31,<archived-record-root>/...,2019-02-22,10-K,data/train-00013-of-00020.parquet,both,True,True
0000084246,0000084246-18-000011,2018-02-23,10-K,2017-12-31,<archived-record-root>/...,2018-02-23,10-K,data/train-00005-of-00020.parquet,both,True,True
0000084246,0000084246-17-000007,2017-02-24,10-K,2016-12-31,<archived-record-root>/...,2017-02-24,10-K,data/train-00011-of-00020.parquet,both,True,True
0000088948,0001437749-21-014603,2021-06-11,10-K,2021-03-31,<archived-record-root>/...,2021-06-11,10-K,data/train-00018-of-00020.parquet,both,True,True
0000088948,0001437749-20-014526,2020-07-02,10-K,2020-03-31,<archived-record-root>/...,2020-07-02,10-K,data/train-00014-of-00020.parquet,both,True,True
0000088948,0001437749-19-011972,2019-06-13,10-K,2019-03-31,<archived-record-root>/...,2019-06-13,10-K,data/train-00009-of-00020.parquet,both,True,True
0000088948,0001437749-18-012712,2018-06-29,10-K,2018-03-31,<archived-record-root>/...,2018-06-29,10-K,data/train-00012-of-00020.parquet,both,True,True
0000088948,0000088948-17-000019,2017-05-25,10-K,2017-03-31,<archived-record-root>/...,2017-05-25,10-K,data/train-00001-of-00020.parquet,both,True,True
0000088948,0000088948-16-000051,2016-06-08,10-K,2016-03-31,<archived-record-root>/...,2016-06-08,10-K,data/train-00010-of-00020.parquet,both,True,True
0000088948,0000088948-15-000020,2015-06-09,10-K,2015-03-31,<archived-record-root>/...,2015-06-09,10-K,data/train-00002-of-00020.parquet,both,True,True
0000088948,0000088948-14-000013,2014-05-22,10-K,2014-03-31,<archived-record-root>/...,2014-05-22,10-K,data/train-00005-of-00020.parquet,both,True,True
0000088948,0000088948-13-000008,2013-05-23,10-K,2013-03-31,<archived-record-root>/...,2013-05-23,10-K,data/train-00008-of-00020.parquet,both,True,True
0000088948,0000088948-12-000020,2012-06-08,10-K,2012-03-31,<archived-record-root>/...,2012-06-08,10-K,data/train-00008-of-00020.parquet,both,True,True
0000088948,0000088948-11-000011,2011-05-26,10-K,2011-03-31,<archived-record-root>/...,2011-05-26,10-K,data/train-00014-of-00020.parquet,both,True,True
0000088948,0000088948-10-000018,2010-05-26,10-K,2010-03-31,<archived-record-root>/...,2010-05-26,10-K,data/train-00002-of-00020.parquet,both,True,True
0000089089,0000089089-15-000001,2015-02-13,10-K,2014-12-31,<archived-record-root>/...,2015-02-13,10-K,data/train-00008-of-00020.parquet,both,True,True
0000089089,0000089089-14-000002,2014-02-14,10-K,2013-12-31,<archived-record-root>/...,2014-02-14,10-K,data/train-00000-of-00020.parquet,both,True,True
0000089089,0000089089-13-000003,2013-02-13,10-K,2012-12-31,<archived-record-root>/...,2013-02-13,10-K,data/train-00001-of-00020.parquet,both,True,True
0000089089,0000089089-12-000005,2012-02-13,10-K,2011-12-31,<archived-record-root>/...,2012-02-13,10-K,data/train-00001-of-00020.parquet,both,True,True
0000089089,0000950123-11-013833,2011-02-14,10-K,2010-12-31,<archived-record-root>/...,2011-02-14,10-K,data/train-00003-of-00020.parquet,both,True,True
0000089089,0000950123-10-017351,2010-02-26,10-K,2009-12-31,<archived-record-root>/...,2010-02-26,10-K,data/train-00009-of-00020.parquet,both,True,True
0000089089,0000089089-21-000012,2021-02-16,10-K,2020-12-31,<archived-record-root>/...,2021-02-16,10-K,data/train-00018-of-00020.parquet,both,True,True
0000089089,0000089089-20-000010,2020-02-18,10-K,2019-12-31,<archived-record-root>/...,2020-02-18,10-K,data/train-00003-of-00020.parquet,both,True,True
0000089089,0000089089-19-000005,2019-02-20,10-K,2018-12-31,<archived-record-root>/...,2019-02-20,10-K,data/train-00013-of-00020.parquet,both,True,True
0000089089,0000089089-18-000006,2018-02-14,10-K,2017-12-31,<archived-record-root>/...,2018-02-14,10-K,data/train-00005-of-00020.parquet,both,True,True
0000089089,0000089089-17-000006,2017-02-15,10-K,2016-12-31,<archived-record-root>/...,2017-02-15,10-K,data/train-00011-of-00020.parquet,both,True,True
0000089089,0000089089-16-000035,2016-02-18,10-K,2015-12-31,<archived-record-root>/...,2016-02-18,10-K,data/train-00016-of-00020.parquet,both,True,True
0000089800,0000089800-16-000026,2016-02-24,10-K,2015-12-31,<archived-record-root>/...,2016-02-24,10-K,data/train-00016-of-00020.parquet,both,True,True
0000089800,0000089800-15-000004,2015-02-25,10-K,2014-12-31,<archived-record-root>/...,2015-02-25,10-K,data/train-00008-of-00020.parquet,both,True,True
0000089800,0000089800-14-000045,2014-02-27,10-K,2013-12-31,<archived-record-root>/...,2014-02-27,10-K,data/train-00000-of-00020.parquet,both,True,True
0000089800,0000089800-13-000046,2013-02-28,10-K,2012-12-31,<archived-record-root>/...,2013-02-28,10-K,data/train-00001-of-00020.parquet,both,True,True
0000089800,0001193125-12-075061,2012-02-23,10-K,2011-12-31,<archived-record-root>/...,2012-02-23,10-K,data/train-00001-of-00020.parquet,both,True,True
0000089800,0000950123-11-017092,2011-02-23,10-K,2010-12-31,<archived-record-root>/...,2011-02-23,10-K,data/train-00003-of-00020.parquet,both,True,True
0000089800,0000950123-10-016198,2010-02-24,10-K,2009-12-31,<archived-record-root>/...,2010-02-24,10-K,data/train-00009-of-00020.parquet,both,True,True
0000089800,0000089800-21-000010,2021-02-19,10-K,2020-12-31,<archived-record-root>/...,2021-02-19,10-K,data/train-00018-of-00020.parquet,both,True,True
0000089800,0000089800-20-000005,2020-02-21,10-K,2019-12-31,<archived-record-root>/...,2020-02-21,10-K,data/train-00003-of-00020.parquet,both,True,True
0000089800,0000089800-19-000004,2019-02-22,10-K,2018-12-31,<archived-record-root>/...,2019-02-22,10-K,data/train-00013-of-00020.parquet,both,True,True
0000089800,0000089800-18-000004,2018-02-23,10-K,2017-12-31,<archived-record-root>/...,2018-02-23,10-K,data/train-00005-of-00020.parquet,both,True,True
0000089800,0000089800-17-000005,2017-02-22,10-K,2016-12-31,<archived-record-root>/...,2017-02-22,10-K,data/train-00011-of-00020.parquet,both,True,True
0000091440,0001193125-14-054235,2014-02-14,10-K,2013-12-28,<archived-record-root>/...,2014-02-14,10-K,data/train-00000-of-00020.parquet,both,True,True
0000091440,0001193125-13-058193,2013-02-14,10-K,2012-12-29,<archived-record-root>/...,2013-02-14,10-K,data/train-00001-of-00020.parquet,both,True,True
0000091440,0001193125-12-064510,2012-02-16,10-K,2011-12-31,<archived-record-root>/...,2012-02-16,10-K,data/train-00001-of-00020.parquet,both,True,True
0000091440,0001193125-11-038686,2011-02-17,10-K,2011-01-01,<archived-record-root>/...,2011-02-17,10-K,data/train-00003-of-00020.parquet,both,True,True
0000091440,0001193125-10-033916,2010-02-18,10-K,2010-01-02,<archived-record-root>/...,2010-02-18,10-K,data/train-00009-of-00020.parquet,both,True,True
0000091440,0000091440-21-000005,2021-02-11,10-K,2021-01-02,<archived-record-root>/...,2021-02-11,10-K,data/train-00018-of-00020.parquet,both,True,True
0000091440,0000091440-20-000004,2020-02-13,10-K,2019-12-28,<archived-record-root>/...,2020-02-13,10-K,data/train-00003-of-00020.parquet,both,True,True
0000091440,0000091440-19-000003,2019-02-14,10-K,2018-12-29,<archived-record-root>/...,2019-02-14,10-K,data/train-00013-of-00020.parquet,both,True,True
0000091440,0001193125-18-047130,2018-02-15,10-K,2017-12-30,<archived-record-root>/...,2018-02-15,10-K,data/train-00005-of-00020.parquet,both,True,True
0000091440,0001193125-17-036139,2017-02-09,10-K,2016-12-31,<archived-record-root>/...,2017-02-09,10-K,data/train-00011-of-00020.parquet,both,True,True
0000091440,0001193125-16-459788,2016-02-11,10-K,2016-01-02,<archived-record-root>/...,2016-02-11,10-K,data/train-00016-of-00020.parquet,both,True,True
0000091440,0001193125-15-046309,2015-02-12,10-K,2015-01-03,<archived-record-root>/...,2015-02-12,10-K,data/train-00008-of-00020.parquet,both,True,True
0000091767,0000091767-21-000011,2021-02-26,10-K,2020-12-31,<archived-record-root>/...,2021-02-26,10-K,data/train-00018-of-00020.parquet,both,True,True
0000091767,0000091767-20-000033,2020-02-28,10-K,2019-12-31,<archived-record-root>/...,2020-02-28,10-K,data/train-00003-of-00020.parquet,both,True,True
0000091767,0000091767-19-000015,2019-02-28,10-K,2018-12-31,<archived-record-root>/...,2019-02-28,10-K,data/train-00013-of-00020.parquet,both,True,True
0000091767,0001193125-18-063468,2018-02-28,10-K,2017-12-31,<archived-record-root>/...,2018-02-28,10-K,data/train-00005-of-00020.parquet,both,True,True
0000091767,0001193125-17-064495,2017-03-01,10-K,2016-12-31,<archived-record-root>/...,2017-03-01,10-K,data/train-00011-of-00020.parquet,both,True,True
0000091767,0001193125-16-485573,2016-02-29,10-K,2015-12-31,<archived-record-root>/...,2016-02-29,10-K,data/train-00016-of-00020.parquet,both,True,True
0000091767,0001193125-15-072931,2015-03-02,10-K,2014-12-31,<archived-record-root>/...,2015-03-02,10-K,data/train-00008-of-00020.parquet,both,True,True
0000091767,0001193125-14-079079,2014-03-03,10-K,2013-12-31,<archived-record-root>/...,2014-03-03,10-K,data/train-00000-of-00020.parquet,both,True,True
0000091767,0001193125-13-086675,2013-03-01,10-K,2012-12-31,<archived-record-root>/...,2013-03-01,10-K,data/train-00001-of-00020.parquet,both,True,True
0000091767,0001193125-12-088468,2012-02-29,10-K,2011-12-31,<archived-record-root>/...,2012-02-29,10-K,data/train-00001-of-00020.parquet,both,True,True
0000091767,0001193125-11-048615,2011-02-28,10-K,2010-12-31,<archived-record-root>/...,2011-02-28,10-K,data/train-00003-of-00020.parquet,both,True,True
0000091767,0001193125-10-042088,2010-02-26,10-K,2009-12-31,<archived-record-root>/...,2010-02-26,10-K,data/train-00009-of-00020.parquet,both,True,True
0000093410,0000093410-19-000008,2019-02-22,10-K,2018-12-31,<archived-record-root>/...,2019-02-22,10-K,data/train-00013-of-00020.parquet,both,True,True
0000093410,0000093410-18-000010,2018-02-22,10-K,2017-12-31,<archived-record-root>/...,2018-02-22,10-K,data/train-00005-of-00020.parquet,both,True,True
0000093410,0000093410-17-000013,2017-02-23,10-K,2016-12-31,<archived-record-root>/...,2017-02-23,10-K,data/train-00011-of-00020.parquet,both,True,True
0000093410,0000093410-16-000049,2016-02-25,10-K,2015-12-31,<archived-record-root>/...,2016-02-25,10-K,data/train-00016-of-00020.parquet,both,True,True
0000093410,0000093410-15-000010,2015-02-20,10-K,2014-12-31,<archived-record-root>/...,2015-02-20,10-K,data/train-00008-of-00020.parquet,both,True,True
0000093410,0000093410-14-000011,2014-02-21,10-K,2013-12-31,<archived-record-root>/...,2014-02-21,10-K,data/train-00000-of-00020.parquet,both,True,True
0000093410,0000093410-13-000003,2013-02-22,10-K,2012-12-31,<archived-record-root>/...,2013-02-22,10-K,data/train-00001-of-00020.parquet,both,True,True
0000093410,0000950123-12-002976,2012-02-23,10-K,2011-12-31,<archived-record-root>/...,2012-02-23,10-K,data/train-00001-of-00020.parquet,both,True,True
0000093410,0000950123-11-017688,2011-02-24,10-K,2010-12-31,<archived-record-root>/...,2011-02-24,10-K,data/train-00003-of-00020.parquet,both,True,True
0000093410,0000950123-10-016846,2010-02-25,10-K,2009-12-31,<archived-record-root>/...,2010-02-25,10-K,data/train-00009-of-00020.parquet,both,True,True
0000093410,0000093410-21-000009,2021-02-25,10-K,2020-12-31,<archived-record-root>/...,2021-02-25,10-K,data/train-00018-of-00020.parquet,both,True,True
0000093410,0000093410-20-000010,2020-02-21,10-K,2019-12-31,<archived-record-root>/...,2020-02-21,10-K,data/train-00003-of-00020.parquet,both,True,True
0000093556,0000093556-19-000011,2019-02-26,10-K,2018-12-29,<archived-record-root>/...,2019-02-26,10-K,data/train-00013-of-00020.parquet,both,True,True
0000093556,0000093556-18-000008,2018-02-27,10-K,2017-12-30,<archived-record-root>/...,2018-02-27,10-K,data/train-00005-of-00020.parquet,both,True,True
0000093556,0000093556-17-000006,2017-02-15,10-K,2016-12-31,<archived-record-root>/...,2017-02-15,10-K,data/train-00011-of-00020.parquet,both,True,True
0000093556,0000093556-16-000051,2016-02-19,10-K,2016-01-02,<archived-record-root>/...,2016-02-19,10-K,data/train-00016-of-00020.parquet,both,True,True
0000093556,0000093556-15-000005,2015-02-19,10-K,2015-01-03,<archived-record-root>/...,2015-02-19,10-K,data/train-00008-of-00020.parquet,both,True,True
0000093556,0000093556-14-000004,2014-02-21,10-K,2013-12-28,<archived-record-root>/...,2014-02-21,10-K,data/train-00000-of-00020.parquet,both,True,True
0000093556,0000093556-13-000004,2013-02-20,10-K,2012-12-29,<archived-record-root>/...,2013-02-20,10-K,data/train-00001-of-00020.parquet,both,True,True
0000093556,0001193125-12-075395,2012-02-23,10-K,2011-12-31,<archived-record-root>/...,2012-02-23,10-K,data/train-00001-of-00020.parquet,both,True,True
0000093556,0000950123-11-015782,2011-02-18,10-K,2011-01-01,<archived-record-root>/...,2011-02-18,10-K,data/train-00003-of-00020.parquet,both,True,True
0000093556,0000950123-10-014663,2010-02-22,10-K,2010-01-02,<archived-record-root>/...,2010-02-22,10-K,data/train-00009-of-00020.parquet,both,True,True
0000093556,0000093556-21-000008,2021-02-18,10-K,2021-01-02,<archived-record-root>/...,2021-02-18,10-K,data/train-00018-of-00020.parquet,both,True,True
0000093556,0000093556-20-000006,2020-02-21,10-K,2019-12-28,<archived-record-root>/...,2020-02-21,10-K,data/train-00003-of-00020.parquet,both,True,True
0000094049,0001564590-16-013219,2016-02-24,10-K,2015-12-31,<archived-record-root>/...,2016-02-24,10-K,data/train-00016-of-00020.parquet,both,True,True
0000094049,0001564590-15-001079,2015-02-27,10-K,2014-12-31,<archived-record-root>/...,2015-02-27,10-K,data/train-00008-of-00020.parquet,both,True,True
0000094049,0001193125-14-069059,2014-02-26,10-K,2013-12-31,<archived-record-root>/...,2014-02-26,10-K,data/train-00000-of-00020.parquet,both,True,True
0000094049,0001193125-13-079199,2013-02-27,10-K,2012-12-31,<archived-record-root>/...,2013-02-27,10-K,data/train-00001-of-00020.parquet,both,True,True
0000094049,0001193125-12-081957,2012-02-27,10-K,2011-12-31,<archived-record-root>/...,2012-02-27,10-K,data/train-00001-of-00020.parquet,both,True,True
0000094049,0001193125-11-049619,2011-02-28,10-K,2010-12-31,<archived-record-root>/...,2011-02-28,10-K,data/train-00003-of-00020.parquet,both,True,True
0000094049,0001193125-10-042807,2010-02-26,10-K,2009-12-31,<archived-record-root>/...,2010-02-26,10-K,data/train-00009-of-00020.parquet,both,True,True
0000094049,0001564590-21-009289,2021-02-26,10-K,2020-12-31,<archived-record-root>/...,2021-02-26,10-K,data/train-00018-of-00020.parquet,both,True,True
0000094049,0001564590-20-007326,2020-02-27,10-K,2019-12-31,<archived-record-root>/...,2020-02-27,10-K,data/train-00003-of-00020.parquet,both,True,True
0000094049,0001564590-19-004767,2019-02-27,10-K,2018-12-31,<archived-record-root>/...,2019-02-27,10-K,data/train-00013-of-00020.parquet,both,True,True
0000094049,0001564590-18-003442,2018-02-27,10-K,2017-12-31,<archived-record-root>/...,2018-02-27,10-K,data/train-00005-of-00020.parquet,both,True,True
0000094049,0001564590-17-002324,2017-02-24,10-K,2016-12-31,<archived-record-root>/...,2017-02-24,10-K,data/train-00011-of-00020.parquet,both,True,True
0000097745,0000097745-19-000007,2019-02-27,10-K,2018-12-31,<archived-record-root>/...,2019-02-27,10-K,data/train-00013-of-00020.parquet,both,True,True
0000097745,0000097745-18-000006,2018-02-28,10-K,2017-12-31,<archived-record-root>/...,2018-02-28,10-K,data/train-00005-of-00020.parquet,both,True,True
0000097745,0000097745-17-000007,2017-02-28,10-K,2016-12-31,<archived-record-root>/...,2017-02-28,10-K,data/train-00011-of-00020.parquet,both,True,True
0000097745,0000097745-16-000043,2016-02-25,10-K,2015-12-31,<archived-record-root>/...,2016-02-25,10-K,data/train-00016-of-00020.parquet,both,True,True
0000097745,0000097745-15-000007,2015-02-26,10-K,2014-12-31,<archived-record-root>/...,2015-02-26,10-K,data/train-00008-of-00020.parquet,both,True,True
0000097745,0000097745-14-000014,2014-02-27,10-K,2013-12-31,<archived-record-root>/...,2014-02-27,10-K,data/train-00000-of-00020.parquet,both,True,True
0000097745,0000097745-13-000007,2013-02-27,10-K,2012-12-31,<archived-record-root>/...,2013-02-27,10-K,data/train-00001-of-00020.parquet,both,True,True
0000097745,0000097745-12-000010,2012-02-29,10-K,2011-12-31,<archived-record-root>/...,2012-02-29,10-K,data/train-00001-of-00020.parquet,both,True,True
0000097745,0000097745-11-000013,2011-02-24,10-K,2010-12-31,<archived-record-root>/...,2011-02-24,10-K,data/train-00003-of-00020.parquet,both,True,True
0000097745,0000097745-10-000008,2010-02-26,10-K,2009-12-31,<archived-record-root>/...,2010-02-26,10-K,data/train-00009-of-00020.parquet,both,True,True
0000097745,0000097745-21-000011,2021-02-25,10-K,2020-12-31,<archived-record-root>/...,2021-02-25,10-K,data/train-00018-of-00020.parquet,both,True,True
0000097745,0000097745-20-000009,2020-02-26,10-K,2019-12-31,<archived-record-root>/...,2020-02-26,10-K,data/train-00003-of-00020.parquet,both,True,True
0000101829,0000101829-17-000007,2017-02-09,10-K,2016-12-31,<archived-record-root>/...,2017-02-09,10-K,data/train-00010-of-00020.parquet,both,True,True
0000101829,0000101829-16-000050,2016-02-11,10-K,2015-12-31,<archived-record-root>/...,2016-02-11,10-K,data/train-00016-of-00020.parquet,both,True,True
0000101829,0000101829-15-000005,2015-02-05,10-K,2014-12-31,<archived-record-root>/...,2015-02-05,10-K,data/train-00007-of-00020.parquet,both,True,True
0000101829,0000101829-14-000006,2014-02-06,10-K,2013-12-31,<archived-record-root>/...,2014-02-06,10-K,data/train-00000-of-00020.parquet,both,True,True
0000101829,0001193125-13-042195,2013-02-07,10-K,2012-12-31,<archived-record-root>/...,2013-02-07,10-K,data/train-00000-of-00020.parquet,both,True,True
0000101829,0001193125-12-047752,2012-02-09,10-K,2011-12-31,<archived-record-root>/...,2012-02-09,10-K,data/train-00001-of-00020.parquet,both,True,True
0000101829,0001193125-11-029695,2011-02-10,10-K,2010-12-31,<archived-record-root>/...,2011-02-10,10-K,data/train-00003-of-00020.parquet,both,True,True
0000101829,0001193125-10-027861,2010-02-11,10-K,2009-12-31,<archived-record-root>/...,2010-02-11,10-K,data/train-00009-of-00020.parquet,both,True,True
0000101829,0000101829-21-000008,2021-02-08,10-K,2020-12-31,<archived-record-root>/...,2021-02-08,10-K,data/train-00018-of-00020.parquet,both,True,True
0000101829,0000101829-20-000013,2020-02-06,10-K,2019-12-31,<archived-record-root>/...,2020-02-06,10-K,data/train-00003-of-00020.parquet,both,True,True
0000101829,0000101829-19-000007,2019-02-07,10-K,2018-12-31,<archived-record-root>/...,2019-02-07,10-K,data/train-00013-of-00020.parquet,both,True,True
0000101829,0000101829-18-000005,2018-02-09,10-K,2017-12-31,<archived-record-root>/...,2018-02-09,10-K,data/train-00004-of-00020.parquet,both,True,True
0000102729,0001047469-12-001703,2012-02-28,10-K,2011-12-31,<archived-record-root>/...,2012-02-28,10-K,data/train-00001-of-00020.parquet,both,True,True
0000102729,0001047469-11-001183,2011-02-23,10-K,2010-12-25,<archived-record-root>/...,2011-02-23,10-K,data/train-00003-of-00020.parquet,both,True,True
0000102729,0001047469-10-001156,2010-02-23,10-K,2009-12-26,<archived-record-root>/...,2010-02-23,10-K,data/train-00009-of-00020.parquet,both,True,True
0000102729,0000102729-21-000012,2021-02-24,10-K,2020-12-26,<archived-record-root>/...,2021-02-24,10-K,data/train-00018-of-00020.parquet,both,True,True
0000102729,0000102729-20-000004,2020-02-26,10-K,2019-12-28,<archived-record-root>/...,2020-02-26,10-K,data/train-00003-of-00020.parquet,both,True,True
0000102729,0000102729-19-000003,2019-02-27,10-K,2018-12-29,<archived-record-root>/...,2019-02-27,10-K,data/train-00013-of-00020.parquet,both,True,True
0000102729,0000102729-18-000008,2018-02-28,10-K,2017-12-30,<archived-record-root>/...,2018-02-28,10-K,data/train-00004-of-00020.parquet,both,True,True
0000102729,0001628280-17-002033,2017-03-01,10-K,2016-12-31,<archived-record-root>/...,2017-03-01,10-K,data/train-00010-of-00020.parquet,both,True,True
0000102729,0000102729-16-000009,2016-02-24,10-K,2015-12-26,<archived-record-root>/...,2016-02-24,10-K,data/train-00016-of-00020.parquet,both,True,True
0000102729,0001047469-15-001179,2015-02-25,10-K,2014-12-27,<archived-record-root>/...,2015-02-25,10-K,data/train-00007-of-00020.parquet,both,True,True
0000102729,0001047469-14-001292,2014-02-25,10-K,2013-12-28,<archived-record-root>/...,2014-02-25,10-K,data/train-00000-of-00020.parquet,both,True,True
0000102729,0001047469-13-001680,2013-02-26,10-K,2012-12-29,<archived-record-root>/...,2013-02-26,10-K,data/train-00000-of-00020.parquet,both,True,True
0000103730,0001206774-10-000366,2010-02-26,10-K,2009-12-31,<archived-record-root>/...,2010-02-26,10-K,data/train-00009-of-00020.parquet,both,True,True
0000103730,0000103730-21-000014,2021-02-24,10-K,2020-12-31,<archived-record-root>/...,2021-02-24,10-K,data/train-00018-of-00020.parquet,both,True,True
0000103730,0000103730-20-000013,2020-02-14,10-K,2019-12-31,<archived-record-root>/...,2020-02-14,10-K,data/train-00003-of-00020.parquet,both,True,True
0000103730,0000103730-19-000008,2019-02-15,10-K,2018-12-31,<archived-record-root>/...,2019-02-15,10-K,data/train-00013-of-00020.parquet,both,True,True
0000103730,0000103730-18-000008,2018-02-16,10-K,2017-12-31,<archived-record-root>/...,2018-02-16,10-K,data/train-00004-of-00020.parquet,both,True,True
0000103730,0000103730-17-000007,2017-02-17,10-K,2016-12-31,<archived-record-root>/...,2017-02-17,10-K,data/train-00010-of-00020.parquet,both,True,True
0000103730,0000103730-16-000061,2016-02-17,10-K,2015-12-31,<archived-record-root>/...,2016-02-17,10-K,data/train-00016-of-00020.parquet,both,True,True
0000103730,0000103730-15-000008,2015-02-19,10-K,2014-12-31,<archived-record-root>/...,2015-02-19,10-K,data/train-00007-of-00020.parquet,both,True,True
0000103730,0000103730-14-000010,2014-02-19,10-K,2013-12-31,<archived-record-root>/...,2014-02-19,10-K,data/train-00000-of-00020.parquet,both,True,True
0000103730,0000103730-13-000009,2013-02-20,10-K,2012-12-31,<archived-record-root>/...,2013-02-20,10-K,data/train-00000-of-00020.parquet,both,True,True
0000103730,0000103730-12-000011,2012-02-23,10-K,2011-12-31,<archived-record-root>/...,2012-02-23,10-K,data/train-00001-of-00020.parquet,both,True,True
0000103730,0001206774-11-000309,2011-02-25,10-K,2010-12-31,<archived-record-root>/...,2011-02-25,10-K,data/train-00003-of-00020.parquet,both,True,True
0000105634,0000105634-16-000297,2016-02-25,10-K,2015-12-31,<archived-record-root>/...,2016-02-25,10-K,data/train-00016-of-00020.parquet,both,True,True
0000105634,0000105634-15-000041,2015-02-26,10-K,2014-12-31,<archived-record-root>/...,2015-02-26,10-K,data/train-00007-of-00020.parquet,both,True,True
0000105634,0000105634-14-000042,2014-02-25,10-K,2013-12-31,<archived-record-root>/...,2014-02-25,10-K,data/train-00000-of-00020.parquet,both,True,True
0000105634,0000105634-13-000042,2013-02-26,10-K,2012-12-31,<archived-record-root>/...,2013-02-26,10-K,data/train-00000-of-00020.parquet,both,True,True
0000105634,0001193125-12-079814,2012-02-27,10-K,2011-12-31,<archived-record-root>/...,2012-02-27,10-K,data/train-00001-of-00020.parquet,both,True,True
0000105634,0000950123-11-018213,2011-02-25,10-K,2010-12-31,<archived-record-root>/...,2011-02-25,10-K,data/train-00003-of-00020.parquet,both,True,True
0000105634,0000930413-10-000960,2010-02-25,10-K,2009-12-31,<archived-record-root>/...,2010-02-25,10-K,data/train-00009-of-00020.parquet,both,True,True
0000105634,0000105634-21-000044,2021-02-25,10-K,2020-12-31,<archived-record-root>/...,2021-02-25,10-K,data/train-00018-of-00020.parquet,both,True,True
0000105634,0000105634-20-000043,2020-02-27,10-K,2019-12-31,<archived-record-root>/...,2020-02-27,10-K,data/train-00003-of-00020.parquet,both,True,True
0000105634,0000105634-19-000044,2019-02-21,10-K,2018-12-31,<archived-record-root>/...,2019-02-21,10-K,data/train-00013-of-00020.parquet,both,True,True
0000105634,0000105634-18-000045,2018-02-22,10-K,2017-12-31,<archived-record-root>/...,2018-02-22,10-K,data/train-00004-of-00020.parquet,both,True,True
0000105634,0000105634-17-000043,2017-02-23,10-K,2016-12-31,<archived-record-root>/...,2017-02-23,10-K,data/train-00010-of-00020.parquet,both,True,True
0000106040,0000106040-18-000029,2018-08-24,10-K,2018-06-29,<archived-record-root>/...,2018-08-24,10-K,data/train-00006-of-00020.parquet,both,True,True
0000106040,0000106040-17-000027,2017-08-29,10-K,2017-06-30,<archived-record-root>/...,2017-08-29,10-K,data/train-00011-of-00020.parquet,both,True,True
0000106040,0000106040-16-000033,2016-08-29,10-K,2016-07-01,<archived-record-root>/...,2016-08-29,10-K,data/train-00011-of-00020.parquet,both,True,True
0000106040,0000106040-15-000010,2015-08-21,10-K,2015-07-03,<archived-record-root>/...,2015-08-21,10-K,data/train-00014-of-00020.parquet,both,True,True
0000106040,0000106040-14-000015,2014-08-15,10-K,2014-06-27,<archived-record-root>/...,2014-08-15,10-K,data/train-00015-of-00020.parquet,both,True,True
0000106040,0001193125-13-338607,2013-08-19,10-K,2013-06-28,<archived-record-root>/...,2013-08-19,10-K,data/train-00004-of-00020.parquet,both,True,True
0000106040,0001193125-12-361018,2012-08-20,10-K,2012-06-29,<archived-record-root>/...,2012-08-20,10-K,data/train-00007-of-00020.parquet,both,True,True
0000106040,0000950123-11-076255,2011-08-12,10-K,2011-07-01,<archived-record-root>/...,2011-08-12,10-K,data/train-00009-of-00020.parquet,both,True,True
0000106040,0000950123-10-077390,2010-08-13,10-K,2010-07-02,<archived-record-root>/...,2010-08-13,10-K,data/train-00012-of-00020.parquet,both,True,True
0000106040,0000106040-21-000040,2021-08-27,10-K,2021-07-02,<archived-record-root>/...,2021-08-27,10-K,data/train-00016-of-00020.parquet,both,True,True
0000106040,0000106040-20-000049,2020-08-28,10-K,2020-07-03,<archived-record-root>/...,2020-08-28,10-K,data/train-00014-of-00020.parquet,both,True,True
0000106040,0000106040-19-000058,2019-08-27,10-K,2019-06-28,<archived-record-root>/...,2019-08-27,10-K,data/train-00015-of-00020.parquet,both,True,True
0000106535,0000106535-14-000010,2014-02-18,10-K,2013-12-31,<archived-record-root>/...,2014-02-18,10-K,data/train-00000-of-00020.parquet,both,True,True
0000106535,0000106535-13-000011,2013-02-19,10-K,2012-12-31,<archived-record-root>/...,2013-02-19,10-K,data/train-00000-of-00020.parquet,both,True,True
0000106535,0000106535-12-000016,2012-02-22,10-K,2011-12-31,<archived-record-root>/...,2012-02-22,10-K,data/train-00001-of-00020.parquet,both,True,True
0000106535,0001193125-11-047563,2011-02-25,10-K,2010-12-31,<archived-record-root>/...,2011-02-25,10-K,data/train-00003-of-00020.parquet,both,True,True
0000106535,0001193125-10-041278,2010-02-26,10-K,2009-12-31,<archived-record-root>/...,2010-02-26,10-K,data/train-00009-of-00020.parquet,both,True,True
0000106535,0001564590-21-006960,2021-02-19,10-K,2020-12-31,<archived-record-root>/...,2021-02-19,10-K,data/train-00018-of-00020.parquet,both,True,True
0000106535,0001564590-20-004822,2020-02-14,10-K,2019-12-31,<archived-record-root>/...,2020-02-14,10-K,data/train-00003-of-00020.parquet,both,True,True
0000106535,0000106535-19-000014,2019-02-15,10-K,2018-12-31,<archived-record-root>/...,2019-02-15,10-K,data/train-00013-of-00020.parquet,both,True,True
0000106535,0000106535-18-000013,2018-02-16,10-K,2017-12-31,<archived-record-root>/...,2018-02-16,10-K,data/train-00004-of-00020.parquet,both,True,True
0000106535,0000106535-17-000007,2017-02-24,10-K,2016-12-31,<archived-record-root>/...,2017-02-24,10-K,data/train-00010-of-00020.parquet,both,True,True
0000106535,0000106535-16-000046,2016-02-17,10-K,2015-12-31,<archived-record-root>/...,2016-02-17,10-K,data/train-00016-of-00020.parquet,both,True,True
0000106535,0000106535-15-000006,2015-02-13,10-K,2014-12-31,<archived-record-root>/...,2015-02-13,10-K,data/train-00007-of-00020.parquet,both,True,True
0000109177,0000950123-11-102954,2011-12-14,10-K,2011-09-30,<archived-record-root>/...,2011-12-14,10-K,data/train-00005-of-00020.parquet,both,True,True
0000109177,0000950123-11-024754,2011-03-11,10-K,2010-12-31,<archived-record-root>/...,2011-03-11,10-K,data/train-00003-of-00020.parquet,both,True,True
0000109177,0000950123-10-022342,2010-03-09,10-K,2009-12-31,<archived-record-root>/...,2010-03-09,10-K,data/train-00009-of-00020.parquet,both,True,True
0000109177,0000109177-21-000058,2021-11-23,10-K,2021-09-30,<archived-record-root>/...,2021-11-23,10-K,data/train-00019-of-00020.parquet,both,True,True
0000109177,0000109177-20-000058,2020-11-18,10-K,2020-09-30,<archived-record-root>/...,2020-11-18,10-K,data/train-00009-of-00020.parquet,both,True,True
0000109177,0000109177-19-000050,2019-11-15,10-K,2019-09-30,<archived-record-root>/...,2019-11-15,10-K,data/train-00003-of-00020.parquet,both,True,True
0000109177,0000109177-18-000052,2018-11-23,10-K,2018-09-30,<archived-record-root>/...,2018-11-23,10-K,data/train-00009-of-00020.parquet,both,True,True
0000109177,0000109177-17-000080,2017-11-20,10-K,2017-09-30,<archived-record-root>/...,2017-11-20,10-K,data/train-00006-of-00020.parquet,both,True,True
0000109177,0000109177-16-000186,2016-11-23,10-K,2016-09-30,<archived-record-root>/...,2016-11-23,10-K,data/train-00005-of-00020.parquet,both,True,True
0000109177,0000109177-15-000060,2015-11-20,10-K,2015-09-30,<archived-record-root>/...,2015-11-20,10-K,data/train-00002-of-00020.parquet,both,True,True
0000109177,0000109177-14-000040,2014-11-21,10-K,2014-09-30,<archived-record-root>/...,2014-11-21,10-K,data/train-00004-of-00020.parquet,both,True,True
0000109177,0000109177-13-000026,2013-11-27,10-K,2013-09-30,<archived-record-root>/...,2013-11-27,10-K,data/train-00003-of-00020.parquet,both,True,True
0000109177,0001193125-12-482298,2012-11-27,10-K,2012-09-30,<archived-record-root>/...,2012-11-27,10-K,data/train-00000-of-00020.parquet,both,True,True
0000200406,0000200406-18-000005,2018-02-21,10-K,2017-12-31,<archived-record-root>/...,2018-02-21,10-K,data/train-00004-of-00020.parquet,both,True,True
0000200406,0000200406-17-000006,2017-02-27,10-K,2017-01-01,<archived-record-root>/...,2017-02-27,10-K,data/train-00011-of-00020.parquet,both,True,True
0000200406,0000200406-16-000071,2016-02-24,10-K,2016-01-03,<archived-record-root>/...,2016-02-24,10-K,data/train-00016-of-00020.parquet,both,True,True
0000200406,0000200406-15-000004,2015-02-24,10-K,2014-12-28,<archived-record-root>/...,2015-02-24,10-K,data/train-00008-of-00020.parquet,both,True,True
0000200406,0000200406-14-000033,2014-02-21,10-K,2013-12-29,<archived-record-root>/...,2014-02-21,10-K,data/train-00000-of-00020.parquet,both,True,True
0000200406,0000200406-13-000038,2013-02-22,10-K,2012-12-30,<archived-record-root>/...,2013-02-22,10-K,data/train-00001-of-00020.parquet,both,True,True
0000200406,0001193125-12-075565,2012-02-23,10-K,2012-01-01,<archived-record-root>/...,2012-02-23,10-K,data/train-00001-of-00020.parquet,both,True,True
0000200406,0000950123-11-018128,2011-02-25,10-K,2011-01-02,<archived-record-root>/...,2011-02-25,10-K,data/train-00003-of-00020.parquet,both,True,True
0000200406,0000950123-10-019392,2010-03-01,10-K,2010-01-03,<archived-record-root>/...,2010-03-01,10-K,data/train-00009-of-00020.parquet,both,True,True
0000200406,0000200406-21-000008,2021-02-22,10-K,2021-01-03,<archived-record-root>/...,2021-02-22,10-K,data/train-00018-of-00020.parquet,both,True,True
0000200406,0000200406-20-000010,2020-02-18,10-K,2019-12-29,<archived-record-root>/...,2020-02-18,10-K,data/train-00003-of-00020.parquet,both,True,True
0000200406,0000200406-19-000009,2019-02-20,10-K,2018-12-30,<archived-record-root>/...,2019-02-20,10-K,data/train-00013-of-00020.parquet,both,True,True
0000216228,0000950123-11-017908,2011-02-24,10-K,2010-12-31,<archived-record-root>/...,2011-02-24,10-K,data/train-00003-of-00020.parquet,both,True,True
0000216228,0000950123-10-018519,2010-03-01,10-K,2009-12-31,<archived-record-root>/...,2010-03-01,10-K,data/train-00009-of-00020.parquet,both,True,True
0000216228,0000216228-21-000005,2021-02-19,10-K,2020-12-31,<archived-record-root>/...,2021-02-19,10-K,data/train-00018-of-00020.parquet,both,True,True
0000216228,0000216228-20-000005,2020-02-21,10-K,2019-12-31,<archived-record-root>/...,2020-02-21,10-K,data/train-00003-of-00020.parquet,both,True,True
0000216228,0000216228-19-000006,2019-02-22,10-K,2018-12-31,<archived-record-root>/...,2019-02-22,10-K,data/train-00013-of-00020.parquet,both,True,True
0000216228,0000216228-18-000007,2018-02-16,10-K,2017-12-31,<archived-record-root>/...,2018-02-16,10-K,data/train-00004-of-00020.parquet,both,True,True
0000216228,0000216228-17-000006,2017-02-17,10-K,2016-12-31,<archived-record-root>/...,2017-02-17,10-K,data/train-00011-of-00020.parquet,both,True,True
0000216228,0000216228-16-000077,2016-02-22,10-K,2015-12-31,<archived-record-root>/...,2016-02-22,10-K,data/train-00016-of-00020.parquet,both,True,True
0000216228,0000216228-15-000007,2015-02-20,10-K,2014-12-31,<archived-record-root>/...,2015-02-20,10-K,data/train-00008-of-00020.parquet,both,True,True
0000216228,0000216228-14-000008,2014-02-21,10-K,2013-12-31,<archived-record-root>/...,2014-02-21,10-K,data/train-00000-of-00020.parquet,both,True,True
0000216228,0001193125-13-080241,2013-02-27,10-K,2012-12-31,<archived-record-root>/...,2013-02-27,10-K,data/train-00001-of-00020.parquet,both,True,True
0000216228,0001193125-12-089618,2012-02-29,10-K,2011-12-31,<archived-record-root>/...,2012-02-29,10-K,data/train-00001-of-00020.parquet,both,True,True
0000217346,0001193125-12-074981,2012-02-23,10-K,2011-12-31,<archived-record-root>/...,2012-02-23,10-K,data/train-00001-of-00020.parquet,both,True,True
0000217346,0000950123-11-020392,2011-03-01,10-K,2011-01-01,<archived-record-root>/...,2011-03-01,10-K,data/train-00003-of-00020.parquet,both,True,True
0000217346,0000950123-10-016801,2010-02-25,10-K,2010-01-02,<archived-record-root>/...,2010-02-25,10-K,data/train-00009-of-00020.parquet,both,True,True
0000217346,0000217346-21-000019,2021-02-19,10-K,2021-01-02,<archived-record-root>/...,2021-02-19,10-K,data/train-00018-of-00020.parquet,both,True,True
0000217346,0001104659-20-024773,2020-02-25,10-K,2020-01-04,<archived-record-root>/...,2020-02-25,10-K,data/train-00003-of-00020.parquet,both,True,True
0000217346,0001104659-19-008151,2019-02-14,10-K,2018-12-29,<archived-record-root>/...,2019-02-14,10-K,data/train-00013-of-00020.parquet,both,True,True
0000217346,0001104659-18-009905,2018-02-15,10-K,2017-12-30,<archived-record-root>/...,2018-02-15,10-K,data/train-00004-of-00020.parquet,both,True,True
0000217346,0001104659-17-010809,2017-02-22,10-K,2016-12-31,<archived-record-root>/...,2017-02-22,10-K,data/train-00011-of-00020.parquet,both,True,True
0000217346,0001104659-16-099562,2016-02-24,10-K,2016-01-02,<archived-record-root>/...,2016-02-24,10-K,data/train-00016-of-00020.parquet,both,True,True
0000217346,0001104659-15-013784,2015-02-25,10-K,2015-01-03,<archived-record-root>/...,2015-02-25,10-K,data/train-00008-of-00020.parquet,both,True,True
0000217346,0001104659-14-009908,2014-02-14,10-K,2013-12-28,<archived-record-root>/...,2014-02-14,10-K,data/train-00000-of-00020.parquet,both,True,True
0000217346,0001104659-13-011048,2013-02-15,10-K,2012-12-29,<archived-record-root>/...,2013-02-15,10-K,data/train-00001-of-00020.parquet,both,True,True
0000310142,0001140361-14-010109,2014-02-28,10-K,2013-12-31,<archived-record-root>/...,2014-02-28,10-K,data/train-00000-of-00020.parquet,both,True,True
0000310142,0001140361-13-009616,2013-02-27,10-K,2012-12-31,<archived-record-root>/...,2013-02-27,10-K,data/train-00001-of-00020.parquet,both,True,True
0000310142,0001140361-12-011033,2012-02-27,10-K,2011-12-31,<archived-record-root>/...,2012-02-27,10-K,data/train-00001-of-00020.parquet,both,True,True
0000310142,0000950123-11-018319,2011-02-25,10-K,2010-12-31,<archived-record-root>/...,2011-02-25,10-K,data/train-00003-of-00020.parquet,both,True,True
0000310142,0001193125-10-043675,2010-03-01,10-K,2009-12-31,<archived-record-root>/...,2010-03-01,10-K,data/train-00009-of-00020.parquet,both,True,True
0000310142,0001140361-21-005623,2021-02-22,10-K,2020-12-31,<archived-record-root>/...,2021-02-22,10-K,data/train-00018-of-00020.parquet,both,True,True
0000310142,0001140361-20-003752,2020-02-21,10-K,2019-12-31,<archived-record-root>/...,2020-02-21,10-K,data/train-00003-of-00020.parquet,both,True,True
0000310142,0001140361-19-003673,2019-02-22,10-K,2018-12-31,<archived-record-root>/...,2019-02-22,10-K,data/train-00013-of-00020.parquet,both,True,True
0000310142,0001140361-18-009754,2018-02-23,10-K,2017-12-31,<archived-record-root>/...,2018-02-23,10-K,data/train-00004-of-00020.parquet,both,True,True
0000310142,0001140361-17-008738,2017-02-23,10-K,2016-12-31,<archived-record-root>/...,2017-02-23,10-K,data/train-00011-of-00020.parquet,both,True,True
0000310142,0001140361-16-054898,2016-02-25,10-K,2015-12-31,<archived-record-root>/...,2016-02-25,10-K,data/train-00016-of-00020.parquet,both,True,True
0000310142,0001140361-15-009106,2015-02-26,10-K,2014-12-31,<archived-record-root>/...,2015-02-26,10-K,data/train-00008-of-00020.parquet,both,True,True
0000354950,0000354950-17-000005,2017-03-23,10-K,2017-01-29,<archived-record-root>/...,2017-03-23,10-K,data/train-00011-of-00020.parquet,both,True,True
0000354950,0000354950-16-000060,2016-03-24,10-K,2016-01-31,<archived-record-root>/...,2016-03-24,10-K,data/train-00016-of-00020.parquet,both,True,True
0000354950,0000354950-15-000008,2015-03-26,10-K,2015-02-01,<archived-record-root>/...,2015-03-26,10-K,data/train-00008-of-00020.parquet,both,True,True
0000354950,0000354950-14-000008,2014-03-27,10-K,2014-02-02,<archived-record-root>/...,2014-03-27,10-K,data/train-00000-of-00020.parquet,both,True,True
0000354950,0000354950-13-000008,2013-03-28,10-K,2013-02-03,<archived-record-root>/...,2013-03-28,10-K,data/train-00001-of-00020.parquet,both,True,True
0000354950,0000354950-12-000003,2012-03-22,10-K,2012-01-29,<archived-record-root>/...,2012-03-22,10-K,data/train-00001-of-00020.parquet,both,True,True
0000354950,0001193125-11-076501,2011-03-24,10-K,2011-01-30,<archived-record-root>/...,2011-03-24,10-K,data/train-00003-of-00020.parquet,both,True,True
0000354950,0001193125-10-067178,2010-03-25,10-K,2010-01-31,<archived-record-root>/...,2010-03-25,10-K,data/train-00009-of-00020.parquet,both,True,True
0000354950,0000354950-21-000089,2021-03-24,10-K,2021-01-31,<archived-record-root>/...,2021-03-24,10-K,data/train-00018-of-00020.parquet,both,True,True
0000354950,0000354950-20-000015,2020-03-25,10-K,2020-02-02,<archived-record-root>/...,2020-03-25,10-K,data/train-00003-of-00020.parquet,both,True,True
0000354950,0000354950-19-000010,2019-03-28,10-K,2019-02-03,<archived-record-root>/...,2019-03-28,10-K,data/train-00013-of-00020.parquet,both,True,True
0000354950,0000354950-18-000019,2018-03-22,10-K,2018-01-28,<archived-record-root>/...,2018-03-22,10-K,data/train-00004-of-00020.parquet,both,True,True
0000707549,0001193125-14-321759,2014-08-26,10-K,2014-06-29,<archived-record-root>/...,2014-08-26,10-K,data/train-00016-of-00020.parquet,both,True,True
0000707549,0001193125-13-348269,2013-08-27,10-K,2013-06-30,<archived-record-root>/...,2013-08-27,10-K,data/train-00004-of-00020.parquet,both,True,True
0000707549,0001193125-12-365446,2012-08-22,10-K,2012-06-24,<archived-record-root>/...,2012-08-22,10-K,data/train-00007-of-00020.parquet,both,True,True
0000707549,0001193125-11-227691,2011-08-19,10-K,2011-06-26,<archived-record-root>/...,2011-08-19,10-K,data/train-00009-of-00020.parquet,both,True,True
0000707549,0001193125-10-194304,2010-08-23,10-K,2010-06-27,<archived-record-root>/...,2010-08-23,10-K,data/train-00012-of-00020.parquet,both,True,True
0000707549,0000707549-21-000136,2021-08-17,10-K,2021-06-27,<archived-record-root>/...,2021-08-17,10-K,data/train-00016-of-00020.parquet,both,True,True
0000707549,0000707549-20-000138,2020-08-18,10-K,2020-06-28,<archived-record-root>/...,2020-08-18,10-K,data/train-00014-of-00020.parquet,both,True,True
0000707549,0000707549-19-000124,2019-08-20,10-K,2019-06-30,<archived-record-root>/...,2019-08-20,10-K,data/train-00015-of-00020.parquet,both,True,True
0000707549,0000707549-18-000115,2018-08-14,10-K,2018-06-24,<archived-record-root>/...,2018-08-14,10-K,data/train-00006-of-00020.parquet,both,True,True
0000707549,0000707549-17-000100,2017-08-15,10-K,2017-06-25,<archived-record-root>/...,2017-08-15,10-K,data/train-00011-of-00020.parquet,both,True,True
0000707549,0000707549-16-000050,2016-08-17,10-K,2016-06-26,<archived-record-root>/...,2016-08-17,10-K,data/train-00011-of-00020.parquet,both,True,True
0000707549,0001193125-15-290023,2015-08-13,10-K,2015-06-28,<archived-record-root>/...,2015-08-13,10-K,data/train-00014-of-00020.parquet,both,True,True
0000773840,0000773840-20-000009,2020-02-14,10-K,2019-12-31,<archived-record-root>/...,2020-02-14,10-K,data/train-00003-of-00020.parquet,both,True,True
0000773840,0000930413-19-000366,2019-02-08,10-K,2018-12-31,<archived-record-root>/...,2019-02-08,10-K,data/train-00013-of-00020.parquet,both,True,True
0000773840,0000930413-18-000292,2018-02-09,10-K,2017-12-31,<archived-record-root>/...,2018-02-09,10-K,data/train-00005-of-00020.parquet,both,True,True
0000773840,0000930413-17-000391,2017-02-10,10-K,2016-12-31,<archived-record-root>/...,2017-02-10,10-K,data/train-00011-of-00020.parquet,both,True,True
0000773840,0000930413-16-005457,2016-02-12,10-K,2015-12-31,<archived-record-root>/...,2016-02-12,10-K,data/train-00016-of-00020.parquet,both,True,True
0000773840,0000930413-15-000621,2015-02-13,10-K,2014-12-31,<archived-record-root>/...,2015-02-13,10-K,data/train-00008-of-00020.parquet,both,True,True
0000773840,0000930413-14-000634,2014-02-14,10-K,2013-12-31,<archived-record-root>/...,2014-02-14,10-K,data/train-00000-of-00020.parquet,both,True,True
0000773840,0000930413-13-000907,2013-02-15,10-K,2012-12-31,<archived-record-root>/...,2013-02-15,10-K,data/train-00001-of-00020.parquet,both,True,True
0000773840,0000930413-12-000976,2012-02-17,10-K,2011-12-31,<archived-record-root>/...,2012-02-17,10-K,data/train-00001-of-00020.parquet,both,True,True
0000773840,0000930413-11-000961,2011-02-11,10-K,2010-12-31,<archived-record-root>/...,2011-02-11,10-K,data/train-00003-of-00020.parquet,both,True,True
0000773840,0000930413-10-000784,2010-02-12,10-K,2009-12-31,<archived-record-root>/...,2010-02-12,10-K,data/train-00009-of-00020.parquet,both,True,True
0000773840,0000773840-21-000015,2021-02-12,10-K,2020-12-31,<archived-record-root>/...,2021-02-12,10-K,data/train-00018-of-00020.parquet,both,True,True
0000775158,0000950123-19-011559,2019-11-19,10-K,2019-09-30,<archived-record-root>/...,2019-11-19,10-K,data/train-00004-of-00020.parquet,both,True,True
0000775158,0000775158-18-000147,2018-11-20,10-K,2018-09-30,<archived-record-root>/...,2018-11-20,10-K,data/train-00009-of-00020.parquet,both,True,True
0000775158,0000775158-17-000172,2017-11-21,10-K,2017-09-30,<archived-record-root>/...,2017-11-21,10-K,data/train-00006-of-00020.parquet,both,True,True
0000775158,0000775158-16-000405,2016-11-22,10-K,2016-09-30,<archived-record-root>/...,2016-11-22,10-K,data/train-00005-of-00020.parquet,both,True,True
0000775158,0000775158-15-000172,2015-11-13,10-K,2015-09-30,<archived-record-root>/...,2015-11-13,10-K,data/train-00002-of-00020.parquet,both,True,True
0000775158,0000775158-14-000189,2014-11-13,10-K,2014-09-30,<archived-record-root>/...,2014-11-13,10-K,data/train-00004-of-00020.parquet,both,True,True
0000775158,0000775158-13-000100,2013-11-13,10-K,2013-09-30,<archived-record-root>/...,2013-11-13,10-K,data/train-00003-of-00020.parquet,both,True,True
0000775158,0000775158-12-000072,2012-11-19,10-K,2012-09-30,<archived-record-root>/...,2012-11-19,10-K,data/train-00000-of-00020.parquet,both,True,True
0000775158,0001104659-11-064553,2011-11-16,10-K,2011-09-30,<archived-record-root>/...,2011-11-16,10-K,data/train-00005-of-00020.parquet,both,True,True
0000775158,0001104659-10-059145,2010-11-18,10-K,2010-09-30,<archived-record-root>/...,2010-11-18,10-K,data/train-00015-of-00020.parquet,both,True,True
0000775158,0001564590-21-057221,2021-11-16,10-K,2021-09-30,<archived-record-root>/...,2021-11-16,10-K,data/train-00019-of-00020.parquet,both,True,True
0000775158,0001564590-20-054491,2020-11-18,10-K,2020-09-30,<archived-record-root>/...,2020-11-18,10-K,data/train-00010-of-00020.parquet,both,True,True
0000785786,0000785786-16-000110,2016-11-18,10-K,2016-10-01,<archived-record-root>/...,2016-11-18,10-K,data/train-00005-of-00020.parquet,both,True,True
0000785786,0000785786-15-000044,2015-11-20,10-K,2015-10-03,<archived-record-root>/...,2015-11-20,10-K,data/train-00002-of-00020.parquet,both,True,True
0000785786,0000785786-14-000044,2014-11-17,10-K,2014-09-27,<archived-record-root>/...,2014-11-17,10-K,data/train-00004-of-00020.parquet,both,True,True
0000785786,0000785786-13-000043,2013-11-22,10-K,2013-09-28,<archived-record-root>/...,2013-11-22,10-K,data/train-00003-of-00020.parquet,both,True,True
0000785786,0000785786-12-000018,2012-11-19,10-K,2012-09-29,<archived-record-root>/...,2012-11-19,10-K,data/train-00000-of-00020.parquet,both,True,True
0000785786,0001193125-11-315563,2011-11-17,10-K,2011-10-01,<archived-record-root>/...,2011-11-17,10-K,data/train-00005-of-00020.parquet,both,True,True
0000785786,0000950123-10-107157,2010-11-19,10-K,2010-10-02,<archived-record-root>/...,2010-11-19,10-K,data/train-00015-of-00020.parquet,both,True,True
0000785786,0000785786-21-000082,2021-11-19,10-K,2021-10-02,<archived-record-root>/...,2021-11-19,10-K,data/train-00019-of-00020.parquet,both,True,True
0000785786,0000785786-20-000102,2020-11-20,10-K,2020-10-03,<archived-record-root>/...,2020-11-20,10-K,data/train-00010-of-00020.parquet,both,True,True
0000785786,0000785786-19-000059,2019-11-15,10-K,2019-09-28,<archived-record-root>/...,2019-11-15,10-K,data/train-00004-of-00020.parquet,both,True,True
0000785786,0000785786-18-000051,2018-11-16,10-K,2018-09-29,<archived-record-root>/...,2018-11-16,10-K,data/train-00009-of-00020.parquet,both,True,True
0000785786,0000785786-17-000049,2017-11-17,10-K,2017-09-30,<archived-record-root>/...,2017-11-17,10-K,data/train-00006-of-00020.parquet,both,True,True
0000789460,0001193125-10-040758,2010-02-25,10-K,2009-12-31,<archived-record-root>/...,2010-02-25,10-K,data/train-00009-of-00020.parquet,both,True,True
0000789460,0001628280-21-003481,2021-03-01,10-K,2020-12-31,<archived-record-root>/...,2021-03-01,10-K,data/train-00018-of-00020.parquet,both,True,True
0000789460,0001628280-20-002590,2020-03-02,10-K,2019-12-31,<archived-record-root>/...,2020-03-02,10-K,data/train-00003-of-00020.parquet,both,True,True
0000789460,0001628280-19-002382,2019-03-01,10-K,2018-12-31,<archived-record-root>/...,2019-03-01,10-K,data/train-00013-of-00020.parquet,both,True,True
0000789460,0001628280-18-002457,2018-02-28,10-K,2017-12-31,<archived-record-root>/...,2018-02-28,10-K,data/train-00005-of-00020.parquet,both,True,True
0000789460,0001628280-17-001482,2017-02-21,10-K,2016-12-31,<archived-record-root>/...,2017-02-21,10-K,data/train-00011-of-00020.parquet,both,True,True
0000789460,0001558370-16-003246,2016-02-16,10-K,2015-12-31,<archived-record-root>/...,2016-02-16,10-K,data/train-00016-of-00020.parquet,both,True,True
0000789460,0001558370-15-000073,2015-02-12,10-K,2014-12-31,<archived-record-root>/...,2015-02-12,10-K,data/train-00008-of-00020.parquet,both,True,True
0000789460,0001047469-14-000906,2014-02-14,10-K,2013-12-31,<archived-record-root>/...,2014-02-14,10-K,data/train-00000-of-00020.parquet,both,True,True
0000789460,0001047469-13-001398,2013-02-21,10-K,2012-12-31,<archived-record-root>/...,2013-02-21,10-K,data/train-00001-of-00020.parquet,both,True,True
0000789460,0001047469-12-001378,2012-02-23,10-K,2011-12-31,<archived-record-root>/...,2012-02-23,10-K,data/train-00001-of-00020.parquet,both,True,True
0000789460,0001193125-11-045452,2011-02-24,10-K,2010-12-31,<archived-record-root>/...,2011-02-24,10-K,data/train-00003-of-00020.parquet,both,True,True
0000795403,0001047469-13-001806,2013-02-27,10-K,2012-12-31,<archived-record-root>/...,2013-02-27,10-K,data/train-00001-of-00020.parquet,both,True,True
0000795403,0001047469-12-001733,2012-02-28,10-K,2011-12-31,<archived-record-root>/...,2012-02-28,10-K,data/train-00001-of-00020.parquet,both,True,True
0000795403,0001047469-11-001609,2011-03-01,10-K,2010-12-31,<archived-record-root>/...,2011-03-01,10-K,data/train-00003-of-00020.parquet,both,True,True
0000795403,0001047469-10-001634,2010-03-01,10-K,2009-12-31,<archived-record-root>/...,2010-03-01,10-K,data/train-00009-of-00020.parquet,both,True,True
0000795403,0001558370-21-001199,2021-02-18,10-K,2020-12-31,<archived-record-root>/...,2021-02-18,10-K,data/train-00018-of-00020.parquet,both,True,True
0000795403,0001558370-20-001062,2020-02-20,10-K,2019-12-31,<archived-record-root>/...,2020-02-20,10-K,data/train-00003-of-00020.parquet,both,True,True
0000795403,0001558370-19-000893,2019-02-22,10-K,2018-12-31,<archived-record-root>/...,2019-02-22,10-K,data/train-00013-of-00020.parquet,both,True,True
0000795403,0001558370-18-001010,2018-02-23,10-K,2017-12-31,<archived-record-root>/...,2018-02-23,10-K,data/train-00005-of-00020.parquet,both,True,True
0000795403,0001558370-17-000970,2017-02-24,10-K,2016-12-31,<archived-record-root>/...,2017-02-24,10-K,data/train-00011-of-00020.parquet,both,True,True
0000795403,0001047469-16-010540,2016-02-29,10-K,2015-12-31,<archived-record-root>/...,2016-02-29,10-K,data/train-00016-of-00020.parquet,both,True,True
0000795403,0001047469-15-001296,2015-02-26,10-K,2014-12-31,<archived-record-root>/...,2015-02-26,10-K,data/train-00008-of-00020.parquet,both,True,True
0000795403,0001047469-14-001466,2014-02-27,10-K,2013-12-31,<archived-record-root>/...,2014-02-27,10-K,data/train-00000-of-00020.parquet,both,True,True
0000820318,0001564590-17-017901,2017-08-21,10-K,2017-06-30,<archived-record-root>/...,2017-08-21,10-K,data/train-00011-of-00020.parquet,both,True,True
0000820318,0001564590-16-024750,2016-08-26,10-K,2016-06-30,<archived-record-root>/...,2016-08-26,10-K,data/train-00011-of-00020.parquet,both,True,True
0000820318,0001564590-15-007628,2015-08-28,10-K,2015-06-30,<archived-record-root>/...,2015-08-28,10-K,data/train-00014-of-00020.parquet,both,True,True
0000820318,0001564590-14-003921,2014-08-28,10-K,2014-06-30,<archived-record-root>/...,2014-08-28,10-K,data/train-00016-of-00020.parquet,both,True,True
0000820318,0001193125-13-350423,2013-08-28,10-K,2013-06-30,<archived-record-root>/...,2013-08-28,10-K,data/train-00004-of-00020.parquet,both,True,True
0000820318,0001193125-12-371833,2012-08-28,10-K,2012-06-30,<archived-record-root>/...,2012-08-28,10-K,data/train-00007-of-00020.parquet,both,True,True
0000820318,0001193125-11-233520,2011-08-26,10-K,2011-06-30,<archived-record-root>/...,2011-08-26,10-K,data/train-00009-of-00020.parquet,both,True,True
0000820318,0001193125-10-199366,2010-08-27,10-K,2010-06-30,<archived-record-root>/...,2010-08-27,10-K,data/train-00012-of-00020.parquet,both,True,True
0000820318,0000820318-21-000017,2021-08-20,10-K,2021-06-30,<archived-record-root>/...,2021-08-20,10-K,data/train-00016-of-00020.parquet,both,True,True
0000820318,0000820318-20-000023,2020-08-26,10-K,2020-06-30,<archived-record-root>/...,2020-08-26,10-K,data/train-00014-of-00020.parquet,both,True,True
0000820318,0001564590-19-032471,2019-08-16,10-K,2019-06-30,<archived-record-root>/...,2019-08-16,10-K,data/train-00015-of-00020.parquet,both,True,True
0000820318,0001564590-18-022409,2018-08-28,10-K,2018-06-30,<archived-record-root>/...,2018-08-28,10-K,data/train-00006-of-00020.parquet,both,True,True
0000822818,0000822818-18-000006,2018-02-28,10-K,2017-12-31,<archived-record-root>/...,2018-02-28,10-K,data/train-00005-of-00020.parquet,both,True,True
0000822818,0000822818-17-000006,2017-02-22,10-K,2016-12-31,<archived-record-root>/...,2017-02-22,10-K,data/train-00011-of-00020.parquet,both,True,True
0000822818,0000822818-16-000033,2016-02-25,10-K,2015-12-31,<archived-record-root>/...,2016-02-25,10-K,data/train-00016-of-00020.parquet,both,True,True
0000822818,0000822818-15-000003,2015-03-02,10-K,2014-12-31,<archived-record-root>/...,2015-03-02,10-K,data/train-00008-of-00020.parquet,both,True,True
0000822818,0000822818-14-000004,2014-03-03,10-K,2013-12-31,<archived-record-root>/...,2014-03-03,10-K,data/train-00000-of-00020.parquet,both,True,True
0000822818,0001445305-13-000500,2013-03-06,10-K,2012-12-31,<archived-record-root>/...,2013-03-06,10-K,data/train-00001-of-00020.parquet,both,True,True
0000822818,0001445305-12-000549,2012-02-29,10-K,2011-12-31,<archived-record-root>/...,2012-02-29,10-K,data/train-00001-of-00020.parquet,both,True,True
0000822818,0001047469-11-001635,2011-03-01,10-K,2010-12-31,<archived-record-root>/...,2011-03-01,10-K,data/train-00003-of-00020.parquet,both,True,True
0000822818,0001047469-10-001670,2010-03-01,10-K,2009-12-31,<archived-record-root>/...,2010-03-01,10-K,data/train-00009-of-00020.parquet,both,True,True
0000822818,0000822818-21-000003,2021-02-24,10-K,2020-12-31,<archived-record-root>/...,2021-02-24,10-K,data/train-00018-of-00020.parquet,both,True,True
0000822818,0000822818-20-000002,2020-02-26,10-K,2019-12-31,<archived-record-root>/...,2020-02-26,10-K,data/train-00003-of-00020.parquet,both,True,True
0000822818,0000822818-19-000003,2019-02-27,10-K,2018-12-31,<archived-record-root>/...,2019-02-27,10-K,data/train-00013-of-00020.parquet,both,True,True
0000823768,0001193125-17-046480,2017-02-16,10-K,2016-12-31,<archived-record-root>/...,2017-02-16,10-K,data/train-00011-of-00020.parquet,both,True,True
0000823768,0001193125-16-467957,2016-02-18,10-K,2015-12-31,<archived-record-root>/...,2016-02-18,10-K,data/train-00016-of-00020.parquet,both,True,True
0000823768,0000950123-15-002550,2015-02-17,10-K,2014-12-31,<archived-record-root>/...,2015-02-17,10-K,data/train-00008-of-00020.parquet,both,True,True
0000823768,0001193125-14-056656,2014-02-18,10-K,2013-12-31,<archived-record-root>/...,2014-02-18,10-K,data/train-00000-of-00020.parquet,both,True,True
0000823768,0001193125-13-058892,2013-02-14,10-K,2012-12-31,<archived-record-root>/...,2013-02-14,10-K,data/train-00001-of-00020.parquet,both,True,True
0000823768,0001193125-12-065370,2012-02-16,10-K,2011-12-31,<archived-record-root>/...,2012-02-16,10-K,data/train-00001-of-00020.parquet,both,True,True
0000823768,0000950123-11-015242,2011-02-17,10-K,2010-12-31,<archived-record-root>/...,2011-02-17,10-K,data/train-00003-of-00020.parquet,both,True,True
0000823768,0000950123-10-013022,2010-02-16,10-K,2009-12-31,<archived-record-root>/...,2010-02-16,10-K,data/train-00009-of-00020.parquet,both,True,True
0000823768,0001558370-21-001348,2021-02-22,10-K,2020-12-31,<archived-record-root>/...,2021-02-22,10-K,data/train-00018-of-00020.parquet,both,True,True
0000823768,0001558370-20-000762,2020-02-13,10-K,2019-12-31,<archived-record-root>/...,2020-02-13,10-K,data/train-00003-of-00020.parquet,both,True,True
0000823768,0001558370-19-000662,2019-02-14,10-K,2018-12-31,<archived-record-root>/...,2019-02-14,10-K,data/train-00013-of-00020.parquet,both,True,True
0000823768,0001558370-18-000716,2018-02-15,10-K,2017-12-31,<archived-record-root>/...,2018-02-15,10-K,data/train-00005-of-00020.parquet,both,True,True
0000827052,0000827052-14-000030,2014-02-25,10-K,2013-12-31,<archived-record-root>/...,2014-02-25,10-K,data/train-00000-of-00020.parquet,both,True,True
0000827052,0000827052-13-000024,2013-02-26,10-K,2012-12-31,<archived-record-root>/...,2013-02-26,10-K,data/train-00001-of-00020.parquet,both,True,True
0000827052,0000827052-12-000013,2012-02-29,10-K,2011-12-31,<archived-record-root>/...,2012-02-29,10-K,data/train-00001-of-00020.parquet,both,True,True
0000827052,0001047469-11-001484,2011-02-28,10-K,2010-12-31,<archived-record-root>/...,2011-02-28,10-K,data/train-00003-of-00020.parquet,both,True,True
0000827052,0001047469-10-001604,2010-03-01,10-K,2009-12-31,<archived-record-root>/...,2010-03-01,10-K,data/train-00009-of-00020.parquet,both,True,True
0000827052,0000827052-21-000019,2021-02-25,10-K,2020-12-31,<archived-record-root>/...,2021-02-25,10-K,data/train-00018-of-00020.parquet,both,True,True
0000827052,0000827052-20-000026,2020-02-27,10-K,2019-12-31,<archived-record-root>/...,2020-02-27,10-K,data/train-00003-of-00020.parquet,both,True,True
0000827052,0000827052-19-000034,2019-02-28,10-K,2018-12-31,<archived-record-root>/...,2019-02-28,10-K,data/train-00013-of-00020.parquet,both,True,True
0000827052,0000827052-18-000046,2018-02-22,10-K,2017-12-31,<archived-record-root>/...,2018-02-22,10-K,data/train-00005-of-00020.parquet,both,True,True
0000827052,0000827052-17-000033,2017-02-21,10-K,2016-12-31,<archived-record-root>/...,2017-02-21,10-K,data/train-00011-of-00020.parquet,both,True,True
0000827052,0000827052-16-000222,2016-02-23,10-K,2015-12-31,<archived-record-root>/...,2016-02-23,10-K,data/train-00016-of-00020.parquet,both,True,True
0000827052,0000827052-15-000035,2015-02-24,10-K,2014-12-31,<archived-record-root>/...,2015-02-24,10-K,data/train-00008-of-00020.parquet,both,True,True
0000833444,0000833444-17-000060,2017-11-21,10-K,2017-09-30,<archived-record-root>/...,2017-11-21,10-K,data/train-00006-of-00020.parquet,both,True,True
0000833444,0000833444-16-000216,2016-11-23,10-K,2016-09-30,<archived-record-root>/...,2016-11-23,10-K,data/train-00005-of-00020.parquet,both,True,True
0000833444,0000833444-15-000091,2015-11-13,10-K,2015-09-25,<archived-record-root>/...,2015-11-13,10-K,data/train-00002-of-00020.parquet,both,True,True
0000833444,0000833444-14-000124,2014-11-14,10-K,2014-09-26,<archived-record-root>/...,2014-11-14,10-K,data/train-00004-of-00020.parquet,both,True,True
0000833444,0000833444-13-000045,2013-11-14,10-K,2013-09-27,<archived-record-root>/...,2013-11-14,10-K,data/train-00003-of-00020.parquet,both,True,True
0000833444,0001047469-12-010665,2012-11-16,10-K,2012-09-28,<archived-record-root>/...,2012-11-16,10-K,data/train-00000-of-00020.parquet,both,True,True
0000833444,0001047469-11-009619,2011-11-16,10-K,2011-09-30,<archived-record-root>/...,2011-11-16,10-K,data/train-00005-of-00020.parquet,both,True,True
0000833444,0001047469-10-009627,2010-11-12,10-K,2010-09-24,<archived-record-root>/...,2010-11-12,10-K,data/train-00015-of-00020.parquet,both,True,True
0000833444,0000833444-21-000046,2021-11-15,10-K,2021-09-30,<archived-record-root>/...,2021-11-15,10-K,data/train-00019-of-00020.parquet,both,True,True
0000833444,0000833444-20-000048,2020-11-16,10-K,2020-09-30,<archived-record-root>/...,2020-11-16,10-K,data/train-00010-of-00020.parquet,both,True,True
0000833444,0000833444-19-000051,2019-11-21,10-K,2019-09-30,<archived-record-root>/...,2019-11-21,10-K,data/train-00004-of-00020.parquet,both,True,True
0000833444,0000833444-18-000053,2018-11-20,10-K,2018-09-30,<archived-record-root>/...,2018-11-20,10-K,data/train-00009-of-00020.parquet,both,True,True
0000837465,0000837465-16-000014,2016-03-04,10-K,2015-12-31,<archived-record-root>/...,2016-03-04,10-K,data/train-00016-of-00020.parquet,both,True,True
0000837465,0000837465-15-000003,2015-03-03,10-K,2014-12-31,<archived-record-root>/...,2015-03-03,10-K,data/train-00008-of-00020.parquet,both,True,True
0000837465,0000837465-14-000002,2014-02-27,10-K,2013-12-31,<archived-record-root>/...,2014-02-27,10-K,data/train-00000-of-00020.parquet,both,True,True
0000837465,0001193125-13-098448,2013-03-08,10-K,2012-12-31,<archived-record-root>/...,2013-03-08,10-K,data/train-00001-of-00020.parquet,both,True,True
0000837465,0001193125-12-094413,2012-03-02,10-K,2011-12-31,<archived-record-root>/...,2012-03-02,10-K,data/train-00001-of-00020.parquet,both,True,True
0000837465,0001193125-11-050374,2011-03-01,10-K,2010-12-31,<archived-record-root>/...,2011-03-01,10-K,data/train-00003-of-00020.parquet,both,True,True
0000837465,0001193125-10-043146,2010-02-26,10-K,2009-12-31,<archived-record-root>/...,2010-02-26,10-K,data/train-00009-of-00020.parquet,both,True,True
0000837465,0000837465-21-000003,2021-03-01,10-K,2020-12-31,<archived-record-root>/...,2021-03-01,10-K,data/train-00018-of-00020.parquet,both,True,True
0000837465,0000837465-20-000002,2020-03-02,10-K,2019-12-31,<archived-record-root>/...,2020-03-02,10-K,data/train-00003-of-00020.parquet,both,True,True
0000837465,0000837465-19-000002,2019-03-01,10-K,2018-12-31,<archived-record-root>/...,2019-03-01,10-K,data/train-00013-of-00020.parquet,both,True,True
0000837465,0000837465-18-000004,2018-02-27,10-K,2017-12-31,<archived-record-root>/...,2018-02-27,10-K,data/train-00005-of-00020.parquet,both,True,True
0000837465,0000837465-17-000002,2017-02-27,10-K,2016-12-31,<archived-record-root>/...,2017-02-27,10-K,data/train-00011-of-00020.parquet,both,True,True
0000861459,0000861459-11-000014,2011-02-24,10-K,2010-12-31,<archived-record-root>/...,2011-02-24,10-K,data/train-00003-of-00020.parquet,both,True,True
0000861459,0000861459-10-000002,2010-02-26,10-K,2009-12-31,<archived-record-root>/...,2010-02-26,10-K,data/train-00009-of-00020.parquet,both,True,True
0000861459,0001437749-21-007679,2021-03-30,10-K,2020-12-31,<archived-record-root>/...,2021-03-30,10-K,data/train-00018-of-00020.parquet,both,True,True
0000861459,0001437749-21-003662,2021-02-22,10-K,2019-12-31,<archived-record-root>/...,2021-02-22,10-K,data/train-00018-of-00020.parquet,both,True,True
0000861459,0001564590-19-003791,2019-02-22,10-K,2018-12-31,<archived-record-root>/...,2019-02-22,10-K,data/train-00013-of-00020.parquet,both,True,True
0000861459,0000861459-18-000008,2018-02-16,10-K,2017-12-31,<archived-record-root>/...,2018-02-16,10-K,data/train-00005-of-00020.parquet,both,True,True
0000861459,0000861459-17-000012,2017-02-17,10-K,2016-12-31,<archived-record-root>/...,2017-02-17,10-K,data/train-00011-of-00020.parquet,both,True,True
0000861459,0000861459-16-000040,2016-02-25,10-K,2015-12-31,<archived-record-root>/...,2016-02-25,10-K,data/train-00016-of-00020.parquet,both,True,True
0000861459,0000861459-15-000007,2015-02-27,10-K,2014-12-31,<archived-record-root>/...,2015-02-27,10-K,data/train-00008-of-00020.parquet,both,True,True
0000861459,0000861459-14-000007,2014-03-03,10-K,2013-12-31,<archived-record-root>/...,2014-03-03,10-K,data/train-00000-of-00020.parquet,both,True,True
0000861459,0000861459-13-000005,2013-03-01,10-K,2012-12-31,<archived-record-root>/...,2013-03-01,10-K,data/train-00001-of-00020.parquet,both,True,True
0000861459,0000861459-12-000006,2012-02-23,10-K,2011-12-31,<archived-record-root>/...,2012-02-23,10-K,data/train-00001-of-00020.parquet,both,True,True
0000866374,0000866374-17-000005,2017-05-16,10-K,2017-03-31,<archived-record-root>/...,2017-05-16,10-K,data/train-00001-of-00020.parquet,both,True,True
0000866374,0001628280-16-016576,2016-05-20,10-K,2016-03-31,<archived-record-root>/...,2016-05-20,10-K,data/train-00010-of-00020.parquet,both,True,True
0000866374,0001047469-15-004931,2015-05-21,10-K,2015-03-31,<archived-record-root>/...,2015-05-21,10-K,data/train-00002-of-00020.parquet,both,True,True
0000866374,0001047469-14-005069,2014-05-20,10-K,2014-03-31,<archived-record-root>/...,2014-05-20,10-K,data/train-00005-of-00020.parquet,both,True,True
0000866374,0001047469-13-006516,2013-05-28,10-K,2013-03-31,<archived-record-root>/...,2013-05-28,10-K,data/train-00008-of-00020.parquet,both,True,True
0000866374,0001047469-12-006353,2012-05-29,10-K,2012-03-31,<archived-record-root>/...,2012-05-29,10-K,data/train-00008-of-00020.parquet,both,True,True
0000866374,0001047469-11-005449,2011-05-23,10-K,2011-03-31,<archived-record-root>/...,2011-05-23,10-K,data/train-00014-of-00020.parquet,both,True,True
0000866374,0000950123-10-052098,2010-05-24,10-K,2010-03-31,<archived-record-root>/...,2010-05-24,10-K,data/train-00002-of-00020.parquet,both,True,True
0000866374,0000866374-21-000030,2021-05-19,10-K,2021-03-31,<archived-record-root>/...,2021-05-19,10-K,data/train-00018-of-00020.parquet,both,True,True
0000866374,0000866374-20-000009,2020-05-28,10-K,2020-03-31,<archived-record-root>/...,2020-05-28,10-K,data/train-00006-of-00020.parquet,both,True,True
0000866374,0000866374-19-000006,2019-05-21,10-K,2019-03-31,<archived-record-root>/...,2019-05-21,10-K,data/train-00009-of-00020.parquet,both,True,True
0000866374,0000866374-18-000007,2018-06-14,10-K,2018-03-31,<archived-record-root>/...,2018-06-14,10-K,data/train-00012-of-00020.parquet,both,True,True
0000866706,0000950123-10-109256,2010-11-29,10-K,2010-09-30,<archived-record-root>/...,2010-11-29,10-K,data/train-00015-of-00020.parquet,both,True,True
0000866706,0001410578-21-000447,2021-11-29,10-K,2021-09-30,<archived-record-root>/...,2021-11-29,10-K,data/train-00019-of-00020.parquet,both,True,True
0000866706,0001104659-20-130486,2020-11-30,10-K,2020-09-30,<archived-record-root>/...,2020-11-30,10-K,data/train-00010-of-00020.parquet,both,True,True
0000866706,0001104659-19-068679,2019-11-29,10-K,2019-09-30,<archived-record-root>/...,2019-11-29,10-K,data/train-00004-of-00020.parquet,both,True,True
0000866706,0001144204-18-062244,2018-11-29,10-K,2018-09-30,<archived-record-root>/...,2018-11-29,10-K,data/train-00009-of-00020.parquet,both,True,True
0000866706,0001144204-17-061284,2017-11-29,10-K,2017-09-30,<archived-record-root>/...,2017-11-29,10-K,data/train-00006-of-00020.parquet,both,True,True
0000866706,0001144204-16-136902,2016-11-29,10-K,2016-09-30,<archived-record-root>/...,2016-11-29,10-K,data/train-00005-of-00020.parquet,both,True,True
0000866706,0001144204-15-068633,2015-11-30,10-K,2015-09-30,<archived-record-root>/...,2015-11-30,10-K,data/train-00002-of-00020.parquet,both,True,True
0000866706,0001144204-14-071151,2014-11-26,10-K,2014-09-30,<archived-record-root>/...,2014-11-26,10-K,data/train-00004-of-00020.parquet,both,True,True
0000866706,0001144204-13-064584,2013-11-27,10-K,2013-09-30,<archived-record-root>/...,2013-11-27,10-K,data/train-00003-of-00020.parquet,both,True,True
0000866706,0001144204-12-065486,2012-11-29,10-K,2012-09-30,<archived-record-root>/...,2012-11-29,10-K,data/train-00000-of-00020.parquet,both,True,True
0000866706,0001193125-11-323960,2011-11-29,10-K,2011-09-30,<archived-record-root>/...,2011-11-29,10-K,data/train-00005-of-00020.parquet,both,True,True
0000879526,0001144204-10-016033,2010-03-26,10-K,2009-12-31,<archived-record-root>/...,2010-03-26,10-K,data/train-00009-of-00020.parquet,both,True,True
0000879526,0000879526-21-000018,2021-02-25,10-K,2020-12-31,<archived-record-root>/...,2021-02-25,10-K,data/train-00018-of-00020.parquet,both,True,True
0000879526,0000879526-20-000021,2020-02-25,10-K,2019-12-31,<archived-record-root>/...,2020-02-25,10-K,data/train-00003-of-00020.parquet,both,True,True
0000879526,0000879526-19-000024,2019-02-28,10-K,2018-12-31,<archived-record-root>/...,2019-02-28,10-K,data/train-00013-of-00020.parquet,both,True,True
0000879526,0001144204-18-011800,2018-02-28,10-K,2017-12-31,<archived-record-root>/...,2018-02-28,10-K,data/train-00005-of-00020.parquet,both,True,True
0000879526,0001144204-17-011303,2017-02-27,10-K,2016-12-31,<archived-record-root>/...,2017-02-27,10-K,data/train-00011-of-00020.parquet,both,True,True
0000879526,0001144204-16-084690,2016-02-26,10-K,2015-12-31,<archived-record-root>/...,2016-02-26,10-K,data/train-00016-of-00020.parquet,both,True,True
0000879526,0001144204-15-012408,2015-02-27,10-K,2014-12-31,<archived-record-root>/...,2015-02-27,10-K,data/train-00008-of-00020.parquet,both,True,True
0000879526,0001144204-14-012076,2014-02-27,10-K,2013-12-31,<archived-record-root>/...,2014-02-27,10-K,data/train-00000-of-00020.parquet,both,True,True
0000879526,0001144204-13-011760,2013-02-28,10-K,2012-12-31,<archived-record-root>/...,2013-02-28,10-K,data/train-00001-of-00020.parquet,both,True,True
0000879526,0001144204-12-012010,2012-02-29,10-K,2011-12-31,<archived-record-root>/...,2012-02-29,10-K,data/train-00001-of-00020.parquet,both,True,True
0000879526,0001144204-11-010985,2011-02-25,10-K,2010-12-31,<archived-record-root>/...,2011-02-25,10-K,data/train-00003-of-00020.parquet,both,True,True
0000885725,0000885725-20-000012,2020-02-25,10-K,2019-12-31,<archived-record-root>/...,2020-02-25,10-K,data/train-00003-of-00020.parquet,both,True,True
0000885725,0000885725-19-000011,2019-02-19,10-K,2018-12-31,<archived-record-root>/...,2019-02-19,10-K,data/train-00013-of-00020.parquet,both,True,True
0000885725,0000885725-18-000010,2018-02-20,10-K,2017-12-31,<archived-record-root>/...,2018-02-20,10-K,data/train-00005-of-00020.parquet,both,True,True
0000885725,0000885725-17-000006,2017-02-23,10-K,2016-12-31,<archived-record-root>/...,2017-02-23,10-K,data/train-00011-of-00020.parquet,both,True,True
0000885725,0000885725-16-000028,2016-02-24,10-K,2015-12-31,<archived-record-root>/...,2016-02-24,10-K,data/train-00016-of-00020.parquet,both,True,True
0000885725,0000885725-15-000006,2015-02-25,10-K,2014-12-31,<archived-record-root>/...,2015-02-25,10-K,data/train-00008-of-00020.parquet,both,True,True
0000885725,0000885725-14-000005,2014-02-26,10-K,2013-12-31,<archived-record-root>/...,2014-02-26,10-K,data/train-00000-of-00020.parquet,both,True,True
0000885725,0000885725-13-000007,2013-02-22,10-K,2012-12-31,<archived-record-root>/...,2013-02-22,10-K,data/train-00001-of-00020.parquet,both,True,True
0000885725,0000885725-12-000006,2012-02-17,10-K,2011-12-31,<archived-record-root>/...,2012-02-17,10-K,data/train-00001-of-00020.parquet,both,True,True
0000885725,0000950123-11-015112,2011-02-17,10-K,2010-12-31,<archived-record-root>/...,2011-02-17,10-K,data/train-00003-of-00020.parquet,both,True,True
0000885725,0000950123-10-017254,2010-02-26,10-K,2009-12-31,<archived-record-root>/...,2010-02-26,10-K,data/train-00009-of-00020.parquet,both,True,True
0000885725,0000885725-21-000008,2021-02-23,10-K,2020-12-31,<archived-record-root>/...,2021-02-23,10-K,data/train-00018-of-00020.parquet,both,True,True
0000897723,0000897723-21-000028,2021-11-12,10-K,2021-10-02,<archived-record-root>/...,2021-11-12,10-K,data/train-00019-of-00020.parquet,both,True,True
0000897723,0000897723-20-000034,2020-11-13,10-K,2020-10-03,<archived-record-root>/...,2020-11-13,10-K,data/train-00010-of-00020.parquet,both,True,True
0000897723,0000897723-19-000034,2019-11-08,10-K,2019-09-28,<archived-record-root>/...,2019-11-08,10-K,data/train-00004-of-00020.parquet,both,True,True
0000897723,0000897723-18-000031,2018-11-15,10-K,2018-09-29,<archived-record-root>/...,2018-11-15,10-K,data/train-00009-of-00020.parquet,both,True,True
0000897723,0000897723-17-000029,2017-11-13,10-K,2017-09-30,<archived-record-root>/...,2017-11-13,10-K,data/train-00006-of-00020.parquet,both,True,True
0000897723,0000897723-16-000049,2016-11-18,10-K,2016-10-01,<archived-record-root>/...,2016-11-18,10-K,data/train-00005-of-00020.parquet,both,True,True
0000897723,0000897723-15-000026,2015-11-19,10-K,2015-10-03,<archived-record-root>/...,2015-11-19,10-K,data/train-00002-of-00020.parquet,both,True,True
0000897723,0000897723-14-000022,2014-11-13,10-K,2014-09-27,<archived-record-root>/...,2014-11-13,10-K,data/train-00004-of-00020.parquet,both,True,True
0000897723,0000897723-13-000023,2013-11-27,10-K,2013-09-28,<archived-record-root>/...,2013-11-27,10-K,data/train-00003-of-00020.parquet,both,True,True
0000897723,0000897723-12-000027,2012-11-21,10-K,2012-09-29,<archived-record-root>/...,2012-11-21,10-K,data/train-00000-of-00020.parquet,both,True,True
0000897723,0000897723-11-000023,2011-11-22,10-K,2011-10-01,<archived-record-root>/...,2011-11-22,10-K,data/train-00005-of-00020.parquet,both,True,True
0000897723,0000897723-10-000011,2010-11-24,10-K,2010-10-02,<archived-record-root>/...,2010-11-24,10-K,data/train-00015-of-00020.parquet,both,True,True
0000898293,0001193125-17-313834,2017-10-19,10-K,2017-08-31,<archived-record-root>/...,2017-10-19,10-K,data/train-00006-of-00020.parquet,both,True,True
0000898293,0001193125-16-742815,2016-10-20,10-K,2016-08-31,<archived-record-root>/...,2016-10-20,10-K,data/train-00005-of-00020.parquet,both,True,True
0000898293,0001193125-15-345706,2015-10-16,10-K,2015-08-31,<archived-record-root>/...,2015-10-16,10-K,data/train-00002-of-00020.parquet,both,True,True
0000898293,0001193125-14-377410,2014-10-21,10-K,2014-08-31,<archived-record-root>/...,2014-10-21,10-K,data/train-00004-of-00020.parquet,both,True,True
0000898293,0001193125-13-413660,2013-10-28,10-K,2013-08-31,<archived-record-root>/...,2013-10-28,10-K,data/train-00003-of-00020.parquet,both,True,True
0000898293,0001193125-12-435503,2012-10-25,10-K,2012-08-31,<archived-record-root>/...,2012-10-25,10-K,data/train-00000-of-00020.parquet,both,True,True
0000898293,0001193125-11-284229,2011-10-27,10-K,2011-08-31,<archived-record-root>/...,2011-10-27,10-K,data/train-00005-of-00020.parquet,both,True,True
0000898293,0000950123-10-094969,2010-10-21,10-K,2010-08-31,<archived-record-root>/...,2010-10-21,10-K,data/train-00015-of-00020.parquet,both,True,True
0000898293,0001193125-21-305429,2021-10-22,10-K,2021-08-31,<archived-record-root>/...,2021-10-22,10-K,data/train-00019-of-00020.parquet,both,True,True
0000898293,0001193125-20-274411,2020-10-22,10-K,2020-08-31,<archived-record-root>/...,2020-10-22,10-K,data/train-00010-of-00020.parquet,both,True,True
0000898293,0001193125-19-271646,2019-10-22,10-K,2019-08-31,<archived-record-root>/...,2019-10-22,10-K,data/train-00004-of-00020.parquet,both,True,True
0000898293,0001193125-18-303041,2018-10-19,10-K,2018-08-31,<archived-record-root>/...,2018-10-19,10-K,data/train-00009-of-00020.parquet,both,True,True
0000899751,0000899751-21-000006,2021-03-04,10-K,2020-12-31,<archived-record-root>/...,2021-03-04,10-K,data/train-00018-of-00020.parquet,both,True,True
0000899751,0000899751-20-000005,2020-03-04,10-K,2019-12-31,<archived-record-root>/...,2020-03-04,10-K,data/train-00003-of-00020.parquet,both,True,True
0000899751,0000899751-19-000016,2019-03-07,10-K,2018-12-31,<archived-record-root>/...,2019-03-07,10-K,data/train-00013-of-00020.parquet,both,True,True
0000899751,0000899751-18-000008,2018-02-23,10-K,2017-12-31,<archived-record-root>/...,2018-02-23,10-K,data/train-00005-of-00020.parquet,both,True,True
0000899751,0000899751-17-000009,2017-03-15,10-K,2016-12-31,<archived-record-root>/...,2017-03-15,10-K,data/train-00011-of-00020.parquet,both,True,True
0000899751,0000899751-16-000098,2016-02-25,10-K,2015-12-31,<archived-record-root>/...,2016-02-25,10-K,data/train-00016-of-00020.parquet,both,True,True
0000899751,0000899751-15-000007,2015-02-26,10-K,2014-12-31,<archived-record-root>/...,2015-02-26,10-K,data/train-00008-of-00020.parquet,both,True,True
0000899751,0000899751-14-000017,2014-02-20,10-K,2013-12-31,<archived-record-root>/...,2014-02-20,10-K,data/train-00000-of-00020.parquet,both,True,True
0000899751,0000899751-13-000026,2013-02-27,10-K,2012-12-31,<archived-record-root>/...,2013-02-27,10-K,data/train-00001-of-00020.parquet,both,True,True
0000899751,0000899751-12-000018,2012-02-23,10-K,2011-12-31,<archived-record-root>/...,2012-02-23,10-K,data/train-00001-of-00020.parquet,both,True,True
0000899751,0000899751-11-000007,2011-02-24,10-K,2010-12-31,<archived-record-root>/...,2011-02-24,10-K,data/train-00003-of-00020.parquet,both,True,True
0000899751,0000899751-10-000008,2010-02-25,10-K,2009-12-31,<archived-record-root>/...,2010-02-25,10-K,data/train-00009-of-00020.parquet,both,True,True
0000909832,0000909832-15-000014,2015-10-14,10-K,2015-08-30,<archived-record-root>/...,2015-10-14,10-K,data/train-00002-of-00020.parquet,both,True,True
0000909832,0000909832-14-000021,2014-10-15,10-K,2014-08-31,<archived-record-root>/...,2014-10-15,10-K,data/train-00004-of-00020.parquet,both,True,True
0000909832,0001445305-13-002422,2013-10-16,10-K,2013-09-01,<archived-record-root>/...,2013-10-16,10-K,data/train-00003-of-00020.parquet,both,True,True
0000909832,0001193125-12-428890,2012-10-19,10-K,2012-09-02,<archived-record-root>/...,2012-10-19,10-K,data/train-00000-of-00020.parquet,both,True,True
0000909832,0001193125-11-271844,2011-10-14,10-K,2011-08-28,<archived-record-root>/...,2011-10-14,10-K,data/train-00005-of-00020.parquet,both,True,True
0000909832,0001193125-10-230379,2010-10-18,10-K,2010-08-29,<archived-record-root>/...,2010-10-18,10-K,data/train-00015-of-00020.parquet,both,True,True
0000909832,0000909832-21-000014,2021-10-06,10-K,2021-08-29,<archived-record-root>/...,2021-10-06,10-K,data/train-00019-of-00020.parquet,both,True,True
0000909832,0000909832-20-000017,2020-10-07,10-K,2020-08-30,<archived-record-root>/...,2020-10-07,10-K,data/train-00010-of-00020.parquet,both,True,True
0000909832,0000909832-19-000019,2019-10-11,10-K,2019-09-01,<archived-record-root>/...,2019-10-11,10-K,data/train-00004-of-00020.parquet,both,True,True
0000909832,0000909832-18-000013,2018-10-26,10-K,2018-09-02,<archived-record-root>/...,2018-10-26,10-K,data/train-00009-of-00020.parquet,both,True,True
0000909832,0000909832-17-000014,2017-10-18,10-K,2017-09-03,<archived-record-root>/...,2017-10-18,10-K,data/train-00006-of-00020.parquet,both,True,True
0000909832,0000909832-16-000032,2016-10-12,10-K,2016-08-28,<archived-record-root>/...,2016-10-12,10-K,data/train-00005-of-00020.parquet,both,True,True
0000912562,0001193125-14-060904,2014-02-20,10-K,2013-12-31,<archived-record-root>/...,2014-02-20,10-K,data/train-00000-of-00020.parquet,both,True,True
0000912562,0001193125-13-071754,2013-02-22,10-K,2012-12-31,<archived-record-root>/...,2013-02-22,10-K,data/train-00001-of-00020.parquet,both,True,True
0000912562,0001193125-12-078110,2012-02-24,10-K,2011-12-31,<archived-record-root>/...,2012-02-24,10-K,data/train-00001-of-00020.parquet,both,True,True
0000912562,0000950123-11-018507,2011-02-25,10-K,2010-12-31,<archived-record-root>/...,2011-02-25,10-K,data/train-00003-of-00020.parquet,both,True,True
0000912562,0000950123-10-016979,2010-02-25,10-K,2009-12-31,<archived-record-root>/...,2010-02-25,10-K,data/train-00009-of-00020.parquet,both,True,True
0000912562,0000912562-21-000007,2021-02-25,10-K,2020-12-31,<archived-record-root>/...,2021-02-25,10-K,data/train-00018-of-00020.parquet,both,True,True
0000912562,0000912562-20-000007,2020-02-28,10-K,2019-12-31,<archived-record-root>/...,2020-02-28,10-K,data/train-00003-of-00020.parquet,both,True,True
0000912562,0000912562-19-000009,2019-02-27,10-K,2018-12-31,<archived-record-root>/...,2019-02-27,10-K,data/train-00013-of-00020.parquet,both,True,True
0000912562,0000912562-18-000006,2018-02-27,10-K,2017-12-31,<archived-record-root>/...,2018-02-27,10-K,data/train-00005-of-00020.parquet,both,True,True
0000912562,0000912562-17-000008,2017-02-21,10-K,2016-12-31,<archived-record-root>/...,2017-02-21,10-K,data/train-00011-of-00020.parquet,both,True,True
0000912562,0000912562-16-000073,2016-02-18,10-K,2015-12-31,<archived-record-root>/...,2016-02-18,10-K,data/train-00016-of-00020.parquet,both,True,True
0000912562,0000912562-15-000009,2015-02-24,10-K,2014-12-31,<archived-record-root>/...,2015-02-24,10-K,data/train-00008-of-00020.parquet,both,True,True
0000916076,0001193125-15-060008,2015-02-24,10-K,2014-12-31,<archived-record-root>/...,2015-02-24,10-K,data/train-00008-of-00020.parquet,both,True,True
0000916076,0001193125-14-064999,2014-02-24,10-K,2013-12-31,<archived-record-root>/...,2014-02-24,10-K,data/train-00000-of-00020.parquet,both,True,True
0000916076,0001193125-13-070711,2013-02-22,10-K,2012-12-31,<archived-record-root>/...,2013-02-22,10-K,data/train-00001-of-00020.parquet,both,True,True
0000916076,0001193125-12-088047,2012-02-29,10-K,2011-12-31,<archived-record-root>/...,2012-02-29,10-K,data/train-00001-of-00020.parquet,both,True,True
0000916076,0000950123-11-018849,2011-02-25,10-K,2010-12-31,<archived-record-root>/...,2011-02-25,10-K,data/train-00003-of-00020.parquet,both,True,True
0000916076,0000950123-10-018035,2010-02-26,10-K,2009-12-31,<archived-record-root>/...,2010-02-26,10-K,data/train-00009-of-00020.parquet,both,True,True
0000916076,0001564590-21-006959,2021-02-19,10-K,2020-12-31,<archived-record-root>/...,2021-02-19,10-K,data/train-00018-of-00020.parquet,both,True,True
0000916076,0001564590-20-005784,2020-02-21,10-K,2019-12-31,<archived-record-root>/...,2020-02-21,10-K,data/train-00003-of-00020.parquet,both,True,True
0000916076,0001193125-19-049961,2019-02-25,10-K,2018-12-31,<archived-record-root>/...,2019-02-25,10-K,data/train-00013-of-00020.parquet,both,True,True
0000916076,0001193125-18-055887,2018-02-23,10-K,2017-12-31,<archived-record-root>/...,2018-02-23,10-K,data/train-00005-of-00020.parquet,both,True,True
0000916076,0001193125-17-056282,2017-02-24,10-K,2016-12-31,<archived-record-root>/...,2017-02-24,10-K,data/train-00011-of-00020.parquet,both,True,True
0000916076,0001193125-16-473754,2016-02-23,10-K,2015-12-31,<archived-record-root>/...,2016-02-23,10-K,data/train-00016-of-00020.parquet,both,True,True
0000916540,0000916540-14-000008,2014-02-26,10-K,2013-12-28,<archived-record-root>/...,2014-02-26,10-K,data/train-00000-of-00020.parquet,both,True,True
0000916540,0000916540-13-000006,2013-02-27,10-K,2012-12-29,<archived-record-root>/...,2013-02-27,10-K,data/train-00001-of-00020.parquet,both,True,True
0000916540,0000916540-12-000006,2012-02-29,10-K,2011-12-31,<archived-record-root>/...,2012-02-29,10-K,data/train-00001-of-00020.parquet,both,True,True
0000916540,0000916540-11-000005,2011-03-02,10-K,2011-01-01,<archived-record-root>/...,2011-03-02,10-K,data/train-00003-of-00020.parquet,both,True,True
0000916540,0000916540-10-000009,2010-03-03,10-K,2010-01-02,<archived-record-root>/...,2010-03-03,10-K,data/train-00009-of-00020.parquet,both,True,True
0000916540,0000916540-21-000010,2021-03-02,10-K,2021-01-02,<archived-record-root>/...,2021-03-02,10-K,data/train-00018-of-00020.parquet,both,True,True
0000916540,0000916540-20-000007,2020-02-25,10-K,2019-12-28,<archived-record-root>/...,2020-02-25,10-K,data/train-00003-of-00020.parquet,both,True,True
0000916540,0000916540-19-000004,2019-02-27,10-K,2018-12-29,<archived-record-root>/...,2019-02-27,10-K,data/train-00013-of-00020.parquet,both,True,True
0000916540,0000916540-18-000007,2018-02-27,10-K,2017-12-30,<archived-record-root>/...,2018-02-27,10-K,data/train-00005-of-00020.parquet,both,True,True
0000916540,0000916540-17-000005,2017-02-28,10-K,2016-12-31,<archived-record-root>/...,2017-02-28,10-K,data/train-00011-of-00020.parquet,both,True,True
0000916540,0000916540-16-000038,2016-03-01,10-K,2016-01-02,<archived-record-root>/...,2016-03-01,10-K,data/train-00016-of-00020.parquet,both,True,True
0000916540,0000916540-15-000006,2015-03-04,10-K,2015-01-03,<archived-record-root>/...,2015-03-04,10-K,data/train-00008-of-00020.parquet,both,True,True
0000918541,0001005794-11-000053,2011-03-15,10-K,2010-12-31,<archived-record-root>/...,2011-03-15,10-K,data/train-00003-of-00020.parquet,both,True,True
0000918541,0001005794-10-000061,2010-03-31,10-K,2009-12-31,<archived-record-root>/...,2010-03-31,10-K,data/train-00009-of-00020.parquet,both,True,True
0000918541,0000918541-21-000003,2021-03-15,10-K,2020-12-31,<archived-record-root>/...,2021-03-15,10-K,data/train-00018-of-00020.parquet,both,True,True
0000918541,0001628280-20-003613,2020-03-16,10-K,2019-12-31,<archived-record-root>/...,2020-03-16,10-K,data/train-00003-of-00020.parquet,both,True,True
0000918541,0001628280-19-003059,2019-03-18,10-K,2018-12-31,<archived-record-root>/...,2019-03-18,10-K,data/train-00013-of-00020.parquet,both,True,True
0000918541,0001193125-18-104987,2018-04-02,10-K,2017-12-31,<archived-record-root>/...,2018-04-02,10-K,data/train-00012-of-00020.parquet,both,True,True
0000918541,0001193125-17-085150,2017-03-16,10-K,2016-12-31,<archived-record-root>/...,2017-03-16,10-K,data/train-00011-of-00020.parquet,both,True,True
0000918541,0001193125-16-505292,2016-03-15,10-K,2015-12-31,<archived-record-root>/...,2016-03-15,10-K,data/train-00016-of-00020.parquet,both,True,True
0000918541,0001193125-15-093835,2015-03-16,10-K,2014-12-31,<archived-record-root>/...,2015-03-16,10-K,data/train-00008-of-00020.parquet,both,True,True
0000918541,0001193125-14-098906,2014-03-14,10-K,2013-12-31,<archived-record-root>/...,2014-03-14,10-K,data/train-00000-of-00020.parquet,both,True,True
0000918541,0001193125-13-110140,2013-03-15,10-K,2012-12-31,<archived-record-root>/...,2013-03-15,10-K,data/train-00001-of-00020.parquet,both,True,True
0000918541,0001193125-12-115981,2012-03-15,10-K,2011-12-31,<archived-record-root>/...,2012-03-15,10-K,data/train-00001-of-00020.parquet,both,True,True
0000936468,0001193125-16-476010,2016-02-24,10-K,2015-12-31,<archived-record-root>/...,2016-02-24,10-K,data/train-00016-of-00020.parquet,both,True,True
0000936468,0001193125-15-038681,2015-02-09,10-K,2014-12-31,<archived-record-root>/...,2015-02-09,10-K,data/train-00008-of-00020.parquet,both,True,True
0000936468,0001193125-14-055034,2014-02-14,10-K,2013-12-31,<archived-record-root>/...,2014-02-14,10-K,data/train-00000-of-00020.parquet,both,True,True
0000936468,0001193125-13-082873,2013-02-28,10-K,2012-12-31,<archived-record-root>/...,2013-02-28,10-K,data/train-00001-of-00020.parquet,both,True,True
0000936468,0001193125-12-074929,2012-02-23,10-K,2011-12-31,<archived-record-root>/...,2012-02-23,10-K,data/train-00001-of-00020.parquet,both,True,True
0000936468,0001193125-11-045739,2011-02-25,10-K,2010-12-31,<archived-record-root>/...,2011-02-25,10-K,data/train-00003-of-00020.parquet,both,True,True
0000936468,0001193125-10-040520,2010-02-25,10-K,2009-12-31,<archived-record-root>/...,2010-02-25,10-K,data/train-00009-of-00020.parquet,both,True,True
0000936468,0000936468-21-000013,2021-01-28,10-K,2020-12-31,<archived-record-root>/...,2021-01-28,10-K,data/train-00018-of-00020.parquet,both,True,True
0000936468,0000936468-20-000016,2020-02-07,10-K,2019-12-31,<archived-record-root>/...,2020-02-07,10-K,data/train-00003-of-00020.parquet,both,True,True
0000936468,0000936468-19-000009,2019-02-08,10-K,2018-12-31,<archived-record-root>/...,2019-02-08,10-K,data/train-00013-of-00020.parquet,both,True,True
0000936468,0000936468-18-000009,2018-02-06,10-K,2017-12-31,<archived-record-root>/...,2018-02-06,10-K,data/train-00005-of-00020.parquet,both,True,True
0000936468,0001193125-17-036192,2017-02-09,10-K,2016-12-31,<archived-record-root>/...,2017-02-09,10-K,data/train-00011-of-00020.parquet,both,True,True
0000940942,0001564590-21-009409,2021-02-26,10-K,2020-12-31,<archived-record-root>/...,2021-02-26,10-K,data/train-00018-of-00020.parquet,both,True,True
0000940942,0001564590-20-007787,2020-02-28,10-K,2019-12-31,<archived-record-root>/...,2020-02-28,10-K,data/train-00003-of-00020.parquet,both,True,True
0000940942,0001564590-19-005778,2019-03-01,10-K,2018-12-31,<archived-record-root>/...,2019-03-01,10-K,data/train-00013-of-00020.parquet,both,True,True
0000940942,0001564590-18-003839,2018-02-28,10-K,2017-12-31,<archived-record-root>/...,2018-02-28,10-K,data/train-00005-of-00020.parquet,both,True,True
0000940942,0001564590-17-002435,2017-02-24,10-K,2016-12-31,<archived-record-root>/...,2017-02-24,10-K,data/train-00011-of-00020.parquet,both,True,True
0000940942,0001564590-16-013549,2016-02-26,10-K,2015-12-31,<archived-record-root>/...,2016-02-26,10-K,data/train-00016-of-00020.parquet,both,True,True
0000940942,0001564590-15-001071,2015-02-27,10-K,2014-12-31,<archived-record-root>/...,2015-02-27,10-K,data/train-00008-of-00020.parquet,both,True,True
0000940942,0001193125-14-065229,2014-02-24,10-K,2013-12-31,<archived-record-root>/...,2014-02-24,10-K,data/train-00000-of-00020.parquet,both,True,True
0000940942,0001193125-13-074185,2013-02-25,10-K,2012-12-31,<archived-record-root>/...,2013-02-25,10-K,data/train-00001-of-00020.parquet,both,True,True
0000940942,0001193125-12-078156,2012-02-24,10-K,2011-12-31,<archived-record-root>/...,2012-02-24,10-K,data/train-00001-of-00020.parquet,both,True,True
0000940942,0001193125-11-045282,2011-02-24,10-K,2010-12-31,<archived-record-root>/...,2011-02-24,10-K,data/train-00003-of-00020.parquet,both,True,True
0000940942,0000940942-10-000004,2010-02-18,10-K,2009-12-31,<archived-record-root>/...,2010-02-18,10-K,data/train-00009-of-00020.parquet,both,True,True
0001004989,0001437749-21-007784,2021-03-31,10-K,2020-12-31,<archived-record-root>/...,2021-03-31,10-K,data/train-00018-of-00020.parquet,both,True,True
0001004989,0001437749-20-007674,2020-04-14,10-K,2019-12-31,<archived-record-root>/...,2020-04-14,10-K,data/train-00006-of-00020.parquet,both,True,True
0001004989,0001437749-19-007194,2019-04-15,10-K,2018-12-31,<archived-record-root>/...,2019-04-15,10-K,data/train-00008-of-00020.parquet,both,True,True
0001004989,0001437749-18-006047,2018-04-02,10-K,2017-12-31,<archived-record-root>/...,2018-04-02,10-K,data/train-00012-of-00020.parquet,both,True,True
0001004989,0001437749-17-006637,2017-04-17,10-K,2016-12-31,<archived-record-root>/...,2017-04-17,10-K,data/train-00001-of-00020.parquet,both,True,True
0001004989,0001437749-16-028672,2016-03-30,10-K,2015-12-31,<archived-record-root>/...,2016-03-30,10-K,data/train-00016-of-00020.parquet,both,True,True
0001004989,0001437749-15-007398,2015-04-15,10-K,2014-12-31,<archived-record-root>/...,2015-04-15,10-K,data/train-00002-of-00020.parquet,both,True,True
0001004989,0001437749-14-005583,2014-03-31,10-K,2013-12-31,<archived-record-root>/...,2014-03-31,10-K,data/train-00000-of-00020.parquet,both,True,True
0001004989,0001437749-13-003821,2013-04-02,10-K,2012-12-31,<archived-record-root>/...,2013-04-02,10-K,data/train-00008-of-00020.parquet,both,True,True
0001004989,0001437749-12-002606,2012-03-21,10-K,2011-12-31,<archived-record-root>/...,2012-03-21,10-K,data/train-00001-of-00020.parquet,both,True,True
0001004989,0000910680-11-000109,2011-03-15,10-K,2010-12-31,<archived-record-root>/...,2011-03-15,10-K,data/train-00003-of-00020.parquet,both,True,True
0001004989,0000910680-10-000116,2010-04-15,10-K,2009-12-31,<archived-record-root>/...,2010-04-15,10-K,data/train-00002-of-00020.parquet,both,True,True
0001005731,0001493152-21-025444,2021-10-14,10-K,2021-07-31,<archived-record-root>/...,2021-10-14,10-K,data/train-00019-of-00020.parquet,both,True,True
0001005731,0001213900-20-031279,2020-10-14,10-K,2020-07-31,<archived-record-root>/...,2020-10-14,10-K,data/train-00009-of-00020.parquet,both,True,True
0001005731,0001213900-19-020184,2019-10-11,10-K,2019-07-31,<archived-record-root>/...,2019-10-11,10-K,data/train-00003-of-00020.parquet,both,True,True
0001005731,0001213900-18-013916,2018-10-15,10-K,2018-07-31,<archived-record-root>/...,2018-10-15,10-K,data/train-00009-of-00020.parquet,both,True,True
0001005731,0001213900-17-010610,2017-10-16,10-K,2017-07-31,<archived-record-root>/...,2017-10-16,10-K,data/train-00006-of-00020.parquet,both,True,True
0001005731,0001213900-16-017511,2016-10-14,10-K,2016-07-31,<archived-record-root>/...,2016-10-14,10-K,data/train-00005-of-00020.parquet,both,True,True
0001005731,0001213900-15-007660,2015-10-14,10-K,2015-07-31,<archived-record-root>/...,2015-10-14,10-K,data/train-00002-of-00020.parquet,both,True,True
0001005731,0001213900-14-007233,2014-10-14,10-K,2014-07-31,<archived-record-root>/...,2014-10-14,10-K,data/train-00004-of-00020.parquet,both,True,True
0001005731,0001193125-13-399818,2013-10-15,10-K,2013-07-31,<archived-record-root>/...,2013-10-15,10-K,data/train-00003-of-00020.parquet,both,True,True
0001005731,0001193125-12-423374,2012-10-15,10-K,2012-07-31,<archived-record-root>/...,2012-10-15,10-K,data/train-00000-of-00020.parquet,both,True,True
0001005731,0001193125-11-268519,2011-10-11,10-K,2011-07-31,<archived-record-root>/...,2011-10-11,10-K,data/train-00005-of-00020.parquet,both,True,True
0001005731,0001193125-10-239862,2010-10-28,10-K,2010-07-31,<archived-record-root>/...,2010-10-28,10-K,data/train-00014-of-00020.parquet,both,True,True
0001006837,0001193125-13-107657,2013-03-14,10-K,2012-12-31,<archived-record-root>/...,2013-03-14,10-K,data/train-00000-of-00020.parquet,both,True,True
0001006837,0001193125-12-117626,2012-03-15,10-K,2011-12-31,<archived-record-root>/...,2012-03-15,10-K,data/train-00001-of-00020.parquet,both,True,True
0001006837,0001193125-11-077873,2011-03-25,10-K,2010-12-31,<archived-record-root>/...,2011-03-25,10-K,data/train-00003-of-00020.parquet,both,True,True
0001006837,0001193125-10-076784,2010-04-05,10-K,2009-12-31,<archived-record-root>/...,2010-04-05,10-K,data/train-00002-of-00020.parquet,both,True,True
0001006837,0001006837-21-000027,2021-03-10,10-K,2020-12-31,<archived-record-root>/...,2021-03-10,10-K,data/train-00018-of-00020.parquet,both,True,True
0001006837,0001006837-20-000044,2020-03-16,10-K,2019-12-31,<archived-record-root>/...,2020-03-16,10-K,data/train-00003-of-00020.parquet,both,True,True
0001006837,0001006837-19-000018,2019-03-12,10-K,2018-12-31,<archived-record-root>/...,2019-03-12,10-K,data/train-00013-of-00020.parquet,both,True,True
0001006837,0001006837-18-000023,2018-03-14,10-K,2017-12-31,<archived-record-root>/...,2018-03-14,10-K,data/train-00004-of-00020.parquet,both,True,True
0001006837,0001006837-17-000032,2017-03-09,10-K,2016-12-31,<archived-record-root>/...,2017-03-09,10-K,data/train-00010-of-00020.parquet,both,True,True
0001006837,0001006837-16-000033,2016-03-15,10-K,2015-12-31,<archived-record-root>/...,2016-03-15,10-K,data/train-00016-of-00020.parquet,both,True,True
0001006837,0001193125-15-094027,2015-03-16,10-K,2014-12-31,<archived-record-root>/...,2015-03-16,10-K,data/train-00007-of-00020.parquet,both,True,True
0001006837,0001193125-14-124108,2014-03-31,10-K,2013-12-31,<archived-record-root>/...,2014-03-31,10-K,data/train-00000-of-00020.parquet,both,True,True
0001013871,0001013871-18-000011,2018-03-01,10-K,2017-12-31,<archived-record-root>/...,2018-03-01,10-K,data/train-00004-of-00020.parquet,both,True,True
0001013871,0001013871-17-000007,2017-02-28,10-K,2016-12-31,<archived-record-root>/...,2017-02-28,10-K,data/train-00010-of-00020.parquet,both,True,True
0001013871,0001013871-16-000022,2016-02-29,10-K,2015-12-31,<archived-record-root>/...,2016-02-29,10-K,data/train-00016-of-00020.parquet,both,True,True
0001013871,0001013871-15-000004,2015-02-27,10-K,2014-12-31,<archived-record-root>/...,2015-02-27,10-K,data/train-00007-of-00020.parquet,both,True,True
0001013871,0001013871-14-000003,2014-02-28,10-K,2013-12-31,<archived-record-root>/...,2014-02-28,10-K,data/train-00000-of-00020.parquet,both,True,True
0001013871,0001013871-13-000003,2013-02-27,10-K,2012-12-31,<archived-record-root>/...,2013-02-27,10-K,data/train-00000-of-00020.parquet,both,True,True
0001013871,0001445305-12-000493,2012-02-28,10-K,2011-12-31,<archived-record-root>/...,2012-02-28,10-K,data/train-00001-of-00020.parquet,both,True,True
0001013871,0001047469-11-001125,2011-02-22,10-K,2010-12-31,<archived-record-root>/...,2011-02-22,10-K,data/train-00003-of-00020.parquet,both,True,True
0001013871,0000950123-10-015824,2010-02-23,10-K,2009-12-31,<archived-record-root>/...,2010-02-23,10-K,data/train-00009-of-00020.parquet,both,True,True
0001013871,0001013871-21-000005,2021-03-01,10-K,2020-12-31,<archived-record-root>/...,2021-03-01,10-K,data/train-00018-of-00020.parquet,both,True,True
0001013871,0001013871-20-000013,2020-02-27,10-K,2019-12-31,<archived-record-root>/...,2020-02-27,10-K,data/train-00003-of-00020.parquet,both,True,True
0001013871,0001013871-19-000007,2019-02-28,10-K,2018-12-31,<archived-record-root>/...,2019-02-28,10-K,data/train-00013-of-00020.parquet,both,True,True
0001018963,0001445305-14-000663,2014-02-27,10-K,2013-12-31,<archived-record-root>/...,2014-02-27,10-K,data/train-00000-of-00020.parquet,both,True,True
0001018963,0001193125-13-084310,2013-02-28,10-K,2012-12-31,<archived-record-root>/...,2013-02-28,10-K,data/train-00000-of-00020.parquet,both,True,True
0001018963,0001193125-12-081765,2012-02-27,10-K,2011-12-31,<archived-record-root>/...,2012-02-27,10-K,data/train-00001-of-00020.parquet,both,True,True
0001018963,0000950123-11-019865,2011-02-28,10-K,2010-12-31,<archived-record-root>/...,2011-02-28,10-K,data/train-00003-of-00020.parquet,both,True,True
0001018963,0000950123-10-017084,2010-02-25,10-K,2009-12-31,<archived-record-root>/...,2010-02-25,10-K,data/train-00009-of-00020.parquet,both,True,True
0001018963,0001628280-21-003434,2021-02-26,10-K,2020-12-31,<archived-record-root>/...,2021-02-26,10-K,data/train-00018-of-00020.parquet,both,True,True
0001018963,0001018963-20-000004,2020-02-25,10-K,2019-12-31,<archived-record-root>/...,2020-02-25,10-K,data/train-00003-of-00020.parquet,both,True,True
0001018963,0001018963-19-000007,2019-02-28,10-K,2018-12-31,<archived-record-root>/...,2019-02-28,10-K,data/train-00013-of-00020.parquet,both,True,True
0001018963,0001018963-18-000004,2018-02-20,10-K,2017-12-31,<archived-record-root>/...,2018-02-20,10-K,data/train-00004-of-00020.parquet,both,True,True
0001018963,0001018963-17-000007,2017-02-24,10-K,2016-12-31,<archived-record-root>/...,2017-02-24,10-K,data/train-00010-of-00020.parquet,both,True,True
0001018963,0001018963-16-000049,2016-02-26,10-K,2015-12-31,<archived-record-root>/...,2016-02-26,10-K,data/train-00016-of-00020.parquet,both,True,True
0001018963,0001018963-15-000005,2015-02-26,10-K,2014-12-31,<archived-record-root>/...,2015-02-26,10-K,data/train-00007-of-00020.parquet,both,True,True
0001035002,0001035002-12-000008,2012-02-24,10-K,2011-12-31,<archived-record-root>/...,2012-02-24,10-K,data/train-00001-of-00020.parquet,both,True,True
0001035002,0001035002-11-000013,2011-02-25,10-K,2010-12-31,<archived-record-root>/...,2011-02-25,10-K,data/train-00003-of-00020.parquet,both,True,True
0001035002,0000950123-10-018097,2010-02-26,10-K,2009-12-31,<archived-record-root>/...,2010-02-26,10-K,data/train-00009-of-00020.parquet,both,True,True
0001035002,0001035002-21-000051,2021-02-23,10-K,2020-12-31,<archived-record-root>/...,2021-02-23,10-K,data/train-00018-of-00020.parquet,both,True,True
0001035002,0001035002-20-000007,2020-02-26,10-K,2019-12-31,<archived-record-root>/...,2020-02-26,10-K,data/train-00003-of-00020.parquet,both,True,True
0001035002,0001035002-19-000008,2019-02-28,10-K,2018-12-31,<archived-record-root>/...,2019-02-28,10-K,data/train-00013-of-00020.parquet,both,True,True
0001035002,0001035002-18-000010,2018-02-28,10-K,2017-12-31,<archived-record-root>/...,2018-02-28,10-K,data/train-00004-of-00020.parquet,both,True,True
0001035002,0001035002-17-000009,2017-02-23,10-K,2016-12-31,<archived-record-root>/...,2017-02-23,10-K,data/train-00010-of-00020.parquet,both,True,True
0001035002,0001035002-16-000069,2016-02-25,10-K,2015-12-31,<archived-record-root>/...,2016-02-25,10-K,data/train-00016-of-00020.parquet,both,True,True
0001035002,0001035002-15-000009,2015-02-26,10-K,2014-12-31,<archived-record-root>/...,2015-02-26,10-K,data/train-00007-of-00020.parquet,both,True,True
0001035002,0001035002-14-000008,2014-02-27,10-K,2013-12-31,<archived-record-root>/...,2014-02-27,10-K,data/train-00000-of-00020.parquet,both,True,True
0001035002,0001035002-13-000008,2013-02-28,10-K,2012-12-31,<archived-record-root>/...,2013-02-28,10-K,data/train-00000-of-00020.parquet,both,True,True
0001037868,0001193125-16-478197,2016-02-25,10-K,2015-12-31,<archived-record-root>/...,2016-02-25,10-K,data/train-00016-of-00020.parquet,both,True,True
0001037868,0001193125-15-059832,2015-02-24,10-K,2014-12-31,<archived-record-root>/...,2015-02-24,10-K,data/train-00007-of-00020.parquet,both,True,True
0001037868,0001193125-14-069080,2014-02-26,10-K,2013-12-31,<archived-record-root>/...,2014-02-26,10-K,data/train-00000-of-00020.parquet,both,True,True
0001037868,0001193125-13-069307,2013-02-21,10-K,2012-12-31,<archived-record-root>/...,2013-02-21,10-K,data/train-00000-of-00020.parquet,both,True,True
0001037868,0001193125-12-074885,2012-02-23,10-K,2011-12-31,<archived-record-root>/...,2012-02-23,10-K,data/train-00001-of-00020.parquet,both,True,True
0001037868,0000950123-11-017564,2011-02-24,10-K,2010-12-31,<archived-record-root>/...,2011-02-24,10-K,data/train-00003-of-00020.parquet,both,True,True
0001037868,0000950123-10-016787,2010-02-25,10-K,2009-12-31,<archived-record-root>/...,2010-02-25,10-K,data/train-00009-of-00020.parquet,both,True,True
0001037868,0001037868-21-000007,2021-02-18,10-K,2020-12-31,<archived-record-root>/...,2021-02-18,10-K,data/train-00018-of-00020.parquet,both,True,True
0001037868,0001193125-20-043133,2020-02-20,10-K,2019-12-31,<archived-record-root>/...,2020-02-20,10-K,data/train-00003-of-00020.parquet,both,True,True
0001037868,0001193125-19-046947,2019-02-21,10-K,2018-12-31,<archived-record-root>/...,2019-02-21,10-K,data/train-00013-of-00020.parquet,both,True,True
0001037868,0001193125-18-053631,2018-02-22,10-K,2017-12-31,<archived-record-root>/...,2018-02-22,10-K,data/train-00004-of-00020.parquet,both,True,True
0001037868,0001193125-17-053600,2017-02-23,10-K,2016-12-31,<archived-record-root>/...,2017-02-23,10-K,data/train-00010-of-00020.parquet,both,True,True
0001039065,0001047469-14-007228,2014-08-27,10-K,2014-06-30,<archived-record-root>/...,2014-08-27,10-K,data/train-00015-of-00020.parquet,both,True,True
0001039065,0001047469-13-008515,2013-08-16,10-K,2013-06-30,<archived-record-root>/...,2013-08-16,10-K,data/train-00004-of-00020.parquet,both,True,True
0001039065,0001047469-12-008174,2012-08-13,10-K,2012-06-30,<archived-record-root>/...,2012-08-13,10-K,data/train-00007-of-00020.parquet,both,True,True
0001039065,0001047469-11-007670,2011-08-26,10-K,2011-06-30,<archived-record-root>/...,2011-08-26,10-K,data/train-00009-of-00020.parquet,both,True,True
0001039065,0001193125-10-198574,2010-08-27,10-K,2010-06-30,<archived-record-root>/...,2010-08-27,10-K,data/train-00012-of-00020.parquet,both,True,True
0001039065,0001104659-21-108619,2021-08-23,10-K,2021-06-30,<archived-record-root>/...,2021-08-23,10-K,data/train-00016-of-00020.parquet,both,True,True
0001039065,0001104659-20-097650,2020-08-21,10-K,2020-06-30,<archived-record-root>/...,2020-08-21,10-K,data/train-00014-of-00020.parquet,both,True,True
0001039065,0001047469-19-004853,2019-08-27,10-K,2019-06-30,<archived-record-root>/...,2019-08-27,10-K,data/train-00015-of-00020.parquet,both,True,True
0001039065,0001047469-18-005819,2018-08-28,10-K,2018-06-30,<archived-record-root>/...,2018-08-28,10-K,data/train-00006-of-00020.parquet,both,True,True
0001039065,0001047469-17-005596,2017-09-07,10-K,2017-06-30,<archived-record-root>/...,2017-09-07,10-K,data/train-00011-of-00020.parquet,both,True,True
0001039065,0001047469-16-015059,2016-08-19,10-K,2016-06-30,<archived-record-root>/...,2016-08-19,10-K,data/train-00011-of-00020.parquet,both,True,True
0001039065,0001558370-15-001687,2015-08-24,10-K,2015-06-30,<archived-record-root>/...,2015-08-24,10-K,data/train-00014-of-00020.parquet,both,True,True
0001047122,0001193125-11-043015,2011-02-23,10-K,2010-12-31,<archived-record-root>/...,2011-02-23,10-K,data/train-00003-of-00020.parquet,both,True,True
0001047122,0001193125-10-038391,2010-02-24,10-K,2009-12-31,<archived-record-root>/...,2010-02-24,10-K,data/train-00009-of-00020.parquet,both,True,True
0001047122,0001047122-20-000009,2020-02-12,10-K,2019-12-31,<archived-record-root>/...,2020-02-12,10-K,data/train-00003-of-00020.parquet,both,True,True
0001047122,0001047122-19-000007,2019-02-13,10-K,2018-12-31,<archived-record-root>/...,2019-02-13,10-K,data/train-00013-of-00020.parquet,both,True,True
0001047122,0001047122-18-000022,2018-02-14,10-K,2017-12-31,<archived-record-root>/...,2018-02-14,10-K,data/train-00004-of-00020.parquet,both,True,True
0001047122,0001047122-17-000018,2017-02-15,10-K,2016-12-31,<archived-record-root>/...,2017-02-15,10-K,data/train-00010-of-00020.parquet,both,True,True
0001047122,0001047122-16-000210,2016-02-10,10-K,2015-12-31,<archived-record-root>/...,2016-02-10,10-K,data/train-00016-of-00020.parquet,both,True,True
0001047122,0001047122-15-000026,2015-02-11,10-K,2014-12-31,<archived-record-root>/...,2015-02-11,10-K,data/train-00007-of-00020.parquet,both,True,True
0001047122,0001047122-14-000013,2014-02-11,10-K,2013-12-31,<archived-record-root>/...,2014-02-11,10-K,data/train-00000-of-00020.parquet,both,True,True
0001047122,0001047122-13-000015,2013-02-13,10-K,2012-12-31,<archived-record-root>/...,2013-02-13,10-K,data/train-00000-of-00020.parquet,both,True,True
0001047122,0001047122-12-000044,2012-02-22,10-K,2011-12-31,<archived-record-root>/...,2012-02-22,10-K,data/train-00001-of-00020.parquet,both,True,True
0001048268,0000950123-10-113518,2010-12-14,10-K,2010-09-30,<archived-record-root>/...,2010-12-14,10-K,data/train-00014-of-00020.parquet,both,True,True
0001048268,0001048268-21-000162,2021-12-03,10-K,2021-09-30,<archived-record-root>/...,2021-12-03,10-K,data/train-00019-of-00020.parquet,both,True,True
0001048268,0001048268-20-000033,2020-12-07,10-K,2020-09-30,<archived-record-root>/...,2020-12-07,10-K,data/train-00009-of-00020.parquet,both,True,True
0001048268,0001048268-19-000007,2019-12-06,10-K,2019-09-30,<archived-record-root>/...,2019-12-06,10-K,data/train-00003-of-00020.parquet,both,True,True
0001048268,0001193125-18-344274,2018-12-07,10-K,2018-09-30,<archived-record-root>/...,2018-12-07,10-K,data/train-00009-of-00020.parquet,both,True,True
0001048268,0001193125-17-364439,2017-12-08,10-K,2017-09-30,<archived-record-root>/...,2017-12-08,10-K,data/train-00006-of-00020.parquet,both,True,True
0001048268,0001193125-16-789187,2016-12-09,10-K,2016-09-30,<archived-record-root>/...,2016-12-09,10-K,data/train-00005-of-00020.parquet,both,True,True
0001048268,0001193125-15-400802,2015-12-11,10-K,2015-09-30,<archived-record-root>/...,2015-12-11,10-K,data/train-00002-of-00020.parquet,both,True,True
0001048268,0001193125-14-440606,2014-12-12,10-K,2014-09-30,<archived-record-root>/...,2014-12-12,10-K,data/train-00004-of-00020.parquet,both,True,True
0001048268,0001193125-13-476228,2013-12-17,10-K,2013-09-30,<archived-record-root>/...,2013-12-17,10-K,data/train-00003-of-00020.parquet,both,True,True
0001048268,0001193125-12-503507,2012-12-14,10-K,2012-09-30,<archived-record-root>/...,2012-12-14,10-K,data/train-00000-of-00020.parquet,both,True,True
0001048268,0001193125-11-346104,2011-12-20,10-K,2011-09-30,<archived-record-root>/...,2011-12-20,10-K,data/train-00005-of-00020.parquet,both,True,True
0001067983,0001193125-16-483023,2016-02-29,10-K,2015-12-31,<archived-record-root>/...,2016-02-29,10-K,data/train-00016-of-00020.parquet,both,True,True
0001067983,0001193125-15-070966,2015-03-02,10-K,2014-12-31,<archived-record-root>/...,2015-03-02,10-K,data/train-00007-of-00020.parquet,both,True,True
0001067983,0001193125-14-078778,2014-03-03,10-K,2013-12-31,<archived-record-root>/...,2014-03-03,10-K,data/train-00000-of-00020.parquet,both,True,True
0001067983,0001193125-13-087679,2013-03-01,10-K,2012-12-31,<archived-record-root>/...,2013-03-01,10-K,data/train-00000-of-00020.parquet,both,True,True
0001067983,0001193125-12-079022,2012-02-27,10-K,2011-12-31,<archived-record-root>/...,2012-02-27,10-K,data/train-00001-of-00020.parquet,both,True,True
0001067983,0001193125-11-048914,2011-02-28,10-K,2010-12-31,<archived-record-root>/...,2011-02-28,10-K,data/train-00003-of-00020.parquet,both,True,True
0001067983,0001193125-10-043450,2010-03-01,10-K,2009-12-31,<archived-record-root>/...,2010-03-01,10-K,data/train-00009-of-00020.parquet,both,True,True
0001067983,0001564590-21-009611,2021-03-01,10-K,2020-12-31,<archived-record-root>/...,2021-03-01,10-K,data/train-00018-of-00020.parquet,both,True,True
0001067983,0001564590-20-005874,2020-02-24,10-K,2019-12-31,<archived-record-root>/...,2020-02-24,10-K,data/train-00003-of-00020.parquet,both,True,True
0001067983,0001193125-19-048926,2019-02-25,10-K,2018-12-31,<archived-record-root>/...,2019-02-25,10-K,data/train-00013-of-00020.parquet,both,True,True
0001067983,0001193125-18-057033,2018-02-26,10-K,2017-12-31,<archived-record-root>/...,2018-02-26,10-K,data/train-00004-of-00020.parquet,both,True,True
0001067983,0001193125-17-056969,2017-02-27,10-K,2016-12-31,<archived-record-root>/...,2017-02-27,10-K,data/train-00010-of-00020.parquet,both,True,True
0001069202,0001069202-16-000014,2016-02-16,10-K,2015-12-31,<archived-record-root>/...,2016-02-16,10-K,data/train-00016-of-00020.parquet,both,True,True
0001069202,0001069202-15-000003,2015-02-17,10-K,2014-12-31,<archived-record-root>/...,2015-02-17,10-K,data/train-00007-of-00020.parquet,both,True,True
0001069202,0001069202-14-000002,2014-02-13,10-K,2013-12-31,<archived-record-root>/...,2014-02-13,10-K,data/train-00000-of-00020.parquet,both,True,True
0001069202,0001069202-13-000003,2013-02-15,10-K,2012-12-31,<archived-record-root>/...,2013-02-15,10-K,data/train-00000-of-00020.parquet,both,True,True
0001069202,0001193125-12-065358,2012-02-16,10-K,2011-12-31,<archived-record-root>/...,2012-02-16,10-K,data/train-00001-of-00020.parquet,both,True,True
0001069202,0000950123-11-015556,2011-02-18,10-K,2010-12-31,<archived-record-root>/...,2011-02-18,10-K,data/train-00003-of-00020.parquet,both,True,True
0001069202,0000950123-10-014103,2010-02-18,10-K,2009-12-31,<archived-record-root>/...,2010-02-18,10-K,data/train-00009-of-00020.parquet,both,True,True
0001069202,0001069202-21-000007,2021-02-16,10-K,2020-12-31,<archived-record-root>/...,2021-02-16,10-K,data/train-00018-of-00020.parquet,both,True,True
0001069202,0001069202-20-000004,2020-02-18,10-K,2019-12-31,<archived-record-root>/...,2020-02-18,10-K,data/train-00003-of-00020.parquet,both,True,True
0001069202,0001069202-19-000008,2019-02-19,10-K,2018-12-31,<archived-record-root>/...,2019-02-19,10-K,data/train-00013-of-00020.parquet,both,True,True
0001069202,0001069202-18-000004,2018-02-16,10-K,2017-12-31,<archived-record-root>/...,2018-02-16,10-K,data/train-00004-of-00020.parquet,both,True,True
0001069202,0001069202-17-000003,2017-02-21,10-K,2016-12-31,<archived-record-root>/...,2017-02-21,10-K,data/train-00010-of-00020.parquet,both,True,True
0001069899,0001104659-21-109354,2021-08-25,10-K,2021-06-30,<archived-record-root>/...,2021-08-25,10-K,data/train-00016-of-00020.parquet,both,True,True
0001069899,0001104659-20-098687,2020-08-26,10-K,2020-06-30,<archived-record-root>/...,2020-08-26,10-K,data/train-00014-of-00020.parquet,both,True,True
0001069899,0001144204-19-041832,2019-08-27,10-K,2019-06-30,<archived-record-root>/...,2019-08-27,10-K,data/train-00015-of-00020.parquet,both,True,True
0001069899,0001144204-18-046489,2018-08-27,10-K,2018-06-30,<archived-record-root>/...,2018-08-27,10-K,data/train-00006-of-00020.parquet,both,True,True
0001069899,0001571049-17-007711,2017-08-30,10-K,2017-06-30,<archived-record-root>/...,2017-08-30,10-K,data/train-00011-of-00020.parquet,both,True,True
0001069899,0001571049-16-017853,2016-08-29,10-K,2016-06-30,<archived-record-root>/...,2016-08-29,10-K,data/train-00011-of-00020.parquet,both,True,True
0001069899,0001571049-15-007431,2015-09-10,10-K,2015-06-30,<archived-record-root>/...,2015-09-10,10-K,data/train-00014-of-00020.parquet,both,True,True
0001069899,0001571049-14-004664,2014-09-18,10-K,2014-06-30,<archived-record-root>/...,2014-09-18,10-K,data/train-00015-of-00020.parquet,both,True,True
0001090872,0001090872-15-000051,2015-12-21,10-K,2015-10-31,<archived-record-root>/...,2015-12-21,10-K,data/train-00002-of-00020.parquet,both,True,True
0001090872,0001090872-14-000045,2014-12-22,10-K,2014-10-31,<archived-record-root>/...,2014-12-22,10-K,data/train-00004-of-00020.parquet,both,True,True
0001090872,0001090872-13-000029,2013-12-19,10-K,2013-10-31,<archived-record-root>/...,2013-12-19,10-K,data/train-00003-of-00020.parquet,both,True,True
0001090872,0001090872-12-000018,2012-12-20,10-K,2012-10-31,<archived-record-root>/...,2012-12-20,10-K,data/train-00000-of-00020.parquet,both,True,True
0001090872,0001047469-11-010124,2011-12-16,10-K,2011-10-31,<archived-record-root>/...,2011-12-16,10-K,data/train-00005-of-00020.parquet,both,True,True
0001090872,0001047469-10-010499,2010-12-20,10-K,2010-10-31,<archived-record-root>/...,2010-12-20,10-K,data/train-00014-of-00020.parquet,both,True,True
0001090872,0001090872-21-000027,2021-12-17,10-K,2021-10-31,<archived-record-root>/...,2021-12-17,10-K,data/train-00019-of-00020.parquet,both,True,True
0001090872,0001090872-20-000020,2020-12-18,10-K,2020-10-31,<archived-record-root>/...,2020-12-18,10-K,data/train-00009-of-00020.parquet,both,True,True
0001090872,0001090872-19-000022,2019-12-19,10-K,2019-10-31,<archived-record-root>/...,2019-12-19,10-K,data/train-00003-of-00020.parquet,both,True,True
0001090872,0001090872-18-000019,2018-12-20,10-K,2018-10-31,<archived-record-root>/...,2018-12-20,10-K,data/train-00009-of-00020.parquet,both,True,True
0001090872,0001090872-17-000018,2017-12-21,10-K,2017-10-31,<archived-record-root>/...,2017-12-21,10-K,data/train-00006-of-00020.parquet,both,True,True
0001090872,0001090872-16-000082,2016-12-20,10-K,2016-10-31,<archived-record-root>/...,2016-12-20,10-K,data/train-00005-of-00020.parquet,both,True,True
0001094285,0001094285-14-000072,2014-02-25,10-K,2013-12-29,<archived-record-root>/...,2014-02-25,10-K,data/train-00000-of-00020.parquet,both,True,True
0001094285,0001094285-13-000064,2013-02-26,10-K,2012-12-30,<archived-record-root>/...,2013-02-26,10-K,data/train-00000-of-00020.parquet,both,True,True
0001094285,0001193125-12-089549,2012-02-29,10-K,2012-01-01,<archived-record-root>/...,2012-02-29,10-K,data/train-00001-of-00020.parquet,both,True,True
0001094285,0000950123-11-021752,2011-03-03,10-K,2011-01-02,<archived-record-root>/...,2011-03-03,10-K,data/train-00003-of-00020.parquet,both,True,True
0001094285,0000950123-10-020097,2010-03-02,10-K,2010-01-03,<archived-record-root>/...,2010-03-02,10-K,data/train-00009-of-00020.parquet,both,True,True
0001094285,0001094285-21-000066,2021-02-26,10-K,2021-01-03,<archived-record-root>/...,2021-02-26,10-K,data/train-00018-of-00020.parquet,both,True,True
0001094285,0001094285-20-000045,2020-02-24,10-K,2019-12-29,<archived-record-root>/...,2020-02-24,10-K,data/train-00003-of-00020.parquet,both,True,True
0001094285,0001094285-19-000064,2019-02-25,10-K,2018-12-30,<archived-record-root>/...,2019-02-25,10-K,data/train-00013-of-00020.parquet,both,True,True
0001094285,0001094285-18-000053,2018-02-27,10-K,2017-12-31,<archived-record-root>/...,2018-02-27,10-K,data/train-00004-of-00020.parquet,both,True,True
0001094285,0001094285-17-000031,2017-03-02,10-K,2017-01-01,<archived-record-root>/...,2017-03-02,10-K,data/train-00010-of-00020.parquet,both,True,True
0001094285,0001094285-16-000177,2016-03-01,10-K,2016-01-03,<archived-record-root>/...,2016-03-01,10-K,data/train-00016-of-00020.parquet,both,True,True
0001094285,0001094285-15-000037,2015-02-26,10-K,2014-12-28,<archived-record-root>/...,2015-02-26,10-K,data/train-00007-of-00020.parquet,both,True,True
0001101302,0001101302-17-000005,2017-02-17,10-K,2016-12-31,<archived-record-root>/...,2017-02-17,10-K,data/train-00010-of-00020.parquet,both,True,True
0001101302,0001101302-16-000012,2016-02-29,10-K,2015-12-31,<archived-record-root>/...,2016-02-29,10-K,data/train-00016-of-00020.parquet,both,True,True
0001101302,0001101302-15-000002,2015-02-26,10-K,2014-12-31,<archived-record-root>/...,2015-02-26,10-K,data/train-00007-of-00020.parquet,both,True,True
0001101302,0001101302-14-000002,2014-02-20,10-K,2013-12-31,<archived-record-root>/...,2014-02-20,10-K,data/train-00000-of-00020.parquet,both,True,True
0001101302,0001193125-13-071771,2013-02-22,10-K,2012-12-31,<archived-record-root>/...,2013-02-22,10-K,data/train-00000-of-00020.parquet,both,True,True
0001101302,0001193125-12-078423,2012-02-24,10-K,2011-12-31,<archived-record-root>/...,2012-02-24,10-K,data/train-00001-of-00020.parquet,both,True,True
0001101302,0001193125-11-045376,2011-02-24,10-K,2010-12-31,<archived-record-root>/...,2011-02-24,10-K,data/train-00003-of-00020.parquet,both,True,True
0001101302,0001193125-10-041108,2010-02-26,10-K,2009-12-31,<archived-record-root>/...,2010-02-26,10-K,data/train-00009-of-00020.parquet,both,True,True
0001101302,0001101302-21-000011,2021-02-05,10-K,2020-12-31,<archived-record-root>/...,2021-02-05,10-K,data/train-00018-of-00020.parquet,both,True,True
0001101302,0001101302-20-000013,2020-02-07,10-K,2019-12-31,<archived-record-root>/...,2020-02-07,10-K,data/train-00003-of-00020.parquet,both,True,True
0001101302,0001101302-19-000010,2019-02-11,10-K,2018-12-31,<archived-record-root>/...,2019-02-11,10-K,data/train-00013-of-00020.parquet,both,True,True
0001101302,0001101302-18-000008,2018-02-15,10-K,2017-12-31,<archived-record-root>/...,2018-02-15,10-K,data/train-00004-of-00020.parquet,both,True,True
0001116942,0001193125-17-055058,2017-02-24,10-K,2017-01-02,<archived-record-root>/...,2017-02-24,10-K,data/train-00010-of-00020.parquet,both,True,True
0001116942,0001193125-16-476374,2016-02-25,10-K,2015-12-28,<archived-record-root>/...,2016-02-25,10-K,data/train-00016-of-00020.parquet,both,True,True
0001116942,0001193125-15-069683,2015-02-27,10-K,2014-12-29,<archived-record-root>/...,2015-02-27,10-K,data/train-00007-of-00020.parquet,both,True,True
0001116942,0001193125-14-062314,2014-02-21,10-K,2013-12-30,<archived-record-root>/...,2014-02-21,10-K,data/train-00000-of-00020.parquet,both,True,True
0001116942,0001193125-13-087442,2013-03-01,10-K,2012-12-31,<archived-record-root>/...,2013-03-01,10-K,data/train-00000-of-00020.parquet,both,True,True
0001116942,0001193125-12-088549,2012-02-29,10-K,2011-12-31,<archived-record-root>/...,2012-02-29,10-K,data/train-00001-of-00020.parquet,both,True,True
0001116942,0000950123-11-025582,2011-03-15,10-K,2010-12-31,<archived-record-root>/...,2011-03-15,10-K,data/train-00003-of-00020.parquet,both,True,True
0001116942,0000950123-10-024773,2010-03-15,10-K,2009-12-31,<archived-record-root>/...,2010-03-15,10-K,data/train-00009-of-00020.parquet,both,True,True
0001116942,0001564590-21-007045,2021-02-22,10-K,2020-12-28,<archived-record-root>/...,2021-02-22,10-K,data/train-00018-of-00020.parquet,both,True,True
0001116942,0001564590-20-006477,2020-02-26,10-K,2019-12-30,<archived-record-root>/...,2020-02-26,10-K,data/train-00003-of-00020.parquet,both,True,True
0001116942,0001564590-19-004520,2019-02-26,10-K,2018-12-31,<archived-record-root>/...,2019-02-26,10-K,data/train-00013-of-00020.parquet,both,True,True
0001116942,0001193125-18-055988,2018-02-23,10-K,2018-01-01,<archived-record-root>/...,2018-02-23,10-K,data/train-00004-of-00020.parquet,both,True,True
0001133421,0001133421-17-000008,2017-01-30,10-K,2016-12-31,<archived-record-root>/...,2017-01-30,10-K,data/train-00010-of-00020.parquet,both,True,True
0001133421,0001133421-16-000065,2016-02-01,10-K,2015-12-31,<archived-record-root>/...,2016-02-01,10-K,data/train-00016-of-00020.parquet,both,True,True
0001133421,0001133421-15-000008,2015-02-02,10-K,2014-12-31,<archived-record-root>/...,2015-02-02,10-K,data/train-00008-of-00020.parquet,both,True,True
0001133421,0001133421-14-000006,2014-02-03,10-K,2013-12-31,<archived-record-root>/...,2014-02-03,10-K,data/train-00000-of-00020.parquet,both,True,True
0001133421,0001133421-13-000007,2013-02-05,10-K,2012-12-31,<archived-record-root>/...,2013-02-05,10-K,data/train-00000-of-00020.parquet,both,True,True
0001133421,0001193125-12-045323,2012-02-08,10-K,2011-12-31,<archived-record-root>/...,2012-02-08,10-K,data/train-00001-of-00020.parquet,both,True,True
0001133421,0000950123-11-010835,2011-02-09,10-K,2010-12-31,<archived-record-root>/...,2011-02-09,10-K,data/train-00003-of-00020.parquet,both,True,True
0001133421,0000950123-10-010126,2010-02-09,10-K,2009-12-31,<archived-record-root>/...,2010-02-09,10-K,data/train-00009-of-00020.parquet,both,True,True
0001133421,0001133421-21-000006,2021-01-28,10-K,2020-12-31,<archived-record-root>/...,2021-01-28,10-K,data/train-00018-of-00020.parquet,both,True,True
0001133421,0001133421-20-000006,2020-01-30,10-K,2019-12-31,<archived-record-root>/...,2020-01-30,10-K,data/train-00003-of-00020.parquet,both,True,True
0001133421,0001133421-19-000007,2019-01-31,10-K,2018-12-31,<archived-record-root>/...,2019-01-31,10-K,data/train-00013-of-00020.parquet,both,True,True
0001133421,0001133421-18-000005,2018-01-29,10-K,2017-12-31,<archived-record-root>/...,2018-01-29,10-K,data/train-00004-of-00020.parquet,both,True,True
0001137789,0001193125-18-238271,2018-08-03,10-K,2018-06-29,<archived-record-root>/...,2018-08-03,10-K,data/train-00006-of-00020.parquet,both,True,True
0001137789,0001193125-17-248796,2017-08-04,10-K,2017-06-30,<archived-record-root>/...,2017-08-04,10-K,data/train-00011-of-00020.parquet,both,True,True
0001137789,0001047469-16-014732,2016-08-05,10-K,2016-07-01,<archived-record-root>/...,2016-08-05,10-K,data/train-00011-of-00020.parquet,both,True,True
0001137789,0001047469-15-006787,2015-08-12,10-K,2015-07-03,<archived-record-root>/...,2015-08-12,10-K,data/train-00014-of-00020.parquet,both,True,True
0001137789,0001047469-14-006770,2014-08-08,10-K,2014-06-27,<archived-record-root>/...,2014-08-08,10-K,data/train-00015-of-00020.parquet,both,True,True
0001137789,0001047469-13-008213,2013-08-08,10-K,2013-06-28,<archived-record-root>/...,2013-08-08,10-K,data/train-00004-of-00020.parquet,both,True,True
0001137789,0001047469-12-007998,2012-08-09,10-K,2012-06-29,<archived-record-root>/...,2012-08-09,10-K,data/train-00007-of-00020.parquet,both,True,True
0001137789,0001047469-11-007483,2011-08-17,10-K,2011-07-01,<archived-record-root>/...,2011-08-17,10-K,data/train-00009-of-00020.parquet,both,True,True
0001137789,0001047469-10-007649,2010-08-20,10-K,2010-07-02,<archived-record-root>/...,2010-08-20,10-K,data/train-00012-of-00020.parquet,both,True,True
0001137789,0001137789-21-000049,2021-08-06,10-K,2021-07-02,<archived-record-root>/...,2021-08-06,10-K,data/train-00016-of-00020.parquet,both,True,True
0001137789,0001137789-20-000057,2020-08-07,10-K,2020-07-03,<archived-record-root>/...,2020-08-07,10-K,data/train-00014-of-00020.parquet,both,True,True
0001137789,0001193125-19-212028,2019-08-02,10-K,2019-06-28,<archived-record-root>/...,2019-08-02,10-K,data/train-00015-of-00020.parquet,both,True,True
0001162283,0001140361-21-011666,2021-04-05,10-K,2020-12-31,<archived-record-root>/...,2021-04-05,10-K,data/train-00018-of-00020.parquet,both,True,True
0001162283,0001140361-20-007734,2020-04-02,10-K,2019-12-31,<archived-record-root>/...,2020-04-02,10-K,data/train-00006-of-00020.parquet,both,True,True
0001162283,0001206774-19-000585,2019-02-26,10-K,2018-12-31,<archived-record-root>/...,2019-02-26,10-K,data/train-00013-of-00020.parquet,both,True,True
0001162283,0001206774-18-000929,2018-03-23,10-K,2017-12-31,<archived-record-root>/...,2018-03-23,10-K,data/train-00004-of-00020.parquet,both,True,True
0001162283,0001206774-17-000628,2017-03-01,10-K,2016-12-31,<archived-record-root>/...,2017-03-01,10-K,data/train-00010-of-00020.parquet,both,True,True
0001162283,0001206774-16-004539,2016-02-19,10-K,2015-12-31,<archived-record-root>/...,2016-02-19,10-K,data/train-00016-of-00020.parquet,both,True,True
0001162283,0001206774-15-000599,2015-02-23,10-K,2014-12-31,<archived-record-root>/...,2015-02-23,10-K,data/train-00008-of-00020.parquet,both,True,True
0001162283,0001206774-14-000629,2014-02-27,10-K,2013-12-31,<archived-record-root>/...,2014-02-27,10-K,data/train-00000-of-00020.parquet,both,True,True
0001162283,0001206774-13-000995,2013-03-08,10-K,2012-12-31,<archived-record-root>/...,2013-03-08,10-K,data/train-00000-of-00020.parquet,both,True,True
0001162283,0001206774-12-001216,2012-03-27,10-K,2011-12-31,<archived-record-root>/...,2012-03-27,10-K,data/train-00001-of-00020.parquet,both,True,True
0001162283,0001157523-11-001311,2011-03-02,10-K,2010-12-31,<archived-record-root>/...,2011-03-02,10-K,data/train-00003-of-00020.parquet,both,True,True
0001162283,0001157523-10-001661,2010-03-22,10-K,2009-12-31,<archived-record-root>/...,2010-03-22,10-K,data/train-00009-of-00020.parquet,both,True,True
0001163165,0001193125-18-049729,2018-02-20,10-K,2017-12-31,<archived-record-root>/...,2018-02-20,10-K,data/train-00004-of-00020.parquet,both,True,True
0001163165,0001193125-17-050077,2017-02-21,10-K,2016-12-31,<archived-record-root>/...,2017-02-21,10-K,data/train-00010-of-00020.parquet,both,True,True
0001163165,0001193125-16-472901,2016-02-23,10-K,2015-12-31,<archived-record-root>/...,2016-02-23,10-K,data/train-00016-of-00020.parquet,both,True,True
0001163165,0001193125-15-059281,2015-02-24,10-K,2014-12-31,<archived-record-root>/...,2015-02-24,10-K,data/train-00008-of-00020.parquet,both,True,True
0001163165,0001193125-14-066358,2014-02-25,10-K,2013-12-31,<archived-record-root>/...,2014-02-25,10-K,data/train-00000-of-00020.parquet,both,True,True
0001163165,0001193125-13-065426,2013-02-19,10-K,2012-12-31,<archived-record-root>/...,2013-02-19,10-K,data/train-00000-of-00020.parquet,both,True,True
0001163165,0001193125-12-070636,2012-02-21,10-K,2011-12-31,<archived-record-root>/...,2012-02-21,10-K,data/train-00001-of-00020.parquet,both,True,True
0001163165,0000950123-11-016957,2011-02-23,10-K,2010-12-31,<archived-record-root>/...,2011-02-23,10-K,data/train-00003-of-00020.parquet,both,True,True
0001163165,0000950123-10-017187,2010-02-25,10-K,2009-12-31,<archived-record-root>/...,2010-02-25,10-K,data/train-00009-of-00020.parquet,both,True,True
0001163165,0001562762-21-000027,2021-02-16,10-K,2020-12-31,<archived-record-root>/...,2021-02-16,10-K,data/train-00018-of-00020.parquet,both,True,True
0001163165,0001193125-20-039954,2020-02-18,10-K,2019-12-31,<archived-record-root>/...,2020-02-18,10-K,data/train-00003-of-00020.parquet,both,True,True
0001163165,0001193125-19-043841,2019-02-19,10-K,2018-12-31,<archived-record-root>/...,2019-02-19,10-K,data/train-00013-of-00020.parquet,both,True,True
0001164863,0001164863-17-000006,2017-02-22,10-K,2016-12-31,<archived-record-root>/...,2017-02-22,10-K,data/train-00010-of-00020.parquet,both,True,True
0001164863,0001164863-16-000040,2016-02-26,10-K,2015-12-31,<archived-record-root>/...,2016-02-26,10-K,data/train-00016-of-00020.parquet,both,True,True
0001164863,0001164863-15-000008,2015-02-25,10-K,2014-12-31,<archived-record-root>/...,2015-02-25,10-K,data/train-00008-of-00020.parquet,both,True,True
0001164863,0001164863-14-000006,2014-02-25,10-K,2013-12-31,<archived-record-root>/...,2014-02-25,10-K,data/train-00000-of-00020.parquet,both,True,True
0001164863,0001193125-13-080164,2013-02-27,10-K,2012-12-31,<archived-record-root>/...,2013-02-27,10-K,data/train-00000-of-00020.parquet,both,True,True
0001164863,0001193125-12-080901,2012-02-27,10-K,2011-12-16,<archived-record-root>/...,2012-02-27,10-K,data/train-00001-of-00020.parquet,both,True,True
0001164863,0000950123-11-025599,2011-03-15,10-K,2010-12-31,<archived-record-root>/...,2011-03-15,10-K,data/train-00003-of-00020.parquet,both,True,True
0001164863,0000950123-10-020653,2010-03-03,10-K,2009-12-31,<archived-record-root>/...,2010-03-03,10-K,data/train-00009-of-00020.parquet,both,True,True
0001164863,0001164863-21-000011,2021-03-01,10-K,2020-12-31,<archived-record-root>/...,2021-03-01,10-K,data/train-00018-of-00020.parquet,both,True,True
0001164863,0001164863-20-000012,2020-03-11,10-K,2019-12-31,<archived-record-root>/...,2020-03-11,10-K,data/train-00003-of-00020.parquet,both,True,True
0001164863,0001164863-19-000007,2019-02-25,10-K,2018-12-31,<archived-record-root>/...,2019-02-25,10-K,data/train-00013-of-00020.parquet,both,True,True
0001164863,0001164863-18-000009,2018-02-26,10-K,2017-12-31,<archived-record-root>/...,2018-02-26,10-K,data/train-00004-of-00020.parquet,both,True,True
0001185348,0001185348-13-000005,2013-02-28,10-K,2012-12-31,<archived-record-root>/...,2013-02-28,10-K,data/train-00000-of-00020.parquet,both,True,True
0001185348,0001193125-12-085257,2012-02-28,10-K,2011-12-31,<archived-record-root>/...,2012-02-28,10-K,data/train-00001-of-00020.parquet,both,True,True
0001185348,0000950123-11-018695,2011-02-25,10-K,2010-12-31,<archived-record-root>/...,2011-02-25,10-K,data/train-00003-of-00020.parquet,both,True,True
0001185348,0000950123-10-013218,2010-02-16,10-K,2009-12-31,<archived-record-root>/...,2010-02-16,10-K,data/train-00009-of-00020.parquet,both,True,True
0001185348,0001185348-21-000006,2021-02-26,10-K,2020-12-31,<archived-record-root>/...,2021-02-26,10-K,data/train-00018-of-00020.parquet,both,True,True
0001185348,0001185348-20-000004,2020-03-02,10-K,2019-12-31,<archived-record-root>/...,2020-03-02,10-K,data/train-00003-of-00020.parquet,both,True,True
0001185348,0001185348-19-000009,2019-03-12,10-K,2018-12-31,<archived-record-root>/...,2019-03-12,10-K,data/train-00013-of-00020.parquet,both,True,True
0001185348,0001185348-18-000008,2018-02-28,10-K,2017-12-31,<archived-record-root>/...,2018-02-28,10-K,data/train-00004-of-00020.parquet,both,True,True
0001185348,0001185348-17-000012,2017-03-01,10-K,2016-12-31,<archived-record-root>/...,2017-03-01,10-K,data/train-00011-of-00020.parquet,both,True,True
0001185348,0001185348-16-000067,2016-02-26,10-K,2015-12-31,<archived-record-root>/...,2016-02-26,10-K,data/train-00016-of-00020.parquet,both,True,True
0001185348,0001185348-15-000008,2015-03-02,10-K,2014-12-31,<archived-record-root>/...,2015-03-02,10-K,data/train-00008-of-00020.parquet,both,True,True
0001185348,0001185348-14-000002,2014-02-28,10-K,2013-12-31,<archived-record-root>/...,2014-02-28,10-K,data/train-00000-of-00020.parquet,both,True,True
0001260221,0001260221-17-000060,2017-11-13,10-K,2017-09-30,<archived-record-root>/...,2017-11-13,10-K,data/train-00006-of-00020.parquet,both,True,True
0001260221,0001260221-16-000107,2016-11-15,10-K,2016-09-30,<archived-record-root>/...,2016-11-15,10-K,data/train-00005-of-00020.parquet,both,True,True
0001260221,0001260221-15-000013,2015-11-13,10-K,2015-09-30,<archived-record-root>/...,2015-11-13,10-K,data/train-00002-of-00020.parquet,both,True,True
0001260221,0001193125-14-412880,2014-11-14,10-K,2014-09-30,<archived-record-root>/...,2014-11-14,10-K,data/train-00004-of-00020.parquet,both,True,True
0001260221,0001193125-13-443394,2013-11-15,10-K,2013-09-30,<archived-record-root>/...,2013-11-15,10-K,data/train-00003-of-00020.parquet,both,True,True
0001260221,0001193125-12-473908,2012-11-16,10-K,2012-09-30,<archived-record-root>/...,2012-11-16,10-K,data/train-00000-of-00020.parquet,both,True,True
0001260221,0001193125-11-316657,2011-11-18,10-K,2011-09-30,<archived-record-root>/...,2011-11-18,10-K,data/train-00005-of-00020.parquet,both,True,True
0001260221,0001193125-10-260837,2010-11-15,10-K,2010-09-30,<archived-record-root>/...,2010-11-15,10-K,data/train-00014-of-00020.parquet,both,True,True
0001260221,0001260221-21-000134,2021-11-16,10-K,2021-09-30,<archived-record-root>/...,2021-11-16,10-K,data/train-00019-of-00020.parquet,both,True,True
0001260221,0001260221-20-000099,2020-11-12,10-K,2020-09-30,<archived-record-root>/...,2020-11-12,10-K,data/train-00009-of-00020.parquet,both,True,True
0001260221,0001260221-19-000043,2019-11-19,10-K,2019-09-30,<archived-record-root>/...,2019-11-19,10-K,data/train-00003-of-00020.parquet,both,True,True
0001260221,0001260221-18-000070,2018-11-09,10-K,2018-09-30,<archived-record-root>/...,2018-11-09,10-K,data/train-00009-of-00020.parquet,both,True,True
0001262823,0001262823-14-000007,2014-02-21,10-K,2013-12-31,<archived-record-root>/...,2014-02-21,10-K,data/train-00000-of-00020.parquet,both,True,True
0001262823,0001262823-13-000007,2013-02-22,10-K,2012-12-31,<archived-record-root>/...,2013-02-22,10-K,data/train-00000-of-00020.parquet,both,True,True
0001262823,0001193125-12-075023,2012-02-23,10-K,2011-12-31,<archived-record-root>/...,2012-02-23,10-K,data/train-00001-of-00020.parquet,both,True,True
0001262823,0001193125-11-045471,2011-02-24,10-K,2010-12-31,<archived-record-root>/...,2011-02-24,10-K,data/train-00003-of-00020.parquet,both,True,True
0001262823,0001193125-10-038369,2010-02-24,10-K,2009-12-31,<archived-record-root>/...,2010-02-24,10-K,data/train-00009-of-00020.parquet,both,True,True
0001262823,0001262823-21-000023,2021-02-24,10-K,2020-12-31,<archived-record-root>/...,2021-02-24,10-K,data/train-00018-of-00020.parquet,both,True,True
0001262823,0001262823-20-000007,2020-02-19,10-K,2019-12-31,<archived-record-root>/...,2020-02-19,10-K,data/train-00003-of-00020.parquet,both,True,True
0001262823,0001262823-19-000012,2019-02-20,10-K,2018-12-31,<archived-record-root>/...,2019-02-20,10-K,data/train-00013-of-00020.parquet,both,True,True
0001262823,0001262823-18-000008,2018-02-21,10-K,2017-12-31,<archived-record-root>/...,2018-02-21,10-K,data/train-00004-of-00020.parquet,both,True,True
0001262823,0001262823-17-000008,2017-02-22,10-K,2016-12-31,<archived-record-root>/...,2017-02-22,10-K,data/train-00011-of-00020.parquet,both,True,True
0001262823,0001262823-16-000030,2016-02-24,10-K,2015-12-31,<archived-record-root>/...,2016-02-24,10-K,data/train-00016-of-00020.parquet,both,True,True
0001262823,0001262823-15-000007,2015-02-25,10-K,2014-12-31,<archived-record-root>/...,2015-02-25,10-K,data/train-00008-of-00020.parquet,both,True,True
0001289308,0001289308-19-000028,2019-05-29,10-K,2019-03-31,<archived-record-root>/...,2019-05-29,10-K,data/train-00008-of-00020.parquet,both,True,True
0001289308,0001289308-18-000017,2018-05-30,10-K,2018-03-31,<archived-record-root>/...,2018-05-30,10-K,data/train-00012-of-00020.parquet,both,True,True
0001289308,0001289308-17-000019,2017-05-30,10-K,2017-03-31,<archived-record-root>/...,2017-05-30,10-K,data/train-00001-of-00020.parquet,both,True,True
0001289308,0001289308-16-000060,2016-05-31,10-K,2016-03-31,<archived-record-root>/...,2016-05-31,10-K,data/train-00010-of-00020.parquet,both,True,True
0001289308,0001289308-15-000029,2015-05-27,10-K,2015-03-31,<archived-record-root>/...,2015-05-27,10-K,data/train-00002-of-00020.parquet,both,True,True
0001289308,0001289308-14-000019,2014-05-28,10-K,2014-03-31,<archived-record-root>/...,2014-05-28,10-K,data/train-00005-of-00020.parquet,both,True,True
0001289308,0001193125-13-237411,2013-05-28,10-K,2013-03-31,<archived-record-root>/...,2013-05-28,10-K,data/train-00008-of-00020.parquet,both,True,True
0001289308,0001193125-12-249202,2012-05-25,10-K,2012-03-31,<archived-record-root>/...,2012-05-25,10-K,data/train-00008-of-00020.parquet,both,True,True
0001289308,0001193125-11-154707,2011-05-31,10-K,2011-03-31,<archived-record-root>/...,2011-05-31,10-K,data/train-00013-of-00020.parquet,both,True,True
0001289308,0000950130-10-002518,2010-06-01,10-K,2010-03-31,<archived-record-root>/...,2010-06-01,10-K,data/train-00002-of-00020.parquet,both,True,True
0001289308,0001289308-21-000027,2021-05-26,10-K,2021-03-31,<archived-record-root>/...,2021-05-26,10-K,data/train-00018-of-00020.parquet,both,True,True
0001289308,0001289308-20-000029,2020-06-01,10-K,2020-03-31,<archived-record-root>/...,2020-06-01,10-K,data/train-00006-of-00020.parquet,both,True,True
0001307954,0001047469-14-000771,2014-02-11,10-K,2013-12-31,<archived-record-root>/...,2014-02-11,10-K,data/train-00000-of-00020.parquet,both,True,True
0001307954,0001047469-13-000888,2013-02-12,10-K,2012-12-31,<archived-record-root>/...,2013-02-12,10-K,data/train-00000-of-00020.parquet,both,True,True
0001307954,0001047469-12-001105,2012-02-16,10-K,2011-12-31,<archived-record-root>/...,2012-02-16,10-K,data/train-00001-of-00020.parquet,both,True,True
0001307954,0001047469-11-001007,2011-02-17,10-K,2010-12-31,<archived-record-root>/...,2011-02-17,10-K,data/train-00003-of-00020.parquet,both,True,True
0001307954,0001047469-10-001019,2010-02-19,10-K,2009-12-31,<archived-record-root>/...,2010-02-19,10-K,data/train-00009-of-00020.parquet,both,True,True
0001307954,0001437749-21-002772,2021-02-12,10-K,2020-12-31,<archived-record-root>/...,2021-02-12,10-K,data/train-00018-of-00020.parquet,both,True,True
0001307954,0001558370-20-000780,2020-02-13,10-K,2019-12-31,<archived-record-root>/...,2020-02-13,10-K,data/train-00003-of-00020.parquet,both,True,True
0001307954,0001558370-19-000573,2019-02-12,10-K,2018-12-31,<archived-record-root>/...,2019-02-12,10-K,data/train-00013-of-00020.parquet,both,True,True
0001307954,0001558370-18-001028,2018-02-23,10-K,2017-12-31,<archived-record-root>/...,2018-02-23,10-K,data/train-00004-of-00020.parquet,both,True,True
0001307954,0001047469-17-000682,2017-02-15,10-K,2016-12-31,<archived-record-root>/...,2017-02-15,10-K,data/train-00011-of-00020.parquet,both,True,True
0001307954,0001047469-16-010161,2016-02-16,10-K,2015-12-31,<archived-record-root>/...,2016-02-16,10-K,data/train-00016-of-00020.parquet,both,True,True
0001307954,0001047469-15-000900,2015-02-18,10-K,2014-12-31,<archived-record-root>/...,2015-02-18,10-K,data/train-00008-of-00020.parquet,both,True,True
0001318605,0001564590-18-002956,2018-02-23,10-K,2017-12-31,<archived-record-root>/...,2018-02-23,10-K,data/train-00004-of-00020.parquet,both,True,True
0001318605,0001564590-17-003118,2017-03-01,10-K,2016-12-31,<archived-record-root>/...,2017-03-01,10-K,data/train-00011-of-00020.parquet,both,True,True
0001318605,0001564590-16-013195,2016-02-24,10-K,2015-12-31,<archived-record-root>/...,2016-02-24,10-K,data/train-00016-of-00020.parquet,both,True,True
0001318605,0001564590-15-001031,2015-02-26,10-K,2014-12-31,<archived-record-root>/...,2015-02-26,10-K,data/train-00008-of-00020.parquet,both,True,True
0001318605,0001193125-14-069681,2014-02-26,10-K,2013-12-31,<archived-record-root>/...,2014-02-26,10-K,data/train-00000-of-00020.parquet,both,True,True
0001318605,0001193125-13-096241,2013-03-07,10-K,2012-12-31,<archived-record-root>/...,2013-03-07,10-K,data/train-00000-of-00020.parquet,both,True,True
0001318605,0001193125-12-081990,2012-02-27,10-K,2011-12-31,<archived-record-root>/...,2012-02-27,10-K,data/train-00001-of-00020.parquet,both,True,True
0001318605,0001193125-11-054847,2011-03-03,10-K,2010-12-31,<archived-record-root>/...,2011-03-03,10-K,data/train-00003-of-00020.parquet,both,True,True
0001318605,0001564590-21-004599,2021-02-08,10-K,2020-12-31,<archived-record-root>/...,2021-02-08,10-K,data/train-00018-of-00020.parquet,both,True,True
0001318605,0001564590-20-004475,2020-02-13,10-K,2019-12-31,<archived-record-root>/...,2020-02-13,10-K,data/train-00003-of-00020.parquet,both,True,True
0001318605,0001564590-19-003165,2019-02-19,10-K,2018-12-31,<archived-record-root>/...,2019-02-19,10-K,data/train-00013-of-00020.parquet,both,True,True
0001326160,0001326160-19-000057,2019-02-28,10-K,2018-12-31,<archived-record-root>/...,2019-02-28,10-K,data/train-00013-of-00020.parquet,both,True,True
0001326160,0001326160-18-000034,2018-02-21,10-K,2017-12-31,<archived-record-root>/...,2018-02-21,10-K,data/train-00004-of-00020.parquet,both,True,True
0001326160,0001326160-17-000016,2017-02-24,10-K,2016-12-31,<archived-record-root>/...,2017-02-24,10-K,data/train-00011-of-00020.parquet,both,True,True
0001326160,0001326160-16-000221,2016-02-25,10-K,2015-12-31,<archived-record-root>/...,2016-02-25,10-K,data/train-00016-of-00020.parquet,both,True,True
0001326160,0001326160-15-000008,2015-03-02,10-K,2014-12-31,<archived-record-root>/...,2015-03-02,10-K,data/train-00008-of-00020.parquet,both,True,True
0001326160,0001326160-14-000003,2014-02-28,10-K,2013-12-31,<archived-record-root>/...,2014-02-28,10-K,data/train-00000-of-00020.parquet,both,True,True
0001326160,0001326160-13-000009,2013-03-01,10-K,2012-12-31,<archived-record-root>/...,2013-03-01,10-K,data/train-00000-of-00020.parquet,both,True,True
0001326160,0001193125-12-085533,2012-02-28,10-K,2011-12-31,<archived-record-root>/...,2012-02-28,10-K,data/train-00001-of-00020.parquet,both,True,True
0001326160,0001193125-11-047229,2011-02-25,10-K,2010-12-31,<archived-record-root>/...,2011-02-25,10-K,data/train-00003-of-00020.parquet,both,True,True
0001326160,0001193125-10-043083,2010-02-26,10-K,2009-12-31,<archived-record-root>/...,2010-02-26,10-K,data/train-00009-of-00020.parquet,both,True,True
0001326160,0001326160-21-000063,2021-02-25,10-K,2020-12-31,<archived-record-root>/...,2021-02-25,10-K,data/train-00018-of-00020.parquet,both,True,True
0001326160,0001326160-20-000034,2020-02-20,10-K,2019-12-31,<archived-record-root>/...,2020-02-20,10-K,data/train-00003-of-00020.parquet,both,True,True
0001342916,0001144204-11-008626,2011-02-14,10-K,2010-10-31,<archived-record-root>/...,2011-02-14,10-K,data/train-00003-of-00020.parquet,both,True,True
0001342916,0001144204-10-014733,2010-03-22,10-K,2009-10-31,<archived-record-root>/...,2010-03-22,10-K,data/train-00009-of-00020.parquet,both,True,True
0001370946,0001370946-20-000015,2020-02-19,10-K,2019-12-31,<archived-record-root>/...,2020-02-19,10-K,data/train-00003-of-00020.parquet,both,True,True
0001370946,0001370946-19-000012,2019-02-20,10-K,2018-12-31,<archived-record-root>/...,2019-02-20,10-K,data/train-00013-of-00020.parquet,both,True,True
0001370946,0001370946-18-000010,2018-02-21,10-K,2017-12-31,<archived-record-root>/...,2018-02-21,10-K,data/train-00004-of-00020.parquet,both,True,True
0001370946,0001370946-17-000006,2017-02-08,10-K,2016-12-31,<archived-record-root>/...,2017-02-08,10-K,data/train-00011-of-00020.parquet,both,True,True
0001370946,0001370946-16-000272,2016-02-10,10-K,2015-12-31,<archived-record-root>/...,2016-02-10,10-K,data/train-00016-of-00020.parquet,both,True,True
0001370946,0001370946-15-000061,2015-02-11,10-K,2014-12-31,<archived-record-root>/...,2015-02-11,10-K,data/train-00008-of-00020.parquet,both,True,True
0001370946,0001193125-14-046910,2014-02-12,10-K,2013-12-31,<archived-record-root>/...,2014-02-12,10-K,data/train-00000-of-00020.parquet,both,True,True
0001370946,0001193125-13-066200,2013-02-20,10-K,2012-12-31,<archived-record-root>/...,2013-02-20,10-K,data/train-00000-of-00020.parquet,both,True,True
0001370946,0001193125-12-062185,2012-02-15,10-K,2011-12-31,<archived-record-root>/...,2012-02-15,10-K,data/train-00001-of-00020.parquet,both,True,True
0001370946,0001193125-11-037296,2011-02-16,10-K,2010-12-31,<archived-record-root>/...,2011-02-16,10-K,data/train-00003-of-00020.parquet,both,True,True
0001370946,0001193125-10-032821,2010-02-17,10-K,2009-12-31,<archived-record-root>/...,2010-02-17,10-K,data/train-00009-of-00020.parquet,both,True,True
0001370946,0001370946-21-000011,2021-02-17,10-K,2020-12-31,<archived-record-root>/...,2021-02-17,10-K,data/train-00018-of-00020.parquet,both,True,True
0001396009,0001396009-15-000005,2015-02-27,10-K,2014-12-31,<archived-record-root>/...,2015-02-27,10-K,data/train-00008-of-00020.parquet,both,True,True
0001396009,0001396009-14-000006,2014-02-26,10-K,2013-12-31,<archived-record-root>/...,2014-02-26,10-K,data/train-00000-of-00020.parquet,both,True,True
0001396009,0001193125-13-084128,2013-02-28,10-K,2012-12-31,<archived-record-root>/...,2013-02-28,10-K,data/train-00000-of-00020.parquet,both,True,True
0001396009,0001193125-12-089430,2012-02-29,10-K,2011-12-31,<archived-record-root>/...,2012-02-29,10-K,data/train-00001-of-00020.parquet,both,True,True
0001396009,0000950123-11-019699,2011-02-28,10-K,2010-12-31,<archived-record-root>/...,2011-02-28,10-K,data/train-00003-of-00020.parquet,both,True,True
0001396009,0000950123-10-018400,2010-02-26,10-K,2009-12-31,<archived-record-root>/...,2010-02-26,10-K,data/train-00009-of-00020.parquet,both,True,True
0001396009,0001396009-21-000009,2021-02-25,10-K,2020-12-31,<archived-record-root>/...,2021-02-25,10-K,data/train-00018-of-00020.parquet,both,True,True
0001396009,0001396009-20-000006,2020-02-26,10-K,2019-12-31,<archived-record-root>/...,2020-02-26,10-K,data/train-00003-of-00020.parquet,both,True,True
0001396009,0001396009-19-000021,2019-02-26,10-K,2018-12-31,<archived-record-root>/...,2019-02-26,10-K,data/train-00013-of-00020.parquet,both,True,True
0001396009,0001396009-18-000011,2018-02-27,10-K,2017-12-31,<archived-record-root>/...,2018-02-27,10-K,data/train-00004-of-00020.parquet,both,True,True
0001396009,0001396009-17-000005,2017-02-24,10-K,2016-12-31,<archived-record-root>/...,2017-02-24,10-K,data/train-00011-of-00020.parquet,both,True,True
0001396009,0001396009-16-000044,2016-02-25,10-K,2015-12-31,<archived-record-root>/...,2016-02-25,10-K,data/train-00016-of-00020.parquet,both,True,True
0001408075,0001408075-12-000010,2012-02-23,10-K,2011-12-31,<archived-record-root>/...,2012-02-23,10-K,data/train-00001-of-00020.parquet,both,True,True
0001408075,0000950123-11-023166,2011-03-08,10-K,2010-12-31,<archived-record-root>/...,2011-03-08,10-K,data/train-00003-of-00020.parquet,both,True,True
0001408075,0000950123-10-015760,2010-02-23,10-K,2009-12-31,<archived-record-root>/...,2010-02-23,10-K,data/train-00009-of-00020.parquet,both,True,True
0001408075,0001408075-21-000012,2021-02-16,10-K,2020-12-31,<archived-record-root>/...,2021-02-16,10-K,data/train-00018-of-00020.parquet,both,True,True
0001408075,0001408075-20-000009,2020-02-11,10-K,2019-12-31,<archived-record-root>/...,2020-02-11,10-K,data/train-00003-of-00020.parquet,both,True,True
0001408075,0001408075-19-000007,2019-02-13,10-K,2018-12-31,<archived-record-root>/...,2019-02-13,10-K,data/train-00013-of-00020.parquet,both,True,True
0001408075,0001408075-18-000009,2018-02-07,10-K,2017-12-31,<archived-record-root>/...,2018-02-07,10-K,data/train-00004-of-00020.parquet,both,True,True
0001408075,0001408075-17-000011,2017-02-08,10-K,2016-12-31,<archived-record-root>/...,2017-02-08,10-K,data/train-00011-of-00020.parquet,both,True,True
0001408075,0001408075-16-000053,2016-02-12,10-K,2015-12-31,<archived-record-root>/...,2016-02-12,10-K,data/train-00016-of-00020.parquet,both,True,True
0001408075,0001408075-15-000007,2015-02-05,10-K,2014-12-31,<archived-record-root>/...,2015-02-05,10-K,data/train-00008-of-00020.parquet,both,True,True
0001408075,0001408075-14-000006,2014-02-06,10-K,2013-12-31,<archived-record-root>/...,2014-02-06,10-K,data/train-00000-of-00020.parquet,both,True,True
0001408075,0001408075-13-000011,2013-02-07,10-K,2012-12-31,<archived-record-root>/...,2013-02-07,10-K,data/train-00000-of-00020.parquet,both,True,True
0001414382,0001477932-21-007667,2021-10-29,10-K,2021-07-31,<archived-record-root>/...,2021-10-29,10-K,data/train-00019-of-00020.parquet,both,True,True
0001414382,0001477932-20-006149,2020-10-29,10-K,2020-07-31,<archived-record-root>/...,2020-10-29,10-K,data/train-00009-of-00020.parquet,both,True,True
0001414382,0001165527-19-000175,2019-10-29,10-K,2019-07-31,<archived-record-root>/...,2019-10-29,10-K,data/train-00003-of-00020.parquet,both,True,True
0001414382,0001165527-18-000207,2018-10-29,10-K,2018-07-31,<archived-record-root>/...,2018-10-29,10-K,data/train-00009-of-00020.parquet,both,True,True
0001414382,0001165527-17-000220,2017-11-09,10-K,2017-07-31,<archived-record-root>/...,2017-11-09,10-K,data/train-00006-of-00020.parquet,both,True,True
0001414382,0001165527-16-000904,2016-10-26,10-K,2016-07-31,<archived-record-root>/...,2016-10-26,10-K,data/train-00005-of-00020.parquet,both,True,True
0001414382,0001165527-15-000509,2015-10-26,10-K,2015-07-31,<archived-record-root>/...,2015-10-26,10-K,data/train-00002-of-00020.parquet,both,True,True
0001414382,0001165527-14-000615,2014-10-24,10-K,2014-07-31,<archived-record-root>/...,2014-10-24,10-K,data/train-00004-of-00020.parquet,both,True,True
0001414382,0001165527-13-000900,2013-10-28,10-K,2013-07-31,<archived-record-root>/...,2013-10-28,10-K,data/train-00003-of-00020.parquet,both,True,True
0001414382,0001165527-12-001127,2012-10-29,10-K,2012-07-31,<archived-record-root>/...,2012-10-29,10-K,data/train-00000-of-00020.parquet,both,True,True
0001414382,0001165527-11-000993,2011-10-25,10-K,2011-07-31,<archived-record-root>/...,2011-10-25,10-K,data/train-00005-of-00020.parquet,both,True,True
0001414382,0001165527-10-000693,2010-09-23,10-K,2010-07-31,<archived-record-root>/...,2010-09-23,10-K,data/train-00012-of-00020.parquet,both,True,True
0001477294,0001445305-12-000259,2012-02-10,10-K,2011-12-31,<archived-record-root>/...,2012-02-10,10-K,data/train-00001-of-00020.parquet,both,True,True
0001477294,0001193125-11-019091,2011-01-31,10-K,2010-12-31,<archived-record-root>/...,2011-01-31,10-K,data/train-00003-of-00020.parquet,both,True,True
0001477294,0001477294-21-000031,2021-02-12,10-K,2020-12-31,<archived-record-root>/...,2021-02-12,10-K,data/train-00018-of-00020.parquet,both,True,True
0001477294,0001477294-20-000009,2020-02-11,10-K,2019-12-31,<archived-record-root>/...,2020-02-11,10-K,data/train-00003-of-00020.parquet,both,True,True
0001477294,0001477294-19-000011,2019-02-06,10-K,2018-12-31,<archived-record-root>/...,2019-02-06,10-K,data/train-00013-of-00020.parquet,both,True,True
0001477294,0001477294-18-000023,2018-02-01,10-K,2017-12-31,<archived-record-root>/...,2018-02-01,10-K,data/train-00004-of-00020.parquet,both,True,True
0001477294,0001477294-17-000010,2017-02-02,10-K,2016-12-31,<archived-record-root>/...,2017-02-02,10-K,data/train-00011-of-00020.parquet,both,True,True
0001477294,0001477294-16-000154,2016-02-02,10-K,2015-12-31,<archived-record-root>/...,2016-02-02,10-K,data/train-00016-of-00020.parquet,both,True,True
0001477294,0001477294-15-000019,2015-02-03,10-K,2014-12-31,<archived-record-root>/...,2015-02-03,10-K,data/train-00008-of-00020.parquet,both,True,True
0001477294,0001477294-14-000010,2014-02-06,10-K,2013-12-31,<archived-record-root>/...,2014-02-06,10-K,data/train-00000-of-00020.parquet,both,True,True
0001477294,0001477294-13-000012,2013-02-08,10-K,2012-12-31,<archived-record-root>/...,2013-02-08,10-K,data/train-00000-of-00020.parquet,both,True,True
0001481582,0001564590-21-008111,2021-02-24,10-K,2020-12-31,<archived-record-root>/...,2021-02-24,10-K,data/train-00018-of-00020.parquet,both,True,True
0001481582,0001564590-20-008692,2020-03-04,10-K,2019-12-31,<archived-record-root>/...,2020-03-04,10-K,data/train-00003-of-00020.parquet,both,True,True
0001481582,0001564590-19-006287,2019-03-05,10-K,2018-12-31,<archived-record-root>/...,2019-03-05,10-K,data/train-00013-of-00020.parquet,both,True,True
0001481582,0001564590-18-004385,2018-03-05,10-K,2017-12-31,<archived-record-root>/...,2018-03-05,10-K,data/train-00004-of-00020.parquet,both,True,True
0001481582,0001564590-17-004120,2017-03-13,10-K,2016-12-31,<archived-record-root>/...,2017-03-13,10-K,data/train-00011-of-00020.parquet,both,True,True
0001481582,0001564590-16-014318,2016-03-09,10-K,2015-12-31,<archived-record-root>/...,2016-03-09,10-K,data/train-00016-of-00020.parquet,both,True,True
0001481582,0001193125-15-094069,2015-03-16,10-K,2014-12-31,<archived-record-root>/...,2015-03-16,10-K,data/train-00008-of-00020.parquet,both,True,True
0001481582,0001193125-12-107289,2012-03-09,10-K,2011-12-31,<archived-record-root>/...,2012-03-09,10-K,data/train-00001-of-00020.parquet,both,True,True
0001481582,0001193125-11-067235,2011-03-15,10-K,2010-12-31,<archived-record-root>/...,2011-03-15,10-K,data/train-00003-of-00020.parquet,both,True,True
0001481792,0001047469-11-002552,2011-03-24,10-K,2010-12-31,<archived-record-root>/...,2011-03-24,10-K,data/train-00003-of-00020.parquet,both,True,True
0001481792,0001481792-21-000008,2021-02-24,10-K,2020-12-31,<archived-record-root>/...,2021-02-24,10-K,data/train-00018-of-00020.parquet,both,True,True
0001481792,0001481792-20-000005,2020-02-19,10-K,2019-12-31,<archived-record-root>/...,2020-02-19,10-K,data/train-00003-of-00020.parquet,both,True,True
0001481792,0001481792-19-000006,2019-02-20,10-K,2018-12-31,<archived-record-root>/...,2019-02-20,10-K,data/train-00013-of-00020.parquet,both,True,True
0001481792,0001481792-18-000004,2018-02-21,10-K,2017-12-31,<archived-record-root>/...,2018-02-21,10-K,data/train-00004-of-00020.parquet,both,True,True
0001481792,0001481792-17-000006,2017-02-22,10-K,2016-12-31,<archived-record-root>/...,2017-02-22,10-K,data/train-00011-of-00020.parquet,both,True,True
0001481792,0001481792-16-000076,2016-02-23,10-K,2015-12-31,<archived-record-root>/...,2016-02-23,10-K,data/train-00016-of-00020.parquet,both,True,True
0001481792,0001481792-15-000022,2015-03-02,10-K,2014-12-31,<archived-record-root>/...,2015-03-02,10-K,data/train-00008-of-00020.parquet,both,True,True
0001481792,0001481792-14-000008,2014-02-27,10-K,2013-12-31,<archived-record-root>/...,2014-02-27,10-K,data/train-00000-of-00020.parquet,both,True,True
0001481792,0001481792-13-000010,2013-03-08,10-K,2012-12-31,<archived-record-root>/...,2013-03-08,10-K,data/train-00000-of-00020.parquet,both,True,True
0001481792,0001481792-12-000005,2012-02-29,10-K,2011-12-31,<archived-record-root>/...,2012-02-29,10-K,data/train-00001-of-00020.parquet,both,True,True
0001486957,0001193125-16-475979,2016-02-24,10-K,2015-12-31,<archived-record-root>/...,2016-02-24,10-K,data/train-00016-of-00020.parquet,both,True,True
0001486957,0001193125-15-062809,2015-02-25,10-K,2014-12-31,<archived-record-root>/...,2015-02-25,10-K,data/train-00008-of-00020.parquet,both,True,True
0001486957,0001193125-14-069982,2014-02-26,10-K,2013-12-31,<archived-record-root>/...,2014-02-26,10-K,data/train-00000-of-00020.parquet,both,True,True
0001486957,0001193125-13-080935,2013-02-28,10-K,2012-12-31,<archived-record-root>/...,2013-02-28,10-K,data/train-00000-of-00020.parquet,both,True,True
0001486957,0001193125-12-089188,2012-02-29,10-K,2011-12-31,<archived-record-root>/...,2012-02-29,10-K,data/train-00001-of-00020.parquet,both,True,True
0001486957,0001193125-11-052117,2011-03-01,10-K,2010-12-31,<archived-record-root>/...,2011-03-01,10-K,data/train-00003-of-00020.parquet,both,True,True
0001486957,0001486957-21-000006,2021-02-22,10-K,2020-12-31,<archived-record-root>/...,2021-02-22,10-K,data/train-00018-of-00020.parquet,both,True,True
0001486957,0001486957-20-000006,2020-02-24,10-K,2019-12-31,<archived-record-root>/...,2020-02-24,10-K,data/train-00003-of-00020.parquet,both,True,True
0001486957,0001486957-19-000005,2019-02-25,10-K,2018-12-31,<archived-record-root>/...,2019-02-25,10-K,data/train-00013-of-00020.parquet,both,True,True
0001486957,0001486957-18-000007,2018-02-27,10-K,2017-12-31,<archived-record-root>/...,2018-02-27,10-K,data/train-00004-of-00020.parquet,both,True,True
0001486957,0001486957-17-000007,2017-02-27,10-K,2016-12-31,<archived-record-root>/...,2017-02-27,10-K,data/train-00011-of-00020.parquet,both,True,True
0001510295,0001510295-17-000017,2017-02-24,10-K,2016-12-31,<archived-record-root>/...,2017-02-24,10-K,data/train-00011-of-00020.parquet,both,True,True
0001510295,0001510295-16-000078,2016-02-26,10-K,2015-12-31,<archived-record-root>/...,2016-02-26,10-K,data/train-00016-of-00020.parquet,both,True,True
0001510295,0001510295-15-000007,2015-02-27,10-K,2014-12-31,<archived-record-root>/...,2015-02-27,10-K,data/train-00008-of-00020.parquet,both,True,True
0001510295,0001510295-14-000004,2014-02-28,10-K,2013-12-31,<archived-record-root>/...,2014-02-28,10-K,data/train-00000-of-00020.parquet,both,True,True
0001510295,0001193125-13-084698,2013-02-28,10-K,2012-12-31,<archived-record-root>/...,2013-02-28,10-K,data/train-00000-of-00020.parquet,both,True,True
0001510295,0001193125-12-088690,2012-02-29,10-K,2011-12-31,<archived-record-root>/...,2012-02-29,10-K,data/train-00001-of-00020.parquet,both,True,True
0001510295,0001510295-21-000027,2021-02-26,10-K,2020-12-31,<archived-record-root>/...,2021-02-26,10-K,data/train-00018-of-00020.parquet,both,True,True
0001510295,0001510295-20-000006,2020-02-28,10-K,2019-12-31,<archived-record-root>/...,2020-02-28,10-K,data/train-00003-of-00020.parquet,both,True,True
0001510295,0001510295-19-000014,2019-02-28,10-K,2018-12-31,<archived-record-root>/...,2019-02-28,10-K,data/train-00013-of-00020.parquet,both,True,True
0001510295,0001510295-18-000024,2018-02-28,10-K,2017-12-31,<archived-record-root>/...,2018-02-28,10-K,data/train-00004-of-00020.parquet,both,True,True
0001515156,0001515156-21-000010,2021-03-10,10-K,2020-12-31,<archived-record-root>/...,2021-03-10,10-K,data/train-00018-of-00020.parquet,both,True,True
0001515156,0001515156-20-000018,2020-03-16,10-K,2019-12-31,<archived-record-root>/...,2020-03-16,10-K,data/train-00003-of-00020.parquet,both,True,True
0001515156,0001515156-19-000024,2019-03-18,10-K,2018-12-31,<archived-record-root>/...,2019-03-18,10-K,data/train-00013-of-00020.parquet,both,True,True
0001515156,0001515156-18-000024,2018-03-12,10-K,2017-12-31,<archived-record-root>/...,2018-03-12,10-K,data/train-00004-of-00020.parquet,both,True,True
0001515156,0001515156-17-000017,2017-03-13,10-K,2016-12-31,<archived-record-root>/...,2017-03-13,10-K,data/train-00011-of-00020.parquet,both,True,True
0001515156,0001515156-16-000095,2016-04-19,10-K,2015-12-31,<archived-record-root>/...,2016-04-19,10-K,data/train-00010-of-00020.parquet,both,True,True
0001515156,0001515156-16-000064,2016-02-29,10-K,2014-12-31,<archived-record-root>/...,2016-02-29,10-K,data/train-00016-of-00020.parquet,both,True,True
0001519751,0001193125-14-069698,2014-02-26,10-K,2013-12-31,<archived-record-root>/...,2014-02-26,10-K,data/train-00000-of-00020.parquet,both,True,True
0001519751,0001193125-13-079983,2013-02-27,10-K,2012-12-31,<archived-record-root>/...,2013-02-27,10-K,data/train-00000-of-00020.parquet,both,True,True
0001519751,0001193125-12-072886,2012-02-22,10-K,2011-12-31,<archived-record-root>/...,2012-02-22,10-K,data/train-00001-of-00020.parquet,both,True,True
0001519751,0001564590-21-008129,2021-02-24,10-K,2020-12-31,<archived-record-root>/...,2021-02-24,10-K,data/train-00018-of-00020.parquet,both,True,True
0001519751,0001564590-20-006812,2020-02-26,10-K,2019-12-31,<archived-record-root>/...,2020-02-26,10-K,data/train-00003-of-00020.parquet,both,True,True
0001519751,0001193125-19-049951,2019-02-25,10-K,2018-12-31,<archived-record-root>/...,2019-02-25,10-K,data/train-00013-of-00020.parquet,both,True,True
0001519751,0001193125-18-063999,2018-02-28,10-K,2017-12-31,<archived-record-root>/...,2018-02-28,10-K,data/train-00004-of-00020.parquet,both,True,True
0001519751,0001193125-17-062357,2017-02-28,10-K,2016-12-31,<archived-record-root>/...,2017-02-28,10-K,data/train-00011-of-00020.parquet,both,True,True
0001519751,0001193125-16-478315,2016-02-25,10-K,2015-12-31,<archived-record-root>/...,2016-02-25,10-K,data/train-00016-of-00020.parquet,both,True,True
0001519751,0001193125-15-062500,2015-02-25,10-K,2014-12-31,<archived-record-root>/...,2015-02-25,10-K,data/train-00008-of-00020.parquet,both,True,True
0001528849,0001558370-21-003728,2021-03-30,10-K,2021-01-30,<archived-record-root>/...,2021-03-30,10-K,data/train-00018-of-00020.parquet,both,True,True
0001528849,0001558370-20-003383,2020-03-30,10-K,2020-02-01,<archived-record-root>/...,2020-03-30,10-K,data/train-00003-of-00020.parquet,both,True,True
0001528849,0001564590-19-010132,2019-03-29,10-K,2019-02-02,<archived-record-root>/...,2019-03-29,10-K,data/train-00013-of-00020.parquet,both,True,True
0001528849,0001564590-18-007158,2018-03-29,10-K,2018-02-03,<archived-record-root>/...,2018-03-29,10-K,data/train-00004-of-00020.parquet,both,True,True
0001528849,0001564590-17-005503,2017-03-29,10-K,2017-01-28,<archived-record-root>/...,2017-03-29,10-K,data/train-00011-of-00020.parquet,both,True,True
0001528849,0001564590-16-015660,2016-03-30,10-K,2016-01-30,<archived-record-root>/...,2016-03-30,10-K,data/train-00016-of-00020.parquet,both,True,True
0001528849,0001193125-15-109678,2015-03-27,10-K,2015-01-31,<archived-record-root>/...,2015-03-27,10-K,data/train-00008-of-00020.parquet,both,True,True
0001528849,0001193125-14-122028,2014-03-31,10-K,2014-02-01,<archived-record-root>/...,2014-03-31,10-K,data/train-00000-of-00020.parquet,both,True,True
0001528849,0001193125-13-178723,2013-04-29,10-K,2013-02-02,<archived-record-root>/...,2013-04-29,10-K,data/train-00008-of-00020.parquet,both,True,True
0001547903,0001547903-21-000055,2021-02-24,10-K,2020-12-31,<archived-record-root>/...,2021-02-24,10-K,data/train-00018-of-00020.parquet,both,True,True
0001547903,0001547903-20-000018,2020-02-14,10-K,2019-12-31,<archived-record-root>/...,2020-02-14,10-K,data/train-00003-of-00020.parquet,both,True,True
0001547903,0001547903-19-000017,2019-02-14,10-K,2018-12-31,<archived-record-root>/...,2019-02-14,10-K,data/train-00013-of-00020.parquet,both,True,True
0001547903,0001547903-18-000038,2018-02-16,10-K,2017-12-31,<archived-record-root>/...,2018-02-16,10-K,data/train-00004-of-00020.parquet,both,True,True
0001547903,0001547903-17-000032,2017-02-17,10-K,2016-12-31,<archived-record-root>/...,2017-02-17,10-K,data/train-00011-of-00020.parquet,both,True,True
0001547903,0001547903-16-000203,2016-02-19,10-K,2015-12-31,<archived-record-root>/...,2016-02-19,10-K,data/train-00016-of-00020.parquet,both,True,True
0001547903,0001547903-15-000032,2015-02-20,10-K,2014-12-31,<archived-record-root>/...,2015-02-20,10-K,data/train-00008-of-00020.parquet,both,True,True
0001547903,0001547903-14-000029,2014-03-12,10-K,2013-12-31,<archived-record-root>/...,2014-03-12,10-K,data/train-00000-of-00020.parquet,both,True,True
0001551182,0001551182-17-000014,2017-02-22,10-K,2016-12-31,<archived-record-root>/...,2017-02-22,10-K,data/train-00011-of-00020.parquet,both,True,True
0001551182,0001551182-16-000041,2016-02-24,10-K,2015-12-31,<archived-record-root>/...,2016-02-24,10-K,data/train-00016-of-00020.parquet,both,True,True
0001551182,0001551182-15-000007,2015-02-26,10-K,2014-12-31,<archived-record-root>/...,2015-02-26,10-K,data/train-00008-of-00020.parquet,both,True,True
0001551182,0001551182-14-000011,2014-02-26,10-K,2013-12-31,<archived-record-root>/...,2014-02-26,10-K,data/train-00000-of-00020.parquet,both,True,True
0001551182,0001551182-13-000005,2013-02-28,10-K,2012-12-31,<archived-record-root>/...,2013-02-28,10-K,data/train-00000-of-00020.parquet,both,True,True
0001551182,0001551182-21-000022,2021-02-24,10-K,2020-12-31,<archived-record-root>/...,2021-02-24,10-K,data/train-00018-of-00020.parquet,both,True,True
0001551182,0001551182-20-000050,2020-02-26,10-K,2019-12-31,<archived-record-root>/...,2020-02-26,10-K,data/train-00003-of-00020.parquet,both,True,True
0001551182,0001551182-19-000045,2019-02-27,10-K,2018-12-31,<archived-record-root>/...,2019-02-27,10-K,data/train-00013-of-00020.parquet,both,True,True
0001551182,0001551182-18-000074,2018-02-28,10-K,2017-12-31,<archived-record-root>/...,2018-02-28,10-K,data/train-00004-of-00020.parquet,both,True,True
0001621832,0001437749-21-004116,2021-02-25,10-K,2020-12-31,<archived-record-root>/...,2021-02-25,10-K,data/train-00018-of-00020.parquet,both,True,True
0001621832,0001621832-20-000036,2020-03-11,10-K,2019-12-31,<archived-record-root>/...,2020-03-11,10-K,data/train-00003-of-00020.parquet,both,True,True
0001621832,0001621832-19-000009,2019-02-28,10-K,2018-12-31,<archived-record-root>/...,2019-02-28,10-K,data/train-00013-of-00020.parquet,both,True,True
0001621832,0001615774-18-001909,2018-03-15,10-K,2017-12-31,<archived-record-root>/...,2018-03-15,10-K,data/train-00004-of-00020.parquet,both,True,True
0001621832,0001615774-17-000866,2017-03-02,10-K,2016-12-31,<archived-record-root>/...,2017-03-02,10-K,data/train-00011-of-00020.parquet,both,True,True
0001621832,0001615774-16-004637,2016-03-28,10-K,2015-12-31,<archived-record-root>/...,2016-03-28,10-K,data/train-00016-of-00020.parquet,both,True,True
0001652044,0001652044-21-000010,2021-02-03,10-K,2020-12-31,<archived-record-root>/...,2021-02-03,10-K,data/train-00018-of-00020.parquet,both,True,True
0001652044,0001652044-20-000008,2020-02-04,10-K,2019-12-31,<archived-record-root>/...,2020-02-04,10-K,data/train-00003-of-00020.parquet,both,True,True
0001652044,0001652044-19-000004,2019-02-05,10-K,2018-12-31,<archived-record-root>/...,2019-02-05,10-K,data/train-00013-of-00020.parquet,both,True,True
0001652044,0001652044-18-000007,2018-02-06,10-K,2017-12-31,<archived-record-root>/...,2018-02-06,10-K,data/train-00004-of-00020.parquet,both,True,True
0001652044,0001652044-17-000008,2017-02-03,10-K,2016-12-31,<archived-record-root>/...,2017-02-03,10-K,data/train-00011-of-00020.parquet,both,True,True
0001652044,0001652044-16-000012,2016-02-11,10-K,2015-12-31,<archived-record-root>/...,2016-02-11,10-K,data/train-00016-of-00020.parquet,both,True,True
0001664703,0001664703-21-000017,2021-02-26,10-K,2020-12-31,<archived-record-root>/...,2021-02-26,10-K,data/train-00018-of-00020.parquet,both,True,True
0001664703,0001664703-20-000013,2020-03-31,10-K,2019-12-31,<archived-record-root>/...,2020-03-31,10-K,data/train-00003-of-00020.parquet,both,True,True
0001664703,0001664703-19-000008,2019-03-22,10-K,2018-12-31,<archived-record-root>/...,2019-03-22,10-K,data/train-00013-of-00020.parquet,both,True,True
0001665918,0001665918-21-000008,2021-02-16,10-K,2021-01-02,<archived-record-root>/...,2021-02-16,10-K,data/train-00018-of-00020.parquet,both,True,True
0001665918,0001665918-20-000012,2020-02-13,10-K,2019-12-28,<archived-record-root>/...,2020-02-13,10-K,data/train-00003-of-00020.parquet,both,True,True
0001665918,0001665918-19-000012,2019-02-14,10-K,2018-12-29,<archived-record-root>/...,2019-02-14,10-K,data/train-00013-of-00020.parquet,both,True,True
0001665918,0001564590-18-003495,2018-02-27,10-K,2017-12-30,<archived-record-root>/...,2018-02-27,10-K,data/train-00004-of-00020.parquet,both,True,True
0001665918,0001564590-17-002622,2017-02-28,10-K,2016-12-31,<archived-record-root>/...,2017-02-28,10-K,data/train-00011-of-00020.parquet,both,True,True
0001674862,0000950170-21-004843,2021-11-22,10-K,2021-09-30,<archived-record-root>/...,2021-11-22,10-K,data/train-00019-of-00020.parquet,both,True,True
0001674862,0001564590-20-054890,2020-11-23,10-K,2020-09-30,<archived-record-root>/...,2020-11-23,10-K,data/train-00009-of-00020.parquet,both,True,True
0001674862,0001564590-19-044315,2019-11-25,10-K,2019-09-30,<archived-record-root>/...,2019-11-25,10-K,data/train-00004-of-00020.parquet,both,True,True
0001674862,0001564590-18-029786,2018-11-19,10-K,2018-09-30,<archived-record-root>/...,2018-11-19,10-K,data/train-00009-of-00020.parquet,both,True,True
0001674862,0001674862-17-000090,2017-11-20,10-K,2017-09-30,<archived-record-root>/...,2017-11-20,10-K,data/train-00006-of-00020.parquet,both,True,True
0001674862,0001674862-16-000008,2016-11-21,10-K,2016-09-30,<archived-record-root>/...,2016-11-21,10-K,data/train-00005-of-00020.parquet,both,True,True
0001675149,0001564590-21-008854,2021-02-25,10-K,2020-12-31,<archived-record-root>/...,2021-02-25,10-K,data/train-00018-of-00020.parquet,both,True,True
0001675149,0001564590-20-005759,2020-02-21,10-K,2019-12-31,<archived-record-root>/...,2020-02-21,10-K,data/train-00003-of-00020.parquet,both,True,True
0001675149,0001564590-19-004171,2019-02-26,10-K,2018-12-31,<archived-record-root>/...,2019-02-26,10-K,data/train-00013-of-00020.parquet,both,True,True
0001675149,0001193125-18-056314,2018-02-26,10-K,2017-12-31,<archived-record-root>/...,2018-02-26,10-K,data/train-00004-of-00020.parquet,both,True,True
0001675149,0001193125-17-083862,2017-03-15,10-K,2016-12-31,<archived-record-root>/...,2017-03-15,10-K,data/train-00011-of-00020.parquet,both,True,True
0001681206,0001174947-21-000255,2021-03-10,10-K,2020-12-31,<archived-record-root>/...,2021-03-10,10-K,data/train-00018-of-00020.parquet,both,True,True
0001681206,0001174947-20-000354,2020-03-11,10-K,2019-12-31,<archived-record-root>/...,2020-03-11,10-K,data/train-00003-of-00020.parquet,both,True,True
0001681206,0001174947-19-000367,2019-03-13,10-K,2018-12-31,<archived-record-root>/...,2019-03-13,10-K,data/train-00013-of-00020.parquet,both,True,True
0001681206,0001174947-18-000312,2018-03-07,10-K,2017-12-31,<archived-record-root>/...,2018-03-07,10-K,data/train-00004-of-00020.parquet,both,True,True
0001681206,0001174947-17-000571,2017-04-07,10-K,2016-12-31,<archived-record-root>/...,2017-04-07,10-K,data/train-00001-of-00020.parquet,both,True,True
0001699150,0001628280-21-003454,2021-02-26,10-K,2020-12-31,<archived-record-root>/...,2021-02-26,10-K,data/train-00018-of-00020.parquet,both,True,True
0001699150,0001140361-20-004146,2020-02-26,10-K,2019-12-31,<archived-record-root>/...,2020-02-26,10-K,data/train-00003-of-00020.parquet,both,True,True
0001699150,0001140361-19-004014,2019-02-27,10-K,2018-12-31,<archived-record-root>/...,2019-02-27,10-K,data/train-00013-of-00020.parquet,both,True,True
0001699150,0001140361-18-008833,2018-02-16,10-K,2017-12-31,<archived-record-root>/...,2018-02-16,10-K,data/train-00004-of-00020.parquet,both,True,True
0001701605,0001701605-21-000026,2021-02-25,10-K,2020-12-31,<archived-record-root>/...,2021-02-25,10-K,data/train-00018-of-00020.parquet,both,True,True
0001701605,0001701605-20-000019,2020-02-13,10-K,2019-12-31,<archived-record-root>/...,2020-02-13,10-K,data/train-00003-of-00020.parquet,both,True,True
0001701605,0001701605-19-000021,2019-02-19,10-K,2018-12-31,<archived-record-root>/...,2019-02-19,10-K,data/train-00013-of-00020.parquet,both,True,True
0001701605,0001701605-18-000029,2018-02-23,10-K,2017-12-31,<archived-record-root>/...,2018-02-23,10-K,data/train-00004-of-00020.parquet,both,True,True
0001707925,0001628280-21-003574,2021-03-01,10-K,2020-12-31,<archived-record-root>/...,2021-03-01,10-K,data/train-00018-of-00020.parquet,both,True,True
0001707925,0001707925-20-000015,2020-03-02,10-K,2019-12-31,<archived-record-root>/...,2020-03-02,10-K,data/train-00003-of-00020.parquet,both,True,True
0001707925,0001628280-19-003050,2019-03-18,10-K,2018-12-31,<archived-record-root>/...,2019-03-18,10-K,data/train-00013-of-00020.parquet,both,True,True
0001707925,0001707925-18-000004,2018-03-23,10-K,2017-12-31,<archived-record-root>/...,2018-03-23,10-K,data/train-00004-of-00020.parquet,both,True,True
0001751788,0001751788-21-000010,2021-02-05,10-K,2020-12-31,<archived-record-root>/...,2021-02-05,10-K,data/train-00018-of-00020.parquet,both,True,True
0001751788,0001751788-20-000007,2020-02-07,10-K,2019-12-31,<archived-record-root>/...,2020-02-07,10-K,data/train-00003-of-00020.parquet,both,True,True
0001757898,0001757898-21-000017,2021-05-28,10-K,2021-03-31,<archived-record-root>/...,2021-05-28,10-K,data/train-00018-of-00020.parquet,both,True,True
0001757898,0001757898-20-000012,2020-05-29,10-K,2020-03-31,<archived-record-root>/...,2020-05-29,10-K,data/train-00006-of-00020.parquet,both,True,True
0001757898,0001757898-19-000005,2019-05-30,10-K,2019-03-31,<archived-record-root>/...,2019-05-30,10-K,data/train-00008-of-00020.parquet,both,True,True
0001758766,0001104659-21-031725,2021-03-04,10-K,2020-12-31,<archived-record-root>/...,2021-03-04,10-K,data/train-00018-of-00020.parquet,both,True,True
0001823652,0001193125-21-101862,2021-03-31,10-K,2020-12-31,<archived-record-root>/...,2021-03-31,10-K,data/train-00018-of-00020.parquet,both,True,True
0001826681,0001213900-21-019236,2021-03-31,10-K,2020-12-31,<archived-record-root>/...,2021-03-31,10-K,data/train-00018-of-00020.parquet,both,True,True
