year,quarter,form_type,rows
1994,1,10-12B,1
1994,1,10-12B/A,1
1994,1,10-C,27
1994,1,10-K,1322
1994,1,10-K/A,94
1994,1,10-K405,4
1994,1,10-Q,519
1994,1,10-Q/A,59
1994,1,10KSB,1
1994,1,11-K,87
1994,1,13F-E,48
1994,1,13F-HR,1
1994,1,13FCONP,2
1994,1,13FCONP/A,1
1994,1,15-12B,3
1994,1,15-12G,17
1994,1,15-15D,7
1994,1,24F-2NT,2126
1994,1,24F-2NT/A,5
1994,1,24F-2TM,2
1994,1,35-CERT,108
1994,1,35-CERT/A,2
1994,1,424A,10
1994,1,424B1,52
1994,1,424B2,309
1994,1,424B3,877
1994,1,424B4,32
1994,1,424B5,160
1994,1,485A24E,3
1994,1,485APOS,80
1994,1,485B24E,80
1994,1,485BPOS,1015
1994,1,486APOS,19
1994,1,487,80
1994,1,497,933
1994,1,497J,199
1994,1,8-A12B,67
1994,1,8-A12B/A,30
1994,1,8-A12G,4
1994,1,8-A12G/A,4
1994,1,8-B12B,1
1994,1,8-B12B/A,1
1994,1,8-K,955
1994,1,8-K/A,86
1994,1,ARS,28
1994,1,AW,24
1994,1,DEF 14A,819
1994,1,DEF 14C,7
1994,1,DEFA14A,103
1994,1,DEFC14A,21
1994,1,DEFC14C,2
1994,1,DEFM14A,8
1994,1,DEFM14C,1
1994,1,DEFR14A,2
1994,1,DEFS14A,31
1994,1,DEL AM,2
1994,1,N-14/A,1
1994,1,N-18F1,6
1994,1,N-1A,4
1994,1,N-1A EL,8
1994,1,N-1A EL/A,11
1994,1,N-1A/A,1
1994,1,N-2,7
1994,1,N-2/A,14
1994,1,N-30B-2,98
1994,1,N-30D,295
1994,1,N-30D/A,3
1994,1,N-4 EL,1
1994,1,N-8A,12
1994,1,N-8A/A,1
1994,1,N-8B-2/A,2
1994,1,N14EL24,2
1994,1,N14EL24/A,3
1994,1,NSAR-A,250
1994,1,NSAR-A/A,25
1994,1,NSAR-AT,7
1994,1,NSAR-B,633
1994,1,NSAR-B/A,41
1994,1,NSAR-BT,6
1994,1,NSAR-U,1
1994,1,NT 10-K,17
1994,1,NT 10-Q,10
1994,1,NT 10-Q/A,1
1994,1,NT 15D2,1
1994,1,NT-NSAR/A,3
1994,1,NTN 10K,1
1994,1,NTN 10Q,2
1994,1,POS AM,40
1994,1,POS AMC,37
1994,1,POS AMI,18
1994,1,PRE 14A,215
1994,1,PRE 14C,2
1994,1,PRE13E3,1
1994,1,PRE13E3/A,3
1994,1,PREA14A,6
1994,1,PREC14A,14
1994,1,PREM14A,3
1994,1,PRER14A,30
1994,1,PRES14A,29
1994,1,PX14A6G,1
1994,1,RW,11
1994,1,S-1,13
1994,1,S-1/A,27
1994,1,S-11,1
1994,1,S-11/A,1
1994,1,S-2,5
1994,1,S-2/A,83
1994,1,S-3,173
1994,1,S-3/A,165
1994,1,S-3D,4
1994,1,S-3D/A,2
1994,1,S-3DPOS,10
1994,1,S-4,48
1994,1,S-4 POS,6
1994,1,S-4/A,86
1994,1,S-4EF,1
1994,1,S-6,15
1994,1,S-6/A,1
1994,1,S-6EL24,64
1994,1,S-6EL24/A,5
1994,1,S-8,194
1994,1,S-8 POS,27
1994,1,S-8/A,8
1994,1,SC 13D,132
1994,1,SC 13D/A,350
1994,1,SC 13E3,6
1994,1,SC 13E3/A,10
1994,1,SC 13E4,8
1994,1,SC 13E4/A,10
1994,1,SC 13G,2522
1994,1,SC 13G/A,4152
1994,1,SC 14D1,14
1994,1,SC 14D1/A,128
1994,1,SC 14D9,3
1994,1,SC 14D9/A,54
1994,1,SC 14F1/A,1
1994,1,T-3,5
1994,1,T-3/A,3
1994,1,U-1,29
1994,1,U-1/A,57
1994,1,U-12-IB,29
1994,1,U-3A-2,49
1994,1,U-3A-2/A,3
1994,1,U-3A3-1,1
1994,1,U-6B-2,14
1994,1,U5S,1
1994,2,10-12B,1
1994,2,10-12G,1
1994,2,10-12G/A,4
1994,2,10-C,22
1994,2,10-C/A,1
1994,2,10-K,213
1994,2,10-K/A,306
1994,2,10-K405,1
1994,2,10-KT,1
1994,2,10-Q,2006
1994,2,10-Q/A,93
1994,2,10-QT,1
1994,2,10-QT/A,1
1994,2,10QSB,4
1994,2,11-K,575
1994,2,11-K/A,25
1994,2,11-KT,4
1994,2,13F-E,49
1994,2,13F-E/A,2
1994,2,13F-HR,1
1994,2,13FCONP,1
1994,2,15-12B,1
1994,2,15-12G,13
1994,2,15-15D,8
1994,2,24F-2NT,396
1994,2,24F-2NT/A,1
1994,2,24F-2TM,1
1994,2,35-CERT,98
1994,2,35-CERT/A,1
1994,2,424A,4
1994,2,424B1,21
1994,2,424B2,292
1994,2,424B3,936
1994,2,424B4,28
1994,2,424B5,119
1994,2,485A24E,2
1994,2,485APOS,103
1994,2,485B24E,93
1994,2,485BPOS,1299
1994,2,486APOS,2
1994,2,486BPOS,28
1994,2,487,94
1994,2,497,2831
1994,2,497J,401
1994,2,8-A12B,67
1994,2,8-A12B/A,25
1994,2,8-A12G,6
1994,2,8-A12G/A,6
1994,2,8-B12B,6
1994,2,8-B12B/A,1
1994,2,8-K,805
1994,2,8-K/A,82
1994,2,ARS,5
1994,2,AW,7
1994,2,DEF 14A,631
1994,2,DEF 14C,8
1994,2,DEF13E3/A,3
1994,2,DEFA14A,317
1994,2,DEFA14C,1
1994,2,DEFC14A,85
1994,2,DEFC14C,4
1994,2,DEFM14A,6
1994,2,DEFR14A,3
1994,2,DEFS14A,27
1994,2,N-1A,5
1994,2,N-1A EL,10
1994,2,N-1A EL/A,18
1994,2,N-1A/A,3
1994,2,N-2,2
1994,2,N-2/A,8
1994,2,N-30B-2,91
1994,2,N-30D,323
1994,2,N-4/A,1
1994,2,N-8A,14
1994,2,N-8A/A,2
1994,2,N-8B-2/A,2
1994,2,N14AE24,3
1994,2,N14EL24,3
1994,2,N14EL24/A,10
1994,2,NSAR-A,597
1994,2,NSAR-A/A,28
1994,2,NSAR-AT,10
1994,2,NSAR-AT/A,1
1994,2,NSAR-B,240
1994,2,NSAR-B/A,37
1994,2,NSAR-BT,3
1994,2,NT 10-K,19
1994,2,NT 10-Q,17
1994,2,NT 11-K,1
1994,2,NT 11-K/A,1
1994,2,NTN 10Q,4
1994,2,NTN 11K,17
1994,2,POS AM,43
1994,2,POS AMC,27
1994,2,POS AMI,14
1994,2,PRE 14A,182
1994,2,PRE 14C,2
1994,2,PRE13E3/A,5
1994,2,PREA14A,3
1994,2,PREC14A,14
1994,2,PREC14C,2
1994,2,PREM14A,5
1994,2,PREM14C,1
1994,2,PRER14A,20
1994,2,PRER14C,1
1994,2,PRES14A,12
1994,2,RW,9
1994,2,S-1,15
1994,2,S-1/A,23
1994,2,S-11,6
1994,2,S-11/A,6
1994,2,S-2,17
1994,2,S-2/A,29
1994,2,S-3,161
1994,2,S-3/A,197
1994,2,S-3D,13
1994,2,S-3D/A,1
1994,2,S-3DPOS,13
1994,2,S-4,65
1994,2,S-4 POS,12
1994,2,S-4/A,69
1994,2,S-4EF,1
1994,2,S-6,22
1994,2,S-6EL24,75
1994,2,S-6EL24/A,12
1994,2,S-8,287
1994,2,S-8 POS,34
1994,2,S-8/A,6
1994,2,SC 13D,169
1994,2,SC 13D/A,395
1994,2,SC 13E3,6
1994,2,SC 13E3/A,7
1994,2,SC 13E4,8
1994,2,SC 13E4/A,5
1994,2,SC 13G,199
1994,2,SC 13G/A,387
1994,2,SC 14D1,8
1994,2,SC 14D1/A,82
1994,2,SC 14D9,3
1994,2,SC 14D9/A,24
1994,2,T-3,1
1994,2,T-3/A,2
1994,2,U-1,10
1994,2,U-1/A,80
1994,2,U-13-60,20
1994,2,U-3A-2,2
1994,2,U-3A-2/A,17
1994,2,U-6B-2,11
1994,2,U5S,9
1994,2,U5S/A,2
1994,3,10-C,18
1994,3,10-K,176
1994,3,10-K/A,96
1994,3,10-K405,1
1994,3,10-K405/A,2
1994,3,10-Q,2040
1994,3,10-Q/A,92
1994,3,10-QT,1
1994,3,10QSB,5
1994,3,11-K,78
1994,3,11-K/A,11
1994,3,13F-E,49
1994,3,13F-E/A,1
1994,3,13F-HR,1
1994,3,13FCONP,1
1994,3,13FCONP/A,2
1994,3,15-12B,1
1994,3,15-12G,18
1994,3,15-12G/A,1
1994,3,15-15D,10
1994,3,24F-2NT,432
1994,3,24F-2NT/A,1
1994,3,24F-2TM,5
1994,3,35-CERT,109
1994,3,35-CERT/A,1
1994,3,424A,5
1994,3,424B1,23
1994,3,424B2,272
1994,3,424B3,784
1994,3,424B4,10
1994,3,424B5,132
1994,3,485APOS,104
1994,3,485B24E,57
1994,3,485B24F,1
1994,3,485BPOS,1184
1994,3,487,90
1994,3,497,1025
1994,3,497J,384
1994,3,8-A12B,50
1994,3,8-A12B/A,20
1994,3,8-A12G,14
1994,3,8-A12G/A,5
1994,3,8-B12B,3
1994,3,8-B12G,1
1994,3,8-K,880
1994,3,8-K/A,102
1994,3,ARS,3
1994,3,AW,9
1994,3,DEF 14A,285
1994,3,DEF 14C,4
1994,3,DEF13E3/A,1
1994,3,DEFA14A,47
1994,3,DEFA14C,1
1994,3,DEFC14A,32
1994,3,DEFM14A,8
1994,3,DEFR14A,2
1994,3,DEFS14A,10
1994,3,N-14,1
1994,3,N-18F1,13
1994,3,N-1A,2
1994,3,N-1A EL,5
1994,3,N-1A EL/A,9
1994,3,N-1A/A,2
1994,3,N-2,6
1994,3,N-2/A,5
1994,3,N-23C-1,5
1994,3,N-30B-2,87
1994,3,N-30D,307
1994,3,N-30D/A,13
1994,3,N-8A,11
1994,3,N-8A/A,3
1994,3,N-8B-2/A,1
1994,3,N14AE24,1
1994,3,N14EL24,4
1994,3,N14EL24/A,5
1994,3,NSAR-A,700
1994,3,NSAR-A/A,37
1994,3,NSAR-AT,6
1994,3,NSAR-B,277
1994,3,NSAR-B/A,53
1994,3,NSAR-BT,20
1994,3,NSAR-BT/A,1
1994,3,NT 10-K,11
1994,3,NT 10-K/A,1
1994,3,NT 10-Q,19
1994,3,NT 10-Q/A,1
1994,3,POS AM,41
1994,3,POS AMC,35
1994,3,POS AMI,3
1994,3,PRE 14A,124
1994,3,PRE13E3,1
1994,3,PRE13E3/A,2
1994,3,PREA14A,1
1994,3,PREC14A,10
1994,3,PREC14C,2
1994,3,PREM14A,2
1994,3,PRER14A,8
1994,3,PRES14A,14
1994,3,RW,8
1994,3,S-1,7
1994,3,S-1/A,33
1994,3,S-2,4
1994,3,S-2/A,34
1994,3,S-3,228
1994,3,S-3/A,128
1994,3,S-3D,11
1994,3,S-3D/A,2
1994,3,S-3DPOS,7
1994,3,S-4,58
1994,3,S-4 POS,6
1994,3,S-4/A,45
1994,3,S-6,18
1994,3,S-6/A,1
1994,3,S-6EL24,82
1994,3,S-6EL24/A,8
1994,3,S-8,258
1994,3,S-8 POS,34
1994,3,S-8/A,3
1994,3,SC 13D,133
1994,3,SC 13D/A,432
1994,3,SC 13E3,3
1994,3,SC 13E3/A,25
1994,3,SC 13E4,12
1994,3,SC 13E4/A,17
1994,3,SC 13G,210
1994,3,SC 13G/A,528
1994,3,SC 14D1,12
1994,3,SC 14D1/A,80
1994,3,SC 14D9,6
1994,3,SC 14D9/A,17
1994,3,U-1,15
1994,3,U-1/A,42
1994,3,U-12-IB,1
1994,3,U-3A-2/A,1
1994,3,U-57,1
1994,3,U-6B-2,6
1994,3,U5S/A,1
1994,4,10-12B,2
1994,4,10-12G,1
1994,4,10-C,15
1994,4,10-C/A,1
1994,4,10-K,201
1994,4,10-K/A,120
1994,4,10-K405,5
1994,4,10-K405/A,3
1994,4,10-Q,2063
1994,4,10-Q/A,314
1994,4,10-QT,1
1994,4,10QSB,6
1994,4,10QSB/A,1
1994,4,11-K,71
1994,4,11-K/A,1
1994,4,13F-E,47
1994,4,13F-E/A,2
1994,4,13F-HR,1
1994,4,13FCONP,1
1994,4,13FCONP/A,1
1994,4,15-12B,3
1994,4,15-12G,16
1994,4,15-15D,7
1994,4,24F-2NT,920
1994,4,24F-2NT/A,3
1994,4,24F-2TM,44
1994,4,35-CERT,107
1994,4,35-CERT/A,1
1994,4,424A,2
1994,4,424B1,25
1994,4,424B2,331
1994,4,424B3,776
1994,4,424B4,110
1994,4,424B5,157
1994,4,485A24E,1
1994,4,485APOS,106
1994,4,485B24E,81
1994,4,485B24F,1
1994,4,485BPOS,1098
1994,4,486A24E,1
1994,4,487,82
1994,4,497,1496
1994,4,497J,518
1994,4,8-A12B,39
1994,4,8-A12B/A,35
1994,4,8-A12G,5
1994,4,8-A12G/A,13
1994,4,8-B12B,1
1994,4,8-B12G,1
1994,4,8-K,983
1994,4,8-K/A,105
1994,4,ARS,4
1994,4,DEF 14A,190
1994,4,DEF 14C,2
1994,4,DEF13E3,1
1994,4,DEF13E3/A,2
1994,4,DEFA14A,157
1994,4,DEFC14A,21
1994,4,DEFM14A,7
1994,4,DEFR14A,3
1994,4,DEFS14A,11
1994,4,DFAN14A,20
1994,4,F-4,1
1994,4,N-14,1
1994,4,N-14/A,1
1994,4,N-18F1,2
1994,4,N-1A,1
1994,4,N-1A EL,12
1994,4,N-1A EL/A,16
1994,4,N-1A/A,2
1994,4,N-2,1
1994,4,N-2/A,5
1994,4,N-23C-1,10
1994,4,N-30B-2,52
1994,4,N-30D,315
1994,4,N-30D/A,5
1994,4,N-8A,14
1994,4,N-8A/A,1
1994,4,N14AE24,2
1994,4,NSAR-A,285
1994,4,NSAR-A/A,23
1994,4,NSAR-AT,1
1994,4,NSAR-B,623
1994,4,NSAR-B/A,40
1994,4,NSAR-BT,22
1994,4,NSAR-BT/A,2
1994,4,NT 10-K,4
1994,4,NT 10-Q,22
1994,4,NT 10-Q/A,1
1994,4,NT-NSAR,4
1994,4,NTFNSAR,2
1994,4,NTN 10K,1
1994,4,NTN 10Q,2
1994,4,NTN 11K,1
1994,4,POS AM,39
1994,4,POS AMC,45
1994,4,POS AMI,9
1994,4,PRE 14A,39
1994,4,PRE13E3/A,1
1994,4,PREC14A,11
1994,4,PREM14A,4
1994,4,PREN14A,2
1994,4,PRER14A,17
1994,4,PRES14A,9
1994,4,PRRN14A,14
1994,4,RW,5
1994,4,S-1,6
1994,4,S-1/A,13
1994,4,S-11/A,2
1994,4,S-2,6
1994,4,S-2/A,8
1994,4,S-3,163
1994,4,S-3/A,545
1994,4,S-3D,13
1994,4,S-3DPOS,6
1994,4,S-4,98
1994,4,S-4 POS,6
1994,4,S-4/A,71
1994,4,S-6,24
1994,4,S-6/A,1
1994,4,S-6EL24,91
1994,4,S-6EL24/A,11
1994,4,S-8,251
1994,4,S-8 POS,36
1994,4,SC 13D,179
1994,4,SC 13D/A,510
1994,4,SC 13E3,4
1994,4,SC 13E3/A,11
1994,4,SC 13E4,10
1994,4,SC 13E4/A,24
1994,4,SC 13G,214
1994,4,SC 13G/A,333
1994,4,SC 14D1,34
1994,4,SC 14D1/A,166
1994,4,SC 14D9,16
1994,4,SC 14D9/A,56
1994,4,SC 14F1,3
1994,4,T-3,7
1994,4,T-3/A,5
1994,4,U-1,23
1994,4,U-1/A,47
1994,4,U-3A-2,1
1994,4,U-3A-2/A,1
1994,4,U-57,1
1994,4,U-6B-2,8
1995,1,10-12B,1
1995,1,10-12B/A,1
1995,1,10-12G,2
1995,1,10-C,33
1995,1,10-C/A,1
1995,1,10-K,1318
1995,1,10-K/A,175
1995,1,10-K405,653
1995,1,10-K405/A,18
1995,1,10-KT,1
1995,1,10-Q,804
1995,1,10-Q/A,315
1995,1,10-QT,1
1995,1,10KSB,11
1995,1,10KSB/A,1
1995,1,10KSB40,4
1995,1,10KT405,3
1995,1,10QSB,10
1995,1,10QSB/A,7
1995,1,11-K,76
1995,1,11-K/A,2
1995,1,13F-E,51
1995,1,13F-HR,1
1995,1,13FCONP,1
1995,1,13FCONP/A,2
1995,1,15-12B,3
1995,1,15-12G,33
1995,1,15-12G/A,3
1995,1,15-15D,50
1995,1,15-15D/A,1
1995,1,24F-2NT,2264
1995,1,24F-2NT/A,3
1995,1,24F-2TM,52
1995,1,305B2,1
1995,1,35-CERT,134
1995,1,35-CERT/A,1
1995,1,424A,3
1995,1,424B1,25
1995,1,424B2,346
1995,1,424B3,1341
1995,1,424B4,15
1995,1,424B5,175
1995,1,485A24E,3
1995,1,485APOS,189
1995,1,485B24E,129
1995,1,485BPOS,1004
1995,1,487,116
1995,1,497,2452
1995,1,497J,325
1995,1,8-A12B,59
1995,1,8-A12B/A,20
1995,1,8-A12G,14
1995,1,8-A12G/A,6
1995,1,8-B12B,3
1995,1,8-B12B/A,2
1995,1,8-B12G,1
1995,1,8-B12G/A,1
1995,1,8-K,1182
1995,1,8-K/A,146
1995,1,8A12BEF,5
1995,1,8A12BT,1
1995,1,8A12BT/A,1
1995,1,ARS,22
1995,1,AW,22
1995,1,DEF 14A,1264
1995,1,DEF 14C,12
1995,1,DEF13E3/A,2
1995,1,DEFA14A,130
1995,1,DEFA14C,3
1995,1,DEFC14A,7
1995,1,DEFM14A,7
1995,1,DEFM14C,1
1995,1,DEFN14A,4
1995,1,DEFR14A,32
1995,1,DEFS14A,30
1995,1,DEL AM,2
1995,1,DFAN14A,22
1995,1,G-405,1
1995,1,N-14/A,2
1995,1,N-18F1,8
1995,1,N-18F1/A,1
1995,1,N-1A,3
1995,1,N-1A EL,6
1995,1,N-1A EL/A,10
1995,1,N-1A/A,8
1995,1,N-2,3
1995,1,N-2/A,6
1995,1,N-23C-1,11
1995,1,N-30B-2,103
1995,1,N-30D,731
1995,1,N-30D/A,7
1995,1,N-4 EL,2
1995,1,N-4 EL/A,2
1995,1,N-8A,13
1995,1,N-8A/A,3
1995,1,N-8B-2,3
1995,1,N-8B-2/A,1
1995,1,N14AE24,11
1995,1,N14AE24/A,1
1995,1,N14EL24,8
1995,1,N14EL24/A,2
1995,1,NSAR-A,387
1995,1,NSAR-A/A,31
1995,1,NSAR-AT,4
1995,1,NSAR-B,976
1995,1,NSAR-B/A,59
1995,1,NSAR-BT,8
1995,1,NSAR-BT/A,1
1995,1,NSAR-U,9
1995,1,NT 10-K,45
1995,1,NT 10-Q,13
1995,1,NT 10-Q/A,1
1995,1,POS AM,46
1995,1,POS AMC,34
1995,1,POS AMI,32
1995,1,PRE 14A,252
1995,1,PRE 14C,1
1995,1,PRE13E3,5
1995,1,PRE13E3/A,2
1995,1,PREC14A,13
1995,1,PREM14A,6
1995,1,PREM14C,3
1995,1,PREN14A,8
1995,1,PRER14A,32
1995,1,PRER14C,1
1995,1,PRES14A,16
1995,1,PRES14C,1
1995,1,PRRN14A,18
1995,1,RW,11
1995,1,S-1,19
1995,1,S-1/A,14
1995,1,S-2,12
1995,1,S-2/A,23
1995,1,S-3,143
1995,1,S-3/A,129
1995,1,S-3D,5
1995,1,S-3DPOS,10
1995,1,S-4,73
1995,1,S-4 POS,6
1995,1,S-4/A,131
1995,1,S-6,24
1995,1,S-6EL24,87
1995,1,S-6EL24/A,22
1995,1,S-8,221
1995,1,S-8 POS,47
1995,1,SC 13D,229
1995,1,SC 13D/A,788
1995,1,SC 13E3,9
1995,1,SC 13E3/A,58
1995,1,SC 13E4,15
1995,1,SC 13E4/A,45
1995,1,SC 13G,3877
1995,1,SC 13G/A,7258
1995,1,SC 14D1,26
1995,1,SC 14D1/A,180
1995,1,SC 14D9,14
1995,1,SC 14D9/A,48
1995,1,SC 14F1,1
1995,1,T-3,2
1995,1,T-3/A,3
1995,1,U-1,28
1995,1,U-1/A,74
1995,1,U-12-IB,34
1995,1,U-13-60,1
1995,1,U-3A-2,71
1995,1,U-3A-2/A,3
1995,1,U-3A3-1,1
1995,1,U-57,3
1995,1,U-6B-2,16
1995,1,U-7D,1
1995,1,U5B,1
1995,1,U5S,1
1995,2,10-12B,1
1995,2,10-12B/A,1
1995,2,10-12G/A,2
1995,2,10-C,105
1995,2,10-C/A,4
1995,2,10-K,253
1995,2,10-K/A,413
1995,2,10-K405,124
1995,2,10-K405/A,105
1995,2,10-KT,4
1995,2,10-KT/A,1
1995,2,10-Q,4143
1995,2,10-Q/A,413
1995,2,10-QT,2
1995,2,10KSB,6
1995,2,10KSB/A,11
1995,2,10KSB40,2
1995,2,10KSB40/A,1
1995,2,10KT405/A,2
1995,2,10QSB,231
1995,2,10QSB/A,26
1995,2,11-K,427
1995,2,11-K/A,15
1995,2,11-KT,1
1995,2,13F-E,55
1995,2,13F-E/A,1
1995,2,13F-HR,1
1995,2,13FCONP/A,3
1995,2,15-12B,3
1995,2,15-12G,29
1995,2,15-15D,25
1995,2,24F-2NT,445
1995,2,24F-2NT/A,11
1995,2,24F-2TM,58
1995,2,305B2,2
1995,2,35-CERT,120
1995,2,35-CERT/A,6
1995,2,424A,17
1995,2,424B1,63
1995,2,424B2,448
1995,2,424B3,1176
1995,2,424B4,34
1995,2,424B5,257
1995,2,485A24E,6
1995,2,485A24F,2
1995,2,485APOS,138
1995,2,485B24E,107
1995,2,485B24F,3
1995,2,485BPOS,1722
1995,2,486BPOS,11
1995,2,487,79
1995,2,497,2162
1995,2,497J,612
1995,2,8-A12B,81
1995,2,8-A12B/A,36
1995,2,8-A12G,25
1995,2,8-A12G/A,19
1995,2,8-B12B,10
1995,2,8-B12B/A,7
1995,2,8-B12G,1
1995,2,8-B12G/A,1
1995,2,8-K,1541
1995,2,8-K/A,215
1995,2,8A12BEF,10
1995,2,ARS,15
1995,2,AW,16
1995,2,DEF 14A,1272
1995,2,DEF 14C,16
1995,2,DEF13E3,2
1995,2,DEF13E3/A,2
1995,2,DEFA14A,241
1995,2,DEFA14C,2
1995,2,DEFC14A,25
1995,2,DEFM14A,16
1995,2,DEFM14C,2
1995,2,DEFN14A,1
1995,2,DEFR14A,36
1995,2,DEFS14A,42
1995,2,DFAN14A,28
1995,2,DFRN14A,2
1995,2,N-1/A,6
1995,2,N-14/A,7
1995,2,N-18F1,9
1995,2,N-1A,11
1995,2,N-1A EL,5
1995,2,N-1A EL/A,21
1995,2,N-1A/A,6
1995,2,N-2,11
1995,2,N-2/A,12
1995,2,N-23C-1,6
1995,2,N-3,1
1995,2,N-3 EL,1
1995,2,N-30B-2,196
1995,2,N-30D,985
1995,2,N-30D/A,6
1995,2,N-4,2
1995,2,N-4 EL,7
1995,2,N-4 EL/A,1
1995,2,N-4/A,2
1995,2,N-8A,18
1995,2,N-8A/A,5
1995,2,N14AE24,18
1995,2,N14AE24/A,4
1995,2,N14EL24,25
1995,2,N14EL24/A,9
1995,2,NSAR-A,862
1995,2,NSAR-A/A,33
1995,2,NSAR-AT,3
1995,2,NSAR-AT/A,1
1995,2,NSAR-B,340
1995,2,NSAR-B/A,35
1995,2,NSAR-BT,8
1995,2,NSAR-BT/A,1
1995,2,NT 10-K,47
1995,2,NT 10-K/A,3
1995,2,NT 10-Q,92
1995,2,NT 10-Q/A,2
1995,2,NT 11-K,31
1995,2,NT-NSAR,11
1995,2,NTFNSAR,3
1995,2,NTN 10K,3
1995,2,NTN 10Q,4
1995,2,POS AM,169
1995,2,POS AMC,46
1995,2,POS AMI,67
1995,2,PRE 14A,230
1995,2,PRE 14C,2
1995,2,PRE13E3,3
1995,2,PRE13E3/A,14
1995,2,PREC14A,26
1995,2,PREM14A,10
1995,2,PREN14A,4
1995,2,PRER14A,66
1995,2,PRER14C,3
1995,2,PRES14A,43
1995,2,PRRN14A,20
1995,2,RW,12
1995,2,S-1,23
1995,2,S-1/A,78
1995,2,S-2,20
1995,2,S-2/A,43
1995,2,S-3,292
1995,2,S-3/A,275
1995,2,S-3D,18
1995,2,S-3DPOS,11
1995,2,S-3MEF,2
1995,2,S-4,89
1995,2,S-4 POS,10
1995,2,S-4/A,125
1995,2,S-6,21
1995,2,S-6/A,5
1995,2,S-6EL24,85
1995,2,S-6EL24/A,25
1995,2,S-8,587
1995,2,S-8 POS,114
1995,2,SB-2,3
1995,2,SB-2/A,7
1995,2,SC 13D,387
1995,2,SC 13D/A,970
1995,2,SC 13E3,8
1995,2,SC 13E3/A,23
1995,2,SC 13E4,27
1995,2,SC 13E4/A,52
1995,2,SC 13G,316
1995,2,SC 13G/A,853
1995,2,SC 14D1,57
1995,2,SC 14D1/A,209
1995,2,SC 14D9,24
1995,2,SC 14D9/A,58
1995,2,SC 14F1,5
1995,2,T-3,5
1995,2,T-3/A,2
1995,2,U-1,22
1995,2,U-1/A,72
1995,2,U-13-60,25
1995,2,U-13-60/A,3
1995,2,U-3A-2,1
1995,2,U-3A-2/A,3
1995,2,U-6B-2,10
1995,2,U-7D,1
1995,2,U5B/A,1
1995,2,U5S,14
1995,2,U5S/A,2
1995,3,10-12G/A,2
1995,3,10-C,127
1995,3,10-C/A,3
1995,3,10-K,305
1995,3,10-K/A,189
1995,3,10-K405,132
1995,3,10-K405/A,37
1995,3,10-KT/A,1
1995,3,10-Q,4343
1995,3,10-Q/A,520
1995,3,10-QT,1
1995,3,10-QT/A,1
1995,3,10KSB,29
1995,3,10KSB/A,13
1995,3,10KSB40,6
1995,3,10KSB40/A,3
1995,3,10KT405/A,1
1995,3,10QSB,442
1995,3,10QSB/A,74
1995,3,11-K,57
1995,3,11-K/A,5
1995,3,13F-E,77
1995,3,13F-E/A,14
1995,3,13F-HR,1
1995,3,13FCONP,1
1995,3,13FCONP/A,3
1995,3,15-12B,3
1995,3,15-12G,36
1995,3,15-12G/A,1
1995,3,15-15D,13
1995,3,24F-2NT,520
1995,3,24F-2NT/A,1
1995,3,24F-2TM,50
1995,3,305B2,2
1995,3,35-CERT,121
1995,3,35-CERT/A,2
1995,3,424A,17
1995,3,424B1,65
1995,3,424B2,375
1995,3,424B3,898
1995,3,424B4,24
1995,3,424B5,192
1995,3,485A24E,15
1995,3,485A24F,1
1995,3,485APOS,192
1995,3,485B24E,135
1995,3,485B24F,1
1995,3,485BPOS,1495
1995,3,486BPOS,1
1995,3,487,88
1995,3,497,3343
1995,3,497J,541
1995,3,6-K,1
1995,3,8-A12B,59
1995,3,8-A12B/A,30
1995,3,8-A12G,30
1995,3,8-A12G/A,13
1995,3,8-B12B,4
1995,3,8-B12B/A,4
1995,3,8-B12G/A,2
1995,3,8-K,1567
1995,3,8-K/A,204
1995,3,8-K15D5,1
1995,3,8A12BEF,9
1995,3,8A12BT,1
1995,3,ARS,13
1995,3,AW,9
1995,3,DEF 14A,655
1995,3,DEF 14C,4
1995,3,DEF13E3,2
1995,3,DEF13E3/A,1
1995,3,DEFA14A,115
1995,3,DEFC14A,6
1995,3,DEFM14A,19
1995,3,DEFM14C,1
1995,3,DEFR14A,20
1995,3,DEFS14A,49
1995,3,DEFS14C,2
1995,3,DEL AM,2
1995,3,DFAN14A,14
1995,3,N-14,2
1995,3,N-14/A,2
1995,3,N-18F1,11
1995,3,N-1A,2
1995,3,N-1A EL,11
1995,3,N-1A EL/A,19
1995,3,N-1A/A,4
1995,3,N-2,8
1995,3,N-2/A,16
1995,3,N-23C-1,6
1995,3,N-3 EL/A,1
1995,3,N-30B-2,172
1995,3,N-30D,1669
1995,3,N-30D/A,32
1995,3,N-4,3
1995,3,N-4 EL,10
1995,3,N-4 EL/A,9
1995,3,N-4/A,5
1995,3,N-8A,22
1995,3,N-8A/A,6
1995,3,N-8B-2,5
1995,3,N-8B-2/A,15
1995,3,N14AE24,32
1995,3,N14AE24/A,13
1995,3,N14EL24,13
1995,3,N14EL24/A,11
1995,3,NSAR-A,1172
1995,3,NSAR-A/A,83
1995,3,NSAR-AT,6
1995,3,NSAR-B,428
1995,3,NSAR-B/A,23
1995,3,NSAR-BT,8
1995,3,NSAR-BT/A,1
1995,3,NT 10-K,46
1995,3,NT 10-K/A,1
1995,3,NT 10-Q,123
1995,3,NT 10-Q/A,2
1995,3,NT 11-K,4
1995,3,NT-NSAR,9
1995,3,NTFNSAR,1
1995,3,NTN 10K,1
1995,3,NTN 10Q,1
1995,3,POS AM,90
1995,3,POS AMC,51
1995,3,POS AMI,41
1995,3,PRE 14A,138
1995,3,PRE 14C,10
1995,3,PRE13E3,7
1995,3,PRE13E3/A,15
1995,3,PREC14A,7
1995,3,PREM14A,6
1995,3,PREM14C,2
1995,3,PRER14A,62
1995,3,PRER14C,4
1995,3,PRES14A,64
1995,3,PRRN14A,8
1995,3,PX14A6G,2
1995,3,REGDEX,1
1995,3,RW,11
1995,3,S-1,21
1995,3,S-1/A,43
1995,3,S-11/A,3
1995,3,S-2,13
1995,3,S-2/A,19
1995,3,S-3,316
1995,3,S-3/A,299
1995,3,S-3D,18
1995,3,S-3DPOS,6
1995,3,S-3MEF,4
1995,3,S-4,110
1995,3,S-4 POS,2
1995,3,S-4/A,128
1995,3,S-6,19
1995,3,S-6/A,5
1995,3,S-6EL24,78
1995,3,S-6EL24/A,27
1995,3,S-8,485
1995,3,S-8 POS,64
1995,3,SB-2,8
1995,3,SB-2/A,19
1995,3,SC 13D,356
1995,3,SC 13D/A,1040
1995,3,SC 13E3,4
1995,3,SC 13E3/A,9
1995,3,SC 13E4,30
1995,3,SC 13E4/A,52
1995,3,SC 13G,216
1995,3,SC 13G/A,553
1995,3,SC 14D1,86
1995,3,SC 14D1/A,490
1995,3,SC 14D9,58
1995,3,SC 14D9/A,140
1995,3,SC 14F1,5
1995,3,T-3,1
1995,3,T-3/A,3
1995,3,U-1,22
1995,3,U-1/A,53
1995,3,U-12-IB,1
1995,3,U-3A-2/A,1
1995,3,U-57,2
1995,3,U-6B-2,7
1995,4,10-12B,2
1995,4,10-12G,1
1995,4,10-12G/A,2
1995,4,10-C,131
1995,4,10-C/A,4
1995,4,10-K,342
1995,4,10-K/A,156
1995,4,10-K405,109
1995,4,10-K405/A,30
1995,4,10-KT,1
1995,4,10-Q,4830
1995,4,10-Q/A,444
1995,4,10-QT,5
1995,4,10-QT/A,1
1995,4,10KSB,49
1995,4,10KSB/A,38
1995,4,10KSB40,12
1995,4,10KSB40/A,3
1995,4,10QSB,614
1995,4,10QSB/A,91
1995,4,11-K,51
1995,4,13F-E,49
1995,4,13F-E/A,13
1995,4,13F-HR,5
1995,4,13FCONP,2
1995,4,13FCONP/A,2
1995,4,15-12B,14
1995,4,15-12G,60
1995,4,15-15D,16
1995,4,24F-2EL,5
1995,4,24F-2NT,1741
1995,4,24F-2NT/A,65
1995,4,24F-2TM,47
1995,4,305B2,1
1995,4,35-APP,1
1995,4,35-CERT,119
1995,4,35-CERT/A,1
1995,4,424A,9
1995,4,424B1,63
1995,4,424B2,393
1995,4,424B3,995
1995,4,424B4,77
1995,4,424B5,245
1995,4,485A24E,17
1995,4,485A24F,1
1995,4,485APOS,315
1995,4,485B24E,168
1995,4,485B24F,1
1995,4,485BPOS,1442
1995,4,487,69
1995,4,497,2718
1995,4,497H2,1
1995,4,497J,578
1995,4,6-K,2
1995,4,6-K/A,1
1995,4,8-A12B,100
1995,4,8-A12B/A,41
1995,4,8-A12G,28
1995,4,8-A12G/A,19
1995,4,8-B12B,5
1995,4,8-B12B/A,2
1995,4,8-B12G,2
1995,4,8-B12G/A,3
1995,4,8-K,2046
1995,4,8-K/A,233
1995,4,8A12BEF,16
1995,4,8A12BT,103
1995,4,ARS,18
1995,4,AW,1
1995,4,DEF 14A,632
1995,4,DEF 14C,17
1995,4,DEF13E3,7
1995,4,DEF13E3/A,6
1995,4,DEFA14A,103
1995,4,DEFC14A,9
1995,4,DEFM14A,19
1995,4,DEFM14C,3
1995,4,DEFR14A,36
1995,4,DEFS14A,75
1995,4,DEL AM,2
1995,4,DFAN14A,64
1995,4,DFRN14A,2
1995,4,F-3,2
1995,4,F-3/A,2
1995,4,N-1/A,6
1995,4,N-14,2
1995,4,N-14/A,5
1995,4,N-18F1,77
1995,4,N-1A,15
1995,4,N-1A EL,32
1995,4,N-1A EL/A,38
1995,4,N-1A/A,20
1995,4,N-2,10
1995,4,N-2/A,22
1995,4,N-23C-1,5
1995,4,N-30B-2,208
1995,4,N-30D,1214
1995,4,N-30D/A,7
1995,4,N-4,1
1995,4,N-4 EL,11
1995,4,N-4 EL/A,12
1995,4,N-4/A,5
1995,4,N-8A,62
1995,4,N-8A/A,3
1995,4,N-8B-2,5
1995,4,N-8B-2/A,6
1995,4,N14AE24,19
1995,4,N14AE24/A,7
1995,4,N14EL24,13
1995,4,N14EL24/A,10
1995,4,NSAR-A,381
1995,4,NSAR-A/A,40
1995,4,NSAR-AT,6
1995,4,NSAR-B,875
1995,4,NSAR-B/A,70
1995,4,NSAR-BT,26
1995,4,NSAR-BT/A,3
1995,4,NT 10-K,49
1995,4,NT 10-K/A,2
1995,4,NT 10-Q,145
1995,4,NT 10-Q/A,2
1995,4,NT 11-K,1
1995,4,NT 15D2,1
1995,4,NT-NSAR,8
1995,4,NTN 10K,1
1995,4,NTN 10Q,4
1995,4,POS AM,120
1995,4,POS AMC,44
1995,4,POS AMI,62
1995,4,PRE 14A,154
1995,4,PRE 14C,8
1995,4,PRE13E3,10
1995,4,PRE13E3/A,11
1995,4,PREC14A,15
1995,4,PREM14A,15
1995,4,PREM14C,1
1995,4,PREN14A,2
1995,4,PRER14A,52
1995,4,PRER14C,1
1995,4,PRES14A,95
1995,4,PRES14C,1
1995,4,PRRN14A,14
1995,4,REGDEX,1
1995,4,RW,27
1995,4,S-1,24
1995,4,S-1/A,56
1995,4,S-11/A,1
1995,4,S-2,17
1995,4,S-2/A,31
1995,4,S-3,346
1995,4,S-3/A,401
1995,4,S-3D,16
1995,4,S-3DPOS,7
1995,4,S-3MEF,5
1995,4,S-4,111
1995,4,S-4 POS,5
1995,4,S-4/A,185
1995,4,S-6,17
1995,4,S-6/A,3
1995,4,S-6EL24,83
1995,4,S-6EL24/A,15
1995,4,S-8,492
1995,4,S-8 POS,82
1995,4,SB-2,7
1995,4,SB-2/A,19
1995,4,SB-2MEF,1
1995,4,SC 13D,401
1995,4,SC 13D/A,1199
1995,4,SC 13E3,15
1995,4,SC 13E3/A,46
1995,4,SC 13E4,25
1995,4,SC 13E4/A,47
1995,4,SC 13G,282
1995,4,SC 13G/A,568
1995,4,SC 14D1,66
1995,4,SC 14D1/A,402
1995,4,SC 14D9,32
1995,4,SC 14D9/A,42
1995,4,SC 14F1,5
1995,4,T-3,3
1995,4,T-3/A,1
1995,4,U-1,30
1995,4,U-1/A,51
1995,4,U-3A-2,1
1995,4,U-57,7
1995,4,U-6B-2,16
1996,1,10-12B,4
1996,1,10-12B/A,3
1996,1,10-12G,1
1996,1,10-12G/A,4
1996,1,10-C,143
1996,1,10-C/A,4
1996,1,10-K,1834
1996,1,10-K/A,184
1996,1,10-K405,995
1996,1,10-K405/A,44
1996,1,10-KT,4
1996,1,10-Q,1475
1996,1,10-Q/A,343
1996,1,10-QT,2
1996,1,10KSB,237
1996,1,10KSB/A,41
1996,1,10KSB40,45
1996,1,10KT405,4
1996,1,10KT405/A,1
1996,1,10QSB,289
1996,1,10QSB/A,92
1996,1,11-K,72
1996,1,11-KT,1
1996,1,13F-E,63
1996,1,13F-E/A,4
1996,1,13F-HR,1
1996,1,13F-HR/A,1
1996,1,13FCONP,3
1996,1,13FCONP/A,3
1996,1,144,2
1996,1,15-12B,9
1996,1,15-12G,86
1996,1,15-12G/A,4
1996,1,15-15D,45
1996,1,15-15D/A,1
1996,1,20-F/A,1
1996,1,24F-1,1
1996,1,24F-2EL,2
1996,1,24F-2EL/A,2
1996,1,24F-2NT,3332
1996,1,24F-2NT/A,37
1996,1,24F-2TM,24
1996,1,3,56
1996,1,305B2,1
1996,1,35-CERT,145
1996,1,4,150
1996,1,4/A,14
1996,1,424A,27
1996,1,424B1,159
1996,1,424B2,336
1996,1,424B3,1147
1996,1,424B4,31
1996,1,424B5,272
1996,1,485A24E,12
1996,1,485A24F,1
1996,1,485APOS,406
1996,1,485B24E,142
1996,1,485B24F,3
1996,1,485BPOS,1529
1996,1,486B24E,1
1996,1,487,99
1996,1,497,4091
1996,1,497J,551
1996,1,5,69
1996,1,6-K,2
1996,1,8-A12B,102
1996,1,8-A12B/A,42
1996,1,8-A12G,30
1996,1,8-A12G/A,14
1996,1,8-B12B,8
1996,1,8-B12B/A,5
1996,1,8-B12G/A,1
1996,1,8-K,2207
1996,1,8-K/A,302
1996,1,8-K15D5,1
1996,1,8A12BEF,10
1996,1,8A12BT,4
1996,1,8A12BT/A,2
1996,1,ARS,41
1996,1,AW,7
1996,1,DEF 14A,1707
1996,1,DEF 14C,19
1996,1,DEF13E3,3
1996,1,DEF13E3/A,1
1996,1,DEFA14A,133
1996,1,DEFC14A,14
1996,1,DEFM14A,27
1996,1,DEFM14C,3
1996,1,DEFN14A,4
1996,1,DEFR14A,50
1996,1,DEFS14A,85
1996,1,DEFS14C,3
1996,1,DEL AM,1
1996,1,DFAN14A,110
1996,1,DFRN14A,2
1996,1,F-3/A,1
1996,1,G-405,2
1996,1,N-1/A,5
1996,1,N-14,1
1996,1,N-14/A,3
1996,1,N-18F1,17
1996,1,N-1A,7
1996,1,N-1A EL,27
1996,1,N-1A EL/A,50
1996,1,N-1A/A,20
1996,1,N-2,10
1996,1,N-2/A,22
1996,1,N-23C-1,6
1996,1,N-3 EL,1
1996,1,N-30B-2,219
1996,1,N-30D,2311
1996,1,N-30D/A,20
1996,1,N-4,3
1996,1,N-4 EL,16
1996,1,N-4 EL/A,4
1996,1,N-4/A,7
1996,1,N-5/A,1
1996,1,N-54C,1
1996,1,N-8A,51
1996,1,N-8A/A,5
1996,1,N-8B-2,3
1996,1,N-8B-2/A,2
1996,1,N14AE24,25
1996,1,N14AE24/A,6
1996,1,N14EL24,15
1996,1,N14EL24/A,8
1996,1,NSAR-A,530
1996,1,NSAR-A/A,47
1996,1,NSAR-AT,1
1996,1,NSAR-B,1274
1996,1,NSAR-B/A,105
1996,1,NSAR-BT,8
1996,1,NSAR-U,60
1996,1,NSAR-U/A,2
1996,1,NT 10-K,142
1996,1,NT 10-Q,85
1996,1,NT 10-Q/A,1
1996,1,NT-NSAR,31
1996,1,NT-NSAR/A,5
1996,1,NTN 10K,1
1996,1,NTN 10Q,2
1996,1,POS AM,96
1996,1,POS AMC,26
1996,1,POS AMI,78
1996,1,POS462B,1
1996,1,PRE 14A,508
1996,1,PRE 14C,8
1996,1,PRE13E3,5
1996,1,PRE13E3/A,8
1996,1,PREC14A,20
1996,1,PREM14A,17
1996,1,PREM14C,4
1996,1,PREN14A,24
1996,1,PRER14A,83
1996,1,PRER14C,6
1996,1,PRES14A,87
1996,1,PRES14C,3
1996,1,PRRN14A,40
1996,1,RW,12
1996,1,S-1,29
1996,1,S-1/A,61
1996,1,S-11,2
1996,1,S-11/A,2
1996,1,S-1MEF,4
1996,1,S-2,38
1996,1,S-2/A,26
1996,1,S-3,302
1996,1,S-3/A,357
1996,1,S-3D,6
1996,1,S-3DPOS,10
1996,1,S-3MEF,111
1996,1,S-4,96
1996,1,S-4 POS,4
1996,1,S-4/A,133
1996,1,S-4EF/A,1
1996,1,S-6,14
1996,1,S-6EL24,88
1996,1,S-6EL24/A,23
1996,1,S-8,395
1996,1,S-8 POS,74
1996,1,SB-2,7
1996,1,SB-2/A,8
1996,1,SB-2MEF,1
1996,1,SC 13D,567
1996,1,SC 13D/A,1512
1996,1,SC 13E1,1
1996,1,SC 13E1/A,2
1996,1,SC 13E3,15
1996,1,SC 13E3/A,22
1996,1,SC 13E4,18
1996,1,SC 13E4/A,35
1996,1,SC 13G,4813
1996,1,SC 13G/A,10840
1996,1,SC 14D1,50
1996,1,SC 14D1/A,188
1996,1,SC 14D9,22
1996,1,SC 14D9/A,33
1996,1,SC 14F1,3
1996,1,T-3,2
1996,1,U-1,25
1996,1,U-1/A,53
1996,1,U-12-IB,16
1996,1,U-13-60,1
1996,1,U-3A-2,74
1996,1,U-3A-2/A,4
1996,1,U-57,13
1996,1,U-6B-2,9
1996,1,U5S,1
1996,2,10-12B,4
1996,2,10-12B/A,21
1996,2,10-12G,9
1996,2,10-12G/A,16
1996,2,10-C,325
1996,2,10-C/A,3
1996,2,10-K,1078
1996,2,10-K/A,678
1996,2,10-K405,471
1996,2,10-K405/A,154
1996,2,10-KT,3
1996,2,10-Q,7332
1996,2,10-Q/A,510
1996,2,10-QT,2
1996,2,10KSB,263
1996,2,10KSB/A,124
1996,2,10KSB40,49
1996,2,10KSB40/A,17
1996,2,10KT405,8
1996,2,10KT405/A,1
1996,2,10QSB,1452
1996,2,10QSB/A,180
1996,2,10SB12B,1
1996,2,10SB12G,10
1996,2,10SB12G/A,19
1996,2,11-K,544
1996,2,11-K/A,10
1996,2,11-KT,3
1996,2,13F-E,53
1996,2,13F-E/A,1
1996,2,13F-HR,2
1996,2,13F-HR/A,1
1996,2,13FCONP,2
1996,2,13FCONP/A,3
1996,2,144,7
1996,2,15-12B,7
1996,2,15-12G,98
1996,2,15-15D,24
1996,2,15-15D/A,1
1996,2,20-F,2
1996,2,20-F/A,3
1996,2,20FR12B,1
1996,2,24F-2NT,551
1996,2,24F-2NT/A,9
1996,2,24F-2TM,97
1996,2,3,171
1996,2,3/A,7
1996,2,305B2,4
1996,2,35-CERT,111
1996,2,35-CERT/A,5
1996,2,4,689
1996,2,4/A,16
1996,2,424A,41
1996,2,424B1,242
1996,2,424B2,421
1996,2,424B3,1114
1996,2,424B4,203
1996,2,424B5,339
1996,2,485A24E,4
1996,2,485A24F,2
1996,2,485APOS,341
1996,2,485B24E,159
1996,2,485B24F,3
1996,2,485BPOS,2515
1996,2,486B24E,1
1996,2,486BPOS,5
1996,2,487,101
1996,2,497,3458
1996,2,497H2,1
1996,2,497J,1038
1996,2,5,29
1996,2,5/A,8
1996,2,6-K,11
1996,2,6-K/A,1
1996,2,8-A12B,154
1996,2,8-A12B/A,63
1996,2,8-A12G,184
1996,2,8-A12G/A,43
1996,2,8-B12B,6
1996,2,8-B12B/A,3
1996,2,8-B12G,3
1996,2,8-B12G/A,2
1996,2,8-K,3549
1996,2,8-K/A,488
1996,2,8-K12G3,3
1996,2,8-K15D5,1
1996,2,8A12BEF,4
1996,2,8A12BT,16
1996,2,8A12BT/A,1
1996,2,ARS,28
1996,2,AW,21
1996,2,BW-2,1
1996,2,BW-3,1
1996,2,DEF 14A,2005
1996,2,DEF 14C,38
1996,2,DEF13E3,4
1996,2,DEF13E3/A,6
1996,2,DEFA14A,359
1996,2,DEFA14C,2
1996,2,DEFC14A,24
1996,2,DEFM14A,35
1996,2,DEFM14C,1
1996,2,DEFN14A,39
1996,2,DEFR14A,76
1996,2,DEFR14C,2
1996,2,DEFS14A,90
1996,2,DEFS14C,4
1996,2,DEL AM,2
1996,2,DFAN14A,156
1996,2,DFRN14A,10
1996,2,F-1,1
1996,2,F-2/A,2
1996,2,F-3,3
1996,2,F-4,1
1996,2,F-4/A,1
1996,2,N-1/A,9
1996,2,N-14,3
1996,2,N-14/A,4
1996,2,N-18F1,30
1996,2,N-1A,16
1996,2,N-1A EL,26
1996,2,N-1A EL/A,25
1996,2,N-1A/A,25
1996,2,N-2,15
1996,2,N-2/A,31
1996,2,N-23C-1,11
1996,2,N-3 EL,1
1996,2,N-3/A,2
1996,2,N-30B-2,194
1996,2,N-30D,1372
1996,2,N-30D/A,22
1996,2,N-4 EL,10
1996,2,N-4 EL/A,8
1996,2,N-4/A,5
1996,2,N-54A,1
1996,2,N-8A,48
1996,2,N-8A/A,6
1996,2,N-8B-2,3
1996,2,N14AE24,26
1996,2,N14AE24/A,7
1996,2,N14EL24,8
1996,2,N14EL24/A,3
1996,2,NSAR-A,931
1996,2,NSAR-A/A,40
1996,2,NSAR-AT,7
1996,2,NSAR-B,430
1996,2,NSAR-B/A,45
1996,2,NSAR-BT,3
1996,2,NSAR-U,1
1996,2,NT 10-K,214
1996,2,NT 10-K/A,11
1996,2,NT 10-Q,329
1996,2,NT 10-Q/A,8
1996,2,NT 11-K,25
1996,2,NT 11-K/A,1
1996,2,NT-NSAR,9
1996,2,NTFNSAR,1
1996,2,NTN 10K,7
1996,2,NTN 10Q,14
1996,2,POS AM,288
1996,2,POS AMC,29
1996,2,POS AMI,95
1996,2,POS462B,1
1996,2,POS462C,1
1996,2,PRE 14A,441
1996,2,PRE 14C,20
1996,2,PRE13E3,8
1996,2,PRE13E3/A,3
1996,2,PREA14A,1
1996,2,PREC14A,22
1996,2,PREM14A,11
1996,2,PREM14C,3
1996,2,PREN14A,8
1996,2,PRER14A,100
1996,2,PRER14C,1
1996,2,PRES14A,90
1996,2,PRES14C,1
1996,2,PRRN14A,32
1996,2,REGDEX,3
1996,2,RW,26
1996,2,S-1,269
1996,2,S-1/A,605
1996,2,S-11,7
1996,2,S-11/A,26
1996,2,S-11MEF,1
1996,2,S-1MEF,30
1996,2,S-2,32
1996,2,S-2/A,63
1996,2,S-2MEF,5
1996,2,S-3,614
1996,2,S-3/A,673
1996,2,S-3D,24
1996,2,S-3DPOS,13
1996,2,S-3MEF,38
1996,2,S-4,275
1996,2,S-4 POS,6
1996,2,S-4/A,379
1996,2,S-4EF,1
1996,2,S-4EF/A,1
1996,2,S-6,23
1996,2,S-6/A,5
1996,2,S-6EL24,92
1996,2,S-6EL24/A,22
1996,2,S-8,1127
1996,2,S-8 POS,162
1996,2,SB-1/A,1
1996,2,SB-2,44
1996,2,SB-2/A,122
1996,2,SB-2MEF,5
1996,2,SC 13D,961
1996,2,SC 13D/A,1900
1996,2,SC 13E1/A,1
1996,2,SC 13E3,19
1996,2,SC 13E3/A,64
1996,2,SC 13E4,26
1996,2,SC 13E4/A,54
1996,2,SC 13G,472
1996,2,SC 13G/A,1061
1996,2,SC 14D1,78
1996,2,SC 14D1/A,288
1996,2,SC 14D9,90
1996,2,SC 14D9/A,31
1996,2,SC 14F1,9
1996,2,SP 15D2,2
1996,2,T-3,8
1996,2,U-1,22
1996,2,U-1/A,44
1996,2,U-13-60,25
1996,2,U-33-S,2
1996,2,U-3A-2/A,1
1996,2,U-3A3-1,1
1996,2,U-57,11
1996,2,U-57/A,1
1996,2,U-6B-2,13
1996,2,U5S,15
1996,2,U5S/A,3
1996,3,10-12B,16
1996,3,10-12B/A,13
1996,3,10-12G,20
1996,3,10-12G/A,34
1996,3,10-C,215
1996,3,10-K,726
1996,3,10-K/A,334
1996,3,10-K405,233
1996,3,10-K405/A,61
1996,3,10-KT,1
1996,3,10-Q,8436
1996,3,10-Q/A,678
1996,3,10-QT,2
1996,3,10KSB,273
1996,3,10KSB/A,145
1996,3,10KSB40,62
1996,3,10KSB40/A,15
1996,3,10KT405,2
1996,3,10KT405/A,3
1996,3,10QSB,1857
1996,3,10QSB/A,267
1996,3,10SB12B,5
1996,3,10SB12G,28
1996,3,10SB12G/A,30
1996,3,11-K,117
1996,3,11-K/A,8
1996,3,11-KT,2
1996,3,13F-E,53
1996,3,13F-E/A,2
1996,3,13F-HR,1
1996,3,13F-HR/A,1
1996,3,13FCONP,2
1996,3,13FCONP/A,3
1996,3,15-12B,11
1996,3,15-12G,126
1996,3,15-12G/A,5
1996,3,15-15D,36
1996,3,15-15D/A,1
1996,3,20-F,7
1996,3,20-F/A,1
1996,3,20FR12B,1
1996,3,20FR12G,2
1996,3,24F-1,2
1996,3,24F-2NT,625
1996,3,24F-2NT/A,15
1996,3,24F-2TM,32
1996,3,3,397
1996,3,3/A,14
1996,3,305B2,5
1996,3,305B2/A,1
1996,3,35-CERT,129
1996,3,35-CERT/A,3
1996,3,4,1558
1996,3,4/A,35
1996,3,424A,44
1996,3,424B1,232
1996,3,424B2,514
1996,3,424B3,1064
1996,3,424B4,159
1996,3,424B5,371
1996,3,424B7,8
1996,3,485A24E,1
1996,3,485APOS,247
1996,3,485B24E,133
1996,3,485B24F,2
1996,3,485BPOS,1531
1996,3,485BXT,1
1996,3,487,109
1996,3,497,2399
1996,3,497J,640
1996,3,5,102
1996,3,6-K,20
1996,3,8-A12B,223
1996,3,8-A12B/A,78
1996,3,8-A12G,302
1996,3,8-A12G/A,65
1996,3,8-B12B,7
1996,3,8-B12B/A,2
1996,3,8-B12G,5
1996,3,8-K,4633
1996,3,8-K/A,675
1996,3,8-K12G3,2
1996,3,8-K15D5,2
1996,3,8A12BEF,6
1996,3,8A12BT,1
1996,3,8A12BT/A,1
1996,3,ARS,34
1996,3,AW,14
1996,3,BW-3,2
1996,3,DEF 14A,1262
1996,3,DEF 14C,34
1996,3,DEF13E3,8
1996,3,DEF13E3/A,2
1996,3,DEFA14A,350
1996,3,DEFA14C,3
1996,3,DEFC14A,16
1996,3,DEFM14A,57
1996,3,DEFM14C,4
1996,3,DEFN14A,9
1996,3,DEFR14A,40
1996,3,DEFR14C,2
1996,3,DEFS14A,187
1996,3,DEFS14C,2
1996,3,DEL AM,5
1996,3,DFAN14A,196
1996,3,DFRN14A,2
1996,3,F-1,2
1996,3,F-1/A,1
1996,3,F-4,2
1996,3,F-4/A,1
1996,3,N-1/A,9
1996,3,N-14,3
1996,3,N-14/A,6
1996,3,N-18F1,35
1996,3,N-1A,4
1996,3,N-1A EL,36
1996,3,N-1A EL/A,40
1996,3,N-1A/A,10
1996,3,N-2,12
1996,3,N-2/A,18
1996,3,N-23C-1,14
1996,3,N-3 EL,1
1996,3,N-3 EL/A,2
1996,3,N-30B-2,147
1996,3,N-30D,2430
1996,3,N-30D/A,43
1996,3,N-4,3
1996,3,N-4 EL,26
1996,3,N-4 EL/A,21
1996,3,N-4/A,7
1996,3,N-5,1
1996,3,N-54A,2
1996,3,N-8A,76
1996,3,N-8A/A,6
1996,3,N-8B-2,4
1996,3,N14AE24,27
1996,3,N14AE24/A,1
1996,3,N14EL24,13
1996,3,N14EL24/A,3
1996,3,NSAR-A,1348
1996,3,NSAR-A/A,57
1996,3,NSAR-AT,6
1996,3,NSAR-B,501
1996,3,NSAR-B/A,18
1996,3,NSAR-BT,13
1996,3,NT 10-K,196
1996,3,NT 10-K/A,2
1996,3,NT 10-Q,361
1996,3,NT 10-Q/A,4
1996,3,NT 11-K,24
1996,3,NT 15D2/A,1
1996,3,NT-NSAR,20
1996,3,NT-NSAR/A,9
1996,3,NTFNSAR,1
1996,3,NTN 10K,6
1996,3,NTN 10Q,22
1996,3,NTN 20F,2
1996,3,POS 8C,2
1996,3,POS AM,320
1996,3,POS AMC,24
1996,3,POS AMI,60
1996,3,POS462B,2
1996,3,PRE 14A,394
1996,3,PRE 14C,28
1996,3,PRE13E3,12
1996,3,PRE13E3/A,28
1996,3,PREC14A,23
1996,3,PREM14A,66
1996,3,PREM14C,5
1996,3,PREN14A,14
1996,3,PRER14A,125
1996,3,PRER14C,6
1996,3,PRES14A,185
1996,3,PRES14C,5
1996,3,PRRN14A,24
1996,3,REGDEX,1
1996,3,REGDEX/A,1
1996,3,RW,72
1996,3,S-1,344
1996,3,S-1/A,934
1996,3,S-11,19
1996,3,S-11/A,30
1996,3,S-11MEF,1
1996,3,S-1MEF,36
1996,3,S-2,17
1996,3,S-2/A,47
1996,3,S-20,1
1996,3,S-2MEF,3
1996,3,S-3,609
1996,3,S-3/A,588
1996,3,S-3D,15
1996,3,S-3DPOS,3
1996,3,S-3MEF,17
1996,3,S-4,288
1996,3,S-4 POS,7
1996,3,S-4/A,475
1996,3,S-6,18
1996,3,S-6/A,3
1996,3,S-6EL24,116
1996,3,S-6EL24/A,16
1996,3,S-8,1285
1996,3,S-8 POS,150
1996,3,SB-1,2
1996,3,SB-1/A,4
1996,3,SB-2,103
1996,3,SB-2/A,213
1996,3,SB-2MEF,1
1996,3,SC 13D,1323
1996,3,SC 13D/A,1977
1996,3,SC 13E1,1
1996,3,SC 13E1/A,1
1996,3,SC 13E3,31
1996,3,SC 13E3/A,128
1996,3,SC 13E4,39
1996,3,SC 13E4/A,59
1996,3,SC 13G,660
1996,3,SC 13G/A,941
1996,3,SC 14D1,78
1996,3,SC 14D1/A,360
1996,3,SC 14D9,40
1996,3,SC 14D9/A,94
1996,3,SC 14F1,8
1996,3,SC 14F1/A,1
1996,3,T-3,3
1996,3,T-3/A,4
1996,3,U-1,18
1996,3,U-1/A,48
1996,3,U-33-S,1
1996,3,U-3A-2/A,1
1996,3,U-57,12
1996,3,U-57/A,2
1996,3,U-6B-2,13
1996,4,10-12B,13
1996,4,10-12B/A,32
1996,4,10-12G,19
1996,4,10-12G/A,37
1996,4,10-C,62
1996,4,10-C/A,2
1996,4,10-K,677
1996,4,10-K/A,299
1996,4,10-K405,245
1996,4,10-K405/A,58
1996,4,10-KT/A,1
1996,4,10-Q,8506
1996,4,10-Q/A,788
1996,4,10-QT,2
1996,4,10-QT/A,1
1996,4,10KSB,279
1996,4,10KSB/A,184
1996,4,10KSB40,57
1996,4,10KSB40/A,10
1996,4,10KT405/A,1
1996,4,10QSB,2072
1996,4,10QSB/A,345
1996,4,10SB12B,3
1996,4,10SB12B/A,6
1996,4,10SB12G,33
1996,4,10SB12G/A,30
1996,4,11-K,76
1996,4,11-K/A,3
1996,4,13F-E,53
1996,4,13F-HR,1
1996,4,13FCONP,3
1996,4,13FCONP/A,3
1996,4,15-12B,22
1996,4,15-12G,141
1996,4,15-12G/A,7
1996,4,15-15D,39
1996,4,20-F/A,2
1996,4,20FR12B/A,1
1996,4,20FR12G,2
1996,4,20FR12G/A,1
1996,4,24F-2EL,2
1996,4,24F-2NT,1836
1996,4,24F-2NT/A,18
1996,4,24F-2TM,44
1996,4,3,525
1996,4,3/A,7
1996,4,305B2,6
1996,4,305B2/A,2
1996,4,35-APP,1
1996,4,35-CERT,104
1996,4,4,1915
1996,4,4/A,58
1996,4,40-6C,1
1996,4,424A,55
1996,4,424B1,271
1996,4,424B2,433
1996,4,424B3,1376
1996,4,424B4,269
1996,4,424B5,470
1996,4,424B7,2
1996,4,485A24E,6
1996,4,485A24F,3
1996,4,485APOS,358
1996,4,485B24E,150
1996,4,485B24F,7
1996,4,485BPOS,1449
1996,4,485BXT,3
1996,4,486BPOS,1
1996,4,487,84
1996,4,497,3279
1996,4,497J,648
1996,4,5,101
1996,4,5/A,2
1996,4,6-K,10
1996,4,6-K/A,1
1996,4,8-A12B,279
1996,4,8-A12B/A,78
1996,4,8-A12G,335
1996,4,8-A12G/A,62
1996,4,8-B12B,8
1996,4,8-B12B/A,1
1996,4,8-B12G,7
1996,4,8-K,5327
1996,4,8-K/A,690
1996,4,8-K12G3,3
1996,4,8-K15D5,1
1996,4,8-K15D5/A,1
1996,4,8A12BEF,6
1996,4,8A12BT,4
1996,4,8A12BT/A,1
1996,4,ARS,22
1996,4,AW,16
1996,4,BW-2,1
1996,4,BW-3,1
1996,4,DEF 14A,1130
1996,4,DEF 14C,34
1996,4,DEF13E3,4
1996,4,DEF13E3/A,42
1996,4,DEFA14A,295
1996,4,DEFA14C,1
1996,4,DEFC14A,17
1996,4,DEFM14A,36
1996,4,DEFM14C,4
1996,4,DEFN14A,6
1996,4,DEFR14A,48
1996,4,DEFR14C,3
1996,4,DEFS14A,161
1996,4,DEFS14C,4
1996,4,DEL AM,4
1996,4,DFAN14A,138
1996,4,DFRN14A,12
1996,4,F-1,3
1996,4,F-1/A,9
1996,4,F-4,3
1996,4,F-4/A,5
1996,4,N-1/A,9
1996,4,N-14/A,2
1996,4,N-18F1,25
1996,4,N-18F1/A,1
1996,4,N-1A,4
1996,4,N-1A EL,55
1996,4,N-1A EL/A,54
1996,4,N-1A/A,24
1996,4,N-2,17
1996,4,N-2/A,14
1996,4,N-23C-1,10
1996,4,N-3 EL/A,2
1996,4,N-3/A,1
1996,4,N-30B-2,185
1996,4,N-30D,1409
1996,4,N-30D/A,11
1996,4,N-4 EL,10
1996,4,N-4 EL/A,28
1996,4,N-4/A,7
1996,4,N-5,2
1996,4,N-54A,3
1996,4,N-54C,2
1996,4,N-8A,74
1996,4,N-8A/A,2
1996,4,N-8B-2,5
1996,4,N-8B-2/A,4
1996,4,N14AE24,6
1996,4,N14AE24/A,7
1996,4,N14EL24,10
1996,4,N14EL24/A,9
1996,4,NO ACT,1
1996,4,NSAR-A,411
1996,4,NSAR-A/A,49
1996,4,NSAR-B,943
1996,4,NSAR-B/A,64
1996,4,NSAR-BT,23
1996,4,NSAR-U,1
1996,4,NT 10-K,197
1996,4,NT 10-K/A,8
1996,4,NT 10-Q,486
1996,4,NT 10-Q/A,3
1996,4,NT 11-K,1
1996,4,NT-NSAR,40
1996,4,NT-NSAR/A,1
1996,4,NTFNSAR,1
1996,4,NTN 10K,10
1996,4,NTN 10Q,11
1996,4,POS 8C,7
1996,4,POS AM,243
1996,4,POS AMC,40
1996,4,POS AMI,87
1996,4,POS462B,5
1996,4,POS462C,1
1996,4,PRE 14A,293
1996,4,PRE 14C,26
1996,4,PRE13E3,9
1996,4,PRE13E3/A,7
1996,4,PREC14A,40
1996,4,PREM14A,25
1996,4,PREM14C,2
1996,4,PREN14A,14
1996,4,PRER14A,67
1996,4,PRER14C,15
1996,4,PRES14A,171
1996,4,PRES14C,7
1996,4,PRRN14A,45
1996,4,REGDEX,1
1996,4,RW,104
1996,4,S-1,274
1996,4,S-1/A,857
1996,4,S-11,17
1996,4,S-11/A,44
1996,4,S-11MEF,2
1996,4,S-1MEF,30
1996,4,S-2,32
1996,4,S-2/A,38
1996,4,S-2MEF,3
1996,4,S-3,824
1996,4,S-3/A,712
1996,4,S-3D,22
1996,4,S-3DPOS,5
1996,4,S-3MEF,83
1996,4,S-4,358
1996,4,S-4 POS,9
1996,4,S-4/A,384
1996,4,S-4EF,3
1996,4,S-6,14
1996,4,S-6/A,1
1996,4,S-6EL24,95
1996,4,S-6EL24/A,59
1996,4,S-8,1292
1996,4,S-8 POS,138
1996,4,SB-1/A,2
1996,4,SB-2,118
1996,4,SB-2/A,274
1996,4,SB-2MEF,4
1996,4,SC 13D,1672
1996,4,SC 13D/A,2332
1996,4,SC 13E1,3
1996,4,SC 13E1/A,1
1996,4,SC 13E3,26
1996,4,SC 13E3/A,78
1996,4,SC 13E4,44
1996,4,SC 13E4/A,96
1996,4,SC 13G,646
1996,4,SC 13G/A,923
1996,4,SC 14D1,91
1996,4,SC 14D1/A,546
1996,4,SC 14D9,73
1996,4,SC 14D9/A,161
1996,4,SC 14F1,12
1996,4,SC 14F1/A,1
1996,4,T-3,6
1996,4,T-3/A,2
1996,4,U-1,26
1996,4,U-1/A,56
1996,4,U-12-IB,1
1996,4,U-3A-2,2
1996,4,U-57,6
1996,4,U-6B-2,15
1996,4,U-7D,6
1996,4,U-7D/A,4
1997,1,10-12B,6
1997,1,10-12B/A,5
1997,1,10-12G,14
1997,1,10-12G/A,30
1997,1,10-C,40
1997,1,10-C/A,1
1997,1,10-K,4276
1997,1,10-K/A,404
1997,1,10-K405,2289
1997,1,10-K405/A,96
1997,1,10-KT,3
1997,1,10-Q,2580
1997,1,10-Q/A,481
1997,1,10-QT,7
1997,1,10-QT/A,2
1997,1,10KSB,880
1997,1,10KSB/A,188
1997,1,10KSB40,294
1997,1,10KSB40/A,16
1997,1,10KT405,3
1997,1,10QSB,1002
1997,1,10QSB/A,287
1997,1,10SB12B,2
1997,1,10SB12B/A,2
1997,1,10SB12G,26
1997,1,10SB12G/A,42
1997,1,11-K,75
1997,1,11-K/A,1
1997,1,13F-E,25
1997,1,13F-HR,2
1997,1,13FCONP,3
1997,1,13FCONP/A,1
1997,1,144,2
1997,1,144/A,2
1997,1,15-12B,19
1997,1,15-12B/A,1
1997,1,15-12G,154
1997,1,15-12G/A,8
1997,1,15-15D,196
1997,1,15-15D/A,3
1997,1,20-F,1
1997,1,20FR12G,3
1997,1,20FR12G/A,5
1997,1,24F-1,1
1997,1,24F-2EL,10
1997,1,24F-2NT,3494
1997,1,24F-2NT/A,44
1997,1,24F-2TM,30
1997,1,3,518
1997,1,3/A,26
1997,1,305B2,9
1997,1,35-CERT,131
1997,1,35-CERT/A,2
1997,1,4,2809
1997,1,4/A,67
1997,1,424A,42
1997,1,424B1,190
1997,1,424B2,467
1997,1,424B3,1392
1997,1,424B4,185
1997,1,424B5,457
1997,1,424B7,2
1997,1,485A24E,11
1997,1,485A24F,2
1997,1,485APOS,481
1997,1,485B24E,123
1997,1,485B24F,1
1997,1,485BPOS,1387
1997,1,485BXT,11
1997,1,487,105
1997,1,497,3081
1997,1,497J,593
1997,1,5,1433
1997,1,5/A,14
1997,1,6-K,27
1997,1,8-A12B,162
1997,1,8-A12B/A,53
1997,1,8-A12G,321
1997,1,8-A12G/A,37
1997,1,8-B12B,6
1997,1,8-B12B/A,1
1997,1,8-B12G,17
1997,1,8-B12G/A,2
1997,1,8-K,5708
1997,1,8-K/A,750
1997,1,8-K12G3,2
1997,1,8A12BEF,11
1997,1,8A12BT,2
1997,1,8A12BT/A,1
1997,1,ARS,53
1997,1,AW,15
1997,1,BW-2,1
1997,1,DEF 14A,2631
1997,1,DEF 14C,31
1997,1,DEF13E3,1
1997,1,DEF13E3/A,6
1997,1,DEFA14A,292
1997,1,DEFA14C,2
1997,1,DEFC14A,31
1997,1,DEFM14A,46
1997,1,DEFM14C,1
1997,1,DEFN14A,13
1997,1,DEFR14A,57
1997,1,DEFR14C,2
1997,1,DEFS14A,203
1997,1,DEFS14C,7
1997,1,DEL AM,10
1997,1,DFAN14A,270
1997,1,DFRN14A,8
1997,1,F-1,1
1997,1,F-1/A,7
1997,1,F-1MEF,1
1997,1,F-3,3
1997,1,F-3/A,1
1997,1,F-4,13
1997,1,F-4/A,3
1997,1,N-1/A,8
1997,1,N-14,1
1997,1,N-14/A,3
1997,1,N-18F1,18
1997,1,N-18F1/A,1
1997,1,N-1A,6
1997,1,N-1A EL,33
1997,1,N-1A EL/A,52
1997,1,N-1A/A,13
1997,1,N-2,21
1997,1,N-2/A,22
1997,1,N-23C-1,12
1997,1,N-3,1
1997,1,N-30B-2,116
1997,1,N-30D,2405
1997,1,N-30D/A,28
1997,1,N-4,4
1997,1,N-4 EL,23
1997,1,N-4 EL/A,8
1997,1,N-4/A,3
1997,1,N-54A,2
1997,1,N-54A/A,1
1997,1,N-54C,2
1997,1,N-8A,59
1997,1,N-8A/A,24
1997,1,N-8B-2,6
1997,1,N-8B-2/A,6
1997,1,N14AE24,12
1997,1,N14AE24/A,2
1997,1,N14EL24,15
1997,1,N14EL24/A,3
1997,1,NSAR-A,484
1997,1,NSAR-A/A,35
1997,1,NSAR-AT,2
1997,1,NSAR-B,1322
1997,1,NSAR-B/A,120
1997,1,NSAR-BT,8
1997,1,NSAR-U,147
1997,1,NSAR-U/A,16
1997,1,NT 10-K,615
1997,1,NT 10-K/A,5
1997,1,NT 10-Q,210
1997,1,NT 10-Q/A,2
1997,1,NT 11-K,1
1997,1,NT 15D2/A,1
1997,1,NT-NSAR,53
1997,1,NTFNSAR,2
1997,1,NTN 10K,6
1997,1,NTN 10Q,8
1997,1,POS 8C,9
1997,1,POS AM,304
1997,1,POS AMC,22
1997,1,POS AMI,80
1997,1,POS462B,4
1997,1,POS462C,4
1997,1,PRE 14A,765
1997,1,PRE 14C,23
1997,1,PRE13E3,3
1997,1,PRE13E3/A,8
1997,1,PREC14A,37
1997,1,PREC14C,4
1997,1,PREM14A,28
1997,1,PREN14A,32
1997,1,PRER14A,121
1997,1,PRER14C,7
1997,1,PRES14A,191
1997,1,PRES14C,6
1997,1,PRRN14A,60
1997,1,PX14A6G,8
1997,1,RW,118
1997,1,S-1,239
1997,1,S-1/A,631
1997,1,S-11,12
1997,1,S-11/A,28
1997,1,S-11MEF,1
1997,1,S-1MEF,29
1997,1,S-2,23
1997,1,S-2/A,45
1997,1,S-2MEF,3
1997,1,S-3,693
1997,1,S-3/A,733
1997,1,S-3D,22
1997,1,S-3DPOS,15
1997,1,S-3MEF,28
1997,1,S-4,280
1997,1,S-4 POS,2
1997,1,S-4/A,554
1997,1,S-4EF,9
1997,1,S-4EF/A,3
1997,1,S-4MEF,2
1997,1,S-6,11
1997,1,S-6/A,1
1997,1,S-6EL24,122
1997,1,S-6EL24/A,28
1997,1,S-8,1005
1997,1,S-8 POS,173
1997,1,SB-1,1
1997,1,SB-1/A,1
1997,1,SB-2,97
1997,1,SB-2/A,251
1997,1,SB-2MEF,1
1997,1,SC 13D,1940
1997,1,SC 13D/A,2724
1997,1,SC 13E3,35
1997,1,SC 13E3/A,54
1997,1,SC 13E4,51
1997,1,SC 13E4/A,53
1997,1,SC 13G,14737
1997,1,SC 13G/A,16370
1997,1,SC 14D1,97
1997,1,SC 14D1/A,448
1997,1,SC 14D9,40
1997,1,SC 14D9/A,95
1997,1,SC 14F1,10
1997,1,SC 14F1/A,1
1997,1,SP 15D2,1
1997,1,T-3,6
1997,1,T-3/A,9
1997,1,U-1,19
1997,1,U-1/A,44
1997,1,U-12-IB,21
1997,1,U-13-60,1
1997,1,U-3A-2,82
1997,1,U-3A-2/A,1
1997,1,U-3A3-1,2
1997,1,U-57,12
1997,1,U-57/A,1
1997,1,U-6B-2,11
1997,1,U5S,1
1997,1,U5S/A,1
1997,1,X-17A-5/A,1
1997,2,10-12B,7
1997,2,10-12B/A,9
1997,2,10-12G,34
1997,2,10-12G/A,39
1997,2,10-C,30
1997,2,10-C/A,1
1997,2,10-K,1056
1997,2,10-K/A,1065
1997,2,10-K405,402
1997,2,10-K405/A,262
1997,2,10-KT,12
1997,2,10-KT/A,1
1997,2,10-Q,8797
1997,2,10-Q/A,454
1997,2,10-QT,5
1997,2,10-QT/A,2
1997,2,10KSB,531
1997,2,10KSB/A,283
1997,2,10KSB40,107
1997,2,10KSB40/A,41
1997,2,10KT405,2
1997,2,10KT405/A,2
1997,2,10QSB,2157
1997,2,10QSB/A,256
1997,2,10SB12B,4
1997,2,10SB12B/A,1
1997,2,10SB12G,34
1997,2,10SB12G/A,39
1997,2,11-K,705
1997,2,11-K/A,11
1997,2,11-KT,6
1997,2,13F-E,62
1997,2,13F-E/A,6
1997,2,13F-HR,2
1997,2,13FCONP,3
1997,2,13FCONP/A,6
1997,2,144,6
1997,2,144/A,4
1997,2,15-12B,31
1997,2,15-12B/A,1
1997,2,15-12G,120
1997,2,15-12G/A,1
1997,2,15-15D,120
1997,2,20-F,15
1997,2,20-F/A,1
1997,2,20FR12B,1
1997,2,20FR12G,2
1997,2,20FR12G/A,3
1997,2,24F-2NT,563
1997,2,24F-2NT/A,22
1997,2,24F-2TM,48
1997,2,3,734
1997,2,3/A,20
1997,2,305B2,12
1997,2,35-CERT,126
1997,2,35-CERT/A,4
1997,2,4,3003
1997,2,4/A,47
1997,2,424A,39
1997,2,424B1,269
1997,2,424B2,519
1997,2,424B3,1676
1997,2,424B4,133
1997,2,424B5,457
1997,2,424B7,1
1997,2,485A24E,1
1997,2,485A24F,5
1997,2,485APOS,257
1997,2,485B24E,95
1997,2,485B24F,28
1997,2,485BPOS,2478
1997,2,485BXT,2
1997,2,486BPOS,6
1997,2,487,95
1997,2,497,4086
1997,2,497H2,1
1997,2,497J,1208
1997,2,5,174
1997,2,6-K,47
1997,2,6-K/A,1
1997,2,8-A12B,225
1997,2,8-A12B/A,78
1997,2,8-A12G,319
1997,2,8-A12G/A,61
1997,2,8-B12B,13
1997,2,8-B12B/A,1
1997,2,8-B12G,16
1997,2,8-K,5509
1997,2,8-K/A,676
1997,2,8-K12G3,1
1997,2,8-K15D5,1
1997,2,8A12BEF,11
1997,2,8A12BT,3
1997,2,ARS,47
1997,2,AW,11
1997,2,BW-2,1
1997,2,BW-3,2
1997,2,DEF 14A,3631
1997,2,DEF 14C,52
1997,2,DEF13E3,2
1997,2,DEF13E3/A,4
1997,2,DEFA14A,482
1997,2,DEFA14C,4
1997,2,DEFC14A,63
1997,2,DEFM14A,34
1997,2,DEFM14C,4
1997,2,DEFN14A,7
1997,2,DEFR14A,122
1997,2,DEFR14C,5
1997,2,DEFS14A,113
1997,2,DEFS14C,4
1997,2,DEL AM,9
1997,2,DFAN14A,323
1997,2,DFRN14A,6
1997,2,F-1/A,5
1997,2,F-3,2
1997,2,F-3/A,3
1997,2,F-4,6
1997,2,F-4/A,43
1997,2,N-1/A,5
1997,2,N-14,1
1997,2,N-14/A,5
1997,2,N-18F1,16
1997,2,N-1A,4
1997,2,N-1A EL,36
1997,2,N-1A EL/A,40
1997,2,N-1A/A,7
1997,2,N-2,25
1997,2,N-2/A,29
1997,2,N-23C-1,4
1997,2,N-23C-2,1
1997,2,N-2MEF,1
1997,2,N-30B-2,177
1997,2,N-30D,1538
1997,2,N-30D/A,18
1997,2,N-4,3
1997,2,N-4 EL,18
1997,2,N-4 EL/A,17
1997,2,N-4/A,11
1997,2,N-54A,3
1997,2,N-54A/A,1
1997,2,N-8A,52
1997,2,N-8A/A,5
1997,2,N-8B-2,3
1997,2,N-8B-2/A,1
1997,2,N14AE24,27
1997,2,N14AE24/A,4
1997,2,N14EL24,6
1997,2,N14EL24/A,3
1997,2,NSAR-A,993
1997,2,NSAR-A/A,43
1997,2,NSAR-AT,3
1997,2,NSAR-B,420
1997,2,NSAR-B/A,55
1997,2,NSAR-BT,7
1997,2,NSAR-BT/A,1
1997,2,NSAR-U/A,14
1997,2,NT 10-K,456
1997,2,NT 10-K/A,17
1997,2,NT 10-Q,514
1997,2,NT 10-Q/A,4
1997,2,NT 11-K,39
1997,2,NT 20-F,2
1997,2,NT-NSAR,49
1997,2,NT-NSAR/A,1
1997,2,NTFNSAR,2
1997,2,NTN 10K,19
1997,2,NTN 10Q,6
1997,2,POS 8C,9
1997,2,POS AM,448
1997,2,POS AMC,31
1997,2,POS AMI,96
1997,2,POS462B,1
1997,2,POS462C,2
1997,2,PRE 14A,602
1997,2,PRE 14C,30
1997,2,PRE13E3,16
1997,2,PRE13E3/A,16
1997,2,PREC14A,71
1997,2,PREC14C,2
1997,2,PREM14A,39
1997,2,PREM14C,9
1997,2,PREN14A,8
1997,2,PRER14A,158
1997,2,PRER14C,14
1997,2,PRES14A,135
1997,2,PRES14C,6
1997,2,PRRN14A,122
1997,2,PX14A6G,3
1997,2,RW,117
1997,2,S-1,237
1997,2,S-1/A,575
1997,2,S-11,16
1997,2,S-11/A,55
1997,2,S-11MEF,2
1997,2,S-1MEF,13
1997,2,S-2,43
1997,2,S-2/A,70
1997,2,S-3,731
1997,2,S-3/A,742
1997,2,S-3D,19
1997,2,S-3DPOS,18
1997,2,S-3MEF,108
1997,2,S-4,403
1997,2,S-4 POS,13
1997,2,S-4/A,599
1997,2,S-4EF,1
1997,2,S-4EF/A,4
1997,2,S-4MEF,2
1997,2,S-6,17
1997,2,S-6/A,1
1997,2,S-6EL24,94
1997,2,S-6EL24/A,38
1997,2,S-8,1441
1997,2,S-8 POS,161
1997,2,SB-1,3
1997,2,SB-1/A,5
1997,2,SB-2,91
1997,2,SB-2/A,226
1997,2,SB-2MEF,2
1997,2,SC 13D,1650
1997,2,SC 13D/A,2506
1997,2,SC 13E3,27
1997,2,SC 13E3/A,69
1997,2,SC 13E4,48
1997,2,SC 13E4/A,108
1997,2,SC 13G,1242
1997,2,SC 13G/A,1779
1997,2,SC 14D1,127
1997,2,SC 14D1/A,420
1997,2,SC 14D9,48
1997,2,SC 14D9/A,103
1997,2,SC 14F1,10
1997,2,SC 14F1/A,2
1997,2,SP 15D2,7
1997,2,T-3,3
1997,2,T-3/A,3
1997,2,U-1,10
1997,2,U-1/A,38
1997,2,U-13-60,27
1997,2,U-13-60/A,2
1997,2,U-33-S,4
1997,2,U-3A-2,4
1997,2,U-3A-2/A,8
1997,2,U-57,24
1997,2,U-57/A,2
1997,2,U-6B-2,16
1997,2,U5S,15
1997,2,U5S/A,2
1997,3,10-12B,18
1997,3,10-12B/A,19
1997,3,10-12G,15
1997,3,10-12G/A,53
1997,3,10-C,10
1997,3,10-K,694
1997,3,10-K/A,360
1997,3,10-K405,253
1997,3,10-K405/A,110
1997,3,10-KT,2
1997,3,10-KT/A,2
1997,3,10-Q,8732
1997,3,10-Q/A,533
1997,3,10-QT,2
1997,3,10-QT/A,2
1997,3,10KSB,301
1997,3,10KSB/A,121
1997,3,10KSB40,72
1997,3,10KSB40/A,28
1997,3,10KT405,1
1997,3,10QSB,2070
1997,3,10QSB/A,209
1997,3,10SB12B,4
1997,3,10SB12B/A,3
1997,3,10SB12G,29
1997,3,10SB12G/A,43
1997,3,11-K,102
1997,3,11-K/A,9
1997,3,11-KT,6
1997,3,13F-E,63
1997,3,13F-E/A,2
1997,3,13F-HR,2
1997,3,13F-HR/A,1
1997,3,13FCONP,4
1997,3,13FCONP/A,4
1997,3,144,18
1997,3,15-12B,32
1997,3,15-12G,146
1997,3,15-12G/A,5
1997,3,15-15D,47
1997,3,20-F,19
1997,3,20-F/A,1
1997,3,20FR12G,2
1997,3,20FR12G/A,1
1997,3,24F-1,1
1997,3,24F-2EL,1
1997,3,24F-2NT,627
1997,3,24F-2NT/A,6
1997,3,24F-2TM,32
1997,3,3,813
1997,3,3/A,30
1997,3,305B2,12
1997,3,305B2/A,1
1997,3,35-CERT,117
1997,3,35-CERT/A,1
1997,3,4,3373
1997,3,4/A,48
1997,3,40-17F2,36
1997,3,40-17F2/A,1
1997,3,424A,36
1997,3,424B1,233
1997,3,424B2,516
1997,3,424B3,1720
1997,3,424B4,193
1997,3,424B5,473
1997,3,424B7,5
1997,3,485A24E,2
1997,3,485A24F,2
1997,3,485APOS,290
1997,3,485B24E,74
1997,3,485B24F,8
1997,3,485BPOS,1554
1997,3,485BXT,2
1997,3,485BXTF,1
1997,3,487,113
1997,3,497,3542
1997,3,497H2,1
1997,3,497J,571
1997,3,5,255
1997,3,5/A,10
1997,3,6-K,56
1997,3,6-K/A,1
1997,3,8-A12B,213
1997,3,8-A12B/A,83
1997,3,8-A12G,268
1997,3,8-A12G/A,56
1997,3,8-B12B,8
1997,3,8-B12G,4
1997,3,8-B12G/A,1
1997,3,8-K,6148
1997,3,8-K/A,668
1997,3,8-K12G3,8
1997,3,8-K15D5,1
1997,3,8A12BEF,9
1997,3,8A12BT,1
1997,3,8A12BT/A,1
1997,3,ARS,28
1997,3,AW,14
1997,3,BW-3,2
1997,3,DEF 14A,1198
1997,3,DEF 14C,20
1997,3,DEF13E3,11
1997,3,DEF13E3/A,4
1997,3,DEFA14A,188
1997,3,DEFA14C,6
1997,3,DEFC14A,12
1997,3,DEFM14A,33
1997,3,DEFM14C,5
1997,3,DEFN14A,2
1997,3,DEFR14A,50
1997,3,DEFR14C,3
1997,3,DEFS14A,210
1997,3,DEFS14C,5
1997,3,DEL AM,7
1997,3,DFAN14A,142
1997,3,F-1,3
1997,3,F-1/A,5
1997,3,F-1MEF,1
1997,3,F-3,3
1997,3,F-4,9
1997,3,F-4/A,9
1997,3,N-1/A,1
1997,3,N-14,4
1997,3,N-14/A,6
1997,3,N-18F1,25
1997,3,N-18F1/A,1
1997,3,N-1A,6
1997,3,N-1A EL,34
1997,3,N-1A EL/A,55
1997,3,N-1A/A,2
1997,3,N-2,11
1997,3,N-2/A,25
1997,3,N-23C-1,7
1997,3,N-23C3B,1
1997,3,N-2MEF,1
1997,3,N-3 EL,1
1997,3,N-3 EL/A,1
1997,3,N-30B-2,87
1997,3,N-30D,2429
1997,3,N-30D/A,26
1997,3,N-4 EL,10
1997,3,N-4 EL/A,25
1997,3,N-5,1
1997,3,N-54A,2
1997,3,N-8A,57
1997,3,N-8A/A,3
1997,3,N-8B-2,7
1997,3,N14AE24,8
1997,3,N14AE24/A,5
1997,3,N14EL24,15
1997,3,N14EL24/A,9
1997,3,NO ACT,1
1997,3,NSAR-A,1352
1997,3,NSAR-A/A,66
1997,3,NSAR-AT,7
1997,3,NSAR-AT/A,2
1997,3,NSAR-B,478
1997,3,NSAR-B/A,32
1997,3,NSAR-BT,16
1997,3,NSAR-U,1
1997,3,NT 10-K,276
1997,3,NT 10-K/A,11
1997,3,NT 10-Q,527
1997,3,NT 10-Q/A,6
1997,3,NT 11-K,23
1997,3,NT 20-F,2
1997,3,NT-NSAR,66
1997,3,NT-NSAR/A,3
1997,3,NTFNSAR,2
1997,3,NTN 10K,17
1997,3,NTN 10Q,25
1997,3,POS 8C,9
1997,3,POS AM,336
1997,3,POS AMC,28
1997,3,POS AMI,54
1997,3,POS EX,1
1997,3,POS462B,1
1997,3,PRE 14A,334
1997,3,PRE 14C,25
1997,3,PRE13E3,17
1997,3,PRE13E3/A,22
1997,3,PREC14A,26
1997,3,PREM14A,39
1997,3,PREM14C,3
1997,3,PREN14A,3
1997,3,PRER14A,136
1997,3,PRER14C,14
1997,3,PRES14A,222
1997,3,PRES14C,8
1997,3,PRRN14A,21
1997,3,PX14A6G,1
1997,3,REGDEX,2
1997,3,RW,71
1997,3,S-1,290
1997,3,S-1/A,607
1997,3,S-11,22
1997,3,S-11/A,71
1997,3,S-11MEF,4
1997,3,S-1MEF,30
1997,3,S-2,44
1997,3,S-2/A,48
1997,3,S-20,1
1997,3,S-20/A,2
1997,3,S-2MEF,3
1997,3,S-3,759
1997,3,S-3/A,795
1997,3,S-3D,29
1997,3,S-3DPOS,11
1997,3,S-3MEF,38
1997,3,S-4,864
1997,3,S-4 POS,9
1997,3,S-4/A,742
1997,3,S-4EF,5
1997,3,S-4EF/A,2
1997,3,S-4MEF,1
1997,3,S-6,3
1997,3,S-6EL24,128
1997,3,S-6EL24/A,46
1997,3,S-8,1382
1997,3,S-8 POS,220
1997,3,SB-1,3
1997,3,SB-1/A,8
1997,3,SB-2,100
1997,3,SB-2/A,247
1997,3,SB-2MEF,4
1997,3,SC 13D,1878
1997,3,SC 13D/A,2770
1997,3,SC 13E3,24
1997,3,SC 13E3/A,79
1997,3,SC 13E4,47
1997,3,SC 13E4/A,79
1997,3,SC 13G,770
1997,3,SC 13G/A,1446
1997,3,SC 14D1,128
1997,3,SC 14D1/A,543
1997,3,SC 14D9,77
1997,3,SC 14D9/A,165
1997,3,SC 14F1,15
1997,3,T-3,6
1997,3,U-1,21
1997,3,U-1/A,39
1997,3,U-3A-2,3
1997,3,U-3A-2/A,2
1997,3,U-57,13
1997,3,U-57/A,2
1997,3,U-6B-2,10
1997,3,U-9C-3,9
1997,3,U5A,1
1997,4,10-12B,6
1997,4,10-12B/A,17
1997,4,10-12G,13
1997,4,10-12G/A,24
1997,4,10-K,672
1997,4,10-K/A,323
1997,4,10-K405,257
1997,4,10-K405/A,70
1997,4,10-KT,1
1997,4,10-KT/A,2
1997,4,10-Q,8887
1997,4,10-Q/A,568
1997,4,10-QT,4
1997,4,10-QT/A,4
1997,4,10KSB,301
1997,4,10KSB/A,121
1997,4,10KSB40,67
1997,4,10KSB40/A,18
1997,4,10KT405,2
1997,4,10KT405/A,1
1997,4,10QSB,2219
1997,4,10QSB/A,232
1997,4,10SB12B,2
1997,4,10SB12B/A,2
1997,4,10SB12G,24
1997,4,10SB12G/A,43
1997,4,11-K,67
1997,4,11-K/A,5
1997,4,11-KT,2
1997,4,13F-E,62
1997,4,13F-E/A,7
1997,4,13F-HR,2
1997,4,13FCONP,3
1997,4,13FCONP/A,4
1997,4,144,6
1997,4,15-12B,40
1997,4,15-12B/A,1
1997,4,15-12G,148
1997,4,15-15D,64
1997,4,15-15D/A,2
1997,4,20-F,4
1997,4,20-F/A,1
1997,4,20FR12G,2
1997,4,20FR12G/A,1
1997,4,24F-1,1
1997,4,24F-2NT,1804
1997,4,24F-2NT/A,10
1997,4,24F-2TM,37
1997,4,3,918
1997,4,3/A,86
1997,4,305B2,10
1997,4,35-CERT,106
1997,4,4,3573
1997,4,4/A,74
1997,4,40-17F2,39
1997,4,424A,44
1997,4,424B1,282
1997,4,424B2,524
1997,4,424B3,2015
1997,4,424B4,246
1997,4,424B5,596
1997,4,424B7,6
1997,4,485A24F,1
1997,4,485APOS,496
1997,4,485B24F,1
1997,4,485BPOS,1527
1997,4,485BXT,21
1997,4,486BPOS,3
1997,4,487,81
1997,4,497,3029
1997,4,497J,910
1997,4,5,327
1997,4,5/A,8
1997,4,6-K,53
1997,4,6-K/A,1
1997,4,8-A12B,282
1997,4,8-A12B/A,66
1997,4,8-A12G,296
1997,4,8-A12G/A,60
1997,4,8-K,6733
1997,4,8-K/A,764
1997,4,8-K12G3,9
1997,4,8-K12G3/A,1
1997,4,8-K15D5,15
1997,4,ARS,19
1997,4,AW,14
1997,4,BW-2,1
1997,4,DEF 14A,1179
1997,4,DEF 14C,58
1997,4,DEF13E3,13
1997,4,DEF13E3/A,1
1997,4,DEFA14A,296
1997,4,DEFA14C,3
1997,4,DEFC14A,13
1997,4,DEFM14A,62
1997,4,DEFM14C,2
1997,4,DEFN14A,2
1997,4,DEFR14A,52
1997,4,DEFR14C,4
1997,4,DEFS14A,286
1997,4,DEFS14C,7
1997,4,DEL AM,19
1997,4,DFAN14A,101
1997,4,DFRN14A,7
1997,4,F-1,3
1997,4,F-1/A,13
1997,4,F-3,13
1997,4,F-3/A,14
1997,4,F-4,40
1997,4,F-4/A,31
1997,4,N-1/A,6
1997,4,N-14,15
1997,4,N-14/A,6
1997,4,N-14AE,18
1997,4,N-14AE/A,1
1997,4,N-18F1,29
1997,4,N-18F1/A,3
1997,4,N-1A,53
1997,4,N-1A EL,16
1997,4,N-1A EL/A,5
1997,4,N-1A/A,77
1997,4,N-2,20
1997,4,N-2/A,23
1997,4,N-23C-1,9
1997,4,N-23C-2,1
1997,4,N-23C3B,11
1997,4,N-30B-2,154
1997,4,N-30D,1594
1997,4,N-30D/A,15
1997,4,N-4,23
1997,4,N-4 EL,1
1997,4,N-4 EL/A,3
1997,4,N-4/A,11
1997,4,N-5,1
1997,4,N-5/A,1
1997,4,N-54A,5
1997,4,N-54C,2
1997,4,N-54C/A,1
1997,4,N-8A,98
1997,4,N-8B-2,12
1997,4,N-8B-2/A,1
1997,4,N-8B-4,1
1997,4,N14AE24,9
1997,4,N14EL24,1
1997,4,N14EL24/A,1
1997,4,NSAR-A,447
1997,4,NSAR-A/A,25
1997,4,NSAR-B,950
1997,4,NSAR-B/A,38
1997,4,NSAR-BT,16
1997,4,NSAR-BT/A,1
1997,4,NT 10-K,186
1997,4,NT 10-K/A,3
1997,4,NT 10-Q,506
1997,4,NT 10-Q/A,4
1997,4,NT 11-K,3
1997,4,NT 20-F,1
1997,4,NT-NSAR,48
1997,4,NT-NSAR/A,6
1997,4,NTFNSAR,8
1997,4,NTN 10K,16
1997,4,NTN 10Q,16
1997,4,POS 8C,12
1997,4,POS AM,405
1997,4,POS AMC,29
1997,4,POS AMI,63
1997,4,POS EX,8
1997,4,POS462B,27
1997,4,POS462C,2
1997,4,PRE 14A,316
1997,4,PRE 14C,55
1997,4,PRE13E3,10
1997,4,PRE13E3/A,31
1997,4,PREC14A,25
1997,4,PREM14A,38
1997,4,PREM14C,4
1997,4,PREN14A,8
1997,4,PRER14A,131
1997,4,PRER14C,15
1997,4,PRES14A,227
1997,4,PRES14C,9
1997,4,PRRN14A,28
1997,4,PX14A6G,6
1997,4,RW,80
1997,4,S-1,327
1997,4,S-1/A,1047
1997,4,S-11,25
1997,4,S-11/A,83
1997,4,S-11MEF,4
1997,4,S-1MEF,45
1997,4,S-2,53
1997,4,S-2/A,119
1997,4,S-2MEF,8
1997,4,S-3,916
1997,4,S-3/A,748
1997,4,S-3D,23
1997,4,S-3DPOS,9
1997,4,S-3MEF,38
1997,4,S-4,801
1997,4,S-4 POS,7
1997,4,S-4/A,1514
1997,4,S-4EF,2
1997,4,S-4EF/A,1
1997,4,S-4MEF,6
1997,4,S-6,101
1997,4,S-6/A,47
1997,4,S-6EL24,14
1997,4,S-6EL24/A,4
1997,4,S-8,1368
1997,4,S-8 POS,176
1997,4,SB-1,2
1997,4,SB-1/A,3
1997,4,SB-2,110
1997,4,SB-2/A,211
1997,4,SB-2MEF,2
1997,4,SC 13D,2059
1997,4,SC 13D/A,2790
1997,4,SC 13E3,37
1997,4,SC 13E3/A,87
1997,4,SC 13E4,51
1997,4,SC 13E4/A,109
1997,4,SC 13G,745
1997,4,SC 13G/A,1224
1997,4,SC 14D1,115
1997,4,SC 14D1/A,427
1997,4,SC 14D9,63
1997,4,SC 14D9/A,64
1997,4,SC 14F1,11
1997,4,SP 15D2,1
1997,4,T-3,6
1997,4,T-3/A,3
1997,4,U-1,20
1997,4,U-1/A,67
1997,4,U-3A-2,1
1997,4,U-3A-2/A,1
1997,4,U-57,43
1997,4,U-57/A,11
1997,4,U-6B-2,15
1997,4,U-6B-2/A,1
1997,4,U-7D/A,4
1997,4,U-9C-3,13
1997,4,U5B,1
1998,1,10-12B,7
1998,1,10-12B/A,10
1998,1,10-12G,20
1998,1,10-12G/A,32
1998,1,10-K,4475
1998,1,10-K/A,357
1998,1,10-K405,2444
1998,1,10-K405/A,103
1998,1,10-KT,4
1998,1,10-Q,2601
1998,1,10-Q/A,350
1998,1,10-QT,4
1998,1,10-QT/A,1
1998,1,10KSB,862
1998,1,10KSB/A,95
1998,1,10KSB40,272
1998,1,10KSB40/A,20
1998,1,10KT405,3
1998,1,10KT405/A,1
1998,1,10QSB,986
1998,1,10QSB/A,170
1998,1,10SB12B,2
1998,1,10SB12G,39
1998,1,10SB12G/A,22
1998,1,11-K,83
1998,1,11-K/A,2
1998,1,11-KT,1
1998,1,13F-E,70
1998,1,13F-E/A,8
1998,1,13F-HR,7
1998,1,13FCONP,3
1998,1,13FCONP/A,4
1998,1,144,40
1998,1,144/A,4
1998,1,15-12B,44
1998,1,15-12B/A,2
1998,1,15-12G,209
1998,1,15-12G/A,4
1998,1,15-15D,419
1998,1,15-15D/A,2
1998,1,20-F,6
1998,1,20-F/A,3
1998,1,20FR12G,3
1998,1,20FR12G/A,1
1998,1,24F-2NT,4114
1998,1,24F-2NT/A,1199
1998,1,3,864
1998,1,3/A,51
1998,1,305B2,26
1998,1,35-CERT,117
1998,1,35-CERT/A,2
1998,1,4,4627
1998,1,4/A,93
1998,1,40-17F1,3
1998,1,40-17F2,93
1998,1,40-17F2/A,1
1998,1,40-17G,1
1998,1,40-6C/A,1
1998,1,424A,36
1998,1,424B1,205
1998,1,424B2,651
1998,1,424B3,1835
1998,1,424B4,182
1998,1,424B5,983
1998,1,424B7,1
1998,1,485APOS,543
1998,1,485BPOS,1389
1998,1,485BXT,5
1998,1,486APOS,1
1998,1,486BPOS,2
1998,1,487,111
1998,1,497,3202
1998,1,497H2,5
1998,1,497J,842
1998,1,5,2391
1998,1,5/A,46
1998,1,6-K,64
1998,1,6-K/A,2
1998,1,8-A12B,290
1998,1,8-A12B/A,80
1998,1,8-A12G,253
1998,1,8-A12G/A,36
1998,1,8-K,7030
1998,1,8-K/A,838
1998,1,8-K12G3,11
1998,1,8-K15D5,1
1998,1,ARS,30
1998,1,AW,20
1998,1,BW-2,1
1998,1,BW-3,2
1998,1,DEF 14A,2534
1998,1,DEF 14C,49
1998,1,DEF13E3,3
1998,1,DEFA14A,280
1998,1,DEFA14C,1
1998,1,DEFC14A,31
1998,1,DEFM14A,51
1998,1,DEFM14C,3
1998,1,DEFR14A,90
1998,1,DEFR14C,1
1998,1,DEFS14A,179
1998,1,DEFS14C,2
1998,1,DEL AM,7
1998,1,DFAN14A,243
1998,1,DFRN14A,46
1998,1,F-1,3
1998,1,F-1/A,9
1998,1,F-3,3
1998,1,F-3/A,2
1998,1,F-4/A,51
1998,1,G-405,1
1998,1,G-405N,1
1998,1,N-1/A,7
1998,1,N-14,18
1998,1,N-14/A,12
1998,1,N-14AE,10
1998,1,N-14AE/A,1
1998,1,N-18F1,19
1998,1,N-18F1/A,2
1998,1,N-1A,39
1998,1,N-1A/A,52
1998,1,N-2,25
1998,1,N-2/A,37
1998,1,N-23C-1,24
1998,1,N-23C-1/A,5
1998,1,N-23C-2,1
1998,1,N-23C3A,1
1998,1,N-23C3B,4
1998,1,N-23C3C,1
1998,1,N-2MEF,1
1998,1,N-3,5
1998,1,N-3/A,1
1998,1,N-30B-2,107
1998,1,N-30D,2572
1998,1,N-30D/A,36
1998,1,N-4,14
1998,1,N-4/A,13
1998,1,N-5/A,2
1998,1,N-54A,3
1998,1,N-54C,2
1998,1,N-54C/A,1
1998,1,N-8A,62
1998,1,N-8B-2,8
1998,1,N-8B-2/A,4
1998,1,NSAR-A,497
1998,1,NSAR-A/A,25
1998,1,NSAR-AT,3
1998,1,NSAR-B,1341
1998,1,NSAR-B/A,81
1998,1,NSAR-BT,6
1998,1,NSAR-U,661
1998,1,NSAR-U/A,20
1998,1,NT 10-K,686
1998,1,NT 10-K/A,6
1998,1,NT 10-Q,205
1998,1,NT 10-Q/A,3
1998,1,NT 11-K,4
1998,1,NT-NSAR,77
1998,1,NT-NSAR/A,5
1998,1,NTFNSAR,6
1998,1,NTN 10K,15
1998,1,NTN 10Q,22
1998,1,POS 8C,4
1998,1,POS AM,446
1998,1,POS AMC,17
1998,1,POS AMI,88
1998,1,POS EX,14
1998,1,POS462B,3
1998,1,POS462C,5
1998,1,PRE 14A,747
1998,1,PRE 14C,26
1998,1,PRE13E3,7
1998,1,PRE13E3/A,8
1998,1,PREC14A,55
1998,1,PREM14A,22
1998,1,PREM14C,7
1998,1,PRER14A,151
1998,1,PRER14C,15
1998,1,PRES14A,194
1998,1,PRES14C,1
1998,1,PRRN14A,42
1998,1,PX14A6G,1
1998,1,REGDEX,1
1998,1,RW,114
1998,1,S-1,210
1998,1,S-1/A,666
1998,1,S-11,25
1998,1,S-11/A,63
1998,1,S-11MEF,2
1998,1,S-1MEF,18
1998,1,S-2,30
1998,1,S-2/A,59
1998,1,S-20,1
1998,1,S-3,903
1998,1,S-3/A,792
1998,1,S-3D,17
1998,1,S-3DPOS,5
1998,1,S-3MEF,94
1998,1,S-4,594
1998,1,S-4 POS,6
1998,1,S-4/A,1014
1998,1,S-4EF,4
1998,1,S-4MEF,6
1998,1,S-6,128
1998,1,S-6/A,64
1998,1,S-8,1040
1998,1,S-8 POS,150
1998,1,SB-1,1
1998,1,SB-2,82
1998,1,SB-2/A,202
1998,1,SB-2MEF,3
1998,1,SC 13D,2163
1998,1,SC 13D/A,3050
1998,1,SC 13E3,27
1998,1,SC 13E3/A,95
1998,1,SC 13E4,28
1998,1,SC 13E4/A,46
1998,1,SC 13G,15885
1998,1,SC 13G/A,19386
1998,1,SC 14D1,108
1998,1,SC 14D1/A,585
1998,1,SC 14D9,53
1998,1,SC 14D9/A,134
1998,1,SC 14F1,18
1998,1,SC 14F1/A,4
1998,1,T-3,6
1998,1,T-3/A,7
1998,1,U-1,19
1998,1,U-1/A,54
1998,1,U-12-IB,260
1998,1,U-3A-2,95
1998,1,U-3A-2/A,5
1998,1,U-3A3-1,3
1998,1,U-57,16
1998,1,U-57/A,1
1998,1,U-6B-2,20
1998,1,U-6B-2/A,1
1998,1,U-7D,1
1998,1,U-7D/A,13
1998,1,U-9C-3,11
1998,1,U-9C-3/A,1
1998,1,U5A,2
1998,1,U5S,1
1998,1,U5S/A,1
1998,1,X-17A-5,2
1998,1,X-17A-5/A,1
1998,2,10-12B,10
1998,2,10-12B/A,15
1998,2,10-12G,35
1998,2,10-12G/A,29
1998,2,10-K,1137
1998,2,10-K/A,1029
1998,2,10-K405,415
1998,2,10-K405/A,323
1998,2,10-KT,5
1998,2,10-Q,9034
1998,2,10-Q/A,615
1998,2,10-QT/A,2
1998,2,10KSB,569
1998,2,10KSB/A,244
1998,2,10KSB40,122
1998,2,10KSB40/A,56
1998,2,10KT405,2
1998,2,10QSB,2155
1998,2,10QSB/A,174
1998,2,10SB12B,2
1998,2,10SB12B/A,2
1998,2,10SB12G,52
1998,2,10SB12G/A,36
1998,2,11-K,848
1998,2,11-K/A,16
1998,2,11-KT,3
1998,2,13F-E,71
1998,2,13F-E/A,10
1998,2,13F-HR,8
1998,2,13FCONP,5
1998,2,13FCONP/A,5
1998,2,144,20
1998,2,144/A,4
1998,2,15-12B,49
1998,2,15-12B/A,2
1998,2,15-12G,156
1998,2,15-12G/A,5
1998,2,15-15D,178
1998,2,20-F,76
1998,2,20-F/A,16
1998,2,20FR12B,3
1998,2,20FR12G,3
1998,2,20FR12G/A,3
1998,2,24F-2NT,840
1998,2,24F-2NT/A,6
1998,2,3,1405
1998,2,3/A,36
1998,2,305B2,13
1998,2,35-CERT,105
1998,2,35-CERT/A,4
1998,2,4,4455
1998,2,4/A,136
1998,2,40-17F1,1
1998,2,40-17F2,82
1998,2,40-17F2/A,3
1998,2,424A,39
1998,2,424B1,306
1998,2,424B2,459
1998,2,424B3,2073
1998,2,424B4,293
1998,2,424B5,681
1998,2,424B7,1
1998,2,485APOS,273
1998,2,485BPOS,2452
1998,2,485BXT,7
1998,2,486BPOS,6
1998,2,487,110
1998,2,497,3310
1998,2,497H2,1
1998,2,497J,1415
1998,2,497K1,42
1998,2,5,178
1998,2,5/A,37
1998,2,6-K,104
1998,2,6-K/A,1
1998,2,8-A12B,286
1998,2,8-A12B/A,70
1998,2,8-A12G,300
1998,2,8-A12G/A,43
1998,2,8-K,6739
1998,2,8-K/A,876
1998,2,8-K12G3,8
1998,2,8-K15D5,1
1998,2,ARS,39
1998,2,AW,28
1998,2,BW-2,1
1998,2,BW-3,2
1998,2,DEF 14A,3698
1998,2,DEF 14C,68
1998,2,DEF13E3,1
1998,2,DEF13E3/A,6
1998,2,DEFA14A,358
1998,2,DEFA14C,3
1998,2,DEFC14A,26
1998,2,DEFM14A,46
1998,2,DEFM14C,9
1998,2,DEFN14A,4
1998,2,DEFR14A,169
1998,2,DEFR14C,3
1998,2,DEFS14A,170
1998,2,DEFS14C,1
1998,2,DEL AM,10
1998,2,DFAN14A,107
1998,2,DFRN14A,9
1998,2,F-1,7
1998,2,F-1/A,14
1998,2,F-3,3
1998,2,F-3/A,8
1998,2,F-3DPOS,2
1998,2,F-4,7
1998,2,F-4/A,7
1998,2,N-1/A,1
1998,2,N-14,14
1998,2,N-14/A,14
1998,2,N-14AE,37
1998,2,N-14AE/A,1
1998,2,N-18F1,32
1998,2,N-18F1/A,1
1998,2,N-1A,41
1998,2,N-1A/A,64
1998,2,N-2,36
1998,2,N-2/A,49
1998,2,N-23C-1,22
1998,2,N-23C-2,4
1998,2,N-23C3A,3
1998,2,N-23C3B,6
1998,2,N-23C3C,1
1998,2,N-2MEF,1
1998,2,N-3,2
1998,2,N-3/A,3
1998,2,N-30B-2,164
1998,2,N-30D,1639
1998,2,N-30D/A,25
1998,2,N-4,26
1998,2,N-4/A,31
1998,2,N-54A/A,1
1998,2,N-8A,63
1998,2,N-8A/A,7
1998,2,N-8B-2,2
1998,2,N-8B-2/A,3
1998,2,NSAR-A,1005
1998,2,NSAR-A/A,33
1998,2,NSAR-AT,6
1998,2,NSAR-AT/A,1
1998,2,NSAR-B,424
1998,2,NSAR-B/A,43
1998,2,NSAR-BT,6
1998,2,NSAR-U,18
1998,2,NSAR-U/A,4
1998,2,NT 10-K,490
1998,2,NT 10-K/A,26
1998,2,NT 10-Q,598
1998,2,NT 10-Q/A,7
1998,2,NT 11-K,88
1998,2,NT 15D2,1
1998,2,NT 15D2/A,1
1998,2,NT 20-F,3
1998,2,NT-NSAR,49
1998,2,NTFNSAR,1
1998,2,NTN 10K,35
1998,2,NTN 10Q,23
1998,2,POS 8C,8
1998,2,POS AM,458
1998,2,POS AMC,9
1998,2,POS AMI,77
1998,2,POS EX,4
1998,2,POS462B,13
1998,2,POS462C,1
1998,2,PRE 14A,704
1998,2,PRE 14C,36
1998,2,PRE13E3,13
1998,2,PRE13E3/A,10
1998,2,PREC14A,39
1998,2,PREM14A,41
1998,2,PREM14C,6
1998,2,PRER14A,196
1998,2,PRER14C,14
1998,2,PRES14A,124
1998,2,PRES14C,3
1998,2,PRRN14A,72
1998,2,PX14A6G,8
1998,2,REGDEX,1
1998,2,RW,77
1998,2,S-1,359
1998,2,S-1/A,793
1998,2,S-11,25
1998,2,S-11/A,83
1998,2,S-1MEF,36
1998,2,S-2,36
1998,2,S-2/A,40
1998,2,S-2MEF,4
1998,2,S-3,1063
1998,2,S-3/A,930
1998,2,S-3D,14
1998,2,S-3DPOS,13
1998,2,S-3MEF,28
1998,2,S-4,1138
1998,2,S-4 POS,10
1998,2,S-4/A,1516
1998,2,S-4EF,5
1998,2,S-4EF/A,1
1998,2,S-6,137
1998,2,S-6/A,61
1998,2,S-8,1584
1998,2,S-8 POS,184
1998,2,SB-1/A,3
1998,2,SB-2,92
1998,2,SB-2/A,200
1998,2,SB-2MEF,4
1998,2,SC 13D,1527
1998,2,SC 13D/A,2449
1998,2,SC 13E3,43
1998,2,SC 13E3/A,101
1998,2,SC 13E4,28
1998,2,SC 13E4/A,57
1998,2,SC 13G,1857
1998,2,SC 13G/A,1630
1998,2,SC 14D1,140
1998,2,SC 14D1/A,590
1998,2,SC 14D9,81
1998,2,SC 14D9/A,104
1998,2,SC 14F1,14
1998,2,SP 15D2,2
1998,2,T-3,6
1998,2,T-3/A,1
1998,2,U-1,15
1998,2,U-1/A,51
1998,2,U-12-IB,12
1998,2,U-13-60,30
1998,2,U-13-60/A,1
1998,2,U-33-S,4
1998,2,U-3A-2,5
1998,2,U-3A-2/A,5
1998,2,U-57,20
1998,2,U-57/A,3
1998,2,U-6B-2,37
1998,2,U-6B-2/A,1
1998,2,U-7D,1
1998,2,U-7D/A,2
1998,2,U-9C-3,15
1998,2,U5A,1
1998,2,U5B,2
1998,2,U5S,16
1998,2,U5S/A,4
1998,3,10-12B,4
1998,3,10-12B/A,13
1998,3,10-12G,24
1998,3,10-12G/A,41
1998,3,10-K,692
1998,3,10-K/A,308
1998,3,10-K405,249
1998,3,10-K405/A,97
1998,3,10-KT,3
1998,3,10-KT/A,1
1998,3,10-Q,8812
1998,3,10-Q/A,598
1998,3,10-QT,3
1998,3,10KSB,311
1998,3,10KSB/A,117
1998,3,10KSB40,76
1998,3,10KSB40/A,29
1998,3,10KT405,1
1998,3,10QSB,2117
1998,3,10QSB/A,236
1998,3,10SB12B,1
1998,3,10SB12B/A,3
1998,3,10SB12G,44
1998,3,10SB12G/A,53
1998,3,11-K,128
1998,3,11-K/A,15
1998,3,13F-E,40
1998,3,13F-E/A,4
1998,3,13F-HR,9
1998,3,13FCONP,5
1998,3,13FCONP/A,6
1998,3,144,26
1998,3,144/A,12
1998,3,15-12B,62
1998,3,15-12B/A,2
1998,3,15-12G,185
1998,3,15-12G/A,2
1998,3,15-15D,70
1998,3,15-15D/A,4
1998,3,20-F,14
1998,3,20-F/A,6
1998,3,20FR12B,12
1998,3,24F-2NT,994
1998,3,24F-2NT/A,2
1998,3,3,1047
1998,3,3/A,53
1998,3,305B2,8
1998,3,35-CERT,105
1998,3,35-CERT/A,1
1998,3,4,4734
1998,3,4/A,197
1998,3,40-17F1,4
1998,3,40-17F2,99
1998,3,424A,17
1998,3,424B1,178
1998,3,424B2,341
1998,3,424B3,1878
1998,3,424B4,102
1998,3,424B5,459
1998,3,424B7,1
1998,3,485APOS,389
1998,3,485BPOS,1170
1998,3,485BXT,18
1998,3,486BPOS,2
1998,3,487,118
1998,3,497,3777
1998,3,497H2,1
1998,3,497J,762
1998,3,497K1,30
1998,3,497K2,40
1998,3,5,478
1998,3,5/A,46
1998,3,6-K,127
1998,3,6-K/A,1
1998,3,8-A12B,236
1998,3,8-A12B/A,54
1998,3,8-A12G,226
1998,3,8-A12G/A,44
1998,3,8-K,6728
1998,3,8-K/A,798
1998,3,8-K12G3,17
1998,3,ARS,22
1998,3,AW,17
1998,3,BW-2,1
1998,3,DEF 14A,1185
1998,3,DEF 14C,49
1998,3,DEF13E3,7
1998,3,DEF13E3/A,12
1998,3,DEFA14A,324
1998,3,DEFC14A,14
1998,3,DEFC14C,1
1998,3,DEFM14A,73
1998,3,DEFM14C,1
1998,3,DEFN14A,10
1998,3,DEFR14A,58
1998,3,DEFR14C,4
1998,3,DEFS14A,161
1998,3,DEFS14C,2
1998,3,DEL AM,11
1998,3,DFAN14A,128
1998,3,DFRN14A,7
1998,3,F-1,1
1998,3,F-1/A,2
1998,3,F-2,1
1998,3,F-3,2
1998,3,F-4,27
1998,3,F-4/A,4
1998,3,N-1/A,4
1998,3,N-14,42
1998,3,N-14/A,21
1998,3,N-14AE,6
1998,3,N-14AE/A,2
1998,3,N-18F1,14
1998,3,N-1A,47
1998,3,N-1A/A,59
1998,3,N-2,27
1998,3,N-2/A,31
1998,3,N-23C-1,19
1998,3,N-23C-1/A,3
1998,3,N-23C-2,1
1998,3,N-23C3A,1
1998,3,N-23C3B,5
1998,3,N-23C3C,3
1998,3,N-30B-2,101
1998,3,N-30D,2536
1998,3,N-30D/A,21
1998,3,N-4,37
1998,3,N-4/A,20
1998,3,N-54A,3
1998,3,N-54C,3
1998,3,N-6F,2
1998,3,N-6F/A,1
1998,3,N-8A,87
1998,3,N-8A/A,15
1998,3,N-8B-2,14
1998,3,N-8B-2/A,3
1998,3,NSAR-A,1317
1998,3,NSAR-A/A,47
1998,3,NSAR-AT,4
1998,3,NSAR-B,517
1998,3,NSAR-B/A,52
1998,3,NSAR-BT,6
1998,3,NSAR-U,1
1998,3,NT 10-K,310
1998,3,NT 10-K/A,7
1998,3,NT 10-Q,518
1998,3,NT 10-Q/A,3
1998,3,NT 11-K,12
1998,3,NT 20-F,2
1998,3,NT-NSAR,60
1998,3,NTFNSAR,10
1998,3,NTN 10K,17
1998,3,NTN 10Q,60
1998,3,POS 8C,5
1998,3,POS AM,333
1998,3,POS AMC,17
1998,3,POS AMI,55
1998,3,POS EX,8
1998,3,POS462B,4
1998,3,POS462C,2
1998,3,PRE 14A,334
1998,3,PRE 14C,40
1998,3,PRE13E3,29
1998,3,PRE13E3/A,23
1998,3,PREC14A,31
1998,3,PREM14A,58
1998,3,PREM14C,4
1998,3,PREN14A,16
1998,3,PRER14A,177
1998,3,PRER14C,8
1998,3,PRES14A,204
1998,3,PRES14C,4
1998,3,PRRN14A,36
1998,3,PX14A6G,4
1998,3,REGDEX,1
1998,3,RW,122
1998,3,S-1,232
1998,3,S-1/A,556
1998,3,S-11,12
1998,3,S-11/A,33
1998,3,S-1MEF,6
1998,3,S-2,33
1998,3,S-2/A,42
1998,3,S-2MEF,4
1998,3,S-3,892
1998,3,S-3/A,600
1998,3,S-3D,14
1998,3,S-3DPOS,16
1998,3,S-3MEF,13
1998,3,S-4,1020
1998,3,S-4 POS,12
1998,3,S-4/A,1567
1998,3,S-4EF,5
1998,3,S-4MEF,12
1998,3,S-6,218
1998,3,S-6/A,60
1998,3,S-8,1430
1998,3,S-8 POS,236
1998,3,SB-1,5
1998,3,SB-1/A,1
1998,3,SB-2,129
1998,3,SB-2/A,190
1998,3,SB-2MEF,3
1998,3,SC 13D,1517
1998,3,SC 13D/A,2520
1998,3,SC 13E1,1
1998,3,SC 13E1/A,2
1998,3,SC 13E3,25
1998,3,SC 13E3/A,97
1998,3,SC 13E4,32
1998,3,SC 13E4/A,42
1998,3,SC 13G,3213
1998,3,SC 13G/A,1887
1998,3,SC 14D1,133
1998,3,SC 14D1/A,664
1998,3,SC 14D9,65
1998,3,SC 14D9/A,95
1998,3,SC 14F1,8
1998,3,T-3,7
1998,3,T-3/A,10
1998,3,U-1,23
1998,3,U-1/A,49
1998,3,U-12-IB,1
1998,3,U-3A-2,1
1998,3,U-3A-2/A,1
1998,3,U-57,20
1998,3,U-57/A,8
1998,3,U-6B-2,29
1998,3,U-9C-3,13
1998,3,U-9C-3/A,1
1998,3,U5B,1
1998,3,U5B/A,1
1998,4,10-12B,4
1998,4,10-12B/A,6
1998,4,10-12G,15
1998,4,10-12G/A,34
1998,4,10-K,626
1998,4,10-K/A,249
1998,4,10-K405,249
1998,4,10-K405/A,66
1998,4,10-KT,2
1998,4,10-Q,8792
1998,4,10-Q/A,572
1998,4,10-QT,5
1998,4,10KSB,259
1998,4,10KSB/A,126
1998,4,10KSB40,62
1998,4,10KSB40/A,24
1998,4,10KT405,1
1998,4,10QSB,2197
1998,4,10QSB/A,225
1998,4,10SB12B/A,3
1998,4,10SB12G,40
1998,4,10SB12G/A,56
1998,4,11-K,68
1998,4,11-K/A,1
1998,4,11-KT,1
1998,4,13F-E,71
1998,4,13F-E/A,3
1998,4,13F-HR,10
1998,4,13FCONP,5
1998,4,13FCONP/A,5
1998,4,144,41
1998,4,144/A,30
1998,4,15-12B,46
1998,4,15-12B/A,1
1998,4,15-12G,157
1998,4,15-12G/A,4
1998,4,15-15D,48
1998,4,15-15D/A,3
1998,4,20-F,12
1998,4,20-F/A,3
1998,4,20FR12B/A,12
1998,4,20FR12G/A,1
1998,4,24F-2NT,2025
1998,4,24F-2NT/A,8
1998,4,3,1001
1998,4,3/A,57
1998,4,305B2,26
1998,4,35-CERT,104
1998,4,35-CERT/A,1
1998,4,4,4616
1998,4,4/A,114
1998,4,40-17F1,2
1998,4,40-17F2,141
1998,4,40-17F2/A,1
1998,4,424A,8
1998,4,424B1,209
1998,4,424B2,413
1998,4,424B3,1898
1998,4,424B4,103
1998,4,424B5,526
1998,4,485APOS,942
1998,4,485BPOS,1329
1998,4,485BXT,21
1998,4,486BPOS,3
1998,4,487,122
1998,4,497,4335
1998,4,497J,825
1998,4,497K1,40
1998,4,497K2,14
1998,4,497K3A,1
1998,4,497K3B,27
1998,4,5,399
1998,4,5/A,6
1998,4,6-K,147
1998,4,6-K/A,2
1998,4,8-A12B,275
1998,4,8-A12B/A,87
1998,4,8-A12G,220
1998,4,8-A12G/A,45
1998,4,8-K,7459
1998,4,8-K/A,773
1998,4,8-K12G3,8
1998,4,ARS,17
1998,4,AW,16
1998,4,BW-2,1
1998,4,BW-3,1
1998,4,DEF 14A,1149
1998,4,DEF 14C,39
1998,4,DEF13E3,2
1998,4,DEF13E3/A,6
1998,4,DEFA14A,241
1998,4,DEFA14C,2
1998,4,DEFC14A,24
1998,4,DEFC14C,2
1998,4,DEFM14A,58
1998,4,DEFM14C,2
1998,4,DEFN14A,8
1998,4,DEFR14A,64
1998,4,DEFR14C,1
1998,4,DEFS14A,236
1998,4,DEFS14C,3
1998,4,DEL AM,7
1998,4,DFAN14A,200
1998,4,DFRN14A,6
1998,4,F-1,1
1998,4,F-1/A,1
1998,4,F-3,4
1998,4,F-3/A,5
1998,4,F-4,6
1998,4,F-4/A,73
1998,4,N-1,1
1998,4,N-1/A,3
1998,4,N-14,24
1998,4,N-14/A,13
1998,4,N-14AE,3
1998,4,N-14AE/A,2
1998,4,N-18F1,40
1998,4,N-1A,47
1998,4,N-1A/A,66
1998,4,N-2,34
1998,4,N-2/A,27
1998,4,N-23C-1,21
1998,4,N-23C-2,1
1998,4,N-23C3A,2
1998,4,N-23C3B,7
1998,4,N-23C3C,6
1998,4,N-27D-1,3
1998,4,N-30B-2,159
1998,4,N-30D,1654
1998,4,N-30D/A,31
1998,4,N-4,30
1998,4,N-4/A,34
1998,4,N-54A,2
1998,4,N-54C,2
1998,4,N-8A,73
1998,4,N-8A/A,3
1998,4,N-8B-2,6
1998,4,N-8B-2/A,2
1998,4,NSAR-A,413
1998,4,NSAR-A/A,18
1998,4,NSAR-AT,8
1998,4,NSAR-AT/A,1
1998,4,NSAR-B,944
1998,4,NSAR-B/A,51
1998,4,NSAR-BT,14
1998,4,NT 10-K,201
1998,4,NT 10-K/A,2
1998,4,NT 10-Q,507
1998,4,NT 10-Q/A,5
1998,4,NT 11-K,2
1998,4,NT 20-F,1
1998,4,NT-NSAR,67
1998,4,NTFNSAR,3
1998,4,NTN 10K,16
1998,4,NTN 10Q,30
1998,4,POS 8C,8
1998,4,POS AM,361
1998,4,POS AMC,15
1998,4,POS AMI,87
1998,4,POS EX,16
1998,4,POS462B,9
1998,4,PRE 14A,324
1998,4,PRE 14C,26
1998,4,PRE13E3,15
1998,4,PRE13E3/A,26
1998,4,PREC14A,44
1998,4,PREC14C,2
1998,4,PREM14A,40
1998,4,PREM14C,6
1998,4,PREN14A,16
1998,4,PRER14A,148
1998,4,PRER14C,10
1998,4,PRES14A,174
1998,4,PRES14C,4
1998,4,PRRN14A,64
1998,4,REGDEX,2
1998,4,REGDEX/A,2
1998,4,RW,105
1998,4,S-1,121
1998,4,S-1/A,380
1998,4,S-11,7
1998,4,S-11/A,17
1998,4,S-1MEF,3
1998,4,S-2,18
1998,4,S-2/A,32
1998,4,S-3,670
1998,4,S-3/A,649
1998,4,S-3D,10
1998,4,S-3DPOS,7
1998,4,S-3MEF,21
1998,4,S-4,380
1998,4,S-4 POS,4
1998,4,S-4/A,1489
1998,4,S-4EF,1
1998,4,S-4EF/A,4
1998,4,S-4MEF,7
1998,4,S-6,87
1998,4,S-6/A,52
1998,4,S-8,1170
1998,4,S-8 POS,191
1998,4,SB-1,2
1998,4,SB-1/A,4
1998,4,SB-2,74
1998,4,SB-2/A,209
1998,4,SB-2MEF,3
1998,4,SC 13D,1488
1998,4,SC 13D/A,2904
1998,4,SC 13E1,1
1998,4,SC 13E3,40
1998,4,SC 13E3/A,137
1998,4,SC 13E4,44
1998,4,SC 13E4/A,80
1998,4,SC 13G,1410
1998,4,SC 13G/A,1981
1998,4,SC 14D1,112
1998,4,SC 14D1/A,644
1998,4,SC 14D9,62
1998,4,SC 14D9/A,124
1998,4,SC 14F1,20
1998,4,SC 14F1/A,1
1998,4,T-3,8
1998,4,T-3/A,13
1998,4,U-1,25
1998,4,U-1/A,48
1998,4,U-12-IB,2
1998,4,U-3A-2,3
1998,4,U-57,21
1998,4,U-57/A,2
1998,4,U-6B-2,29
1998,4,U-7D,1
1998,4,U-7D/A,11
1998,4,U-9C-3,16
1998,4,U-9C-3/A,2
1998,4,U5S/A,2
1998,4,X-17A-5/A,1
1999,1,10-12B,3
1999,1,10-12B/A,5
1999,1,10-12G,30
1999,1,10-12G/A,22
1999,1,10-K,4427
1999,1,10-K/A,341
1999,1,10-K405,2382
1999,1,10-K405/A,107
1999,1,10-KT,4
1999,1,10-KT/A,1
1999,1,10-Q,2485
1999,1,10-Q/A,794
1999,1,10-QT,6
1999,1,10KSB,825
1999,1,10KSB/A,95
1999,1,10KSB40,256
1999,1,10KSB40/A,20
1999,1,10KT405,6
1999,1,10QSB,979
1999,1,10QSB/A,254
1999,1,10SB12B,3
1999,1,10SB12B/A,5
1999,1,10SB12G,87
1999,1,10SB12G/A,46
1999,1,11-K,83
1999,1,11-K/A,1
1999,1,13F-E,77
1999,1,13F-E/A,40
1999,1,13F-HR,26
1999,1,13F-HR/A,5
1999,1,13F-NT,5
1999,1,13FCONP,5
1999,1,13FCONP/A,6
1999,1,144,29
1999,1,15-12B,56
1999,1,15-12G,215
1999,1,15-12G/A,12
1999,1,15-15D,434
1999,1,15-15D/A,5
1999,1,20-F,23
1999,1,20-F/A,2
1999,1,20FR12B,1
1999,1,20FR12B/A,2
1999,1,20FR12G,1
1999,1,20FR12G/A,2
1999,1,24F-2NT,4110
1999,1,24F-2NT/A,16
1999,1,3,1156
1999,1,3/A,46
1999,1,305B2,12
1999,1,35-CERT,127
1999,1,35-CERT/A,4
1999,1,4,5322
1999,1,4/A,135
1999,1,40-17F1,3
1999,1,40-17F1/A,1
1999,1,40-17F2,103
1999,1,40-17F2/A,1
1999,1,424A,22
1999,1,424B1,128
1999,1,424B2,358
1999,1,424B3,1505
1999,1,424B4,152
1999,1,424B5,538
1999,1,485APOS,1394
1999,1,485BPOS,1132
1999,1,485BXT,34
1999,1,486APOS,1
1999,1,486BPOS,5
1999,1,487,131
1999,1,497,3408
1999,1,497J,706
1999,1,497K1,48
1999,1,497K2,18
1999,1,497K3A,12
1999,1,497K3B,13
1999,1,5,3390
1999,1,5/A,110
1999,1,6-K,128
1999,1,6-K/A,3
1999,1,8-A12B,228
1999,1,8-A12B/A,83
1999,1,8-A12G,202
1999,1,8-A12G/A,53
1999,1,8-K,7007
1999,1,8-K/A,786
1999,1,8-K12G3,14
1999,1,8-K15D5,1
1999,1,ARS,32
1999,1,AW,14
1999,1,BW-2,1
1999,1,DEF 14A,2547
1999,1,DEF 14C,48
1999,1,DEF13E3,13
1999,1,DEFA14A,203
1999,1,DEFA14C,2
1999,1,DEFC14A,19
1999,1,DEFC14C,1
1999,1,DEFM14A,45
1999,1,DEFM14C,5
1999,1,DEFN14A,5
1999,1,DEFR14A,87
1999,1,DEFR14C,7
1999,1,DEFS14A,163
1999,1,DEFS14C,2
1999,1,DEL AM,5
1999,1,DFAN14A,64
1999,1,DFRN14A,18
1999,1,F-1,6
1999,1,F-1/A,11
1999,1,F-3,2
1999,1,F-3/A,4
1999,1,F-4,5
1999,1,F-4/A,6
1999,1,F-6,1
1999,1,F-6/A,2
1999,1,G-405,1
1999,1,N-1/A,7
1999,1,N-14,34
1999,1,N-14/A,20
1999,1,N-14AE,3
1999,1,N-18F1,20
1999,1,N-1A,20
1999,1,N-1A/A,43
1999,1,N-2,41
1999,1,N-2/A,53
1999,1,N-23C-1,25
1999,1,N-23C-1/A,1
1999,1,N-23C-2,1
1999,1,N-23C3A,2
1999,1,N-23C3A/A,1
1999,1,N-23C3B,7
1999,1,N-23C3C,6
1999,1,N-27D-1,3
1999,1,N-30B-2,83
1999,1,N-30D,2603
1999,1,N-30D/A,34
1999,1,N-4,35
1999,1,N-4/A,18
1999,1,N-54C,6
1999,1,N-8A,39
1999,1,N-8A/A,16
1999,1,N-8B-2,8
1999,1,NSAR-A,508
1999,1,NSAR-A/A,49
1999,1,NSAR-AT,4
1999,1,NSAR-B,1337
1999,1,NSAR-B/A,84
1999,1,NSAR-BT,13
1999,1,NSAR-BT/A,1
1999,1,NSAR-U,670
1999,1,NSAR-U/A,11
1999,1,NT 10-K,663
1999,1,NT 10-K/A,4
1999,1,NT 10-Q,257
1999,1,NT 10-Q/A,9
1999,1,NT 11-K,2
1999,1,NT 20-F,2
1999,1,NT-NSAR,118
1999,1,NTFNSAR,4
1999,1,NTN 10K,15
1999,1,NTN 10Q,16
1999,1,POS 8C,3
1999,1,POS AM,291
1999,1,POS AMC,15
1999,1,POS AMI,64
1999,1,POS EX,14
1999,1,POS462B,5
1999,1,PRE 14A,684
1999,1,PRE 14C,26
1999,1,PRE13E3,11
1999,1,PRE13E3/A,21
1999,1,PREC14A,38
1999,1,PREC14C,1
1999,1,PREM14A,51
1999,1,PREM14C,11
1999,1,PREN14A,10
1999,1,PRER14A,144
1999,1,PRER14C,10
1999,1,PRES14A,169
1999,1,PRES14C,2
1999,1,PRRN14A,78
1999,1,PX14A6G,3
1999,1,RW,86
1999,1,S-1,200
1999,1,S-1/A,498
1999,1,S-11,4
1999,1,S-11/A,19
1999,1,S-1MEF,15
1999,1,S-2,15
1999,1,S-2/A,21
1999,1,S-3,631
1999,1,S-3/A,816
1999,1,S-3D,19
1999,1,S-3DPOS,9
1999,1,S-3MEF,29
1999,1,S-4,854
1999,1,S-4 POS,2
1999,1,S-4/A,838
1999,1,S-4EF,1
1999,1,S-4MEF,5
1999,1,S-6,140
1999,1,S-6/A,70
1999,1,S-8,1033
1999,1,S-8 POS,130
1999,1,SB-1,2
1999,1,SB-1/A,10
1999,1,SB-2,65
1999,1,SB-2/A,192
1999,1,SB-2MEF,2
1999,1,SC 13D,1624
1999,1,SC 13D/A,2921
1999,1,SC 13E1,1
1999,1,SC 13E1/A,1
1999,1,SC 13E3,37
1999,1,SC 13E3/A,91
1999,1,SC 13E4,26
1999,1,SC 13E4/A,53
1999,1,SC 13G,14571
1999,1,SC 13G/A,20439
1999,1,SC 14D1,128
1999,1,SC 14D1/A,461
1999,1,SC 14D9,55
1999,1,SC 14D9/A,62
1999,1,SC 14F1,11
1999,1,SC 14F1/A,2
1999,1,T-3,3
1999,1,T-3/A,2
1999,1,U-1,19
1999,1,U-1/A,49
1999,1,U-12-IA,8
1999,1,U-12-IB,364
1999,1,U-3A-2,86
1999,1,U-3A-2/A,7
1999,1,U-3A3-1,2
1999,1,U-57,23
1999,1,U-57/A,16
1999,1,U-6B-2,17
1999,1,U-7D,2
1999,1,U-7D/A,2
1999,1,U-9C-3,16
1999,1,U5S,1
1999,2,10-12B,6
1999,2,10-12B/A,3
1999,2,10-12G,41
1999,2,10-12G/A,55
1999,2,10-K,1124
1999,2,10-K/A,864
1999,2,10-K405,499
1999,2,10-K405/A,309
1999,2,10-KT,4
1999,2,10-KT/A,1
1999,2,10-Q,8828
1999,2,10-Q/A,587
1999,2,10-QT,2
1999,2,10-QT/A,1
1999,2,10KSB,577
1999,2,10KSB/A,216
1999,2,10KSB40,138
1999,2,10KSB40/A,50
1999,2,10KT405,2
1999,2,10QSB,2196
1999,2,10QSB/A,172
1999,2,10SB12B,8
1999,2,10SB12B/A,7
1999,2,10SB12G,191
1999,2,10SB12G/A,130
1999,2,11-K,979
1999,2,11-K/A,17
1999,2,11-KT,3
1999,2,13F-HR,1603
1999,2,13F-HR/A,130
1999,2,13F-NT,292
1999,2,13F-NT/A,8
1999,2,13FCONP,7
1999,2,13FCONP/A,3
1999,2,144,26
1999,2,144/A,10
1999,2,15-12B,43
1999,2,15-12B/A,1
1999,2,15-12G,182
1999,2,15-12G/A,4
1999,2,15-15D,142
1999,2,15-15D/A,4
1999,2,18-K,1
1999,2,20-F,81
1999,2,20-F/A,5
1999,2,20FR12B,8
1999,2,20FR12B/A,2
1999,2,20FR12G,6
1999,2,20FR12G/A,2
1999,2,24F-2NT,985
1999,2,24F-2NT/A,8
1999,2,25,1
1999,2,3,1354
1999,2,3/A,61
1999,2,305B2,18
1999,2,35-CERT,99
1999,2,35-CERT/A,5
1999,2,4,5459
1999,2,4/A,105
1999,2,40-17F1,1
1999,2,40-17F2,244
1999,2,40-17F2/A,2
1999,2,40-8F-L,3
1999,2,40-8F-M,3
1999,2,424A,27
1999,2,424B1,328
1999,2,424B2,378
1999,2,424B3,1935
1999,2,424B4,185
1999,2,424B5,569
1999,2,485APOS,585
1999,2,485BPOS,2381
1999,2,485BXT,29
1999,2,486APOS,1
1999,2,486BPOS,6
1999,2,487,123
1999,2,497,3890
1999,2,497J,1376
1999,2,497K1,103
1999,2,497K2,8
1999,2,497K3B,54
1999,2,5,358
1999,2,5/A,12
1999,2,6-K,179
1999,2,6-K/A,2
1999,2,8-A12B,219
1999,2,8-A12B/A,83
1999,2,8-A12G,340
1999,2,8-A12G/A,82
1999,2,8-K,6883
1999,2,8-K/A,709
1999,2,8-K12G3,6
1999,2,8-K12G3/A,1
1999,2,ARS,39
1999,2,AW,18
1999,2,BW-2,1
1999,2,BW-3,3
1999,2,DEF 14A,3707
1999,2,DEF 14C,64
1999,2,DEF13E3,5
1999,2,DEF13E3/A,1
1999,2,DEFA14A,491
1999,2,DEFA14C,2
1999,2,DEFC14A,73
1999,2,DEFC14C,2
1999,2,DEFM14A,59
1999,2,DEFM14C,9
1999,2,DEFN14A,14
1999,2,DEFR14A,147
1999,2,DEFR14C,4
1999,2,DEFS14A,157
1999,2,DEL AM,15
1999,2,DFAN14A,208
1999,2,DFRN14A,14
1999,2,F-1,7
1999,2,F-1/A,20
1999,2,F-1MEF,1
1999,2,F-2/A,1
1999,2,F-3,1
1999,2,F-3/A,3
1999,2,F-4,12
1999,2,F-4/A,9
1999,2,N-1/A,1
1999,2,N-14,22
1999,2,N-14/A,15
1999,2,N-14AE,16
1999,2,N-14AE/A,1
1999,2,N-18F1,21
1999,2,N-1A,41
1999,2,N-1A/A,69
1999,2,N-2,54
1999,2,N-2/A,59
1999,2,N-23C-1,29
1999,2,N-23C-2,2
1999,2,N-23C3A,4
1999,2,N-23C3A/A,1
1999,2,N-23C3B,5
1999,2,N-23C3C,6
1999,2,N-2MEF,1
1999,2,N-3,2
1999,2,N-30B-2,151
1999,2,N-30D,1738
1999,2,N-30D/A,22
1999,2,N-4,41
1999,2,N-4/A,35
1999,2,N-6F,1
1999,2,N-8A,66
1999,2,N-8A/A,17
1999,2,N-8B-2,6
1999,2,NSAR-A,1019
1999,2,NSAR-A/A,37
1999,2,NSAR-AT,2
1999,2,NSAR-B,417
1999,2,NSAR-B/A,48
1999,2,NSAR-BT,4
1999,2,NSAR-BT/A,2
1999,2,NSAR-U,38
1999,2,NT 10-K,675
1999,2,NT 10-K/A,21
1999,2,NT 10-Q,571
1999,2,NT 10-Q/A,9
1999,2,NT 11-K,102
1999,2,NT 11-K/A,1
1999,2,NT 20-F,4
1999,2,NT-NSAR,70
1999,2,NTFNSAR,19
1999,2,NTN 10K,25
1999,2,NTN 10Q,23
1999,2,POS 8C,5
1999,2,POS AM,483
1999,2,POS AMC,14
1999,2,POS AMI,71
1999,2,POS EX,14
1999,2,POS462B,2
1999,2,POS462C,4
1999,2,PRE 14A,637
1999,2,PRE 14C,37
1999,2,PRE13E3,5
1999,2,PRE13E3/A,5
1999,2,PREC14A,70
1999,2,PREM14A,48
1999,2,PREM14C,8
1999,2,PREN14A,16
1999,2,PRER14A,171
1999,2,PRER14C,12
1999,2,PRES14A,118
1999,2,PRES14C,5
1999,2,PRRN14A,64
1999,2,PX14A6G,10
1999,2,REGDEX,5
1999,2,REGDEX/A,1
1999,2,RW,87
1999,2,S-1,283
1999,2,S-1/A,922
1999,2,S-11,10
1999,2,S-11/A,23
1999,2,S-1MEF,20
1999,2,S-2,25
1999,2,S-2/A,20
1999,2,S-3,824
1999,2,S-3/A,877
1999,2,S-3D,18
1999,2,S-3DPOS,14
1999,2,S-3MEF,29
1999,2,S-4,1046
1999,2,S-4 POS,7
1999,2,S-4/A,1569
1999,2,S-4EF,2
1999,2,S-4MEF,1
1999,2,S-6,146
1999,2,S-6/A,82
1999,2,S-8,1465
1999,2,S-8 POS,218
1999,2,SB-1,3
1999,2,SB-1/A,2
1999,2,SB-2,82
1999,2,SB-2/A,189
1999,2,SB-2MEF,2
1999,2,SC 13D,1528
1999,2,SC 13D/A,2626
1999,2,SC 13E1/A,1
1999,2,SC 13E3,57
1999,2,SC 13E3/A,218
1999,2,SC 13E4,41
1999,2,SC 13E4/A,73
1999,2,SC 13G,1395
1999,2,SC 13G/A,1789
1999,2,SC 14D1,291
1999,2,SC 14D1/A,613
1999,2,SC 14D9,142
1999,2,SC 14D9/A,111
1999,2,SC 14F1,21
1999,2,SC 14F1/A,2
1999,2,SP 15D2,5
1999,2,T-3,1
1999,2,U-1,24
1999,2,U-1/A,43
1999,2,U-13-60,29
1999,2,U-13-60/A,1
1999,2,U-33-S,5
1999,2,U-3A-2,10
1999,2,U-3A-2/A,2
1999,2,U-3A3-1,1
1999,2,U-57,27
1999,2,U-57/A,6
1999,2,U-6B-2,28
1999,2,U-9C-3,16
1999,2,U-9C-3/A,2
1999,2,U5S,19
1999,2,U5S/A,4
1999,3,10-12B,11
1999,3,10-12B/A,14
1999,3,10-12G,33
1999,3,10-12G/A,69
1999,3,10-K,611
1999,3,10-K/A,280
1999,3,10-K405,243
1999,3,10-K405/A,92
1999,3,10-Q,8670
1999,3,10-Q/A,495
1999,3,10-QT,2
1999,3,10KSB,384
1999,3,10KSB/A,105
1999,3,10KSB40,83
1999,3,10KSB40/A,22
1999,3,10KT405/A,1
1999,3,10QSB,2421
1999,3,10QSB/A,182
1999,3,10SB12B,6
1999,3,10SB12B/A,9
1999,3,10SB12G,300
1999,3,10SB12G/A,347
1999,3,11-K,136
1999,3,11-K/A,17
1999,3,13F-HR,1726
1999,3,13F-HR/A,171
1999,3,13F-NT,324
1999,3,13F-NT/A,12
1999,3,13FCONP,7
1999,3,13FCONP/A,3
1999,3,144,18
1999,3,15-12B,39
1999,3,15-12B/A,1
1999,3,15-12G,169
1999,3,15-12G/A,6
1999,3,15-15D,87
1999,3,15-15D/A,1
1999,3,20-F,32
1999,3,20-F/A,11
1999,3,20FR12B,1
1999,3,20FR12G,4
1999,3,20FR12G/A,5
1999,3,24F-2NT,904
1999,3,24F-2NT/A,9
1999,3,3,1299
1999,3,3/A,26
1999,3,305B2,10
1999,3,35-CERT,116
1999,3,4,4332
1999,3,4/A,123
1999,3,40-17F1,2
1999,3,40-17F2,142
1999,3,40-8F-2,1
1999,3,40-8F-A,10
1999,3,40-8F-A/A,2
1999,3,40-8F-L,40
1999,3,40-8F-L/A,12
1999,3,40-8F-M,16
1999,3,40-8F-M/A,4
1999,3,424A,25
1999,3,424B1,158
1999,3,424B2,231
1999,3,424B3,1990
1999,3,424B4,246
1999,3,424B5,700
1999,3,485APOS,587
1999,3,485BPOS,1271
1999,3,485BXT,32
1999,3,486APOS,3
1999,3,487,140
1999,3,497,3254
1999,3,497H2,4
1999,3,497J,828
1999,3,497K1,82
1999,3,497K2,8
1999,3,497K3A,4
1999,3,497K3B,21
1999,3,5,569
1999,3,5/A,8
1999,3,6-K,214
1999,3,6-K/A,1
1999,3,8-A12B,187
1999,3,8-A12B/A,80
1999,3,8-A12G,252
1999,3,8-A12G/A,58
1999,3,8-K,6743
1999,3,8-K/A,702
1999,3,8-K12G3,13
1999,3,8-K12G3/A,2
1999,3,ARS,17
1999,3,AW,14
1999,3,BW-2,1
1999,3,BW-3,7
1999,3,DEF 14A,1126
1999,3,DEF 14C,48
1999,3,DEF13E3,1
1999,3,DEF13E3/A,1
1999,3,DEFA14A,327
1999,3,DEFA14C,3
1999,3,DEFC14A,33
1999,3,DEFM14A,84
1999,3,DEFM14C,10
1999,3,DEFN14A,6
1999,3,DEFR14A,55
1999,3,DEFS14A,205
1999,3,DEFS14C,1
1999,3,DEL AM,4
1999,3,DFAN14A,140
1999,3,DFRN14A,12
1999,3,F-1,3
1999,3,F-1/A,25
1999,3,F-3,2
1999,3,F-3/A,4
1999,3,F-3MEF,1
1999,3,F-4,6
1999,3,F-4/A,11
1999,3,N-1/A,4
1999,3,N-14,20
1999,3,N-14 8C,5
1999,3,N-14/A,14
1999,3,N-14AE,11
1999,3,N-14AE/A,11
1999,3,N-18F1,18
1999,3,N-1A,46
1999,3,N-1A/A,67
1999,3,N-2,56
1999,3,N-2/A,73
1999,3,N-23C-1,26
1999,3,N-23C-2,1
1999,3,N-23C3A,4
1999,3,N-23C3B,6
1999,3,N-23C3C,6
1999,3,N-3/A,1
1999,3,N-30B-2,80
1999,3,N-30D,2587
1999,3,N-30D/A,43
1999,3,N-4,30
1999,3,N-4/A,41
1999,3,N-54A,2
1999,3,N-54C,2
1999,3,N-6F,1
1999,3,N-8A,89
1999,3,N-8A/A,5
1999,3,N-8B-2,6
1999,3,N-8B-2/A,3
1999,3,NSAR-A,1299
1999,3,NSAR-A/A,58
1999,3,NSAR-AT,7
1999,3,NSAR-B,541
1999,3,NSAR-B/A,63
1999,3,NSAR-BT,15
1999,3,NSAR-BT/A,1
1999,3,NSAR-U,31
1999,3,NT 10-K,292
1999,3,NT 10-K/A,6
1999,3,NT 10-Q,466
1999,3,NT 10-Q/A,8
1999,3,NT 11-K,16
1999,3,NT 11-K/A,1
1999,3,NT 15D2/A,3
1999,3,NT 20-F,4
1999,3,NT-NSAR,58
1999,3,NTFNSAR,35
1999,3,NTN 10K,10
1999,3,NTN 10Q,25
1999,3,POS 8C,2
1999,3,POS AM,464
1999,3,POS AMC,25
1999,3,POS AMI,36
1999,3,POS EX,19
1999,3,POS462C,2
1999,3,PRE 14A,347
1999,3,PRE 14C,34
1999,3,PRE13E3,19
1999,3,PRE13E3/A,36
1999,3,PREC14A,52
1999,3,PREM14A,59
1999,3,PREM14C,11
1999,3,PREN14A,4
1999,3,PRER14A,110
1999,3,PRER14C,7
1999,3,PRES14A,176
1999,3,PRES14C,1
1999,3,PRRN14A,46
1999,3,REGDEX,3
1999,3,RW,100
1999,3,S-1,275
1999,3,S-1/A,955
1999,3,S-11,5
1999,3,S-11/A,21
1999,3,S-1MEF,20
1999,3,S-2,17
1999,3,S-2/A,18
1999,3,S-3,908
1999,3,S-3/A,774
1999,3,S-3D,9
1999,3,S-3DPOS,7
1999,3,S-3MEF,25
1999,3,S-4,1036
1999,3,S-4 POS,8
1999,3,S-4/A,1704
1999,3,S-4MEF,2
1999,3,S-6,173
1999,3,S-6/A,61
1999,3,S-8,1340
1999,3,S-8 POS,172
1999,3,SB-1,8
1999,3,SB-1/A,3
1999,3,SB-2,114
1999,3,SB-2/A,179
1999,3,SB-2MEF,1
1999,3,SC 13D,1468
1999,3,SC 13D/A,2173
1999,3,SC 13E1,1
1999,3,SC 13E3,89
1999,3,SC 13E3/A,147
1999,3,SC 13E4,40
1999,3,SC 13E4/A,50
1999,3,SC 13G,1366
1999,3,SC 13G/A,1548
1999,3,SC 14D1,146
1999,3,SC 14D1/A,822
1999,3,SC 14D9,66
1999,3,SC 14D9/A,193
1999,3,SC 14F1,19
1999,3,SC 14F1/A,4
1999,3,SUPPL,1
1999,3,T-3,10
1999,3,T-3/A,4
1999,3,U-1,14
1999,3,U-1/A,43
1999,3,U-12-IB,1
1999,3,U-3A-2,5
1999,3,U-3A-2/A,2
1999,3,U-57,19
1999,3,U-57/A,5
1999,3,U-6B-2,22
1999,3,U-7D,3
1999,3,U-7D/A,12
1999,3,U-9C-3,15
1999,4,10-12B,9
1999,4,10-12B/A,28
1999,4,10-12G,44
1999,4,10-12G/A,88
1999,4,10-K,599
1999,4,10-K/A,313
1999,4,10-K405,237
1999,4,10-K405/A,102
1999,4,10-KT,1
1999,4,10-KT/A,1
1999,4,10-Q,8704
1999,4,10-Q/A,550
1999,4,10-QT,3
1999,4,10KSB,387
1999,4,10KSB/A,102
1999,4,10KSB40,70
1999,4,10KSB40/A,18
1999,4,10KT405,2
1999,4,10QSB,2823
1999,4,10QSB/A,275
1999,4,10SB12B,5
1999,4,10SB12B/A,10
1999,4,10SB12G,470
1999,4,10SB12G/A,514
1999,4,11-K,66
1999,4,11-K/A,3
1999,4,11-KT,2
1999,4,13F-HR,1724
1999,4,13F-HR/A,168
1999,4,13F-NT,347
1999,4,13F-NT/A,7
1999,4,13FCONP,14
1999,4,13FCONP/A,3
1999,4,144,34
1999,4,144/A,4
1999,4,15-12B,70
1999,4,15-12B/A,2
1999,4,15-12G,206
1999,4,15-12G/A,13
1999,4,15-15D,76
1999,4,15-15D/A,1
1999,4,20-F,8
1999,4,20-F/A,3
1999,4,20FR12B,1
1999,4,20FR12G,13
1999,4,20FR12G/A,11
1999,4,24F-2NT,2182
1999,4,24F-2NT/A,8
1999,4,3,1473
1999,4,3/A,34
1999,4,305B2,19
1999,4,35-CERT,106
1999,4,35-CERT/A,2
1999,4,4,4786
1999,4,4/A,115
1999,4,40-17F1,2
1999,4,40-17F2,197
1999,4,40-17F2/A,3
1999,4,40-17G,2
1999,4,40-8F-A,7
1999,4,40-8F-L,17
1999,4,40-8F-L/A,6
1999,4,40-8F-M,11
1999,4,40-8F-M/A,3
1999,4,424A,24
1999,4,424B1,161
1999,4,424B2,242
1999,4,424B3,1608
1999,4,424B4,392
1999,4,424B5,378
1999,4,485APOS,560
1999,4,485BPOS,1296
1999,4,485BXT,46
1999,4,486APOS,3
1999,4,486BPOS,2
1999,4,487,143
1999,4,497,3353
1999,4,497H2,1
1999,4,497J,866
1999,4,497K1,11
1999,4,497K2,58
1999,4,497K3A,5
1999,4,497K3B,32
1999,4,5,424
1999,4,5/A,13
1999,4,6-K,340
1999,4,6-K/A,5
1999,4,8-A12B,172
1999,4,8-A12B/A,64
1999,4,8-A12G,244
1999,4,8-A12G/A,57
1999,4,8-K,7268
1999,4,8-K/A,744
1999,4,8-K12G3,7
1999,4,ARS,24
1999,4,AW,18
1999,4,BW-2,1
1999,4,BW-3,4
1999,4,DEF 14A,1137
1999,4,DEF 14C,60
1999,4,DEF13E3,6
1999,4,DEF13E3/A,2
1999,4,DEFA14A,263
1999,4,DEFA14C,1
1999,4,DEFC14A,26
1999,4,DEFM14A,68
1999,4,DEFM14C,14
1999,4,DEFN14A,10
1999,4,DEFR14A,44
1999,4,DEFS14A,165
1999,4,DEFS14C,6
1999,4,DEL AM,8
1999,4,DFAN14A,68
1999,4,DFRN14A,12
1999,4,F-1,9
1999,4,F-1/A,32
1999,4,F-3,9
1999,4,F-3/A,3
1999,4,F-3DPOS,1
1999,4,F-4,7
1999,4,F-4/A,7
1999,4,F-6,1
1999,4,N-1/A,2
1999,4,N-14,26
1999,4,N-14 8C,8
1999,4,N-14 8C/A,9
1999,4,N-14/A,11
1999,4,N-14AE,10
1999,4,N-14AE/A,3
1999,4,N-18F1,25
1999,4,N-1A,56
1999,4,N-1A/A,67
1999,4,N-2,21
1999,4,N-2/A,34
1999,4,N-23C-1,34
1999,4,N-23C3A,11
1999,4,N-23C3B,12
1999,4,N-23C3B/A,1
1999,4,N-3/A,1
1999,4,N-30B-2,133
1999,4,N-30D,1686
1999,4,N-30D/A,39
1999,4,N-4,43
1999,4,N-4/A,33
1999,4,N-54A,1
1999,4,N-54C,5
1999,4,N-6F,2
1999,4,N-6F/A,2
1999,4,N-8A,82
1999,4,N-8A/A,24
1999,4,N-8B-2,8
1999,4,N-8B-2/A,3
1999,4,NSAR-A,413
1999,4,NSAR-A/A,22
1999,4,NSAR-AT,1
1999,4,NSAR-B,1008
1999,4,NSAR-B/A,54
1999,4,NSAR-BT,15
1999,4,NSAR-U,1
1999,4,NT 10-K,185
1999,4,NT 10-K/A,5
1999,4,NT 10-Q,646
1999,4,NT 10-Q/A,10
1999,4,NT 11-K,4
1999,4,NT-NSAR,87
1999,4,NTFNSAR,12
1999,4,NTN 10K,16
1999,4,NTN 10Q,35
1999,4,POS 8C,6
1999,4,POS AM,379
1999,4,POS AMC,28
1999,4,POS AMI,62
1999,4,POS EX,27
1999,4,POS462B,8
1999,4,POS462C,1
1999,4,PRE 14A,266
1999,4,PRE 14C,55
1999,4,PRE13E3,8
1999,4,PRE13E3/A,41
1999,4,PREA14A,1
1999,4,PREA14C,1
1999,4,PREC14A,41
1999,4,PREM14A,48
1999,4,PREM14C,14
1999,4,PREN14A,6
1999,4,PRER14A,141
1999,4,PRER14C,6
1999,4,PRES14A,139
1999,4,PRES14C,4
1999,4,PRRN14A,27
1999,4,REGDEX,6
1999,4,RW,130
1999,4,S-1,244
1999,4,S-1/A,886
1999,4,S-11,4
1999,4,S-11/A,14
1999,4,S-1MEF,33
1999,4,S-2,17
1999,4,S-2/A,17
1999,4,S-3,585
1999,4,S-3/A,473
1999,4,S-3D,8
1999,4,S-3DPOS,4
1999,4,S-3MEF,32
1999,4,S-4,435
1999,4,S-4 POS,9
1999,4,S-4/A,1179
1999,4,S-4EF,1
1999,4,S-4MEF,5
1999,4,S-6,175
1999,4,S-6/A,75
1999,4,S-8,1289
1999,4,S-8 POS,217
1999,4,SB-1,4
1999,4,SB-1/A,16
1999,4,SB-2,132
1999,4,SB-2/A,221
1999,4,SB-2MEF,1
1999,4,SC 13D,1685
1999,4,SC 13D/A,2517
1999,4,SC 13E3,61
1999,4,SC 13E3/A,153
1999,4,SC 13E4,45
1999,4,SC 13E4/A,56
1999,4,SC 13G,1313
1999,4,SC 13G/A,1646
1999,4,SC 14D1,242
1999,4,SC 14D1/A,597
1999,4,SC 14D9,118
1999,4,SC 14D9/A,125
1999,4,SC 14F1,30
1999,4,SC 14F1/A,1
1999,4,T-3,8
1999,4,T-3/A,6
1999,4,U-1,22
1999,4,U-1/A,57
1999,4,U-3A-2,2
1999,4,U-57,23
1999,4,U-57/A,15
1999,4,U-6B-2,24
1999,4,U-6B-2/A,1
1999,4,U-7D,4
1999,4,U-7D/A,4
1999,4,U-9C-3,16
1999,4,U5A,1
2000,1,10-12B,5
2000,1,10-12B/A,23
2000,1,10-12G,34
2000,1,10-12G/A,69
2000,1,10-K,4540
2000,1,10-K/A,296
2000,1,10-K405,2298
2000,1,10-K405/A,100
2000,1,10-KT,3
2000,1,10-Q,2432
2000,1,10-Q/A,421
2000,1,10-QT,3
2000,1,10KSB,1127
2000,1,10KSB/A,118
2000,1,10KSB40,312
2000,1,10KSB40/A,16
2000,1,10KT405,8
2000,1,10KT405/A,1
2000,1,10QSB,1401
2000,1,10QSB/A,206
2000,1,10SB12B,3
2000,1,10SB12B/A,17
2000,1,10SB12G,541
2000,1,10SB12G/A,511
2000,1,11-K,85
2000,1,13F-HR,1842
2000,1,13F-HR/A,188
2000,1,13F-NT,395
2000,1,13F-NT/A,14
2000,1,13FCONP,20
2000,1,13FCONP/A,3
2000,1,144,22
2000,1,144/A,2
2000,1,15-12B,45
2000,1,15-12B/A,3
2000,1,15-12G,235
2000,1,15-12G/A,2
2000,1,15-15D,412
2000,1,15-15D/A,6
2000,1,20-F,35
2000,1,20-F/A,7
2000,1,20FR12B,1
2000,1,20FR12B/A,3
2000,1,20FR12G,2
2000,1,20FR12G/A,12
2000,1,24F-2NT,4219
2000,1,24F-2NT/A,23
2000,1,3,1901
2000,1,3/A,93
2000,1,305B2,6
2000,1,35-CERT,112
2000,1,35-CERT/A,1
2000,1,4,6318
2000,1,4/A,179
2000,1,40-17F1,5
2000,1,40-17F2,206
2000,1,40-17F2/A,16
2000,1,40-8F-A,5
2000,1,40-8F-A/A,6
2000,1,40-8F-B,1
2000,1,40-8F-L,21
2000,1,40-8F-L/A,12
2000,1,40-8F-M,14
2000,1,40-8F-M/A,11
2000,1,424A,26
2000,1,424B1,150
2000,1,424B2,311
2000,1,424B3,1614
2000,1,424B4,223
2000,1,424B5,523
2000,1,425,736
2000,1,485APOS,542
2000,1,485BPOS,1454
2000,1,485BXT,28
2000,1,486APOS,4
2000,1,486BPOS,2
2000,1,487,148
2000,1,497,3878
2000,1,497AD,2
2000,1,497H2,1
2000,1,497J,851
2000,1,497K1,5
2000,1,497K2,5
2000,1,497K3A,2
2000,1,497K3B,84
2000,1,5,3898
2000,1,5/A,81
2000,1,6-K,331
2000,1,6-K/A,8
2000,1,8-A12B,190
2000,1,8-A12B/A,58
2000,1,8-A12G,249
2000,1,8-A12G/A,44
2000,1,8-K,7805
2000,1,8-K/A,799
2000,1,8-K12G3,18
2000,1,8-K12G3/A,2
2000,1,ARS,28
2000,1,AW,15
2000,1,BW-2,1
2000,1,BW-3,6
2000,1,DEF 14A,2489
2000,1,DEF 14C,71
2000,1,DEF13E3/A,2
2000,1,DEFA14A,340
2000,1,DEFA14C,1
2000,1,DEFC14A,47
2000,1,DEFM14A,92
2000,1,DEFM14C,5
2000,1,DEFN14A,10
2000,1,DEFR14A,60
2000,1,DEFR14C,4
2000,1,DEFS14A,220
2000,1,DEFS14C,3
2000,1,DEL AM,9
2000,1,DFAN14A,130
2000,1,DFRN14A,6
2000,1,F-1,16
2000,1,F-1/A,43
2000,1,F-3,14
2000,1,F-3/A,13
2000,1,F-4,8
2000,1,F-4/A,15
2000,1,F-6,1
2000,1,G-405N,1
2000,1,N-1/A,3
2000,1,N-14,79
2000,1,N-14 8C,1
2000,1,N-14/A,48
2000,1,N-14AE,10
2000,1,N-14AE/A,1
2000,1,N-18F1,20
2000,1,N-1A,33
2000,1,N-1A/A,60
2000,1,N-2,30
2000,1,N-2/A,38
2000,1,N-23C-1,37
2000,1,N-23C-2,1
2000,1,N-23C3A,10
2000,1,N-23C3B,11
2000,1,N-23C3C/A,1
2000,1,N-3,2
2000,1,N-30B-2,67
2000,1,N-30D,2721
2000,1,N-30D/A,41
2000,1,N-4,39
2000,1,N-4/A,28
2000,1,N-54A,3
2000,1,N-54C,2
2000,1,N-6F,1
2000,1,N-8A,53
2000,1,N-8A/A,1
2000,1,N-8B-2,5
2000,1,N-8B-2/A,7
2000,1,NO ACT,1
2000,1,NSAR-A,569
2000,1,NSAR-A/A,42
2000,1,NSAR-AT,6
2000,1,NSAR-B,1342
2000,1,NSAR-B/A,104
2000,1,NSAR-BT,8
2000,1,NSAR-BT/A,7
2000,1,NSAR-U,734
2000,1,NSAR-U/A,22
2000,1,NT 10-K,1410
2000,1,NT 10-K/A,11
2000,1,NT 10-Q,308
2000,1,NT 10-Q/A,4
2000,1,NT 11-K,3
2000,1,NT 20-F,3
2000,1,NT-NSAR,151
2000,1,NTFNSAR,2
2000,1,NTN 10K,19
2000,1,NTN 10Q,13
2000,1,POS 8C,5
2000,1,POS AM,233
2000,1,POS AMC,17
2000,1,POS AMI,75
2000,1,POS EX,21
2000,1,POS462B,2
2000,1,POS462C,2
2000,1,PRE 14A,600
2000,1,PRE 14C,51
2000,1,PRE13E3,4
2000,1,PRE13E3/A,6
2000,1,PREA14A,1
2000,1,PREC14A,83
2000,1,PREC14C,2
2000,1,PREM14A,87
2000,1,PREM14C,8
2000,1,PREN14A,6
2000,1,PRER14A,127
2000,1,PRER14C,3
2000,1,PRES14A,238
2000,1,PRES14C,5
2000,1,PRRN14A,52
2000,1,PX14A6G,1
2000,1,REGDEX,3
2000,1,RW,187
2000,1,S-1,409
2000,1,S-1/A,995
2000,1,S-11,4
2000,1,S-11/A,8
2000,1,S-1MEF,27
2000,1,S-2,12
2000,1,S-2/A,18
2000,1,S-20,1
2000,1,S-2MEF,2
2000,1,S-3,787
2000,1,S-3/A,607
2000,1,S-3D,8
2000,1,S-3DPOS,5
2000,1,S-3MEF,33
2000,1,S-4,327
2000,1,S-4 POS,7
2000,1,S-4/A,918
2000,1,S-4EF,6
2000,1,S-4EF/A,2
2000,1,S-4MEF,2
2000,1,S-6,209
2000,1,S-6/A,73
2000,1,S-8,1269
2000,1,S-8 POS,134
2000,1,SB-1,5
2000,1,SB-1/A,9
2000,1,SB-2,127
2000,1,SB-2/A,242
2000,1,SB-2MEF,2
2000,1,SC 13D,1822
2000,1,SC 13D/A,3013
2000,1,SC 13E3,105
2000,1,SC 13E3/A,133
2000,1,SC 13E4,8
2000,1,SC 13E4/A,45
2000,1,SC 13G,15094
2000,1,SC 13G/A,19713
2000,1,SC 14D1,16
2000,1,SC 14D1/A,316
2000,1,SC 14D9,65
2000,1,SC 14D9/A,56
2000,1,SC 14F1,31
2000,1,SC TO-C,112
2000,1,SC TO-I,32
2000,1,SC TO-I/A,52
2000,1,SC TO-T,93
2000,1,SC TO-T/A,118
2000,1,SC14D9C,20
2000,1,SP 15D2,1
2000,1,T-3,6
2000,1,T-3/A,16
2000,1,U-1,26
2000,1,U-1/A,67
2000,1,U-12-IB,226
2000,1,U-13-60,1
2000,1,U-3A-2,83
2000,1,U-3A-2/A,3
2000,1,U-3A3-1,1
2000,1,U-57,19
2000,1,U-57/A,4
2000,1,U-6B-2,19
2000,1,U-7D/A,2
2000,1,U-9C-3,16
2000,1,U5A,4
2000,1,U5B,1
2000,1,U5S,1
2000,2,10-12B,5
2000,2,10-12B/A,21
2000,2,10-12G,35
2000,2,10-12G/A,68
2000,2,10-K,976
2000,2,10-K/A,811
2000,2,10-K405,446
2000,2,10-K405/A,261
2000,2,10-KT,2
2000,2,10-KT/A,1
2000,2,10-Q,8745
2000,2,10-Q/A,450
2000,2,10-QT,4
2000,2,10KSB,917
2000,2,10KSB/A,326
2000,2,10KSB40,180
2000,2,10KSB40/A,46
2000,2,10KT405,2
2000,2,10KT405/A,1
2000,2,10QSB,3375
2000,2,10QSB/A,332
2000,2,10SB12B,5
2000,2,10SB12B/A,5
2000,2,10SB12G,220
2000,2,10SB12G/A,564
2000,2,11-K,1135
2000,2,11-K/A,17
2000,2,11-KT,1
2000,2,13F-HR,1837
2000,2,13F-HR/A,159
2000,2,13F-NT,422
2000,2,13F-NT/A,11
2000,2,13FCONP,20
2000,2,13FCONP/A,1
2000,2,144,42
2000,2,144/A,6
2000,2,15-12B,60
2000,2,15-12B/A,4
2000,2,15-12G,143
2000,2,15-12G/A,3
2000,2,15-15D,99
2000,2,15-15D/A,2
2000,2,20-F,104
2000,2,20-F/A,18
2000,2,20FR12B,2
2000,2,20FR12B/A,1
2000,2,20FR12G,4
2000,2,20FR12G/A,11
2000,2,24F-2NT,834
2000,2,24F-2NT/A,22
2000,2,3,1796
2000,2,3/A,67
2000,2,305B2,17
2000,2,35-CERT,100
2000,2,35-CERT/A,4
2000,2,4,5902
2000,2,4/A,226
2000,2,40-17F1,1
2000,2,40-17F2,202
2000,2,40-17F2/A,2
2000,2,40-8F-2/A,1
2000,2,40-8F-A,10
2000,2,40-8F-A/A,6
2000,2,40-8F-L,16
2000,2,40-8F-L/A,5
2000,2,40-8F-M,57
2000,2,40-8F-M/A,5
2000,2,40-APP,2
2000,2,424A,14
2000,2,424B1,102
2000,2,424B2,343
2000,2,424B3,1597
2000,2,424B4,142
2000,2,424B5,548
2000,2,425,1035
2000,2,485APOS,355
2000,2,485BPOS,2758
2000,2,485BXT,16
2000,2,486APOS,2
2000,2,486BPOS,7
2000,2,487,135
2000,2,497,4118
2000,2,497AD,69
2000,2,497J,1725
2000,2,497K1,5
2000,2,497K2,3
2000,2,497K3A,1
2000,2,497K3B,83
2000,2,5,448
2000,2,5/A,32
2000,2,6-K,474
2000,2,6-K/A,11
2000,2,8-A12B,131
2000,2,8-A12B/A,61
2000,2,8-A12G,225
2000,2,8-A12G/A,58
2000,2,8-K,6884
2000,2,8-K/A,778
2000,2,8-K12G3,32
2000,2,8-K12G3/A,6
2000,2,ARS,30
2000,2,AW,36
2000,2,BW-2,1
2000,2,BW-3,7
2000,2,DEF 14A,3751
2000,2,DEF 14C,93
2000,2,DEF13E3,2
2000,2,DEF13E3/A,2
2000,2,DEFA14A,550
2000,2,DEFA14C,8
2000,2,DEFC14A,50
2000,2,DEFC14C,3
2000,2,DEFM14A,69
2000,2,DEFM14C,2
2000,2,DEFN14A,5
2000,2,DEFR14A,174
2000,2,DEFR14C,2
2000,2,DEFS14A,187
2000,2,DEFS14C,4
2000,2,DEL AM,10
2000,2,DFAN14A,206
2000,2,DFRN14A,6
2000,2,F-1,6
2000,2,F-1/A,18
2000,2,F-2,1
2000,2,F-2/A,6
2000,2,F-3,10
2000,2,F-3/A,4
2000,2,F-4,7
2000,2,F-4/A,3
2000,2,F-6,1
2000,2,N-1/A,3
2000,2,N-14,30
2000,2,N-14 8C,2
2000,2,N-14 8C/A,1
2000,2,N-14/A,40
2000,2,N-14AE,20
2000,2,N-14AE/A,4
2000,2,N-18F1,13
2000,2,N-18F1/A,2
2000,2,N-1A,42
2000,2,N-1A/A,53
2000,2,N-2,18
2000,2,N-2/A,21
2000,2,N-23C-1,37
2000,2,N-23C3A,13
2000,2,N-23C3B,6
2000,2,N-23C3C,1
2000,2,N-23C3C/A,1
2000,2,N-3,2
2000,2,N-30B-2,99
2000,2,N-30D,1680
2000,2,N-30D/A,21
2000,2,N-4,47
2000,2,N-4/A,51
2000,2,N-54A,5
2000,2,N-54A/A,1
2000,2,N-8A,61
2000,2,N-8A/A,6
2000,2,N-8B-2,4
2000,2,N-8B-2/A,5
2000,2,NSAR-A,1035
2000,2,NSAR-A/A,45
2000,2,NSAR-AT,5
2000,2,NSAR-B,409
2000,2,NSAR-B/A,40
2000,2,NSAR-BT,8
2000,2,NSAR-U,5
2000,2,NSAR-U/A,2
2000,2,NT 10-K,289
2000,2,NT 10-K/A,14
2000,2,NT 10-Q,1048
2000,2,NT 10-Q/A,17
2000,2,NT 11-K,98
2000,2,NT 11-K/A,2
2000,2,NT 20-F,7
2000,2,NT-NSAR,80
2000,2,NT-NSAR/A,2
2000,2,NTN 10K,51
2000,2,NTN 10Q,58
2000,2,POS 8C,11
2000,2,POS AM,465
2000,2,POS AMC,18
2000,2,POS AMI,79
2000,2,POS EX,12
2000,2,POS462B,2
2000,2,POS462C,4
2000,2,PRE 14A,715
2000,2,PRE 14C,68
2000,2,PRE13E3,2
2000,2,PRE13E3/A,12
2000,2,PREC14A,68
2000,2,PREC14C,2
2000,2,PREM14A,81
2000,2,PREM14C,11
2000,2,PREN14A,12
2000,2,PRER14A,145
2000,2,PRER14C,9
2000,2,PRES14A,182
2000,2,PRES14C,4
2000,2,PRRN14A,58
2000,2,PX14A6G,3
2000,2,REGDEX,7
2000,2,RW,273
2000,2,S-1,292
2000,2,S-1/A,714
2000,2,S-11,4
2000,2,S-11/A,7
2000,2,S-1MEF,11
2000,2,S-2,25
2000,2,S-2/A,24
2000,2,S-3,739
2000,2,S-3/A,565
2000,2,S-3D,14
2000,2,S-3DPOS,4
2000,2,S-3MEF,8
2000,2,S-4,297
2000,2,S-4 POS,5
2000,2,S-4/A,623
2000,2,S-4EF,1
2000,2,S-4EF/A,2
2000,2,S-4MEF,5
2000,2,S-6,142
2000,2,S-6/A,73
2000,2,S-8,1646
2000,2,S-8 POS,208
2000,2,SB-1,7
2000,2,SB-1/A,5
2000,2,SB-2,198
2000,2,SB-2/A,272
2000,2,SC 13D,1506
2000,2,SC 13D/A,2311
2000,2,SC 13E1,1
2000,2,SC 13E3,23
2000,2,SC 13E3/A,89
2000,2,SC 13E4/A,2
2000,2,SC 13G,1494
2000,2,SC 13G/A,1883
2000,2,SC 14D1/A,50
2000,2,SC 14D9,106
2000,2,SC 14D9/A,106
2000,2,SC 14F1,15
2000,2,SC 14F1/A,4
2000,2,SC TO-C,142
2000,2,SC TO-I,44
2000,2,SC TO-I/A,88
2000,2,SC TO-T,184
2000,2,SC TO-T/A,537
2000,2,SC14D9C,37
2000,2,T-3,1
2000,2,T-3/A,2
2000,2,U-1,29
2000,2,U-1/A,68
2000,2,U-12-IA,1
2000,2,U-12-IB,15
2000,2,U-13-60,27
2000,2,U-13-60/A,2
2000,2,U-33-S,5
2000,2,U-3A-2,10
2000,2,U-57,12
2000,2,U-6B-2,24
2000,2,U-7D/A,3
2000,2,U-9C-3,15
2000,2,U5B,2
2000,2,U5S,22
2000,2,U5S/A,3
2000,2,UNDER,1
2000,3,10-12B,10
2000,3,10-12B/A,9
2000,3,10-12G,5
2000,3,10-12G/A,62
2000,3,10-K,578
2000,3,10-K/A,219
2000,3,10-K405,253
2000,3,10-K405/A,58
2000,3,10-KT,3
2000,3,10-Q,8540
2000,3,10-Q/A,521
2000,3,10-QT,5
2000,3,10-QT/A,1
2000,3,10KSB,432
2000,3,10KSB/A,147
2000,3,10KSB40,95
2000,3,10KSB40/A,19
2000,3,10QSB,3357
2000,3,10QSB/A,355
2000,3,10SB12B,2
2000,3,10SB12B/A,4
2000,3,10SB12G,209
2000,3,10SB12G/A,375
2000,3,11-K,123
2000,3,11-K/A,13
2000,3,13F-HR,1863
2000,3,13F-HR/A,210
2000,3,13F-NT,430
2000,3,13F-NT/A,7
2000,3,13FCONP,25
2000,3,144,36
2000,3,144/A,6
2000,3,15-12B,48
2000,3,15-12B/A,1
2000,3,15-12G,177
2000,3,15-12G/A,6
2000,3,15-15D,49
2000,3,18-K/A,1
2000,3,20-F,43
2000,3,20-F/A,12
2000,3,20FR12B,3
2000,3,20FR12B/A,2
2000,3,20FR12G,11
2000,3,20FR12G/A,11
2000,3,24F-2NT,903
2000,3,24F-2NT/A,5
2000,3,3,1773
2000,3,3/A,93
2000,3,305B2,15
2000,3,305B2/A,2
2000,3,35-APP,2
2000,3,35-APP/A,2
2000,3,35-CERT,104
2000,3,4,5206
2000,3,4/A,137
2000,3,40-17F1,2
2000,3,40-17F2,254
2000,3,40-17F2/A,8
2000,3,40-8F-A,4
2000,3,40-8F-A/A,3
2000,3,40-8F-L,15
2000,3,40-8F-L/A,6
2000,3,40-8F-M,29
2000,3,40-8F-M/A,13
2000,3,424A,678
2000,3,424B1,132
2000,3,424B2,304
2000,3,424B3,1767
2000,3,424B4,170
2000,3,424B5,552
2000,3,425,1325
2000,3,485APOS,322
2000,3,485BPOS,1502
2000,3,485BXT,39
2000,3,486APOS,2
2000,3,486BPOS,3
2000,3,487,134
2000,3,497,3384
2000,3,497AD,5
2000,3,497J,965
2000,3,497K1,6
2000,3,497K2,5
2000,3,497K3B,70
2000,3,5,579
2000,3,5/A,15
2000,3,6-K,446
2000,3,6-K/A,6
2000,3,8-A12B,151
2000,3,8-A12B/A,37
2000,3,8-A12G,232
2000,3,8-A12G/A,50
2000,3,8-K,6889
2000,3,8-K/A,683
2000,3,8-K12G3,10
2000,3,8-K12G3/A,3
2000,3,8-K15D5,1
2000,3,ARS,11
2000,3,AW,19
2000,3,BW-2,1
2000,3,BW-3,1
2000,3,DEF 14A,1131
2000,3,DEF 14C,85
2000,3,DEFA14A,415
2000,3,DEFA14C,3
2000,3,DEFC14A,37
2000,3,DEFM14A,77
2000,3,DEFM14C,11
2000,3,DEFN14A,12
2000,3,DEFR14A,57
2000,3,DEFR14C,4
2000,3,DEFS14A,216
2000,3,DEFS14C,3
2000,3,DEL AM,12
2000,3,DFAN14A,140
2000,3,DFRN14A,14
2000,3,F-1,12
2000,3,F-1/A,30
2000,3,F-2,1
2000,3,F-2/A,1
2000,3,F-3,7
2000,3,F-3/A,2
2000,3,F-4,8
2000,3,F-4/A,16
2000,3,N-1/A,2
2000,3,N-14,22
2000,3,N-14 8C,5
2000,3,N-14 8C/A,5
2000,3,N-14/A,24
2000,3,N-14AE,31
2000,3,N-14AE/A,5
2000,3,N-18F1,43
2000,3,N-18F1/A,2
2000,3,N-1A,53
2000,3,N-1A/A,53
2000,3,N-2,17
2000,3,N-2/A,22
2000,3,N-23C-1,33
2000,3,N-23C-2,3
2000,3,N-23C-2/A,1
2000,3,N-23C3A,14
2000,3,N-23C3B,9
2000,3,N-23C3B/A,1
2000,3,N-23C3C,2
2000,3,N-23C3C/A,1
2000,3,N-30B-2,55
2000,3,N-30D,2645
2000,3,N-30D/A,37
2000,3,N-4,28
2000,3,N-4/A,46
2000,3,N-54A,2
2000,3,N-8A,75
2000,3,N-8A/A,5
2000,3,N-8B-2,3
2000,3,N-8B-2/A,1
2000,3,NSAR-A,1346
2000,3,NSAR-A/A,123
2000,3,NSAR-AT,4
2000,3,NSAR-B,555
2000,3,NSAR-B/A,104
2000,3,NSAR-BT,3
2000,3,NSAR-BT/A,1
2000,3,NSAR-U,9
2000,3,NT 10-K,346
2000,3,NT 10-K/A,8
2000,3,NT 10-Q,1091
2000,3,NT 10-Q/A,8
2000,3,NT 11-K,7
2000,3,NT 15D2/A,1
2000,3,NT 20-F,4
2000,3,NT-NSAR,85
2000,3,NTFNSAR,1
2000,3,NTN 10K,12
2000,3,NTN 10Q,22
2000,3,POS 8C,3
2000,3,POS AM,308
2000,3,POS AMC,34
2000,3,POS AMI,43
2000,3,POS EX,16
2000,3,POS462B,10
2000,3,POS462C,2
2000,3,PRE 14A,337
2000,3,PRE 14C,64
2000,3,PRE13E3,1
2000,3,PREC14A,40
2000,3,PREC14C,2
2000,3,PREM14A,80
2000,3,PREM14C,10
2000,3,PREN14A,8
2000,3,PRER14A,142
2000,3,PRER14C,9
2000,3,PRES14A,201
2000,3,PRES14C,8
2000,3,PRRN14A,48
2000,3,PX14A6G,2
2000,3,REGDEX,6
2000,3,RW,192
2000,3,S-1,221
2000,3,S-1/A,820
2000,3,S-11,4
2000,3,S-11/A,9
2000,3,S-1MEF,21
2000,3,S-2,26
2000,3,S-2/A,29
2000,3,S-2MEF,1
2000,3,S-3,773
2000,3,S-3/A,762
2000,3,S-3D,11
2000,3,S-3DPOS,4
2000,3,S-3MEF,16
2000,3,S-4,340
2000,3,S-4 POS,1
2000,3,S-4/A,399
2000,3,S-4EF,1
2000,3,S-4MEF,2
2000,3,S-6,175
2000,3,S-6/A,38
2000,3,S-8,1517
2000,3,S-8 POS,201
2000,3,SB-1,7
2000,3,SB-1/A,25
2000,3,SB-2,212
2000,3,SB-2/A,294
2000,3,SC 13D,1475
2000,3,SC 13D/A,2347
2000,3,SC 13E1,1
2000,3,SC 13E3,32
2000,3,SC 13E3/A,97
2000,3,SC 13E4/A,4
2000,3,SC 13G,1329
2000,3,SC 13G/A,1420
2000,3,SC 14D9,108
2000,3,SC 14D9/A,97
2000,3,SC 14F1,23
2000,3,SC 14F1/A,4
2000,3,SC TO-C,134
2000,3,SC TO-I,37
2000,3,SC TO-I/A,83
2000,3,SC TO-T,195
2000,3,SC TO-T/A,764
2000,3,SC14D9C,38
2000,3,SP 15D2,1
2000,3,T-3,7
2000,3,T-3/A,5
2000,3,U-1,23
2000,3,U-1/A,56
2000,3,U-12-IB,42
2000,3,U-33-S,1
2000,3,U-3A-2,3
2000,3,U-3A-2/A,1
2000,3,U-3A3-1,1
2000,3,U-57,33
2000,3,U-6B-2,28
2000,3,U-7D/A,1
2000,3,U-9C-3,16
2000,3,U-9C-3/A,1
2000,3,U5A,2
2000,3,U5B,1
2000,3,UNDER,6
2000,4,10-12B,9
2000,4,10-12B/A,16
2000,4,10-12G,10
2000,4,10-12G/A,36
2000,4,10-K,558
2000,4,10-K/A,204
2000,4,10-K405,220
2000,4,10-K405/A,64
2000,4,10-KT,4
2000,4,10-Q,8565
2000,4,10-Q/A,534
2000,4,10-QT,5
2000,4,10-QT/A,1
2000,4,10KSB,380
2000,4,10KSB/A,133
2000,4,10KSB40,74
2000,4,10KSB40/A,17
2000,4,10KT405,2
2000,4,10QSB,3486
2000,4,10QSB/A,432
2000,4,10SB12B,2
2000,4,10SB12B/A,5
2000,4,10SB12G,170
2000,4,10SB12G/A,222
2000,4,11-K,68
2000,4,11-K/A,3
2000,4,12G3-2B,3
2000,4,13F-HR,1886
2000,4,13F-HR/A,213
2000,4,13F-NT,410
2000,4,13F-NT/A,5
2000,4,13FCONP,27
2000,4,13FCONP/A,1
2000,4,144,28
2000,4,144/A,10
2000,4,15-12B,54
2000,4,15-12B/A,2
2000,4,15-12G,177
2000,4,15-12G/A,13
2000,4,15-15D,58
2000,4,15-15D/A,1
2000,4,20-F,13
2000,4,20-F/A,18
2000,4,20FR12B,1
2000,4,20FR12B/A,1
2000,4,20FR12G,3
2000,4,20FR12G/A,5
2000,4,24F-2NT,2288
2000,4,24F-2NT/A,10
2000,4,3,1382
2000,4,3/A,64
2000,4,305B2,12
2000,4,305B2/A,1
2000,4,35-CERT,109
2000,4,35-CERT/A,4
2000,4,4,5180
2000,4,4/A,163
2000,4,40-17F1,4
2000,4,40-17F2,144
2000,4,40-17F2/A,2
2000,4,40-17G,1
2000,4,40-8F-A,3
2000,4,40-8F-A/A,2
2000,4,40-8F-L,19
2000,4,40-8F-L/A,4
2000,4,40-8F-M,26
2000,4,40-8F-M/A,8
2000,4,424A,11
2000,4,424B1,95
2000,4,424B2,299
2000,4,424B3,1999
2000,4,424B4,123
2000,4,424B5,503
2000,4,425,1207
2000,4,485APOS,496
2000,4,485BPOS,1643
2000,4,485BXT,45
2000,4,486APOS,2
2000,4,486BPOS,7
2000,4,487,135
2000,4,497,3503
2000,4,497AD,8
2000,4,497J,947
2000,4,497K1,6
2000,4,497K2,3
2000,4,497K3A,1
2000,4,497K3B,77
2000,4,5,421
2000,4,5/A,13
2000,4,6-K,613
2000,4,6-K/A,3
2000,4,8-A12B,124
2000,4,8-A12B/A,45
2000,4,8-A12G,156
2000,4,8-A12G/A,29
2000,4,8-K,8071
2000,4,8-K/A,685
2000,4,8-K12G3,20
2000,4,8-K12G3/A,5
2000,4,8-K15D5,1
2000,4,ARS,12
2000,4,AW,25
2000,4,BW-2,1
2000,4,BW-3,2
2000,4,DEF 14A,1140
2000,4,DEF 14C,87
2000,4,DEF13E3,1
2000,4,DEFA14A,404
2000,4,DEFC14A,27
2000,4,DEFM14A,63
2000,4,DEFM14C,6
2000,4,DEFN14A,4
2000,4,DEFR14A,57
2000,4,DEFR14C,1
2000,4,DEFS14A,192
2000,4,DEFS14C,3
2000,4,DEL AM,8
2000,4,DFAN14A,212
2000,4,F-1,10
2000,4,F-1/A,19
2000,4,F-1MEF,1
2000,4,F-3,8
2000,4,F-3/A,8
2000,4,F-3MEF,1
2000,4,F-4,10
2000,4,F-4/A,24
2000,4,N-1/A,1
2000,4,N-14,41
2000,4,N-14 8C,6
2000,4,N-14 8C/A,8
2000,4,N-14/A,20
2000,4,N-14AE,70
2000,4,N-14AE/A,2
2000,4,N-18F1,6
2000,4,N-1A,21
2000,4,N-1A/A,64
2000,4,N-2,31
2000,4,N-2/A,35
2000,4,N-23C-1,43
2000,4,N-23C-2,2
2000,4,N-23C-2/A,1
2000,4,N-23C3A,14
2000,4,N-23C3B,9
2000,4,N-23C3C,2
2000,4,N-23C3C/A,1
2000,4,N-30B-2,95
2000,4,N-30D,1633
2000,4,N-30D/A,28
2000,4,N-4,30
2000,4,N-4/A,32
2000,4,N-5/A,1
2000,4,N-54A,1
2000,4,N-54C,4
2000,4,N-8A,34
2000,4,N-8A/A,2
2000,4,N-8B-2,7
2000,4,N-8B-2/A,2
2000,4,NSAR-A,394
2000,4,NSAR-A/A,23
2000,4,NSAR-AT,1
2000,4,NSAR-B,993
2000,4,NSAR-B/A,61
2000,4,NSAR-BT,15
2000,4,NT 10-K,240
2000,4,NT 10-K/A,8
2000,4,NT 10-Q,1258
2000,4,NT 10-Q/A,8
2000,4,NT 11-K,4
2000,4,NT 20-F,4
2000,4,NT-NSAR,75
2000,4,NT-NSAR/A,12
2000,4,NTN 10K,10
2000,4,NTN 10Q,19
2000,4,POS 8C,14
2000,4,POS AM,277
2000,4,POS AMC,52
2000,4,POS AMI,66
2000,4,POS EX,26
2000,4,POS462B,4
2000,4,POS462C,2
2000,4,PRE 14A,279
2000,4,PRE 14C,71
2000,4,PRE13E3,2
2000,4,PRE13E3/A,1
2000,4,PREC14A,42
2000,4,PREM14A,82
2000,4,PREM14C,18
2000,4,PREN14A,2
2000,4,PRER14A,117
2000,4,PRER14C,12
2000,4,PRES14A,174
2000,4,PRES14C,2
2000,4,PRRN14A,38
2000,4,PX14A6G,2
2000,4,REGDEX,7
2000,4,REGDEX/A,3
2000,4,RW,235
2000,4,S-1,133
2000,4,S-1/A,415
2000,4,S-11,3
2000,4,S-11/A,5
2000,4,S-1MEF,6
2000,4,S-2,18
2000,4,S-2/A,25
2000,4,S-2MEF,2
2000,4,S-3,964
2000,4,S-3/A,617
2000,4,S-3D,7
2000,4,S-3DPOS,4
2000,4,S-3MEF,25
2000,4,S-4,324
2000,4,S-4 POS,1
2000,4,S-4/A,429
2000,4,S-4EF,1
2000,4,S-4EF/A,1
2000,4,S-4MEF,3
2000,4,S-6,153
2000,4,S-6/A,44
2000,4,S-8,1354
2000,4,S-8 POS,228
2000,4,SB-1,10
2000,4,SB-1/A,14
2000,4,SB-2,201
2000,4,SB-2/A,343
2000,4,SC 13D,1439
2000,4,SC 13D/A,2489
2000,4,SC 13E3,27
2000,4,SC 13E3/A,105
2000,4,SC 13E4/A,2
2000,4,SC 13G,1404
2000,4,SC 13G/A,1666
2000,4,SC 14D9,82
2000,4,SC 14D9/A,131
2000,4,SC 14F1,22
2000,4,SC 14F1/A,4
2000,4,SC TO-C,148
2000,4,SC TO-I,50
2000,4,SC TO-I/A,74
2000,4,SC TO-T,119
2000,4,SC TO-T/A,604
2000,4,SC14D9C,38
2000,4,T-3,2
2000,4,T-3/A,3
2000,4,U-1,26
2000,4,U-1/A,77
2000,4,U-12-IA,12
2000,4,U-12-IB,15
2000,4,U-3A-2,1
2000,4,U-3A-2/A,2
2000,4,U-57,32
2000,4,U-57/A,5
2000,4,U-6B-2,20
2000,4,U-9C-3,15
2000,4,U5A,8
2000,4,U5A/A,1
2000,4,U5B,2
2000,4,U5S/A,2
2001,1,10-12B,4
2001,1,10-12B/A,11
2001,1,10-12G,10
2001,1,10-12G/A,30
2001,1,10-K,3226
2001,1,10-K/A,217
2001,1,10-K405,1670
2001,1,10-K405/A,79
2001,1,10-KT,7
2001,1,10-Q,2137
2001,1,10-Q/A,374
2001,1,10-QT,6
2001,1,10KSB,950
2001,1,10KSB/A,146
2001,1,10KSB40,223
2001,1,10KSB40/A,22
2001,1,10KT405,13
2001,1,10KT405/A,1
2001,1,10QSB,1455
2001,1,10QSB/A,331
2001,1,10SB12B,1
2001,1,10SB12B/A,9
2001,1,10SB12G,106
2001,1,10SB12G/A,227
2001,1,11-K,86
2001,1,11-K/A,1
2001,1,12G3-2B,1
2001,1,13F-HR,2033
2001,1,13F-HR/A,230
2001,1,13F-NT,436
2001,1,13F-NT/A,17
2001,1,13FCONP,33
2001,1,144,18
2001,1,144/A,10
2001,1,15-12B,52
2001,1,15-12G,215
2001,1,15-12G/A,3
2001,1,15-15D,351
2001,1,18-K,1
2001,1,19B-4E,3
2001,1,20-F,37
2001,1,20-F/A,4
2001,1,20FR12B/A,3
2001,1,20FR12G,4
2001,1,20FR12G/A,10
2001,1,24F-2NT,4229
2001,1,24F-2NT/A,35
2001,1,3,1322
2001,1,3/A,72
2001,1,305B2,22
2001,1,35-CERT,107
2001,1,35-CERT/A,4
2001,1,4,6114
2001,1,4/A,258
2001,1,40-17F1,1
2001,1,40-17F2,124
2001,1,40-17F2/A,2
2001,1,40-8F-2,2
2001,1,40-8F-2/A,2
2001,1,40-8F-A,3
2001,1,40-8F-A/A,1
2001,1,40-8F-L,19
2001,1,40-8F-L/A,10
2001,1,40-8F-M,23
2001,1,40-8F-M/A,21
2001,1,424A,6
2001,1,424B1,74
2001,1,424B2,437
2001,1,424B3,1598
2001,1,424B4,111
2001,1,424B5,722
2001,1,425,874
2001,1,485APOS,486
2001,1,485BPOS,1479
2001,1,485BXT,42
2001,1,486APOS,3
2001,1,486BPOS,4
2001,1,487,152
2001,1,497,5155
2001,1,497AD,1
2001,1,497H2,1
2001,1,497J,1025
2001,1,497K1,7
2001,1,497K2,4
2001,1,497K3B,133
2001,1,5,4414
2001,1,5/A,79
2001,1,6-K,559
2001,1,6-K/A,13
2001,1,8-A12B,138
2001,1,8-A12B/A,39
2001,1,8-A12G,118
2001,1,8-A12G/A,30
2001,1,8-K,9088
2001,1,8-K/A,769
2001,1,8-K12G3,12
2001,1,8-K12G3/A,5
2001,1,ADV-NR,1
2001,1,ARS,21
2001,1,AW,21
2001,1,BW-2,1
2001,1,BW-3,5
2001,1,DEF 14A,2209
2001,1,DEF 14C,115
2001,1,DEFA14A,321
2001,1,DEFA14C,2
2001,1,DEFC14A,20
2001,1,DEFC14C,2
2001,1,DEFM14A,57
2001,1,DEFM14C,8
2001,1,DEFN14A,2
2001,1,DEFR14A,59
2001,1,DEFR14C,2
2001,1,DEFS14A,207
2001,1,DEFS14C,1
2001,1,DEL AM,11
2001,1,DFAN14A,168
2001,1,DFRN14A,4
2001,1,F-1,1
2001,1,F-1/A,1
2001,1,F-3,6
2001,1,F-3/A,4
2001,1,F-3MEF,1
2001,1,F-4,5
2001,1,F-4/A,6
2001,1,F-4MEF,1
2001,1,F-X,1
2001,1,N-1/A,1
2001,1,N-14,27
2001,1,N-14 8C,3
2001,1,N-14/A,45
2001,1,N-14AE,15
2001,1,N-14AE/A,11
2001,1,N-18F1,20
2001,1,N-1A,30
2001,1,N-1A/A,25
2001,1,N-2,30
2001,1,N-2/A,45
2001,1,N-23C-1,36
2001,1,N-23C-2,1
2001,1,N-23C3A,15
2001,1,N-23C3A/A,1
2001,1,N-23C3B,13
2001,1,N-23C3C,2
2001,1,N-23C3C/A,1
2001,1,N-30B-2,78
2001,1,N-30D,2899
2001,1,N-30D/A,50
2001,1,N-4,27
2001,1,N-4/A,26
2001,1,N-54C,2
2001,1,N-8A,39
2001,1,N-8A/A,1
2001,1,N-8B-2,3
2001,1,N-8B-2/A,3
2001,1,NO ACT,1
2001,1,NSAR-A,592
2001,1,NSAR-A/A,28
2001,1,NSAR-AT,1
2001,1,NSAR-B,1384
2001,1,NSAR-B/A,133
2001,1,NSAR-BT,20
2001,1,NSAR-BT/A,1
2001,1,NSAR-U,769
2001,1,NSAR-U/A,21
2001,1,NT 10-K,680
2001,1,NT 10-K/A,13
2001,1,NT 10-Q,478
2001,1,NT 10-Q/A,7
2001,1,NT 11-K,2
2001,1,NT 20-F,2
2001,1,NT-NSAR,140
2001,1,NTFNSAR,20
2001,1,NTN 10K,13
2001,1,NTN 10Q,37
2001,1,NTN 20F,1
2001,1,POS 8C,14
2001,1,POS AM,304
2001,1,POS AMC,33
2001,1,POS AMI,80
2001,1,POS EX,22
2001,1,POS462B,2
2001,1,POS462C,1
2001,1,PRE 14A,455
2001,1,PRE 14C,81
2001,1,PREC14A,62
2001,1,PREC14C,1
2001,1,PREM14A,65
2001,1,PREM14C,13
2001,1,PREN14A,4
2001,1,PRER14A,128
2001,1,PRER14C,14
2001,1,PRES14A,196
2001,1,PRES14C,8
2001,1,PRRN14A,38
2001,1,PX14A6G,4
2001,1,PX14A6N,2
2001,1,REGDEX,9
2001,1,REGDEX/A,3
2001,1,RW,227
2001,1,S-1,92
2001,1,S-1/A,238
2001,1,S-11,7
2001,1,S-11/A,12
2001,1,S-1MEF,4
2001,1,S-2,18
2001,1,S-2/A,15
2001,1,S-2MEF,2
2001,1,S-3,630
2001,1,S-3/A,533
2001,1,S-3D,8
2001,1,S-3DPOS,5
2001,1,S-3MEF,19
2001,1,S-4,152
2001,1,S-4 POS,7
2001,1,S-4/A,343
2001,1,S-4EF,2
2001,1,S-4MEF,7
2001,1,S-6,191
2001,1,S-6/A,46
2001,1,S-8,1211
2001,1,S-8 POS,178
2001,1,SB-1,3
2001,1,SB-1/A,9
2001,1,SB-2,143
2001,1,SB-2/A,386
2001,1,SB-2MEF,1
2001,1,SC 13D,1623
2001,1,SC 13D/A,2841
2001,1,SC 13E3,38
2001,1,SC 13E3/A,76
2001,1,SC 13G,14354
2001,1,SC 13G/A,19385
2001,1,SC 14D1/A,14
2001,1,SC 14D9,65
2001,1,SC 14D9/A,90
2001,1,SC 14F1,14
2001,1,SC 14F1/A,1
2001,1,SC TO-C,100
2001,1,SC TO-I,47
2001,1,SC TO-I/A,121
2001,1,SC TO-T,128
2001,1,SC TO-T/A,472
2001,1,SC14D9C,26
2001,1,SE,3
2001,1,T-3,4
2001,1,T-3/A,2
2001,1,TA-2,1
2001,1,U-1,25
2001,1,U-1/A,53
2001,1,U-12-IA,4
2001,1,U-12-IB,245
2001,1,U-3A-2,71
2001,1,U-3A-2/A,3
2001,1,U-3A3-1,2
2001,1,U-57,18
2001,1,U-57/A,19
2001,1,U-6B-2,27
2001,1,U-9C-3,17
2001,1,U-9C-3/A,2
2001,1,U5A,2
2001,1,U5B,5
2001,1,U5B/A,1
2001,1,U5S,1
2001,1,UNDER,3
2001,1,X-17A-5,1
2001,1,X-17A-5/A,1
2001,2,10-12B,9
2001,2,10-12B/A,12
2001,2,10-12G,24
2001,2,10-12G/A,32
2001,2,10-K,2010
2001,2,10-K/A,892
2001,2,10-K405,907
2001,2,10-K405/A,289
2001,2,10-KT,9
2001,2,10-KT/A,6
2001,2,10-Q,8122
2001,2,10-Q/A,463
2001,2,10-QT,1
2001,2,10KSB,1427
2001,2,10KSB/A,326
2001,2,10KSB40,274
2001,2,10KSB40/A,50
2001,2,10KT405,4
2001,2,10QSB,3418
2001,2,10QSB/A,325
2001,2,10SB12B,4
2001,2,10SB12B/A,6
2001,2,10SB12G,134
2001,2,10SB12G/A,186
2001,2,11-K,1239
2001,2,11-K/A,9
2001,2,11-KT,5
2001,2,13F-HR,2053
2001,2,13F-HR/A,300
2001,2,13F-NT,437
2001,2,13F-NT/A,11
2001,2,13FCONP,39
2001,2,144,19
2001,2,15-12B,53
2001,2,15-12G,150
2001,2,15-15D,104
2001,2,18-K/A,1
2001,2,19B-4E,3
2001,2,20-F,134
2001,2,20-F/A,16
2001,2,20FR12B,1
2001,2,20FR12G,7
2001,2,20FR12G/A,10
2001,2,24F-2NT,989
2001,2,24F-2NT/A,25
2001,2,3,1622
2001,2,3/A,100
2001,2,305B2,18
2001,2,35-CERT,128
2001,2,35-CERT/A,10
2001,2,4,5874
2001,2,4/A,250
2001,2,40-17F2,194
2001,2,40-8F-2/A,4
2001,2,40-8F-A,9
2001,2,40-8F-A/A,9
2001,2,40-8F-L,48
2001,2,40-8F-L/A,8
2001,2,40-8F-M,17
2001,2,40-8F-M/A,13
2001,2,424A,17
2001,2,424B1,121
2001,2,424B2,519
2001,2,424B3,1875
2001,2,424B4,107
2001,2,424B5,828
2001,2,425,1312
2001,2,485APOS,278
2001,2,485BPOS,2798
2001,2,485BXT,36
2001,2,486BPOS,6
2001,2,487,134
2001,2,497,6305
2001,2,497J,1729
2001,2,497K1,4
2001,2,497K3B,65
2001,2,5,512
2001,2,5/A,70
2001,2,6-K,672
2001,2,6-K/A,13
2001,2,8-A12B,258
2001,2,8-A12B/A,55
2001,2,8-A12G,136
2001,2,8-A12G/A,46
2001,2,8-K,8649
2001,2,8-K/A,693
2001,2,8-K12G3,9
2001,2,8-K12G3/A,9
2001,2,8-K15D5,2
2001,2,8-K15D5/A,1
2001,2,ADV-NR,2
2001,2,ARS,32
2001,2,AW,18
2001,2,BW-2,1
2001,2,BW-3,7
2001,2,CERTAMX,1
2001,2,DEF 14A,3756
2001,2,DEF 14C,110
2001,2,DEFA14A,777
2001,2,DEFA14C,5
2001,2,DEFC14A,59
2001,2,DEFM14A,59
2001,2,DEFM14C,5
2001,2,DEFN14A,4
2001,2,DEFR14A,144
2001,2,DEFR14C,2
2001,2,DEFS14A,147
2001,2,DEFS14C,4
2001,2,DEL AM,13
2001,2,DFAN14A,472
2001,2,DFRN14A,30
2001,2,F-1,4
2001,2,F-1/A,5
2001,2,F-3,9
2001,2,F-3/A,9
2001,2,F-3MEF,5
2001,2,F-4,4
2001,2,F-4/A,6
2001,2,F-4MEF,1
2001,2,N-1/A,2
2001,2,N-14,81
2001,2,N-14 8C/A,1
2001,2,N-14/A,49
2001,2,N-14AE,24
2001,2,N-14AE/A,4
2001,2,N-14MEF,1
2001,2,N-18F1,5
2001,2,N-1A,26
2001,2,N-1A/A,31
2001,2,N-2,43
2001,2,N-2/A,45
2001,2,N-23C-1,33
2001,2,N-23C-2,1
2001,2,N-23C3A,12
2001,2,N-23C3A/A,1
2001,2,N-23C3B,7
2001,2,N-23C3C,3
2001,2,N-2MEF,3
2001,2,N-3,3
2001,2,N-30B-2,113
2001,2,N-30D,1779
2001,2,N-30D/A,25
2001,2,N-4,53
2001,2,N-4/A,20
2001,2,N-54A,1
2001,2,N-54C,1
2001,2,N-8A,51
2001,2,N-8A/A,14
2001,2,N-8B-2,4
2001,2,N-8B-2/A,7
2001,2,NO ACT,1
2001,2,NSAR-A,1094
2001,2,NSAR-A/A,27
2001,2,NSAR-AT,2
2001,2,NSAR-B,403
2001,2,NSAR-B/A,17
2001,2,NSAR-BT,5
2001,2,NSAR-BT/A,4
2001,2,NSAR-U,12
2001,2,NSAR-U/A,15
2001,2,NT 10-K,1174
2001,2,NT 10-K/A,25
2001,2,NT 10-Q,1257
2001,2,NT 10-Q/A,7
2001,2,NT 11-K,44
2001,2,NT 20-F,14
2001,2,NT-NSAR,51
2001,2,NT-NSAR/A,1
2001,2,NTN 10K,45
2001,2,NTN 10Q,43
2001,2,NTN 20F,1
2001,2,POS 8C,7
2001,2,POS AM,436
2001,2,POS AMC,19
2001,2,POS AMI,86
2001,2,POS EX,17
2001,2,POS462B,2
2001,2,POS462C,4
2001,2,PRE 14A,576
2001,2,PRE 14C,79
2001,2,PREC14A,68
2001,2,PREC14C,2
2001,2,PREM14A,92
2001,2,PREM14C,11
2001,2,PREN14A,10
2001,2,PRER14A,177
2001,2,PRER14C,13
2001,2,PRES14A,155
2001,2,PRES14C,10
2001,2,PRRN14A,78
2001,2,PX14A6G,12
2001,2,PX14A6N,4
2001,2,REGDEX,13
2001,2,REGDEX/A,2
2001,2,RW,390
2001,2,S-1,123
2001,2,S-1/A,257
2001,2,S-11,8
2001,2,S-11/A,15
2001,2,S-11MEF,1
2001,2,S-1MEF,11
2001,2,S-2,19
2001,2,S-2/A,27
2001,2,S-2MEF,3
2001,2,S-3,1021
2001,2,S-3/A,745
2001,2,S-3D,6
2001,2,S-3DPOS,2
2001,2,S-3MEF,95
2001,2,S-4,1276
2001,2,S-4 POS,2
2001,2,S-4/A,724
2001,2,S-4EF,3
2001,2,S-4MEF,4
2001,2,S-6,149
2001,2,S-6/A,50
2001,2,S-8,1491
2001,2,S-8 POS,245
2001,2,SB-1,4
2001,2,SB-1/A,13
2001,2,SB-2,166
2001,2,SB-2/A,410
2001,2,SC 13D,1364
2001,2,SC 13D/A,2322
2001,2,SC 13E1,1
2001,2,SC 13E3,101
2001,2,SC 13E3/A,85
2001,2,SC 13E4,1
2001,2,SC 13G,1456
2001,2,SC 13G/A,1830
2001,2,SC 14D1/A,2
2001,2,SC 14D9,44
2001,2,SC 14D9/A,107
2001,2,SC 14F1,14
2001,2,SC TO-C,159
2001,2,SC TO-I,127
2001,2,SC TO-I/A,257
2001,2,SC TO-T,100
2001,2,SC TO-T/A,386
2001,2,SC14D9C,38
2001,2,SE,1
2001,2,SP 15D2,2
2001,2,T-3,10
2001,2,T-3/A,8
2001,2,U-1,14
2001,2,U-1/A,65
2001,2,U-12-IB,27
2001,2,U-13-60,30
2001,2,U-13-60/A,1
2001,2,U-13E-1,2
2001,2,U-33-S,4
2001,2,U-33-S/A,1
2001,2,U-3A-2,13
2001,2,U-3A-2/A,7
2001,2,U-57,10
2001,2,U-57/A,1
2001,2,U-6B-2,35
2001,2,U-7D,1
2001,2,U-9C-3,22
2001,2,U-9C-3/A,1
2001,2,U5A,1
2001,2,U5B,3
2001,2,U5B/A,2
2001,2,U5S,16
2001,2,U5S/A,1
2001,2,UNDER,3
2001,2,UNDER/A,1
2001,3,10-12B,7
2001,3,10-12B/A,15
2001,3,10-12G,13
2001,3,10-12G/A,37
2001,3,10-K,515
2001,3,10-K/A,231
2001,3,10-K405,226
2001,3,10-K405/A,76
2001,3,10-KT,1
2001,3,10-Q,7901
2001,3,10-Q/A,397
2001,3,10-QT,3
2001,3,10KSB,394
2001,3,10KSB/A,180
2001,3,10KSB40,61
2001,3,10KSB40/A,24
2001,3,10QSB,3289
2001,3,10QSB/A,369
2001,3,10SB12B,4
2001,3,10SB12B/A,9
2001,3,10SB12G,54
2001,3,10SB12G/A,173
2001,3,11-K,145
2001,3,11-K/A,15
2001,3,12G3-2B,1
2001,3,12G32BR,1
2001,3,13F-HR,2042
2001,3,13F-HR/A,243
2001,3,13F-NT,509
2001,3,13F-NT/A,8
2001,3,13FCONP,37
2001,3,13FCONP/A,2
2001,3,144,34
2001,3,144/A,1
2001,3,15-12B,53
2001,3,15-12G,166
2001,3,15-12G/A,2
2001,3,15-15D,59
2001,3,18-K/A,1
2001,3,19B-4E,1
2001,3,20-F,78
2001,3,20-F/A,14
2001,3,20FR12G,4
2001,3,20FR12G/A,14
2001,3,24F-2NT,975
2001,3,24F-2NT/A,17
2001,3,25,2
2001,3,3,1106
2001,3,3/A,39
2001,3,305B2,17
2001,3,35-CERT,109
2001,3,4,5114
2001,3,4/A,237
2001,3,40-17F1,4
2001,3,40-17F2,252
2001,3,40-8F-A,12
2001,3,40-8F-A/A,4
2001,3,40-8F-B,1
2001,3,40-8F-L,24
2001,3,40-8F-L/A,9
2001,3,40-8F-M,39
2001,3,40-8F-M/A,5
2001,3,424A,8
2001,3,424B1,56
2001,3,424B2,390
2001,3,424B3,2332
2001,3,424B4,94
2001,3,424B5,745
2001,3,425,1226
2001,3,485APOS,273
2001,3,485BPOS,1205
2001,3,485BXT,41
2001,3,486BPOS,3
2001,3,487,119
2001,3,497,4053
2001,3,497H2,1
2001,3,497J,833
2001,3,497K1,3
2001,3,497K2,3
2001,3,497K3B,61
2001,3,5,425
2001,3,5/A,23
2001,3,6-K,732
2001,3,6-K/A,13
2001,3,8-A12B,192
2001,3,8-A12B/A,44
2001,3,8-A12G,130
2001,3,8-A12G/A,41
2001,3,8-K,8252
2001,3,8-K/A,659
2001,3,8-K12G3,16
2001,3,8-K12G3/A,14
2001,3,8-K15D5,2
2001,3,ADN-MTL,1
2001,3,ADV-NR,3
2001,3,ARS,13
2001,3,AW,47
2001,3,BW-2,1
2001,3,BW-3,2
2001,3,DEF 14A,1073
2001,3,DEF 14C,98
2001,3,DEFA14A,470
2001,3,DEFA14C,3
2001,3,DEFC14A,21
2001,3,DEFM14A,72
2001,3,DEFM14C,7
2001,3,DEFN14A,6
2001,3,DEFR14A,64
2001,3,DEFR14C,5
2001,3,DEFS14A,192
2001,3,DEFS14C,7
2001,3,DEL AM,12
2001,3,DFAN14A,412
2001,3,DFRN14A,14
2001,3,F-1,4
2001,3,F-1/A,13
2001,3,F-3,12
2001,3,F-3/A,2
2001,3,F-4,54
2001,3,F-4/A,16
2001,3,F-4MEF,1
2001,3,N-1/A,1
2001,3,N-14,32
2001,3,N-14 8C,2
2001,3,N-14 8C/A,2
2001,3,N-14/A,19
2001,3,N-14AE,16
2001,3,N-14AE/A,7
2001,3,N-18F1,8
2001,3,N-1A,23
2001,3,N-1A/A,26
2001,3,N-2,23
2001,3,N-2/A,55
2001,3,N-23C-1,33
2001,3,N-23C-2,1
2001,3,N-23C3A,12
2001,3,N-23C3B,9
2001,3,N-23C3C,2
2001,3,N-23C3C/A,1
2001,3,N-2MEF,4
2001,3,N-30B-2,82
2001,3,N-30D,2650
2001,3,N-30D/A,43
2001,3,N-4,37
2001,3,N-4/A,33
2001,3,N-54A,2
2001,3,N-54C,1
2001,3,N-8A,32
2001,3,N-8A/A,5
2001,3,N-8B-2,5
2001,3,NSAR-A,1255
2001,3,NSAR-A/A,43
2001,3,NSAR-AT,7
2001,3,NSAR-AT/A,1
2001,3,NSAR-B,564
2001,3,NSAR-B/A,31
2001,3,NSAR-BT,8
2001,3,NSAR-U,20
2001,3,NSAR-U/A,12
2001,3,NT 10-K,334
2001,3,NT 10-K/A,6
2001,3,NT 10-Q,1112
2001,3,NT 10-Q/A,10
2001,3,NT 11-K,17
2001,3,NT 15D2,1
2001,3,NT 20-F,7
2001,3,NT 20-F/A,1
2001,3,NT-NSAR,88
2001,3,NT-NSAR/A,2
2001,3,NTFNSAR,1
2001,3,NTN 10K,23
2001,3,NTN 10Q,115
2001,3,POS 8C,1
2001,3,POS AM,256
2001,3,POS AMC,16
2001,3,POS AMI,46
2001,3,POS EX,11
2001,3,POS462B,8
2001,3,POS462C,3
2001,3,PRE 14A,298
2001,3,PRE 14C,77
2001,3,PREC14A,24
2001,3,PREM14A,78
2001,3,PREM14C,9
2001,3,PREN14A,2
2001,3,PRER14A,190
2001,3,PRER14C,24
2001,3,PRES14A,177
2001,3,PRES14C,2
2001,3,PRRN14A,30
2001,3,REGDEX,12
2001,3,REGDEX/A,2
2001,3,RW,149
2001,3,S-1,106
2001,3,S-1/A,191
2001,3,S-11,7
2001,3,S-11/A,14
2001,3,S-11MEF,1
2001,3,S-1MEF,5
2001,3,S-2,29
2001,3,S-2/A,34
2001,3,S-2MEF,1
2001,3,S-3,896
2001,3,S-3/A,935
2001,3,S-3D,9
2001,3,S-3DPOS,3
2001,3,S-3MEF,32
2001,3,S-4,1924
2001,3,S-4 POS,4
2001,3,S-4/A,1867
2001,3,S-4EF,2
2001,3,S-4EF/A,1
2001,3,S-4MEF,1
2001,3,S-6,143
2001,3,S-6/A,31
2001,3,S-8,1354
2001,3,S-8 POS,226
2001,3,SB-1,1
2001,3,SB-1/A,13
2001,3,SB-2,187
2001,3,SB-2/A,416
2001,3,SB-2MEF,2
2001,3,SC 13D,1228
2001,3,SC 13D/A,2148
2001,3,SC 13E1,1
2001,3,SC 13E1/A,1
2001,3,SC 13E3,44
2001,3,SC 13E3/A,138
2001,3,SC 13E4/A,1
2001,3,SC 13G,1136
2001,3,SC 13G/A,1463
2001,3,SC 14D9,77
2001,3,SC 14D9/A,106
2001,3,SC 14F1,21
2001,3,SC TO-C,136
2001,3,SC TO-I,83
2001,3,SC TO-I/A,253
2001,3,SC TO-T,125
2001,3,SC TO-T/A,456
2001,3,SC14D9C,34
2001,3,SE,1
2001,3,SUPPL,1
2001,3,T-3,38
2001,3,T-3/A,6
2001,3,TA-2/A,2
2001,3,U-1,22
2001,3,U-1/A,32
2001,3,U-13-60,1
2001,3,U-33-S,1
2001,3,U-3A-2,1
2001,3,U-57,15
2001,3,U-57/A,19
2001,3,U-6B-2,32
2001,3,U-7D,1
2001,3,U-7D/A,4
2001,3,U-9C-3,18
2001,3,U5B,1
2001,3,U5S,3
2001,3,X-17A-5/A,1
2001,4,10-12B,3
2001,4,10-12B/A,10
2001,4,10-12G,11
2001,4,10-12G/A,15
2001,4,10-K,497
2001,4,10-K/A,238
2001,4,10-K405,197
2001,4,10-K405/A,50
2001,4,10-KT,1
2001,4,10-Q,7837
2001,4,10-Q/A,488
2001,4,10-QSB,2
2001,4,10-QSB/A,1
2001,4,10-QT,2
2001,4,10KSB,428
2001,4,10KSB/A,181
2001,4,10KSB40,59
2001,4,10KSB40/A,20
2001,4,10KT405,3
2001,4,10QSB,3419
2001,4,10QSB/A,403
2001,4,10SB12B,2
2001,4,10SB12B/A,1
2001,4,10SB12G,54
2001,4,10SB12G/A,108
2001,4,11-K,80
2001,4,12G3-2B,7
2001,4,12G32BR,6
2001,4,13F-HR,2052
2001,4,13F-HR/A,206
2001,4,13F-NT,429
2001,4,13F-NT/A,8
2001,4,13FCONP,36
2001,4,144,28
2001,4,15-12B,55
2001,4,15-12B/A,1
2001,4,15-12G,199
2001,4,15-12G/A,1
2001,4,15-15D,61
2001,4,20-F,32
2001,4,20-F/A,23
2001,4,20FR12B,2
2001,4,20FR12G,1
2001,4,20FR12G/A,11
2001,4,24F-2NT,2464
2001,4,24F-2NT/A,29
2001,4,25,14
2001,4,3,1277
2001,4,3/A,43
2001,4,305B2,31
2001,4,35-APP,2
2001,4,35-CERT,92
2001,4,35-CERT/A,1
2001,4,39-310B,1
2001,4,4,4587
2001,4,4/A,209
2001,4,40-17F1,2
2001,4,40-17F2,239
2001,4,40-17F2/A,1
2001,4,40-8F-A,3
2001,4,40-8F-A/A,6
2001,4,40-8F-B,1
2001,4,40-8F-B/A,1
2001,4,40-8F-L,15
2001,4,40-8F-L/A,15
2001,4,40-8F-M,48
2001,4,40-8F-M/A,6
2001,4,40-APP,1
2001,4,40-F,1
2001,4,424A,13
2001,4,424B1,143
2001,4,424B2,397
2001,4,424B3,2334
2001,4,424B4,107
2001,4,424B5,849
2001,4,425,1437
2001,4,485APOS,348
2001,4,485BPOS,1470
2001,4,485BXT,31
2001,4,486APOS,2
2001,4,486BPOS,6
2001,4,487,107
2001,4,497,3978
2001,4,497H2,6
2001,4,497J,1019
2001,4,497K1,2
2001,4,497K3B,57
2001,4,5,281
2001,4,5/A,2
2001,4,6-K,859
2001,4,6-K/A,13
2001,4,8-A12B,202
2001,4,8-A12B/A,58
2001,4,8-A12G,147
2001,4,8-A12G/A,35
2001,4,8-K,9251
2001,4,8-K/A,682
2001,4,8-K12G3,12
2001,4,8-K12G3/A,10
2001,4,ADV-E,3
2001,4,ADV-NR,2
2001,4,ARS,27
2001,4,AW,35
2001,4,BW-2,1
2001,4,BW-3,4
2001,4,CERTAMX,2
2001,4,CERTNYS,7
2001,4,DEF 14A,1003
2001,4,DEF 14C,98
2001,4,DEFA14A,346
2001,4,DEFA14C,4
2001,4,DEFC14A,19
2001,4,DEFC14C,2
2001,4,DEFM14A,50
2001,4,DEFM14C,8
2001,4,DEFN14A,4
2001,4,DEFR14A,54
2001,4,DEFR14C,4
2001,4,DEFS14A,166
2001,4,DEFS14C,1
2001,4,DEL AM,18
2001,4,DFAN14A,135
2001,4,DFRN14A,20
2001,4,F-1,2
2001,4,F-1/A,9
2001,4,F-3,6
2001,4,F-3/A,2
2001,4,F-3MEF,1
2001,4,F-4,3
2001,4,F-4/A,80
2001,4,N-1/A,5
2001,4,N-14,46
2001,4,N-14 8C,1
2001,4,N-14 8C/A,3
2001,4,N-14/A,26
2001,4,N-14AE,8
2001,4,N-14AE/A,1
2001,4,N-18F1,11
2001,4,N-18F1/A,3
2001,4,N-1A,27
2001,4,N-1A/A,31
2001,4,N-2,46
2001,4,N-2/A,83
2001,4,N-23C-1,37
2001,4,N-23C-2,3
2001,4,N-23C3A,20
2001,4,N-23C3B,10
2001,4,N-27D-1,1
2001,4,N-2MEF,3
2001,4,N-30B-2,78
2001,4,N-30D,1761
2001,4,N-30D/A,19
2001,4,N-4,34
2001,4,N-4/A,34
2001,4,N-54A,1
2001,4,N-54C,5
2001,4,N-8A,47
2001,4,N-8A/A,5
2001,4,N-8B-2,1
2001,4,N-8B-2/A,1
2001,4,NO ACT,17
2001,4,NSAR-A,428
2001,4,NSAR-A/A,26
2001,4,NSAR-AT,2
2001,4,NSAR-B,1108
2001,4,NSAR-B/A,44
2001,4,NSAR-BT,4
2001,4,NSAR-BT/A,1
2001,4,NSAR-U,1
2001,4,NT 10-K,305
2001,4,NT 10-K/A,5
2001,4,NT 10-Q,1199
2001,4,NT 10-Q/A,14
2001,4,NT 11-K,12
2001,4,NT 20-F,4
2001,4,NT-NSAR,63
2001,4,NTN 10K,28
2001,4,NTN 10Q,64
2001,4,NTN 20F,1
2001,4,POS 8C,7
2001,4,POS AM,451
2001,4,POS AMC,29
2001,4,POS AMI,65
2001,4,POS EX,19
2001,4,POS462B,3
2001,4,PRE 14A,220
2001,4,PRE 14C,85
2001,4,PREC14A,34
2001,4,PREC14C,3
2001,4,PREM14A,63
2001,4,PREM14C,10
2001,4,PREN14A,8
2001,4,PRER14A,142
2001,4,PRER14C,19
2001,4,PRES14A,186
2001,4,PRES14C,6
2001,4,PRRN14A,36
2001,4,PX14A6G,4
2001,4,REGDEX,11
2001,4,RW,133
2001,4,S-1,112
2001,4,S-1/A,272
2001,4,S-11,7
2001,4,S-11/A,21
2001,4,S-1MEF,6
2001,4,S-2,25
2001,4,S-2/A,39
2001,4,S-2MEF,9
2001,4,S-3,945
2001,4,S-3/A,807
2001,4,S-3D,5
2001,4,S-3DPOS,5
2001,4,S-3MEF,98
2001,4,S-4,942
2001,4,S-4 POS,3
2001,4,S-4/A,1830
2001,4,S-4EF,2
2001,4,S-4MEF,2
2001,4,S-6,128
2001,4,S-6/A,50
2001,4,S-8,1236
2001,4,S-8 POS,224
2001,4,SB-1,4
2001,4,SB-1/A,9
2001,4,SB-1MEF,1
2001,4,SB-2,157
2001,4,SB-2/A,432
2001,4,SB-2MEF,1
2001,4,SC 13D,1290
2001,4,SC 13D/A,2454
2001,4,SC 13E3,41
2001,4,SC 13E3/A,120
2001,4,SC 13E4/A,1
2001,4,SC 13G,1310
2001,4,SC 13G/A,1281
2001,4,SC 14D1/A,2
2001,4,SC 14D9,69
2001,4,SC 14D9/A,148
2001,4,SC 14F1,26
2001,4,SC 14F1/A,2
2001,4,SC TO-C,85
2001,4,SC TO-I,118
2001,4,SC TO-I/A,249
2001,4,SC TO-T,120
2001,4,SC TO-T/A,575
2001,4,SC14D9C,22
2001,4,SUPPL,13
2001,4,T-3,28
2001,4,T-3/A,38
2001,4,TA-2,3
2001,4,TA-2/A,2
2001,4,TTW,1
2001,4,U-1,20
2001,4,U-1/A,52
2001,4,U-12-IB,15
2001,4,U-3A-2,2
2001,4,U-57,31
2001,4,U-57/A,11
2001,4,U-6B-2,34
2001,4,U-9C-3,18
2001,4,U-9C-3/A,1
2001,4,U5A,3
2001,4,U5B,1
2001,4,UNDER,1
2001,4,X-17A-5,6
2002,1,1,2
2002,1,1-A,6
2002,1,1-A/A,27
2002,1,1/A,1
2002,1,10-12B,6
2002,1,10-12B/A,11
2002,1,10-12G,8
2002,1,10-12G/A,19
2002,1,10-K,3242
2002,1,10-K/A,250
2002,1,10-K405,1715
2002,1,10-K405/A,104
2002,1,10-KSB,1
2002,1,10-KSB/A,1
2002,1,10-KT,5
2002,1,10-KT/A,1
2002,1,10-Q,1920
2002,1,10-Q/A,315
2002,1,10-QT,19
2002,1,10KSB,1007
2002,1,10KSB/A,152
2002,1,10KSB40,199
2002,1,10KSB40/A,18
2002,1,10KT405,9
2002,1,10QSB,1351
2002,1,10QSB/A,312
2002,1,10SB12G,62
2002,1,10SB12G/A,110
2002,1,11-K,107
2002,1,11-K/A,7
2002,1,12G3-2B,19
2002,1,12G32BR,2
2002,1,13F-HR,2065
2002,1,13F-HR/A,236
2002,1,13F-NT,460
2002,1,13F-NT/A,14
2002,1,13FCONP,40
2002,1,144,46
2002,1,144/A,2
2002,1,15-12B,53
2002,1,15-12G,177
2002,1,15-12G/A,8
2002,1,15-15D,427
2002,1,18-K,9
2002,1,18-K/A,19
2002,1,19B-4E,2
2002,1,2-A,2
2002,1,2-A/A,1
2002,1,2-AF,2
2002,1,2-E,1
2002,1,20-F,128
2002,1,20-F/A,30
2002,1,20FR12B,3
2002,1,20FR12B/A,3
2002,1,20FR12G,4
2002,1,20FR12G/A,15
2002,1,24F-2NT,3979
2002,1,24F-2NT/A,34
2002,1,25,146
2002,1,26,1
2002,1,3,1542
2002,1,3/A,92
2002,1,305B2,46
2002,1,35-CERT,96
2002,1,35-CERT/A,4
2002,1,4,5951
2002,1,4/A,399
2002,1,40-17F1,1
2002,1,40-17F2,212
2002,1,40-17F2/A,8
2002,1,40-17G,417
2002,1,40-6C,197
2002,1,40-6C/A,133
2002,1,40-8F-2,1
2002,1,40-8F-2/A,3
2002,1,40-8F-A,6
2002,1,40-8F-A/A,1
2002,1,40-8F-L,25
2002,1,40-8F-L/A,10
2002,1,40-8F-M,17
2002,1,40-8F-M/A,5
2002,1,40-APP,78
2002,1,40-APP/A,76
2002,1,40-F,31
2002,1,40-F/A,3
2002,1,40FR12B,1
2002,1,424A,3
2002,1,424B1,161
2002,1,424B2,465
2002,1,424B3,1780
2002,1,424B4,110
2002,1,424B5,854
2002,1,425,1399
2002,1,485APOS,374
2002,1,485BPOS,1332
2002,1,485BXT,48
2002,1,486APOS,1
2002,1,486BPOS,5
2002,1,487,122
2002,1,497,3529
2002,1,497J,983
2002,1,497K1,1
2002,1,497K2,2
2002,1,497K3B,60
2002,1,5,4606
2002,1,5/A,85
2002,1,6-K,2954
2002,1,6-K/A,15
2002,1,8-A12B,179
2002,1,8-A12B/A,87
2002,1,8-A12G,134
2002,1,8-A12G/A,35
2002,1,8-K,9324
2002,1,8-K/A,703
2002,1,8-K12G3,10
2002,1,8-K12G3/A,6
2002,1,8-K15D5,11
2002,1,8-M,1
2002,1,ADB,5
2002,1,ADN-MTL,2
2002,1,ADV-E,162
2002,1,ADV-H-C,1
2002,1,ADV-NR,1
2002,1,ADV/A,1
2002,1,ADVCO,47
2002,1,ADVW,6
2002,1,AFDB,1
2002,1,APP WD,7
2002,1,ARS,752
2002,1,AW,13
2002,1,BDCO,5
2002,1,BW-2,1
2002,1,BW-3,2
2002,1,CB,30
2002,1,CB/A,8
2002,1,CERTAMX,50
2002,1,CERTBSE,3
2002,1,CERTNYS,86
2002,1,CERTPAC,2
2002,1,CERTPBS,1
2002,1,DEF 14A,2114
2002,1,DEF 14C,112
2002,1,DEFA14A,400
2002,1,DEFA14C,2
2002,1,DEFC14A,22
2002,1,DEFM14A,40
2002,1,DEFM14C,4
2002,1,DEFN14A,2
2002,1,DEFR14A,64
2002,1,DEFR14C,7
2002,1,DEFS14A,199
2002,1,DEFS14C,5
2002,1,DEL AM,16
2002,1,DFAN14A,277
2002,1,DFRN14A,24
2002,1,EBRD,2
2002,1,F-1,8
2002,1,F-1/A,20
2002,1,F-10,5
2002,1,F-10/A,2
2002,1,F-10EF,1
2002,1,F-2,1
2002,1,F-2/A,2
2002,1,F-3,32
2002,1,F-3/A,27
2002,1,F-3D,2
2002,1,F-3DPOS,1
2002,1,F-4,15
2002,1,F-4 POS,1
2002,1,F-4/A,46
2002,1,F-6,21
2002,1,F-6/A,1
2002,1,F-6EF,8
2002,1,F-7,1
2002,1,F-80,2
2002,1,F-80/A,3
2002,1,F-X,22
2002,1,F-X/A,5
2002,1,FOCUSN,3
2002,1,FOCUSN/A,2
2002,1,G-405,4
2002,1,G-405N,1
2002,1,G-FIN/A,5
2002,1,IADB,2
2002,1,IFC,1
2002,1,MSD/A,11
2002,1,MSDW,2
2002,1,N-1/A,1
2002,1,N-14,34
2002,1,N-14 8C,1
2002,1,N-14 8C/A,1
2002,1,N-14/A,38
2002,1,N-14AE,62
2002,1,N-18F1,5
2002,1,N-1A,25
2002,1,N-1A/A,11
2002,1,N-2,41
2002,1,N-2/A,74
2002,1,N-23C-1,30
2002,1,N-23C3A,14
2002,1,N-23C3B,16
2002,1,N-27D-1,2
2002,1,N-2MEF,3
2002,1,N-30B-2,90
2002,1,N-30D,2717
2002,1,N-30D/A,79
2002,1,N-4,27
2002,1,N-4/A,28
2002,1,N-54C,3
2002,1,N-8A,54
2002,1,N-8A/A,1
2002,1,N-8B-2,9
2002,1,N-8B-2/A,6
2002,1,NO ACT,409
2002,1,NSAR-A,571
2002,1,NSAR-A/A,24
2002,1,NSAR-B,1262
2002,1,NSAR-B/A,92
2002,1,NSAR-BT,4
2002,1,NSAR-U,775
2002,1,NSAR-U/A,4
2002,1,NT 10-K,611
2002,1,NT 10-K/A,10
2002,1,NT 10-Q,436
2002,1,NT 10-Q/A,6
2002,1,NT 11-K,3
2002,1,NT 20-F,5
2002,1,NT-NSAR,57
2002,1,NT-NSAR/A,1
2002,1,NTFNSAR,3
2002,1,NTN 10K,21
2002,1,NTN 10Q,23
2002,1,NTN 20F,1
2002,1,NTN15D2,1
2002,1,POS 8C,4
2002,1,POS AM,307
2002,1,POS AMC,27
2002,1,POS AMI,65
2002,1,POS EX,37
2002,1,POS462B,1
2002,1,POS462C,3
2002,1,PRE 14A,447
2002,1,PRE 14C,99
2002,1,PREC14A,37
2002,1,PREC14C,2
2002,1,PREM14A,48
2002,1,PREM14C,11
2002,1,PREN14A,6
2002,1,PRER14A,129
2002,1,PRER14C,23
2002,1,PRES14A,158
2002,1,PRES14C,4
2002,1,PRRN14A,30
2002,1,PX14A6G,2
2002,1,REG-NR,1
2002,1,REGDEX,3217
2002,1,REGDEX/A,767
2002,1,RW,189
2002,1,S-1,95
2002,1,S-1/A,258
2002,1,S-11,15
2002,1,S-11/A,21
2002,1,S-1MEF,5
2002,1,S-2,22
2002,1,S-2/A,38
2002,1,S-20,1
2002,1,S-2MEF,1
2002,1,S-3,1000
2002,1,S-3/A,1126
2002,1,S-3D,14
2002,1,S-3DPOS,4
2002,1,S-3MEF,53
2002,1,S-4,775
2002,1,S-4 POS,2
2002,1,S-4/A,789
2002,1,S-4EF,3
2002,1,S-4EF/A,1
2002,1,S-4MEF,3
2002,1,S-6,154
2002,1,S-6/A,41
2002,1,S-8,1044
2002,1,S-8 POS,224
2002,1,S-B,10
2002,1,SB-1,4
2002,1,SB-1/A,11
2002,1,SB-2,142
2002,1,SB-2/A,367
2002,1,SB-2MEF,4
2002,1,SC 13D,1401
2002,1,SC 13D/A,2542
2002,1,SC 13E3,25
2002,1,SC 13E3/A,88
2002,1,SC 13G,9527
2002,1,SC 13G/A,21531
2002,1,SC 14D1/A,1
2002,1,SC 14D9,47
2002,1,SC 14D9/A,79
2002,1,SC 14F1,29
2002,1,SC 14F1/A,5
2002,1,SC TO-C,101
2002,1,SC TO-I,62
2002,1,SC TO-I/A,197
2002,1,SC TO-T,83
2002,1,SC TO-T/A,386
2002,1,SC13E4F/A,6
2002,1,SC14D1F/A,3
2002,1,SC14D9C,29
2002,1,SC14D9F/A,1
2002,1,SE,124
2002,1,SUPPL,1608
2002,1,T-3,29
2002,1,T-3/A,14
2002,1,TA-1,9
2002,1,TA-1/A,65
2002,1,TA-2,608
2002,1,TA-2/A,15
2002,1,TA-W,17
2002,1,TTW,2
2002,1,U-1,23
2002,1,U-1/A,34
2002,1,U-12-IA/A,1
2002,1,U-12-IB,193
2002,1,U-13-60,1
2002,1,U-13-60/A,1
2002,1,U-33-S,1
2002,1,U-3A-2,70
2002,1,U-3A-2/A,7
2002,1,U-3A3-1,2
2002,1,U-57,30
2002,1,U-57/A,18
2002,1,U-6B-2,31
2002,1,U-6B-2/A,1
2002,1,U-7D,2
2002,1,U-9C-3,18
2002,1,U-9C-3/A,1
2002,1,U5A,1
2002,1,U5B,2
2002,1,U5S,3
2002,1,U5S/A,1
2002,1,UNDER,1
2002,1,X-17A-5,4121
2002,1,X-17A-5/A,77
2002,2,1,2
2002,2,1-A,5
2002,2,1-A/A,35
2002,2,1-E,1
2002,2,10-12B,3
2002,2,10-12B/A,16
2002,2,10-12G,31
2002,2,10-12G/A,30
2002,2,10-K,2051
2002,2,10-K/A,928
2002,2,10-K405,453
2002,2,10-K405/A,19
2002,2,10-KSB/A,1
2002,2,10-KT,12
2002,2,10-KT/A,2
2002,2,10-Q,7573
2002,2,10-Q/A,328
2002,2,10-QSB,2
2002,2,10-QT,1
2002,2,10KSB,1523
2002,2,10KSB/A,372
2002,2,10KSB40,108
2002,2,10KSB40/A,2
2002,2,10KT405,3
2002,2,10QSB,3356
2002,2,10QSB/A,318
2002,2,10SB12B,3
2002,2,10SB12G,73
2002,2,10SB12G/A,141
2002,2,11-K,1514
2002,2,11-K/A,15
2002,2,11-KT,4
2002,2,12G3-2B,17
2002,2,12G32BR,7
2002,2,13F-HR,2060
2002,2,13F-HR/A,206
2002,2,13F-NT,441
2002,2,13F-NT/A,10
2002,2,13FCONP,38
2002,2,144,62
2002,2,144/A,2
2002,2,15-12B,36
2002,2,15-12B/A,3
2002,2,15-12G,170
2002,2,15-12G/A,4
2002,2,15-15D,90
2002,2,15-15D/A,1
2002,2,18-K,7
2002,2,18-K/A,16
2002,2,19B-4E,20
2002,2,2-A,2
2002,2,2-A/A,1
2002,2,20-F,541
2002,2,20-F/A,33
2002,2,20FR12B,8
2002,2,20FR12G,14
2002,2,20FR12G/A,15
2002,2,24F-2NT,1216
2002,2,24F-2NT/A,28
2002,2,25,73
2002,2,3,1369
2002,2,3/A,75
2002,2,305B2,18
2002,2,305B2/A,1
2002,2,35-CERT,111
2002,2,35-CERT/A,1
2002,2,39-310B,1
2002,2,4,6721
2002,2,4/A,316
2002,2,40-17F1,1
2002,2,40-17F2,240
2002,2,40-17G,401
2002,2,40-17G/A,4
2002,2,40-206A,1
2002,2,40-6B,3
2002,2,40-6B/A,2
2002,2,40-6C,146
2002,2,40-6C/A,307
2002,2,40-8F-2,2
2002,2,40-8F-2/A,1
2002,2,40-8F-A,3
2002,2,40-8F-A/A,3
2002,2,40-8F-L,24
2002,2,40-8F-L/A,8
2002,2,40-8F-M,16
2002,2,40-8F-M/A,4
2002,2,40-APP,75
2002,2,40-APP/A,124
2002,2,40-F,76
2002,2,40-F/A,12
2002,2,40FR12B,2
2002,2,40FR12G,1
2002,2,424A,10
2002,2,424B1,196
2002,2,424B2,488
2002,2,424B3,2529
2002,2,424B4,126
2002,2,424B5,1024
2002,2,425,1257
2002,2,485APOS,240
2002,2,485BPOS,2713
2002,2,485BXT,29
2002,2,486APOS,5
2002,2,486BPOS,11
2002,2,487,114
2002,2,497,4096
2002,2,497H2,3
2002,2,497J,1815
2002,2,497K1,4
2002,2,497K2,1
2002,2,497K3B,67
2002,2,5,701
2002,2,5/A,36
2002,2,6-K,3994
2002,2,6-K/A,21
2002,2,8-A12B,333
2002,2,8-A12B/A,123
2002,2,8-A12G,145
2002,2,8-A12G/A,47
2002,2,8-K,10548
2002,2,8-K/A,883
2002,2,8-K12G3,10
2002,2,8-K12G3/A,2
2002,2,8-K15D5,1
2002,2,8-M,1
2002,2,ADB,1
2002,2,ADN-MTL,2
2002,2,ADV-E,107
2002,2,ADV-H-T,4
2002,2,ADV-NR,1
2002,2,ADVCO,1
2002,2,ADVW,1
2002,2,APP WD,14
2002,2,ARS,1725
2002,2,ARS/A,1
2002,2,AW,49
2002,2,AW WD,1
2002,2,BW-2,1
2002,2,BW-3,3
2002,2,CB,51
2002,2,CB/A,59
2002,2,CERTAMX,58
2002,2,CERTBSE,1
2002,2,CERTNYS,155
2002,2,CERTPAC,5
2002,2,DEF 14A,3685
2002,2,DEF 14C,152
2002,2,DEFA14A,563
2002,2,DEFA14C,3
2002,2,DEFC14A,62
2002,2,DEFC14C,2
2002,2,DEFM14A,50
2002,2,DEFM14C,8
2002,2,DEFN14A,9
2002,2,DEFR14A,176
2002,2,DEFR14C,4
2002,2,DEFS14A,4
2002,2,DEL AM,8
2002,2,DFAN14A,351
2002,2,DFRN14A,4
2002,2,EBRD,2
2002,2,F-1,14
2002,2,F-1/A,16
2002,2,F-10,11
2002,2,F-10/A,13
2002,2,F-10POS,1
2002,2,F-1MEF,1
2002,2,F-3,23
2002,2,F-3/A,36
2002,2,F-3MEF,1
2002,2,F-4,45
2002,2,F-4 POS,2
2002,2,F-4/A,20
2002,2,F-6,32
2002,2,F-6EF,18
2002,2,F-7,1
2002,2,F-8,3
2002,2,F-8 POS,2
2002,2,F-8/A,1
2002,2,F-9,6
2002,2,F-9/A,5
2002,2,F-N,1
2002,2,F-X,56
2002,2,F-X/A,4
2002,2,FOCUSN,12
2002,2,FOCUSN/A,2
2002,2,G-405,2
2002,2,G-FIN/A,5
2002,2,IADB,3
2002,2,IFC,1
2002,2,MSD,2
2002,2,MSD/A,8
2002,2,N-14,22
2002,2,N-14 8C,2
2002,2,N-14/A,17
2002,2,N-14AE,25
2002,2,N-14AE/A,12
2002,2,N-18F1,11
2002,2,N-18F1/A,1
2002,2,N-1A,33
2002,2,N-1A/A,30
2002,2,N-2,49
2002,2,N-2/A,76
2002,2,N-23C-1,28
2002,2,N-23C-2,4
2002,2,N-23C3A,16
2002,2,N-23C3B,8
2002,2,N-23C3C/A,3
2002,2,N-2MEF,8
2002,2,N-3,3
2002,2,N-30B-2,91
2002,2,N-30D,1802
2002,2,N-30D/A,33
2002,2,N-4,33
2002,2,N-4/A,29
2002,2,N-5,1
2002,2,N-54A,2
2002,2,N-8A,65
2002,2,N-8A/A,4
2002,2,N-8B-2/A,1
2002,2,NO ACT,164
2002,2,NSAR-A,1079
2002,2,NSAR-A/A,23
2002,2,NSAR-B,429
2002,2,NSAR-B/A,50
2002,2,NSAR-BT,2
2002,2,NSAR-U,14
2002,2,NSAR-U/A,2
2002,2,NT 10-K,1201
2002,2,NT 10-K/A,27
2002,2,NT 10-Q,1171
2002,2,NT 10-Q/A,17
2002,2,NT 11-K,47
2002,2,NT 20-F,24
2002,2,NT-NSAR,25
2002,2,NT-NSAR/A,4
2002,2,NTFNSAR,3
2002,2,NTN 10K,54
2002,2,NTN 10Q,48
2002,2,POS 8C,5
2002,2,POS AM,499
2002,2,POS AMC,18
2002,2,POS AMI,80
2002,2,POS EX,7
2002,2,POS462B,3
2002,2,POS462C,1
2002,2,PRE 14A,631
2002,2,PRE 14C,111
2002,2,PREC14A,58
2002,2,PREC14C,2
2002,2,PREM14A,56
2002,2,PREM14C,13
2002,2,PREN14A,18
2002,2,PRER14A,134
2002,2,PRER14C,34
2002,2,PRES14A,3
2002,2,PRES14C,1
2002,2,PRRN14A,76
2002,2,PX14A6G,15
2002,2,REGDEX,3884
2002,2,REGDEX/A,927
2002,2,REVOKED,1
2002,2,RW,189
2002,2,RW WD,6
2002,2,S-1,127
2002,2,S-1/A,439
2002,2,S-11,18
2002,2,S-11/A,28
2002,2,S-11MEF,1
2002,2,S-1MEF,10
2002,2,S-2,24
2002,2,S-2/A,33
2002,2,S-2MEF,3
2002,2,S-3,1395
2002,2,S-3/A,1831
2002,2,S-3D,14
2002,2,S-3DPOS,4
2002,2,S-3MEF,27
2002,2,S-4,1363
2002,2,S-4 POS,7
2002,2,S-4/A,1576
2002,2,S-4EF,1
2002,2,S-4EF/A,1
2002,2,S-4MEF,2
2002,2,S-6,135
2002,2,S-6/A,46
2002,2,S-8,1467
2002,2,S-8 POS,253
2002,2,S-B,10
2002,2,S-B/A,3
2002,2,SB-1,6
2002,2,SB-1/A,5
2002,2,SB-2,179
2002,2,SB-2/A,373
2002,2,SB-2MEF,2
2002,2,SC 13D,1326
2002,2,SC 13D/A,2543
2002,2,SC 13E3,38
2002,2,SC 13E3/A,76
2002,2,SC 13G,1266
2002,2,SC 13G/A,1686
2002,2,SC 14D9,95
2002,2,SC 14D9/A,114
2002,2,SC 14F1,38
2002,2,SC 14F1/A,11
2002,2,SC TO-C,102
2002,2,SC TO-I,88
2002,2,SC TO-I/A,181
2002,2,SC TO-T,167
2002,2,SC TO-T/A,612
2002,2,SC14D1F,1
2002,2,SC14D1F/A,3
2002,2,SC14D9C,23
2002,2,SE,176
2002,2,SL,4
2002,2,SUPPL,1822
2002,2,T-3,16
2002,2,T-3/A,98
2002,2,TA-1,14
2002,2,TA-1/A,59
2002,2,TA-2,208
2002,2,TA-2/A,15
2002,2,TA-W,9
2002,2,TACO,2
2002,2,U-1,8
2002,2,U-1/A,43
2002,2,U-12-IA,2
2002,2,U-12-IB,25
2002,2,U-13-60,33
2002,2,U-13-60/A,2
2002,2,U-33-S,4
2002,2,U-3A-2,9
2002,2,U-3A-2/A,14
2002,2,U-57,8
2002,2,U-57/A,2
2002,2,U-6B-2,48
2002,2,U-7D,2
2002,2,U-7D/A,2
2002,2,U-9C-3,21
2002,2,U5B/A,2
2002,2,U5S,21
2002,2,U5S/A,5
2002,2,WDL-REQ,1
2002,2,X-17A-5,482
2002,2,X-17A-5/A,181
2002,3,1,2
2002,3,1-A,6
2002,3,1-A/A,19
2002,3,1-E,1
2002,3,10-12B,6
2002,3,10-12B/A,2
2002,3,10-12G,6
2002,3,10-12G/A,33
2002,3,10-K,701
2002,3,10-K/A,438
2002,3,10-KT,2
2002,3,10-Q,7379
2002,3,10-Q/A,557
2002,3,10-QT,1
2002,3,10KSB,489
2002,3,10KSB/A,176
2002,3,10QSB,3165
2002,3,10QSB/A,437
2002,3,10SB12B,2
2002,3,10SB12B/A,1
2002,3,10SB12G,52
2002,3,10SB12G/A,128
2002,3,11-K,672
2002,3,11-K/A,22
2002,3,12G3-2B,17
2002,3,12G32BR,9
2002,3,13F-HR,2050
2002,3,13F-HR/A,273
2002,3,13F-NT,524
2002,3,13F-NT/A,23
2002,3,13FCONP,34
2002,3,144,38
2002,3,15-12B,36
2002,3,15-12G,149
2002,3,15-12G/A,1
2002,3,15-15D,128
2002,3,18-12B,1
2002,3,18-K,10
2002,3,18-K/A,19
2002,3,19B-4E,1
2002,3,2-A,4
2002,3,2-A/A,1
2002,3,2-AF,1
2002,3,20-F,355
2002,3,20-F/A,56
2002,3,20FR12B,5
2002,3,20FR12B/A,5
2002,3,20FR12G,14
2002,3,20FR12G/A,20
2002,3,24F-2NT,1032
2002,3,24F-2NT/A,5
2002,3,25,103
2002,3,3,1587
2002,3,3/A,72
2002,3,305B2,13
2002,3,35-CERT,123
2002,3,35-CERT/A,4
2002,3,4,12099
2002,3,4/A,542
2002,3,40-17F1,4
2002,3,40-17F2,124
2002,3,40-17F2/A,1
2002,3,40-17G,404
2002,3,40-206A/A,1
2002,3,40-6B,1
2002,3,40-6B/A,1
2002,3,40-6C,82
2002,3,40-6C/A,211
2002,3,40-8F-A,4
2002,3,40-8F-B,1
2002,3,40-8F-L,12
2002,3,40-8F-L/A,8
2002,3,40-8F-M,45
2002,3,40-8F-M/A,9
2002,3,40-APP,72
2002,3,40-APP/A,34
2002,3,40-F,10
2002,3,40-F/A,3
2002,3,40FR12B,2
2002,3,40FR12B/A,2
2002,3,424A,6
2002,3,424B1,240
2002,3,424B2,415
2002,3,424B3,1930
2002,3,424B4,88
2002,3,424B5,651
2002,3,425,811
2002,3,485APOS,295
2002,3,485BPOS,1348
2002,3,485BXT,36
2002,3,486BPOS,8
2002,3,487,112
2002,3,497,4195
2002,3,497AD,5
2002,3,497H2,1
2002,3,497J,904
2002,3,497K1,2
2002,3,497K3B,62
2002,3,5,673
2002,3,5/A,66
2002,3,6-K,4036
2002,3,6-K/A,19
2002,3,8-A12B,166
2002,3,8-A12B/A,91
2002,3,8-A12G,97
2002,3,8-A12G/A,40
2002,3,8-K,12681
2002,3,8-K/A,743
2002,3,8-K12B,1
2002,3,8-K12G3,20
2002,3,8-K12G3/A,3
2002,3,8-K15D5,1
2002,3,8-M,1
2002,3,ADB,5
2002,3,ADN-MTL,1
2002,3,ADV-E,61
2002,3,ADV-NR,2
2002,3,ADVCO,1
2002,3,AFDB,4
2002,3,ANNLRPT,1
2002,3,APP WD,4
2002,3,ARS,445
2002,3,ARS/A,2
2002,3,AW,23
2002,3,AW WD,1
2002,3,BDCO,2
2002,3,BW-2,1
2002,3,BW-3,14
2002,3,CB,11
2002,3,CB/A,49
2002,3,CERTAMX,47
2002,3,CERTNYS,85
2002,3,CERTPAC,1
2002,3,CERTPBS,2
2002,3,DEF 14A,1154
2002,3,DEF 14C,104
2002,3,DEFA14A,552
2002,3,DEFA14C,4
2002,3,DEFC14A,27
2002,3,DEFM14A,38
2002,3,DEFM14C,5
2002,3,DEFN14A,4
2002,3,DEFR14A,88
2002,3,DEFR14C,4
2002,3,DEL AM,10
2002,3,DFAN14A,246
2002,3,DFRN14A,4
2002,3,F-1,10
2002,3,F-1/A,27
2002,3,F-10,3
2002,3,F-10/A,3
2002,3,F-2,1
2002,3,F-2/A,6
2002,3,F-3,22
2002,3,F-3/A,31
2002,3,F-3D,1
2002,3,F-4,92
2002,3,F-4/A,132
2002,3,F-6,13
2002,3,F-6 POS,6
2002,3,F-6/A,4
2002,3,F-6EF,17
2002,3,F-9,4
2002,3,F-9/A,5
2002,3,F-N,1
2002,3,F-X,21
2002,3,FOCUSN,115
2002,3,FOCUSN/A,20
2002,3,G-405,1
2002,3,G-405N,1
2002,3,G-FIN/A,4
2002,3,IADB,3
2002,3,IFC,2
2002,3,MSDW,1
2002,3,N-1/A,1
2002,3,N-14,35
2002,3,N-14 8C,2
2002,3,N-14 8C/A,2
2002,3,N-14/A,17
2002,3,N-14AE,37
2002,3,N-14AE/A,24
2002,3,N-18F1,11
2002,3,N-1A,26
2002,3,N-1A/A,35
2002,3,N-2,65
2002,3,N-2/A,87
2002,3,N-23C-1,36
2002,3,N-23C-1/A,1
2002,3,N-23C-2,7
2002,3,N-23C-2/A,1
2002,3,N-23C3A,19
2002,3,N-23C3A/A,1
2002,3,N-23C3B,8
2002,3,N-23C3C,1
2002,3,N-23C3C/A,2
2002,3,N-2MEF,3
2002,3,N-30B-2,83
2002,3,N-30D,2618
2002,3,N-30D/A,45
2002,3,N-4,35
2002,3,N-4/A,36
2002,3,N-54A,1
2002,3,N-6,11
2002,3,N-6/A,3
2002,3,N-8A,76
2002,3,N-8A/A,4
2002,3,N-8B-2,5
2002,3,N-8B-2/A,2
2002,3,NO ACT,89
2002,3,NSAR-A,1259
2002,3,NSAR-A/A,52
2002,3,NSAR-AT,1
2002,3,NSAR-B,588
2002,3,NSAR-B/A,45
2002,3,NSAR-BT,4
2002,3,NSAR-U,28
2002,3,NT 10-K,349
2002,3,NT 10-K/A,4
2002,3,NT 10-Q,1294
2002,3,NT 10-Q/A,13
2002,3,NT 11-K,72
2002,3,NT 20-F,45
2002,3,NT 20-F/A,1
2002,3,NT-NSAR,13
2002,3,NT-NSAR/A,3
2002,3,NTFNSAR,2
2002,3,NTN 10K,17
2002,3,NTN 10Q,52
2002,3,NTN 20F,2
2002,3,POS 8C,4
2002,3,POS AM,286
2002,3,POS AMC,16
2002,3,POS AMI,54
2002,3,POS EX,12
2002,3,POS462B,3
2002,3,POS462C,2
2002,3,PRE 14A,485
2002,3,PRE 14C,95
2002,3,PREC14A,36
2002,3,PREC14C,1
2002,3,PREM14A,43
2002,3,PREM14C,12
2002,3,PREN14A,6
2002,3,PRER14A,162
2002,3,PRER14C,28
2002,3,PRRN14A,48
2002,3,PX14A6G,8
2002,3,REGDEX,3548
2002,3,REGDEX/A,942
2002,3,RW,175
2002,3,RW WD,3
2002,3,S-1,179
2002,3,S-1/A,212
2002,3,S-11,13
2002,3,S-11/A,39
2002,3,S-2,10
2002,3,S-2/A,25
2002,3,S-2MEF,4
2002,3,S-3,418
2002,3,S-3/A,1217
2002,3,S-3D,5
2002,3,S-3DPOS,7
2002,3,S-3MEF,12
2002,3,S-4,808
2002,3,S-4 POS,1
2002,3,S-4/A,1158
2002,3,S-6,144
2002,3,S-6/A,36
2002,3,S-8,1112
2002,3,S-8 POS,194
2002,3,S-B,7
2002,3,S-B/A,3
2002,3,SB-1,2
2002,3,SB-1/A,8
2002,3,SB-2,171
2002,3,SB-2/A,335
2002,3,SB-2MEF,4
2002,3,SC 13D,1127
2002,3,SC 13D/A,2296
2002,3,SC 13E1,1
2002,3,SC 13E3,39
2002,3,SC 13E3/A,103
2002,3,SC 13G,1316
2002,3,SC 13G/A,1356
2002,3,SC 14D9,47
2002,3,SC 14D9/A,73
2002,3,SC 14F1,34
2002,3,SC 14F1/A,5
2002,3,SC TO-C,76
2002,3,SC TO-I,62
2002,3,SC TO-I/A,191
2002,3,SC TO-T,63
2002,3,SC TO-T/A,492
2002,3,SC14D1F/A,2
2002,3,SC14D9C,12
2002,3,SE,137
2002,3,SUPPL,1859
2002,3,T-3,13
2002,3,T-3/A,17
2002,3,TA-1,9
2002,3,TA-1/A,50
2002,3,TA-2,4
2002,3,TA-2/A,11
2002,3,TA-W,11
2002,3,TTW,3
2002,3,U-1,19
2002,3,U-1/A,23
2002,3,U-12-IB,24
2002,3,U-13-60,1
2002,3,U-33-S,2
2002,3,U-3A-2,1
2002,3,U-3A-2/A,2
2002,3,U-57,21
2002,3,U-57/A,32
2002,3,U-6B-2,40
2002,3,U-7D,2
2002,3,U-9C-3,22
2002,3,U5A,5
2002,3,U5B,1
2002,3,U5S,2
2002,3,U5S/A,2
2002,3,UNDER,2
2002,3,WDL-REQ,2
2002,3,X-17A-5,527
2002,3,X-17A-5/A,51
2002,4,1-A,6
2002,4,1-A/A,19
2002,4,1-E,3
2002,4,10-12B,4
2002,4,10-12B/A,11
2002,4,10-12G,12
2002,4,10-12G/A,25
2002,4,10-K,765
2002,4,10-K/A,394
2002,4,10-KT,3
2002,4,10-KT/A,3
2002,4,10-Q,7212
2002,4,10-Q/A,578
2002,4,10-QT,4
2002,4,10KSB,400
2002,4,10KSB/A,158
2002,4,10QSB,3288
2002,4,10QSB/A,397
2002,4,10SB12B,2
2002,4,10SB12B/A,2
2002,4,10SB12G,43
2002,4,10SB12G/A,101
2002,4,11-K,119
2002,4,11-K/A,3
2002,4,11-KT,1
2002,4,12G3-2B,13
2002,4,12G32BR,14
2002,4,13F-HR,2037
2002,4,13F-HR/A,359
2002,4,13F-NT,516
2002,4,13F-NT/A,53
2002,4,13FCONP,31
2002,4,144,47
2002,4,144/A,4
2002,4,15-12B,54
2002,4,15-12G,178
2002,4,15-12G/A,3
2002,4,15-15D,246
2002,4,18-K,15
2002,4,18-K/A,38
2002,4,2-A/A,4
2002,4,2-AF,1
2002,4,2-E,1
2002,4,20-F,107
2002,4,20-F/A,29
2002,4,20FR12B,1
2002,4,20FR12B/A,4
2002,4,20FR12G,9
2002,4,20FR12G/A,19
2002,4,24F-2NT,1179
2002,4,24F-2NT/A,16
2002,4,25,84
2002,4,3,4196
2002,4,3/A,123
2002,4,305B2,13
2002,4,35-CERT,106
2002,4,39-304D,1
2002,4,4,32171
2002,4,4/A,1360
2002,4,40-17F1,4
2002,4,40-17F2,155
2002,4,40-17G,477
2002,4,40-206A,5
2002,4,40-6B/A,4
2002,4,40-6C,97
2002,4,40-6C/A,226
2002,4,40-8F-A,7
2002,4,40-8F-A/A,3
2002,4,40-8F-L,22
2002,4,40-8F-L/A,12
2002,4,40-8F-M,25
2002,4,40-8F-M/A,14
2002,4,40-8FC/A,1
2002,4,40-APP,51
2002,4,40-APP/A,61
2002,4,40-F,7
2002,4,40-F/A,3
2002,4,40FR12B,2
2002,4,40FR12B/A,1
2002,4,424A,2
2002,4,424B1,90
2002,4,424B2,447
2002,4,424B3,1750
2002,4,424B4,111
2002,4,424B5,992
2002,4,425,804
2002,4,485APOS,367
2002,4,485BPOS,1495
2002,4,485BXT,38
2002,4,486APOS,1
2002,4,486BPOS,6
2002,4,487,112
2002,4,497,3898
2002,4,497AD,4
2002,4,497H2,2
2002,4,497J,951
2002,4,497K1,5
2002,4,497K2,2
2002,4,497K3B,53
2002,4,5,580
2002,4,5/A,38
2002,4,6-K,4733
2002,4,6-K/A,67
2002,4,8-A12B,307
2002,4,8-A12B/A,83
2002,4,8-A12G,107
2002,4,8-A12G/A,33
2002,4,8-K,12463
2002,4,8-K/A,744
2002,4,8-K12G3,7
2002,4,8-K12G3/A,7
2002,4,ADN-MTL,8
2002,4,ADV-E,103
2002,4,ADV-H-T,1
2002,4,ADV-NR,2
2002,4,ADVW,1
2002,4,ANNLRPT,1
2002,4,APP WD,10
2002,4,ARS,433
2002,4,AW,15
2002,4,AW WD,1
2002,4,BDCO,84
2002,4,BW-2,1
2002,4,BW-3,13
2002,4,CB,13
2002,4,CB/A,21
2002,4,CERTAMX,58
2002,4,CERTNYS,112
2002,4,CERTPAC,1
2002,4,DEF 14A,1099
2002,4,DEF 14C,132
2002,4,DEFA14A,288
2002,4,DEFA14C,3
2002,4,DEFC14A,2
2002,4,DEFM14A,46
2002,4,DEFM14C,9
2002,4,DEFR14A,43
2002,4,DEFR14C,4
2002,4,DEL AM,8
2002,4,DFAN14A,96
2002,4,EBRD,2
2002,4,F-1,7
2002,4,F-1/A,30
2002,4,F-10,12
2002,4,F-10/A,12
2002,4,F-1MEF,3
2002,4,F-2,1
2002,4,F-3,28
2002,4,F-3/A,39
2002,4,F-4,28
2002,4,F-4 POS,1
2002,4,F-4/A,122
2002,4,F-6,33
2002,4,F-6 POS,8
2002,4,F-6/A,2
2002,4,F-6EF,34
2002,4,F-8,1
2002,4,F-8/A,3
2002,4,F-80,2
2002,4,F-N,3
2002,4,F-N/A,2
2002,4,F-X,43
2002,4,F-X/A,4
2002,4,FOCUSN,138
2002,4,FOCUSN/A,3
2002,4,G-FIN,1
2002,4,G-FIN/A,4
2002,4,G-FINW,1
2002,4,IADB,1
2002,4,IFC,1
2002,4,MSD/A,4
2002,4,MSDW,1
2002,4,N-1/A,1
2002,4,N-14,30
2002,4,N-14 8C,3
2002,4,N-14 8C/A,3
2002,4,N-14/A,17
2002,4,N-14AE,26
2002,4,N-14AE/A,2
2002,4,N-18F1,10
2002,4,N-1A,13
2002,4,N-1A/A,31
2002,4,N-2,87
2002,4,N-2/A,115
2002,4,N-23C-1,38
2002,4,N-23C-1/A,1
2002,4,N-23C-2,6
2002,4,N-23C3A,22
2002,4,N-23C3A/A,2
2002,4,N-23C3B,10
2002,4,N-2MEF,2
2002,4,N-30B-2,85
2002,4,N-30D,1656
2002,4,N-30D/A,30
2002,4,N-4,73
2002,4,N-4/A,32
2002,4,N-54A,3
2002,4,N-6,17
2002,4,N-6/A,8
2002,4,N-6F,1
2002,4,N-8A,66
2002,4,N-8A/A,5
2002,4,N-8B-2,1
2002,4,N-8B-2/A,3
2002,4,NO ACT,135
2002,4,NSAR-A,392
2002,4,NSAR-A/A,26
2002,4,NSAR-B,1071
2002,4,NSAR-B/A,67
2002,4,NSAR-BT,2
2002,4,NT 10-K,294
2002,4,NT 10-K/A,2
2002,4,NT 10-Q,1213
2002,4,NT 10-Q/A,13
2002,4,NT 11-K,1
2002,4,NT 15D2,1
2002,4,NT 20-F,11
2002,4,NT 20-F/A,1
2002,4,NT-NSAR,49
2002,4,NTFNSAR,1
2002,4,NTN 10K,10
2002,4,NTN 10Q,49
2002,4,POS 8C,12
2002,4,POS AM,290
2002,4,POS AMC,32
2002,4,POS AMI,75
2002,4,POS EX,17
2002,4,POS462B,12
2002,4,PRE 14A,308
2002,4,PRE 14C,105
2002,4,PREC14A,25
2002,4,PREM14A,77
2002,4,PREM14C,12
2002,4,PREN14A,2
2002,4,PRER14A,152
2002,4,PRER14C,30
2002,4,PRRN14A,4
2002,4,PX14A6G,5
2002,4,REGDEX,3351
2002,4,REGDEX/A,859
2002,4,RW,145
2002,4,RW WD,9
2002,4,S-1,81
2002,4,S-1/A,284
2002,4,S-11,12
2002,4,S-11/A,43
2002,4,S-11MEF,1
2002,4,S-1MEF,20
2002,4,S-2,16
2002,4,S-2/A,24
2002,4,S-2MEF,1
2002,4,S-3,711
2002,4,S-3/A,437
2002,4,S-3D,9
2002,4,S-3DPOS,1
2002,4,S-3MEF,18
2002,4,S-4,369
2002,4,S-4 POS,1
2002,4,S-4/A,1691
2002,4,S-4MEF,1
2002,4,S-6,104
2002,4,S-6/A,30
2002,4,S-8,913
2002,4,S-8 POS,159
2002,4,S-B,8
2002,4,S-B/A,6
2002,4,SB-1,3
2002,4,SB-1/A,6
2002,4,SB-2,110
2002,4,SB-2/A,359
2002,4,SB-2MEF,3
2002,4,SC 13D,1361
2002,4,SC 13D/A,2505
2002,4,SC 13E3,35
2002,4,SC 13E3/A,108
2002,4,SC 13G,1224
2002,4,SC 13G/A,1310
2002,4,SC 14D9,43
2002,4,SC 14D9/A,63
2002,4,SC 14F1,18
2002,4,SC 14F1/A,4
2002,4,SC TO-C,112
2002,4,SC TO-I,121
2002,4,SC TO-I/A,232
2002,4,SC TO-T,74
2002,4,SC TO-T/A,306
2002,4,SC13E4F,1
2002,4,SC14D1F,3
2002,4,SC14D1F/A,6
2002,4,SC14D9C,29
2002,4,SC14D9F,4
2002,4,SE,151
2002,4,SL,1
2002,4,SUPPL,1734
2002,4,T-3,27
2002,4,T-3/A,18
2002,4,TA-1,13
2002,4,TA-1/A,50
2002,4,TA-2,46
2002,4,TA-2/A,5
2002,4,TA-W,10
2002,4,TACO,2
2002,4,TTW,1
2002,4,TTW/A,1
2002,4,U-1,15
2002,4,U-1/A,52
2002,4,U-12-IB,19
2002,4,U-13-60/A,2
2002,4,U-3A-2,2
2002,4,U-57,2
2002,4,U-57/A,2
2002,4,U-6B-2,45
2002,4,U-7D,1
2002,4,U-9C-3,19
2002,4,U5A,1
2002,4,U5B,2
2002,4,U5S/A,4
2002,4,UNDER,4
2002,4,WDL-REQ,2
2002,4,X-17A-5,408
2002,4,X-17A-5/A,28
2003,1,1-A,11
2003,1,1-A/A,21
2003,1,1-E/A,1
2003,1,10-12B,6
2003,1,10-12G,8
2003,1,10-12G/A,14
2003,1,10-K,6117
2003,1,10-K/A,358
2003,1,10-KT,12
2003,1,10-Q,1725
2003,1,10-Q/A,346
2003,1,10-QT,1
2003,1,10KSB,1422
2003,1,10KSB/A,178
2003,1,10QSB,1274
2003,1,10QSB/A,287
2003,1,10SB12B,1
2003,1,10SB12G,31
2003,1,10SB12G/A,78
2003,1,11-K,102
2003,1,11-K/A,2
2003,1,12G3-2B,13
2003,1,12G32BR,9
2003,1,13F-HR,2070
2003,1,13F-HR/A,268
2003,1,13F-NT,522
2003,1,13F-NT/A,29
2003,1,13FCONP,37
2003,1,13FCONP/A,1
2003,1,144,121
2003,1,144/A,7
2003,1,15-12B,52
2003,1,15-12G,224
2003,1,15-12G/A,6
2003,1,15-15D,781
2003,1,15-15D/A,45
2003,1,18-K,2
2003,1,18-K/A,37
2003,1,19B-4E,2
2003,1,2-A,3
2003,1,2-A/A,1
2003,1,2-AF,1
2003,1,20-F,163
2003,1,20-F/A,25
2003,1,20FR12B,4
2003,1,20FR12B/A,2
2003,1,20FR12G,6
2003,1,20FR12G/A,13
2003,1,24F-2NT,3842
2003,1,24F-2NT/A,84
2003,1,25,97
2003,1,3,2607
2003,1,3/A,276
2003,1,305B2,15
2003,1,35-CERT,94
2003,1,35-CERT/A,2
2003,1,4,48256
2003,1,4/A,2170
2003,1,40-17F1,2
2003,1,40-17F2,319
2003,1,40-17G,442
2003,1,40-33,14
2003,1,40-6B,1
2003,1,40-6B/A,7
2003,1,40-6C,125
2003,1,40-6C/A,59
2003,1,40-8F-2,1
2003,1,40-8F-A,2
2003,1,40-8F-A/A,2
2003,1,40-8F-L,18
2003,1,40-8F-L/A,8
2003,1,40-8F-M,15
2003,1,40-8F-M/A,4
2003,1,40-APP,74
2003,1,40-APP/A,34
2003,1,40-F,37
2003,1,40-F/A,4
2003,1,40FR12B,1
2003,1,40FR12G,1
2003,1,424A,5
2003,1,424B1,68
2003,1,424B2,443
2003,1,424B3,1628
2003,1,424B4,67
2003,1,424B5,946
2003,1,425,738
2003,1,485APOS,807
2003,1,485BPOS,1201
2003,1,485BXT,43
2003,1,486APOS,1
2003,1,486BPOS,9
2003,1,487,123
2003,1,497,3257
2003,1,497AD,18
2003,1,497H2,9
2003,1,497J,948
2003,1,497K1,4
2003,1,497K2,3
2003,1,497K3B,60
2003,1,5,11625
2003,1,5/A,268
2003,1,6-K,4636
2003,1,6-K/A,51
2003,1,8-A12B,145
2003,1,8-A12B/A,57
2003,1,8-A12G,114
2003,1,8-A12G/A,43
2003,1,8-K,12478
2003,1,8-K/A,1186
2003,1,8-K12G3,11
2003,1,8-K12G3/A,2
2003,1,8-M,2
2003,1,9-M,1
2003,1,ADB,3
2003,1,ADN-MTL,11
2003,1,ADV-E,190
2003,1,ADV-NR,1
2003,1,ADVCO,1
2003,1,AFDB,2
2003,1,ANNLRPT,4
2003,1,APP WD,12
2003,1,ARS,768
2003,1,ARS/A,1
2003,1,AW,16
2003,1,AW WD,4
2003,1,BDCO,99
2003,1,BW-2,2
2003,1,CB,22
2003,1,CB/A,27
2003,1,CERTAMX,43
2003,1,CERTNYS,67
2003,1,DEF 14A,2139
2003,1,DEF 14C,126
2003,1,DEFA14A,478
2003,1,DEFA14C,3
2003,1,DEFC14A,11
2003,1,DEFM14A,47
2003,1,DEFM14C,9
2003,1,DEFN14A,2
2003,1,DEFR14A,39
2003,1,DEFR14C,4
2003,1,DEL AM,4
2003,1,DFAN14A,186
2003,1,DFRN14A,2
2003,1,EBRD,3
2003,1,F-1,5
2003,1,F-1/A,16
2003,1,F-10,3
2003,1,F-10/A,4
2003,1,F-2/A,1
2003,1,F-3,17
2003,1,F-3/A,32
2003,1,F-4,22
2003,1,F-4 POS,1
2003,1,F-4/A,49
2003,1,F-6,12
2003,1,F-6 POS,11
2003,1,F-6EF,16
2003,1,F-8,1
2003,1,F-8/A,3
2003,1,F-80POS,2
2003,1,F-9EF,1
2003,1,F-N,4
2003,1,F-X,24
2003,1,FOCUSN,1368
2003,1,FOCUSN/A,12
2003,1,G-405,5
2003,1,G-405N,4
2003,1,G-FIN/A,1
2003,1,IADB,1
2003,1,MSD,4
2003,1,MSD/A,3
2003,1,N-1/A,3
2003,1,N-14,48
2003,1,N-14 8C,1
2003,1,N-14 8C/A,1
2003,1,N-14/A,24
2003,1,N-14AE,37
2003,1,N-14AE/A,2
2003,1,N-18F1,5
2003,1,N-1A,27
2003,1,N-1A/A,22
2003,1,N-2,39
2003,1,N-2/A,75
2003,1,N-23C-1,29
2003,1,N-23C-1/A,1
2003,1,N-23C-2,8
2003,1,N-23C3A,18
2003,1,N-23C3B,12
2003,1,N-23C3C/A,2
2003,1,N-27D-1,4
2003,1,N-2MEF,7
2003,1,N-30B-2,80
2003,1,N-30D,2626
2003,1,N-30D/A,64
2003,1,N-4,15
2003,1,N-4/A,11
2003,1,N-54A,1
2003,1,N-54C,4
2003,1,N-6,37
2003,1,N-6/A,15
2003,1,N-8A,52
2003,1,N-8A/A,2
2003,1,N-8B-2/A,6
2003,1,N-CSR,152
2003,1,N-CSR/A,29
2003,1,NO ACT,504
2003,1,NSAR-A,573
2003,1,NSAR-A/A,19
2003,1,NSAR-B,1253
2003,1,NSAR-B/A,101
2003,1,NSAR-BT,10
2003,1,NSAR-U,797
2003,1,NSAR-U/A,17
2003,1,NT 10-K,1059
2003,1,NT 10-K/A,14
2003,1,NT 10-Q,422
2003,1,NT 10-Q/A,6
2003,1,NT 11-K,3
2003,1,NT 20-F,11
2003,1,NT 20-F/A,2
2003,1,NT-NSAR,21
2003,1,NT-NSAR/A,4
2003,1,NTN 10K,24
2003,1,NTN 10Q,22
2003,1,NTN 20F,1
2003,1,POS 8C,2
2003,1,POS AM,226
2003,1,POS AMC,21
2003,1,POS AMI,79
2003,1,POS EX,14
2003,1,POS462B,2
2003,1,POS462C,2
2003,1,PRE 14A,504
2003,1,PRE 14C,111
2003,1,PREC14A,64
2003,1,PREM14A,42
2003,1,PREM14C,15
2003,1,PREN14A,10
2003,1,PRER14A,136
2003,1,PRER14C,25
2003,1,PRRN14A,44
2003,1,PX14A6G,6
2003,1,REG-NR,1
2003,1,REGDEX,3432
2003,1,REGDEX/A,884
2003,1,RW,200
2003,1,RW WD,16
2003,1,S-1,58
2003,1,S-1/A,100
2003,1,S-11,16
2003,1,S-11/A,33
2003,1,S-11MEF,1
2003,1,S-1MEF,4
2003,1,S-2,13
2003,1,S-2/A,37
2003,1,S-2MEF,1
2003,1,S-3,566
2003,1,S-3/A,623
2003,1,S-3D,10
2003,1,S-3DPOS,3
2003,1,S-3MEF,9
2003,1,S-4,619
2003,1,S-4 POS,2
2003,1,S-4/A,1319
2003,1,S-4EF,1
2003,1,S-4EF/A,1
2003,1,S-4MEF,1
2003,1,S-6,139
2003,1,S-6/A,22
2003,1,S-8,846
2003,1,S-8 POS,163
2003,1,S-B,8
2003,1,S-B/A,5
2003,1,SB-1,4
2003,1,SB-1/A,9
2003,1,SB-2,89
2003,1,SB-2/A,300
2003,1,SB-2MEF,2
2003,1,SC 13D,1361
2003,1,SC 13D/A,2587
2003,1,SC 13E1,1
2003,1,SC 13E3,33
2003,1,SC 13E3/A,132
2003,1,SC 13G,9377
2003,1,SC 13G/A,20669
2003,1,SC 14D9,32
2003,1,SC 14D9/A,70
2003,1,SC 14F1,17
2003,1,SC 14F1/A,2
2003,1,SC TO-C,69
2003,1,SC TO-I,89
2003,1,SC TO-I/A,277
2003,1,SC TO-T,35
2003,1,SC TO-T/A,308
2003,1,SC14D1F/A,10
2003,1,SC14D9C,16
2003,1,SC14D9F,1
2003,1,SC14D9F/A,2
2003,1,SE,185
2003,1,SUPPL,1730
2003,1,T-3,17
2003,1,T-3/A,13
2003,1,TA-1,3
2003,1,TA-1/A,83
2003,1,TA-2,698
2003,1,TA-2/A,8
2003,1,TA-W,14
2003,1,U-1,11
2003,1,U-1/A,17
2003,1,U-12-IB,294
2003,1,U-33-S,1
2003,1,U-3A-2,75
2003,1,U-3A-2/A,8
2003,1,U-3A3-1,2
2003,1,U-57,3
2003,1,U-57/A,16
2003,1,U-6B-2,47
2003,1,U-6B-2/A,2
2003,1,U-7D,2
2003,1,U-7D/A,1
2003,1,U-9C-3,19
2003,1,U5B/A,1
2003,1,U5S,2
2003,1,U5S/A,1
2003,1,WDL-REQ,1
2003,1,X-17A-5,4029
2003,1,X-17A-5/A,65
2003,2,1-A,10
2003,2,1-A/A,16
2003,2,1-E,4
2003,2,10-12B,10
2003,2,10-12B/A,4
2003,2,10-12G,17
2003,2,10-12G/A,28
2003,2,10-K,1181
2003,2,10-K/A,923
2003,2,10-KT,8
2003,2,10-KT/A,3
2003,2,10-Q,6892
2003,2,10-Q/A,409
2003,2,10-QT,3
2003,2,10-QT/A,2
2003,2,10KSB,1162
2003,2,10KSB/A,464
2003,2,10QSB,3032
2003,2,10QSB/A,430
2003,2,10SB12B,2
2003,2,10SB12B/A,1
2003,2,10SB12G,16
2003,2,10SB12G/A,79
2003,2,11-K,2001
2003,2,11-K/A,40
2003,2,11-KT,10
2003,2,12G3-2B,25
2003,2,12G32BR,10
2003,2,13F-HR,2071
2003,2,13F-HR/A,265
2003,2,13F-NT,494
2003,2,13F-NT/A,33
2003,2,13FCONP,31
2003,2,13FCONP/A,1
2003,2,144,170
2003,2,144/A,2
2003,2,15-12B,33
2003,2,15-12B/A,3
2003,2,15-12G,154
2003,2,15-12G/A,4
2003,2,15-15D,130
2003,2,18-K,9
2003,2,18-K/A,25
2003,2,19B-4E,10
2003,2,2-A,4
2003,2,2-A/A,4
2003,2,2-AF,3
2003,2,2-E,1
2003,2,20-F,593
2003,2,20-F/A,61
2003,2,20FR12B,2
2003,2,20FR12B/A,1
2003,2,20FR12G,8
2003,2,20FR12G/A,13
2003,2,24F-2NT,899
2003,2,24F-2NT/A,18
2003,2,25,116
2003,2,3,4040
2003,2,3/A,297
2003,2,305B2,28
2003,2,35-CERT,111
2003,2,4,58011
2003,2,4/A,2868
2003,2,40-17F1,2
2003,2,40-17F2,513
2003,2,40-17G,588
2003,2,40-206A/A,1
2003,2,40-33,9
2003,2,40-6C,84
2003,2,40-6C/A,180
2003,2,40-8F-A,3
2003,2,40-8F-A/A,5
2003,2,40-8F-L,23
2003,2,40-8F-L/A,9
2003,2,40-8F-M,28
2003,2,40-8F-M/A,3
2003,2,40-APP,110
2003,2,40-APP/A,76
2003,2,40-F,83
2003,2,40-F/A,10
2003,2,40FR12B,1
2003,2,424A,16
2003,2,424B1,57
2003,2,424B2,627
2003,2,424B3,2092
2003,2,424B4,61
2003,2,424B5,1501
2003,2,425,960
2003,2,485APOS,291
2003,2,485BPOS,2658
2003,2,485BXT,80
2003,2,486APOS,3
2003,2,486BPOS,11
2003,2,487,126
2003,2,497,4548
2003,2,497AD,25
2003,2,497J,1842
2003,2,497K1,1
2003,2,497K2,2
2003,2,497K3A,1
2003,2,497K3B,67
2003,2,5,753
2003,2,5/A,101
2003,2,6-K,5368
2003,2,6-K/A,45
2003,2,8-A12B,158
2003,2,8-A12B/A,54
2003,2,8-A12G,89
2003,2,8-A12G/A,32
2003,2,8-K,17549
2003,2,8-K/A,848
2003,2,8-K12G3,13
2003,2,8-K12G3/A,2
2003,2,ADB,2
2003,2,ADV-E,90
2003,2,ADV-H-T,5
2003,2,ADV-NR,3
2003,2,AFDB,2
2003,2,APP WD,1
2003,2,ARS,1686
2003,2,AW,28
2003,2,AW WD,4
2003,2,BDCO,122
2003,2,CB,48
2003,2,CB/A,30
2003,2,CERTAMX,49
2003,2,CERTBSE,1
2003,2,CERTNYS,82
2003,2,DEF 14A,3450
2003,2,DEF 14C,159
2003,2,DEFA14A,704
2003,2,DEFC14A,71
2003,2,DEFM14A,41
2003,2,DEFM14C,4
2003,2,DEFN14A,6
2003,2,DEFR14A,114
2003,2,DEFR14C,14
2003,2,DEL AM,12
2003,2,DFAN14A,512
2003,2,DFRN14A,18
2003,2,DSTRBRPT,5
2003,2,DSTRBRPT/A,4
2003,2,EBRD,5
2003,2,F-1,7
2003,2,F-1/A,22
2003,2,F-10,7
2003,2,F-10/A,6
2003,2,F-10POS,2
2003,2,F-1MEF,3
2003,2,F-2,1
2003,2,F-2/A,7
2003,2,F-3,17
2003,2,F-3/A,27
2003,2,F-3DPOS,1
2003,2,F-3MEF,3
2003,2,F-4,148
2003,2,F-4 POS,1
2003,2,F-4/A,23
2003,2,F-6,15
2003,2,F-6 POS,15
2003,2,F-6/A,1
2003,2,F-6EF,9
2003,2,F-8,1
2003,2,F-8 POS,1
2003,2,F-9,6
2003,2,F-9 POS,1
2003,2,F-9/A,3
2003,2,F-9EF,2
2003,2,F-N,2
2003,2,F-N/A,1
2003,2,F-X,48
2003,2,F-X/A,2
2003,2,FOCUSN,159
2003,2,FOCUSN/A,17
2003,2,G-405,2
2003,2,G-FIN,5
2003,2,G-FIN/A,48
2003,2,G-FINW,1
2003,2,IADB,2
2003,2,MSD/A,6
2003,2,N-14,27
2003,2,N-14 8C/A,2
2003,2,N-14/A,23
2003,2,N-14AE,14
2003,2,N-14AE/A,11
2003,2,N-18F1,10
2003,2,N-18F1/A,1
2003,2,N-1A,22
2003,2,N-1A/A,21
2003,2,N-2,62
2003,2,N-2/A,78
2003,2,N-23C-1,31
2003,2,N-23C-1/A,2
2003,2,N-23C-2,1
2003,2,N-23C3A,20
2003,2,N-23C3B,5
2003,2,N-23C3C/A,1
2003,2,N-2MEF,3
2003,2,N-3,1
2003,2,N-30B-2,82
2003,2,N-30D,1105
2003,2,N-30D/A,24
2003,2,N-4,38
2003,2,N-4/A,52
2003,2,N-54A,5
2003,2,N-54A/A,1
2003,2,N-54C,1
2003,2,N-6,10
2003,2,N-6/A,14
2003,2,N-6F,1
2003,2,N-8A,60
2003,2,N-8A/A,7
2003,2,N-8B-2/A,3
2003,2,N-CSR,469
2003,2,N-CSR/A,17
2003,2,NO ACT,63
2003,2,NSAR-A,1093
2003,2,NSAR-A/A,26
2003,2,NSAR-AT,1
2003,2,NSAR-B,415
2003,2,NSAR-B/A,55
2003,2,NSAR-BT,2
2003,2,NSAR-U,16
2003,2,NSAR-U/A,4
2003,2,NT 10-K,774
2003,2,NT 10-K/A,14
2003,2,NT 10-Q,1185
2003,2,NT 10-Q/A,6
2003,2,NT 11-K,58
2003,2,NT 11-K/A,1
2003,2,NT 15D2,2
2003,2,NT 20-F,53
2003,2,NT 20-F/A,2
2003,2,NT-NCSR,2
2003,2,NT-NSAR,32
2003,2,NTFNSAR,3
2003,2,NTN 10K,40
2003,2,NTN 10Q,53
2003,2,POS 8C,6
2003,2,POS AM,550
2003,2,POS AMC,22
2003,2,POS AMI,76
2003,2,POS EX,20
2003,2,POS462B,1
2003,2,PRE 14A,590
2003,2,PRE 14C,104
2003,2,PREC14A,99
2003,2,PREC14C,6
2003,2,PREM14A,63
2003,2,PREM14C,9
2003,2,PREN14A,8
2003,2,PRER14A,194
2003,2,PRER14C,31
2003,2,PRRN14A,113
2003,2,PX14A6G,15
2003,2,QRTLYRPT,8
2003,2,REG-NR,1
2003,2,REGDEX,3493
2003,2,REGDEX/A,919
2003,2,RW,147
2003,2,RW WD,7
2003,2,S-1,91
2003,2,S-1/A,151
2003,2,S-11,14
2003,2,S-11/A,50
2003,2,S-11MEF,3
2003,2,S-1MEF,5
2003,2,S-2,26
2003,2,S-2/A,30
2003,2,S-2MEF,1
2003,2,S-3,659
2003,2,S-3/A,729
2003,2,S-3D,7
2003,2,S-3DPOS,5
2003,2,S-3MEF,27
2003,2,S-4,1267
2003,2,S-4 POS,4
2003,2,S-4/A,1605
2003,2,S-4EF,2
2003,2,S-4MEF,1
2003,2,S-6,135
2003,2,S-6/A,35
2003,2,S-8,1194
2003,2,S-8 POS,221
2003,2,S-B,7
2003,2,S-B/A,6
2003,2,SB-1,3
2003,2,SB-1/A,11
2003,2,SB-2,109
2003,2,SB-2/A,323
2003,2,SB-2MEF,2
2003,2,SC 13D,1309
2003,2,SC 13D/A,2565
2003,2,SC 13E3,41
2003,2,SC 13E3/A,111
2003,2,SC 13G,1151
2003,2,SC 13G/A,1591
2003,2,SC 14D9,40
2003,2,SC 14D9/A,70
2003,2,SC 14F1,31
2003,2,SC 14F1/A,5
2003,2,SC TO-C,120
2003,2,SC TO-I,98
2003,2,SC TO-I/A,229
2003,2,SC TO-T,65
2003,2,SC TO-T/A,276
2003,2,SC13E4F,3
2003,2,SC13E4F/A,2
2003,2,SC14D9C,51
2003,2,SE,193
2003,2,SP 15D2,7
2003,2,SUPPL,1796
2003,2,T-3,22
2003,2,T-3/A,18
2003,2,TA-1,11
2003,2,TA-1/A,69
2003,2,TA-2,67
2003,2,TA-2/A,15
2003,2,TA-W,12
2003,2,U-1,21
2003,2,U-1/A,28
2003,2,U-12-IB,2
2003,2,U-13-60,34
2003,2,U-33-S,3
2003,2,U-3A-2,6
2003,2,U-3A-2/A,14
2003,2,U-57,4
2003,2,U-57/A,5
2003,2,U-6B-2,54
2003,2,U-6B-2/A,1
2003,2,U-9C-3,23
2003,2,U-9C-3/A,1
2003,2,U5B/A,1
2003,2,U5S,23
2003,2,U5S/A,3
2003,2,UNDER,1
2003,2,WDL-REQ,1
2003,2,X-17A-5,550
2003,2,X-17A-5/A,148
2003,3,1-A,7
2003,3,1-A/A,8
2003,3,1-E,1
2003,3,1-E/A,1
2003,3,10-12B,7
2003,3,10-12B/A,6
2003,3,10-12G,5
2003,3,10-12G/A,23
2003,3,10-K,596
2003,3,10-K/A,425
2003,3,10-KT,3
2003,3,10-KT/A,2
2003,3,10-Q,6685
2003,3,10-Q/A,452
2003,3,10-QT,2
2003,3,10KSB,427
2003,3,10KSB/A,208
2003,3,10QSB,2932
2003,3,10QSB/A,400
2003,3,10SB12B/A,1
2003,3,10SB12G,21
2003,3,10SB12G/A,69
2003,3,11-K,269
2003,3,11-K/A,35
2003,3,12G3-2B,11
2003,3,12G32BR,16
2003,3,13F-HR,2159
2003,3,13F-HR/A,236
2003,3,13F-NT,627
2003,3,13F-NT/A,49
2003,3,13FCONP,31
2003,3,13FCONP/A,2
2003,3,144,192
2003,3,144/A,6
2003,3,15-12B,48
2003,3,15-12G,172
2003,3,15-12G/A,5
2003,3,15-15D,72
2003,3,15-15D/A,3
2003,3,18-K,8
2003,3,18-K/A,22
2003,3,19B-4E,1
2003,3,2-A/A,3
2003,3,2-AF,1
2003,3,20-F,176
2003,3,20-F/A,63
2003,3,20FR12B,5
2003,3,20FR12B/A,1
2003,3,20FR12G,7
2003,3,20FR12G/A,13
2003,3,24F-2NT,865
2003,3,24F-2NT/A,6
2003,3,25,140
2003,3,3,10610
2003,3,3/A,724
2003,3,305B2,16
2003,3,35-CERT,94
2003,3,4,103128
2003,3,4/A,4828
2003,3,40-17F1,2
2003,3,40-17F2,343
2003,3,40-17G,668
2003,3,40-203A,1
2003,3,40-33,27
2003,3,40-6B/A,1
2003,3,40-6C,154
2003,3,40-6C/A,111
2003,3,40-8F-A,5
2003,3,40-8F-L,23
2003,3,40-8F-L/A,9
2003,3,40-8F-M,14
2003,3,40-8F-M/A,11
2003,3,40-APP,47
2003,3,40-APP/A,18
2003,3,40-F,5
2003,3,40-F/A,3
2003,3,40FR12B,1
2003,3,40FR12G,1
2003,3,424A,6
2003,3,424B1,52
2003,3,424B2,482
2003,3,424B3,3241
2003,3,424B4,96
2003,3,424B5,1051
2003,3,425,1219
2003,3,485APOS,289
2003,3,485BPOS,1192
2003,3,485BXT,50
2003,3,486APOS,1
2003,3,486BPOS,4
2003,3,487,107
2003,3,497,4042
2003,3,497AD,29
2003,3,497J,946
2003,3,497K1,3
2003,3,497K3A,1
2003,3,497K3B,51
2003,3,5,2137
2003,3,5/A,145
2003,3,6-K,4889
2003,3,6-K/A,53
2003,3,8-A12B,188
2003,3,8-A12B/A,39
2003,3,8-A12G,80
2003,3,8-A12G/A,32
2003,3,8-K,17997
2003,3,8-K/A,740
2003,3,8-K12G3,8
2003,3,8-K12G3/A,1
2003,3,8-K15D5,2
2003,3,8-M,3
2003,3,ADB,2
2003,3,ADV-E,77
2003,3,ADV-NR,2
2003,3,AFDB/A,1
2003,3,ANNLRPT,2
2003,3,APP WD,9
2003,3,ARS,370
2003,3,AW,29
2003,3,BDCO,1
2003,3,CB,34
2003,3,CB/A,29
2003,3,CERTAMX,26
2003,3,CERTBSE,1
2003,3,CERTNYS,104
2003,3,CORRESP,1
2003,3,DEF 14A,1016
2003,3,DEF 14C,113
2003,3,DEFA14A,447
2003,3,DEFA14C,1
2003,3,DEFC14A,14
2003,3,DEFC14C,4
2003,3,DEFM14A,50
2003,3,DEFM14C,5
2003,3,DEFN14A,6
2003,3,DEFR14A,43
2003,3,DEFR14C,7
2003,3,DEL AM,7
2003,3,DFAN14A,107
2003,3,DFRN14A,5
2003,3,DSTRBRPT,4
2003,3,DSTRBRPT/A,2
2003,3,EBRD,2
2003,3,EBRD/A,1
2003,3,F-1,9
2003,3,F-1/A,10
2003,3,F-10,9
2003,3,F-10/A,8
2003,3,F-2/A,1
2003,3,F-3,85
2003,3,F-3/A,74
2003,3,F-3MEF,1
2003,3,F-4,205
2003,3,F-4 POS,5
2003,3,F-4/A,366
2003,3,F-6,23
2003,3,F-6 POS,4
2003,3,F-6/A,1
2003,3,F-6EF,8
2003,3,F-7,2
2003,3,F-8,1
2003,3,F-9,3
2003,3,F-9/A,2
2003,3,F-X,33
2003,3,FOCUSN,93
2003,3,FOCUSN/A,6
2003,3,G-FIN,1
2003,3,G-FIN/A,6
2003,3,IADB,1
2003,3,IFC,1
2003,3,MSD/A,11
2003,3,N-1/A,3
2003,3,N-14,53
2003,3,N-14/A,31
2003,3,N-14AE,30
2003,3,N-14AE/A,13
2003,3,N-18F1,6
2003,3,N-1A,15
2003,3,N-1A/A,20
2003,3,N-2,72
2003,3,N-2/A,109
2003,3,N-23C-1,30
2003,3,N-23C-2,6
2003,3,N-23C3A,18
2003,3,N-23C3A/A,1
2003,3,N-23C3B,8
2003,3,N-23C3C/A,1
2003,3,N-2MEF,6
2003,3,N-30B-2,89
2003,3,N-30D,285
2003,3,N-30D/A,16
2003,3,N-4,19
2003,3,N-4/A,29
2003,3,N-54A,2
2003,3,N-54C,2
2003,3,N-6,10
2003,3,N-6/A,14
2003,3,N-6F,3
2003,3,N-8A,48
2003,3,N-8A/A,4
2003,3,N-8B-2,1
2003,3,N-8B-2/A,1
2003,3,N-CSR,1456
2003,3,N-CSR/A,85
2003,3,N-CSRS,789
2003,3,N-CSRS/A,70
2003,3,N-PX,1
2003,3,NO ACT,54
2003,3,NSAR-A,1225
2003,3,NSAR-A/A,40
2003,3,NSAR-AT,5
2003,3,NSAR-B,572
2003,3,NSAR-B/A,17
2003,3,NSAR-BT,7
2003,3,NSAR-U,23
2003,3,NT 10-K,286
2003,3,NT 10-K/A,5
2003,3,NT 10-Q,1033
2003,3,NT 10-Q/A,11
2003,3,NT 11-K,53
2003,3,NT 20-F,39
2003,3,NT 20-F/A,1
2003,3,NT-NCSR,10
2003,3,NT-NSAR,24
2003,3,NTFNSAR,1
2003,3,NTN 10K,12
2003,3,NTN 10Q,52
2003,3,NTN 20F,2
2003,3,POS 8C,14
2003,3,POS AM,395
2003,3,POS AMC,21
2003,3,POS AMI,66
2003,3,POS EX,25
2003,3,POS462B,2
2003,3,POS462C,1
2003,3,PRE 14A,331
2003,3,PRE 14C,121
2003,3,PREC14A,35
2003,3,PREC14C,1
2003,3,PREM14A,71
2003,3,PREM14C,9
2003,3,PREN14A,5
2003,3,PRER14A,136
2003,3,PRER14C,26
2003,3,PRRN14A,34
2003,3,PX14A6G,14
2003,3,QRTLYRPT,1
2003,3,REG-NR,3
2003,3,REGDEX,3547
2003,3,REGDEX/A,916
2003,3,RW,174
2003,3,RW WD,1
2003,3,S-1,98
2003,3,S-1/A,261
2003,3,S-11,30
2003,3,S-11/A,36
2003,3,S-11MEF,1
2003,3,S-1MEF,5
2003,3,S-2,25
2003,3,S-2/A,29
2003,3,S-2MEF,1
2003,3,S-3,1328
2003,3,S-3/A,1034
2003,3,S-3D,8
2003,3,S-3DPOS,8
2003,3,S-3MEF,39
2003,3,S-4,1589
2003,3,S-4 POS,5
2003,3,S-4/A,1617
2003,3,S-4MEF,1
2003,3,S-6,94
2003,3,S-6/A,26
2003,3,S-8,1112
2003,3,S-8 POS,251
2003,3,S-B,7
2003,3,S-B/A,4
2003,3,SB-1,2
2003,3,SB-1/A,12
2003,3,SB-2,114
2003,3,SB-2/A,273
2003,3,SB-2MEF,1
2003,3,SC 13D,1336
2003,3,SC 13D/A,2386
2003,3,SC 13E3,35
2003,3,SC 13E3/A,120
2003,3,SC 13G,1270
2003,3,SC 13G/A,1440
2003,3,SC 14D9,39
2003,3,SC 14D9/A,117
2003,3,SC 14F1,41
2003,3,SC 14F1/A,5
2003,3,SC TO-C,104
2003,3,SC TO-I,64
2003,3,SC TO-I/A,198
2003,3,SC TO-T,56
2003,3,SC TO-T/A,370
2003,3,SC13E4F/A,2
2003,3,SC14D1F,1
2003,3,SC14D9C,34
2003,3,SE,236
2003,3,SUPPL,1876
2003,3,T-3,13
2003,3,T-3/A,14
2003,3,TA-1,7
2003,3,TA-1/A,54
2003,3,TA-2,3
2003,3,TA-2/A,6
2003,3,TA-W,5
2003,3,TTW,1
2003,3,U-1,27
2003,3,U-1/A,41
2003,3,U-12-IB,3
2003,3,U-13-60,1
2003,3,U-13-60/A,1
2003,3,U-33-S,1
2003,3,U-3A-2,4
2003,3,U-3A-2/A,1
2003,3,U-57,6
2003,3,U-6B-2,39
2003,3,U-9C-3,20
2003,3,U5S,2
2003,3,U5S/A,2
2003,3,WDL-REQ,2
2003,3,X-17A-5,420
2003,3,X-17A-5/A,41
2003,4,1,1
2003,4,1-A,6
2003,4,1-A/A,9
2003,4,1-E,6
2003,4,1-E/A,1
2003,4,10-12B,8
2003,4,10-12B/A,20
2003,4,10-12G,8
2003,4,10-12G/A,15
2003,4,10-K,574
2003,4,10-K/A,315
2003,4,10-KT,2
2003,4,10-KT/A,1
2003,4,10-Q,6564
2003,4,10-Q/A,487
2003,4,10-QT,1
2003,4,10-QT/A,1
2003,4,10KSB,399
2003,4,10KSB/A,174
2003,4,10QSB,3110
2003,4,10QSB/A,410
2003,4,10SB12B/A,1
2003,4,10SB12G,41
2003,4,10SB12G/A,56
2003,4,11-K,104
2003,4,11-K/A,18
2003,4,12G3-2B,17
2003,4,12G32BR,10
2003,4,13F-HR,2116
2003,4,13F-HR/A,286
2003,4,13F-NT,551
2003,4,13F-NT/A,23
2003,4,13FCONP,34
2003,4,13FCONP/A,2
2003,4,144,292
2003,4,144/A,10
2003,4,15-12B,55
2003,4,15-12B/A,1
2003,4,15-12G,168
2003,4,15-12G/A,2
2003,4,15-15D,90
2003,4,18-K,21
2003,4,18-K/A,26
2003,4,19B-4E,5
2003,4,2-A,1
2003,4,2-A/A,4
2003,4,2-AF,2
2003,4,2-E,1
2003,4,20-F,99
2003,4,20-F/A,40
2003,4,20FR12B,1
2003,4,20FR12G,5
2003,4,20FR12G/A,10
2003,4,24F-2NT,1055
2003,4,24F-2NT/A,10
2003,4,25,115
2003,4,3,10557
2003,4,3/A,693
2003,4,305B2,18
2003,4,35-CERT,103
2003,4,35-CERT/A,4
2003,4,39-304D,1
2003,4,4,115054
2003,4,4/A,5132
2003,4,40-17F1,3
2003,4,40-17F2,186
2003,4,40-17F2/A,14
2003,4,40-17G,547
2003,4,40-202A,2
2003,4,40-203A/A,2
2003,4,40-205E,2
2003,4,40-206A/A,1
2003,4,40-33,77
2003,4,40-6B,2
2003,4,40-6B/A,9
2003,4,40-6C,68
2003,4,40-6C/A,66
2003,4,40-8F-2,1
2003,4,40-8F-2/A,1
2003,4,40-8F-A,5
2003,4,40-8F-A/A,3
2003,4,40-8F-L,19
2003,4,40-8F-L/A,5
2003,4,40-8F-M,21
2003,4,40-8F-M/A,7
2003,4,40-APP,73
2003,4,40-APP/A,149
2003,4,40-F,10
2003,4,40-F/A,1
2003,4,40FR12B,3
2003,4,40FR12B/A,1
2003,4,40FR12G,2
2003,4,40FR12G/A,1
2003,4,424A,6
2003,4,424B1,142
2003,4,424B2,577
2003,4,424B3,3496
2003,4,424B4,125
2003,4,424B5,1348
2003,4,425,1259
2003,4,485APOS,298
2003,4,485BPOS,1671
2003,4,485BXT,60
2003,4,486BPOS,9
2003,4,487,117
2003,4,497,4891
2003,4,497AD,22
2003,4,497H2,1
2003,4,497J,1157
2003,4,497K1,5
2003,4,497K2,1
2003,4,497K3A,2
2003,4,497K3B,62
2003,4,5,1552
2003,4,5/A,146
2003,4,6-K,5255
2003,4,6-K/A,63
2003,4,8-A12B,219
2003,4,8-A12B/A,47
2003,4,8-A12G,121
2003,4,8-A12G/A,34
2003,4,8-K,19632
2003,4,8-K/A,858
2003,4,8-K12G3,9
2003,4,8-K12G3/A,2
2003,4,8-M,3
2003,4,ADN-MTL,1
2003,4,ADV-E,86
2003,4,ADV-NR,1
2003,4,ANNLRPT,3
2003,4,APP WD,24
2003,4,ARS,339
2003,4,ARS/A,1
2003,4,AW,31
2003,4,BDCO,110
2003,4,CB,21
2003,4,CB/A,29
2003,4,CERTAMX,30
2003,4,CERTBSE,2
2003,4,CERTNYS,115
2003,4,DEF 14A,1027
2003,4,DEF 14C,131
2003,4,DEFA14A,377
2003,4,DEFA14C,3
2003,4,DEFC14A,8
2003,4,DEFM14A,46
2003,4,DEFM14C,3
2003,4,DEFN14A,2
2003,4,DEFR14A,44
2003,4,DEFR14C,5
2003,4,DEL AM,9
2003,4,DFAN14A,30
2003,4,DFRN14A,4
2003,4,DSTRBRPT,3
2003,4,DSTRBRPT/A,2
2003,4,F-1,10
2003,4,F-1/A,22
2003,4,F-10,10
2003,4,F-10/A,10
2003,4,F-10POS,2
2003,4,F-1MEF,1
2003,4,F-3,84
2003,4,F-3/A,76
2003,4,F-4,60
2003,4,F-4/A,122
2003,4,F-6,17
2003,4,F-6 POS,7
2003,4,F-6/A,4
2003,4,F-6EF,13
2003,4,F-9,6
2003,4,F-9/A,6
2003,4,F-9EF,1
2003,4,F-N,2
2003,4,F-X,54
2003,4,F-X/A,2
2003,4,FOCUSN,123
2003,4,FOCUSN/A,2
2003,4,G-FIN/A,2
2003,4,MSD/A,5
2003,4,MSDW,1
2003,4,N-1/A,1
2003,4,N-14,44
2003,4,N-14/A,33
2003,4,N-14AE,20
2003,4,N-14AE/A,2
2003,4,N-18F1,12
2003,4,N-1A,17
2003,4,N-1A/A,42
2003,4,N-2,47
2003,4,N-2/A,104
2003,4,N-23C-1,29
2003,4,N-23C-2,3
2003,4,N-23C3A,19
2003,4,N-23C3A/A,1
2003,4,N-23C3B,9
2003,4,N-23C3C/A,1
2003,4,N-2MEF,14
2003,4,N-30B-2,44
2003,4,N-30D,57
2003,4,N-30D/A,3
2003,4,N-4,28
2003,4,N-4/A,30
2003,4,N-54A,4
2003,4,N-54C,2
2003,4,N-6,22
2003,4,N-6/A,7
2003,4,N-8A,47
2003,4,N-8A/A,3
2003,4,N-8B-2/A,1
2003,4,N-CSR,1101
2003,4,N-CSR/A,84
2003,4,N-CSRS,294
2003,4,N-CSRS/A,44
2003,4,N-Q,3
2003,4,NO ACT,58
2003,4,NSAR-A,405
2003,4,NSAR-A/A,15
2003,4,NSAR-AT,1
2003,4,NSAR-AT/A,2
2003,4,NSAR-B,1074
2003,4,NSAR-B/A,41
2003,4,NSAR-BT,18
2003,4,NSAR-BT/A,3
2003,4,NT 10-K,191
2003,4,NT 10-K/A,1
2003,4,NT 10-Q,992
2003,4,NT 10-Q/A,10
2003,4,NT 11-K,3
2003,4,NT 20-F,17
2003,4,NT 20-F/A,1
2003,4,NT-NCSR,23
2003,4,NT-NSAR,45
2003,4,NT-NSAR/A,5
2003,4,NTN 10K,35
2003,4,NTN 10Q,30
2003,4,POS 8C,14
2003,4,POS AM,563
2003,4,POS AMC,23
2003,4,POS AMI,71
2003,4,POS EX,20
2003,4,POS462C,2
2003,4,PRE 14A,350
2003,4,PRE 14C,130
2003,4,PREC14A,21
2003,4,PREC14C,1
2003,4,PREM14A,62
2003,4,PREM14C,8
2003,4,PREN14A,2
2003,4,PRER14A,168
2003,4,PRER14C,31
2003,4,PRRN14A,36
2003,4,PX14A6G,6
2003,4,QRTLYRPT,1
2003,4,REG-NR,3
2003,4,REGDEX,3677
2003,4,REGDEX/A,967
2003,4,REVOKED,1
2003,4,RW,134
2003,4,RW WD,20
2003,4,S-1,164
2003,4,S-1/A,432
2003,4,S-11,18
2003,4,S-11/A,66
2003,4,S-11MEF,2
2003,4,S-1MEF,10
2003,4,S-2,20
2003,4,S-2/A,41
2003,4,S-2MEF,6
2003,4,S-3,934
2003,4,S-3/A,1000
2003,4,S-3D,13
2003,4,S-3DPOS,4
2003,4,S-3MEF,27
2003,4,S-4,1552
2003,4,S-4 POS,4
2003,4,S-4/A,2530
2003,4,S-4MEF,3
2003,4,S-6,130
2003,4,S-6/A,20
2003,4,S-8,876
2003,4,S-8 POS,247
2003,4,S-B,8
2003,4,S-B/A,1
2003,4,SB-1,1
2003,4,SB-1/A,9
2003,4,SB-2,122
2003,4,SB-2/A,296
2003,4,SB-2MEF,4
2003,4,SC 13D,1397
2003,4,SC 13D/A,2488
2003,4,SC 13E1,1
2003,4,SC 13E3,123
2003,4,SC 13E3/A,154
2003,4,SC 13G,1532
2003,4,SC 13G/A,1346
2003,4,SC 14D9,80
2003,4,SC 14D9/A,81
2003,4,SC 14F1,27
2003,4,SC 14F1/A,6
2003,4,SC TO-C,95
2003,4,SC TO-I,97
2003,4,SC TO-I/A,180
2003,4,SC TO-T,134
2003,4,SC TO-T/A,521
2003,4,SC14D1F,2
2003,4,SC14D1F/A,2
2003,4,SC14D9C,31
2003,4,SC14D9F,1
2003,4,SE,229
2003,4,SUPPL,1960
2003,4,T-3,89
2003,4,T-3/A,24
2003,4,TA-1,5
2003,4,TA-1/A,40
2003,4,TA-2,2
2003,4,TA-2/A,5
2003,4,TA-W,10
2003,4,U-1,18
2003,4,U-1/A,52
2003,4,U-12-IA,3
2003,4,U-12-IB,3
2003,4,U-3A-2,1
2003,4,U-57,10
2003,4,U-57/A,2
2003,4,U-6B-2,37
2003,4,U-7D,1
2003,4,U-9C-3,20
2003,4,U5A,1
2003,4,U5S/A,3
2003,4,UNDER,3
2003,4,WDL-REQ,4
2003,4,X-17A-5,411
2003,4,X-17A-5/A,30
2004,1,1,1
2004,1,1-A,6
2004,1,1-A/A,16
2004,1,1-E,6
2004,1,1-E/A,1
2004,1,10-12B,4
2004,1,10-12B/A,6
2004,1,10-12G,9
2004,1,10-12G/A,13
2004,1,10-K,6525
2004,1,10-K/A,597
2004,1,10-KT,34
2004,1,10-Q,1617
2004,1,10-Q/A,444
2004,1,10-QT,2
2004,1,10-QT/A,1
2004,1,10KSB,1466
2004,1,10KSB/A,196
2004,1,10QSB,1195
2004,1,10QSB/A,308
2004,1,10SB12B,2
2004,1,10SB12G,27
2004,1,10SB12G/A,40
2004,1,11-K,107
2004,1,11-K/A,1
2004,1,12G3-2B,16
2004,1,12G32BR,6
2004,1,13F-HR,2207
2004,1,13F-HR/A,383
2004,1,13F-NT,571
2004,1,13F-NT/A,85
2004,1,13FCONP,31
2004,1,144,331
2004,1,144/A,18
2004,1,15-12B,59
2004,1,15-12B/A,2
2004,1,15-12G,181
2004,1,15-12G/A,5
2004,1,15-15D,807
2004,1,15-15D/A,7
2004,1,18-12B,1
2004,1,18-K,2
2004,1,18-K/A,21
2004,1,19B-4E,5
2004,1,2-A,1
2004,1,2-A/A,2
2004,1,2-AF,1
2004,1,2-E,3
2004,1,20-F,161
2004,1,20-F/A,49
2004,1,20FR12B,1
2004,1,20FR12B/A,2
2004,1,20FR12G,10
2004,1,20FR12G/A,21
2004,1,24F-2NT,3231
2004,1,24F-2NT/A,34
2004,1,25,114
2004,1,3,12191
2004,1,3/A,1199
2004,1,305B2,19
2004,1,305B2/A,5
2004,1,35-CERT,89
2004,1,39-304D,1
2004,1,4,139372
2004,1,4/A,7333
2004,1,40-17F1,1
2004,1,40-17F2,380
2004,1,40-17F2/A,2
2004,1,40-17G,618
2004,1,40-17G/A,1
2004,1,40-33,79
2004,1,40-6B/A,40
2004,1,40-6C,35
2004,1,40-6C/A,106
2004,1,40-8F-A,10
2004,1,40-8F-A/A,4
2004,1,40-8F-L,9
2004,1,40-8F-L/A,5
2004,1,40-8F-M,23
2004,1,40-8F-M/A,6
2004,1,40-APP,15
2004,1,40-APP/A,79
2004,1,40-F,38
2004,1,40-F/A,4
2004,1,40-RPT,1
2004,1,40FR12B/A,3
2004,1,40FR12G,1
2004,1,40FR12G/A,1
2004,1,424A,9
2004,1,424B1,235
2004,1,424B2,435
2004,1,424B3,3455
2004,1,424B4,115
2004,1,424B5,1454
2004,1,425,1302
2004,1,485APOS,404
2004,1,485BPOS,1096
2004,1,485BXT,47
2004,1,486APOS,1
2004,1,486BPOS,8
2004,1,487,109
2004,1,497,4602
2004,1,497AD,27
2004,1,497J,1100
2004,1,497K2,1
2004,1,497K3A,2
2004,1,497K3B,62
2004,1,5,15273
2004,1,5/A,867
2004,1,6-K,5508
2004,1,6-K/A,49
2004,1,8-A12B,279
2004,1,8-A12B/A,48
2004,1,8-A12G,109
2004,1,8-A12G/A,33
2004,1,8-K,19622
2004,1,8-K/A,914
2004,1,8-K12B,1
2004,1,8-K12G3,14
2004,1,8-K12G3/A,1
2004,1,8-K15D5,1
2004,1,ADV-E,117
2004,1,ADV-H-T,2
2004,1,ADV-NR,2
2004,1,APP WD,5
2004,1,ARS,668
2004,1,AW,29
2004,1,AW WD,1
2004,1,CB,24
2004,1,CB/A,6
2004,1,CERTAMX,41
2004,1,CERTNYS,93
2004,1,CORRESP,2
2004,1,DEF 14A,2080
2004,1,DEF 14C,149
2004,1,DEFA14A,494
2004,1,DEFA14C,2
2004,1,DEFC14A,19
2004,1,DEFM14A,55
2004,1,DEFM14C,3
2004,1,DEFN14A,5
2004,1,DEFR14A,46
2004,1,DEFR14C,4
2004,1,DEL AM,3
2004,1,DFAN14A,120
2004,1,DFRN14A,2
2004,1,DSTRBRPT,1
2004,1,DSTRBRPT/A,2
2004,1,F-1,9
2004,1,F-1/A,23
2004,1,F-10,29
2004,1,F-10/A,26
2004,1,F-2,1
2004,1,F-3,22
2004,1,F-3/A,95
2004,1,F-3MEF,1
2004,1,F-4,39
2004,1,F-4 POS,1
2004,1,F-4/A,681
2004,1,F-4MEF,1
2004,1,F-6,21
2004,1,F-6 POS,13
2004,1,F-6/A,3
2004,1,F-6EF,9
2004,1,F-8/A,1
2004,1,F-9,5
2004,1,F-9/A,5
2004,1,F-N,1
2004,1,F-X,49
2004,1,F-X/A,1
2004,1,FOCUSN,1259
2004,1,FOCUSN/A,13
2004,1,G-405,5
2004,1,G-405N,4
2004,1,G-FIN/A,2
2004,1,MSD,1
2004,1,MSD/A,3
2004,1,N-1/A,2
2004,1,N-14,36
2004,1,N-14 8C,1
2004,1,N-14/A,30
2004,1,N-14AE,16
2004,1,N-14AE/A,8
2004,1,N-18F1,7
2004,1,N-1A,24
2004,1,N-1A/A,19
2004,1,N-2,63
2004,1,N-2/A,81
2004,1,N-23C-1,25
2004,1,N-23C-1/A,1
2004,1,N-23C3A,19
2004,1,N-23C3B,9
2004,1,N-23C3C/A,1
2004,1,N-27D-1,4
2004,1,N-2MEF,9
2004,1,N-30B-2,83
2004,1,N-30D,298
2004,1,N-30D/A,14
2004,1,N-4,22
2004,1,N-4/A,6
2004,1,N-54A,6
2004,1,N-54A/A,2
2004,1,N-54C,2
2004,1,N-6,10
2004,1,N-6/A,9
2004,1,N-6F/A,1
2004,1,N-8A,61
2004,1,N-8A/A,1
2004,1,N-8B-2/A,4
2004,1,N-CSR,1816
2004,1,N-CSR/A,83
2004,1,N-CSRS,419
2004,1,N-CSRS/A,19
2004,1,NO ACT,500
2004,1,NSAR-A,587
2004,1,NSAR-A/A,16
2004,1,NSAR-AT,2
2004,1,NSAR-B,1218
2004,1,NSAR-B/A,55
2004,1,NSAR-BT,7
2004,1,NSAR-BT/A,1
2004,1,NSAR-U,831
2004,1,NSAR-U/A,16
2004,1,NT 10-K,1389
2004,1,NT 10-K/A,15
2004,1,NT 10-Q,314
2004,1,NT 10-Q/A,3
2004,1,NT 11-K,4
2004,1,NT 20-F,6
2004,1,NT-NCSR,6
2004,1,NT-NCSR/A,1
2004,1,NT-NSAR,41
2004,1,NT-NSAR/A,1
2004,1,NTFNCSR,25
2004,1,NTFNSAR,2
2004,1,NTN 10K,15
2004,1,NTN 10Q,14
2004,1,NTN 20F,2
2004,1,POS 8C,10
2004,1,POS AM,417
2004,1,POS AMC,7
2004,1,POS AMI,74
2004,1,POS EX,22
2004,1,POS462B,1
2004,1,PRE 14A,534
2004,1,PRE 14C,144
2004,1,PREC14A,29
2004,1,PREM14A,48
2004,1,PREM14C,6
2004,1,PREN14A,4
2004,1,PRER14A,156
2004,1,PRER14C,22
2004,1,PRRN14A,42
2004,1,PX14A6G,59
2004,1,QRTLYRPT,1
2004,1,REGDEX,4014
2004,1,REGDEX/A,1153
2004,1,REVOKED,1
2004,1,RW,132
2004,1,RW WD,9
2004,1,S-1,178
2004,1,S-1/A,398
2004,1,S-11,24
2004,1,S-11/A,65
2004,1,S-11MEF,3
2004,1,S-1MEF,11
2004,1,S-2,24
2004,1,S-2/A,37
2004,1,S-3,937
2004,1,S-3/A,804
2004,1,S-3D,11
2004,1,S-3DPOS,6
2004,1,S-3MEF,26
2004,1,S-4,1643
2004,1,S-4/A,1660
2004,1,S-4MEF,2
2004,1,S-6,117
2004,1,S-6/A,13
2004,1,S-8,877
2004,1,S-8 POS,173
2004,1,S-B,5
2004,1,S-B/A,5
2004,1,S-BMEF,1
2004,1,SB-1,1
2004,1,SB-1/A,7
2004,1,SB-2,170
2004,1,SB-2/A,293
2004,1,SB-2MEF,1
2004,1,SC 13D,1333
2004,1,SC 13D/A,2902
2004,1,SC 13E1,1
2004,1,SC 13E3,38
2004,1,SC 13E3/A,106
2004,1,SC 13G,10696
2004,1,SC 13G/A,19979
2004,1,SC 14D9,55
2004,1,SC 14D9/A,55
2004,1,SC 14F1,34
2004,1,SC 14F1/A,3
2004,1,SC TO-C,61
2004,1,SC TO-I,64
2004,1,SC TO-I/A,159
2004,1,SC TO-T,54
2004,1,SC TO-T/A,395
2004,1,SC14D1F,2
2004,1,SC14D9C,12
2004,1,SC14D9F,1
2004,1,SE,202
2004,1,SP 15D2,3
2004,1,SUPPL,1820
2004,1,T-3,13
2004,1,T-3/A,21
2004,1,TA-1,9
2004,1,TA-1/A,68
2004,1,TA-2,618
2004,1,TA-2/A,8
2004,1,TA-W,12
2004,1,U-1,24
2004,1,U-1/A,38
2004,1,U-12-IA,3
2004,1,U-12-IB,226
2004,1,U-33-S,1
2004,1,U-3A-2,71
2004,1,U-3A-2/A,6
2004,1,U-3A3-1,1
2004,1,U-57,17
2004,1,U-57/A,4
2004,1,U-6B-2,29
2004,1,U-9C-3,22
2004,1,U5A,1
2004,1,U5A/A,2
2004,1,U5B,2
2004,1,U5S,3
2004,1,U5S/A,2
2004,1,UNDER,1
2004,1,WDL-REQ,1
2004,1,X-17A-5,3947
2004,1,X-17A-5/A,101
2004,2,1,2
2004,2,1-A,5
2004,2,1-A/A,27
2004,2,1-E,5
2004,2,1-E/A,5
2004,2,10-12B,3
2004,2,10-12B/A,7
2004,2,10-12G,18
2004,2,10-12G/A,28
2004,2,10-K,896
2004,2,10-K/A,900
2004,2,10-KT,1
2004,2,10-Q,6501
2004,2,10-Q/A,377
2004,2,10KSB,1118
2004,2,10KSB/A,392
2004,2,10QSB,3026
2004,2,10QSB/A,300
2004,2,10SB12B,1
2004,2,10SB12G,38
2004,2,10SB12G/A,46
2004,2,11-K,1974
2004,2,11-K/A,40
2004,2,11-KT,2
2004,2,12G3-2B,16
2004,2,12G32BR,10
2004,2,13F-HR,2228
2004,2,13F-HR/A,285
2004,2,13F-NT,593
2004,2,13F-NT/A,60
2004,2,13FCONP,24
2004,2,13FCONP/A,1
2004,2,144,255
2004,2,144/A,7
2004,2,15-12B,58
2004,2,15-12B/A,1
2004,2,15-12G,165
2004,2,15-12G/A,5
2004,2,15-15D,182
2004,2,15-15D/A,1
2004,2,18-K,11
2004,2,18-K/A,23
2004,2,19B-4E,24
2004,2,2-A/A,3
2004,2,2-AF,1
2004,2,2-E,1
2004,2,20-F,590
2004,2,20-F/A,64
2004,2,20FR12B,3
2004,2,20FR12B/A,1
2004,2,20FR12G,12
2004,2,20FR12G/A,12
2004,2,24F-2NT,784
2004,2,24F-2NT/A,6
2004,2,25,121
2004,2,3,12098
2004,2,3/A,733
2004,2,305B2,30
2004,2,35-CERT,101
2004,2,39-304D,1
2004,2,4,124554
2004,2,4/A,5790
2004,2,40-17F1,2
2004,2,40-17F2,262
2004,2,40-17F2/A,1
2004,2,40-17G,571
2004,2,40-202A/A,1
2004,2,40-205E/A,1
2004,2,40-33,49
2004,2,40-6C,78
2004,2,40-6C/A,70
2004,2,40-8F-2,2
2004,2,40-8F-A,4
2004,2,40-8F-A/A,4
2004,2,40-8F-L,31
2004,2,40-8F-L/A,14
2004,2,40-8F-M,41
2004,2,40-8F-M/A,8
2004,2,40-APP,51
2004,2,40-APP/A,63
2004,2,40-F,102
2004,2,40-F/A,11
2004,2,40FR12B,2
2004,2,40FR12G,2
2004,2,424A,15
2004,2,424B1,139
2004,2,424B2,368
2004,2,424B3,3470
2004,2,424B4,178
2004,2,424B5,1345
2004,2,425,1157
2004,2,485APOS,241
2004,2,485BPOS,2470
2004,2,485BXT,45
2004,2,486APOS,3
2004,2,486BPOS,6
2004,2,487,107
2004,2,497,6060
2004,2,497AD,31
2004,2,497H2,2
2004,2,497J,1748
2004,2,497K3A,1
2004,2,497K3B,52
2004,2,5,1596
2004,2,5/A,240
2004,2,6-K,6077
2004,2,6-K/A,49
2004,2,8-A12B,198
2004,2,8-A12B/A,41
2004,2,8-A12G,135
2004,2,8-A12G/A,36
2004,2,8-K,20297
2004,2,8-K/A,830
2004,2,8-K12G3,13
2004,2,8-K12G3/A,2
2004,2,9-M,1
2004,2,ADV-E,66
2004,2,ADV-H-T,1
2004,2,ADV-NR,4
2004,2,APP WD,6
2004,2,ARS,1476
2004,2,AW,40
2004,2,AW WD,10
2004,2,CB,48
2004,2,CB/A,43
2004,2,CERTAMX,74
2004,2,CERTNYS,93
2004,2,CORRESP,5
2004,2,DEF 14A,3320
2004,2,DEF 14C,191
2004,2,DEFA14A,629
2004,2,DEFA14C,3
2004,2,DEFC14A,37
2004,2,DEFM14A,55
2004,2,DEFM14C,3
2004,2,DEFN14A,4
2004,2,DEFR14A,147
2004,2,DEFR14C,6
2004,2,DEL AM,22
2004,2,DFAN14A,184
2004,2,DFRN14A,3
2004,2,DSTRBRPT,5
2004,2,DSTRBRPT/A,3
2004,2,F-1,14
2004,2,F-1/A,31
2004,2,F-10,10
2004,2,F-10/A,8
2004,2,F-2,3
2004,2,F-2/A,3
2004,2,F-3,26
2004,2,F-3/A,29
2004,2,F-4,73
2004,2,F-4/A,189
2004,2,F-6,25
2004,2,F-6 POS,4
2004,2,F-6/A,4
2004,2,F-6EF,19
2004,2,F-8,1
2004,2,F-8/A,1
2004,2,F-9,1
2004,2,F-9/A,2
2004,2,F-N,2
2004,2,F-X,53
2004,2,F-X/A,10
2004,2,FOCUSN,103
2004,2,FOCUSN/A,27
2004,2,G-FIN/A,2
2004,2,MSD/A,4
2004,2,MSDW,1
2004,2,N-1/A,1
2004,2,N-14,22
2004,2,N-14 8C,1
2004,2,N-14 8C/A,2
2004,2,N-14/A,12
2004,2,N-14AE,6
2004,2,N-14AE/A,2
2004,2,N-18F1,4
2004,2,N-1A,22
2004,2,N-1A/A,13
2004,2,N-2,60
2004,2,N-2/A,98
2004,2,N-23C-1,25
2004,2,N-23C3A,20
2004,2,N-23C3B,5
2004,2,N-2MEF,6
2004,2,N-3,11
2004,2,N-30B-2,74
2004,2,N-30D,46
2004,2,N-30D/A,3
2004,2,N-4,33
2004,2,N-4/A,16
2004,2,N-54A,15
2004,2,N-54C,1
2004,2,N-6,15
2004,2,N-6/A,19
2004,2,N-8A,47
2004,2,N-8A/A,4
2004,2,N-8B-2/A,1
2004,2,N-CSR,684
2004,2,N-CSR/A,69
2004,2,N-CSRS,705
2004,2,N-CSRS/A,31
2004,2,NO ACT,104
2004,2,NSAR-A,1076
2004,2,NSAR-A/A,13
2004,2,NSAR-B,424
2004,2,NSAR-B/A,50
2004,2,NSAR-BT,7
2004,2,NSAR-U,3
2004,2,NT 10-K,216
2004,2,NT 10-K/A,23
2004,2,NT 10-Q,1071
2004,2,NT 10-Q/A,15
2004,2,NT 11-K,131
2004,2,NT 20-F,67
2004,2,NT 20-F/A,1
2004,2,NT-NCSR,2
2004,2,NT-NSAR,9
2004,2,NT-NSAR/A,1
2004,2,NTFNCSR,1
2004,2,NTN 10K,57
2004,2,NTN 10Q,36
2004,2,POS 8C,19
2004,2,POS AM,704
2004,2,POS AMC,14
2004,2,POS AMI,84
2004,2,POS EX,12
2004,2,PRE 14A,644
2004,2,PRE 14C,165
2004,2,PREC14A,32
2004,2,PREM14A,55
2004,2,PREM14C,9
2004,2,PREN14A,4
2004,2,PRER14A,168
2004,2,PRER14C,43
2004,2,PRRN14A,50
2004,2,PX14A6G,42
2004,2,PX14A6N,2
2004,2,QRTLYRPT,1
2004,2,REG-NR,1
2004,2,REGDEX,4069
2004,2,REGDEX/A,1114
2004,2,RW,122
2004,2,RW WD,4
2004,2,S-1,548
2004,2,S-1/A,885
2004,2,S-11,30
2004,2,S-11/A,84
2004,2,S-11MEF,1
2004,2,S-1MEF,12
2004,2,S-2,35
2004,2,S-2/A,48
2004,2,S-3,924
2004,2,S-3/A,963
2004,2,S-3D,13
2004,2,S-3DPOS,2
2004,2,S-3MEF,12
2004,2,S-4,1326
2004,2,S-4 POS,1
2004,2,S-4/A,2175
2004,2,S-4MEF,3
2004,2,S-6,115
2004,2,S-6/A,14
2004,2,S-8,1219
2004,2,S-8 POS,207
2004,2,S-B,2
2004,2,S-B/A,1
2004,2,SB-1,1
2004,2,SB-1/A,7
2004,2,SB-2,198
2004,2,SB-2/A,381
2004,2,SB-2MEF,2
2004,2,SC 13D,1265
2004,2,SC 13D/A,2622
2004,2,SC 13E3,24
2004,2,SC 13E3/A,173
2004,2,SC 13G,1453
2004,2,SC 13G/A,1630
2004,2,SC 14D9,35
2004,2,SC 14D9/A,96
2004,2,SC 14F1,38
2004,2,SC 14F1/A,1
2004,2,SC TO-C,71
2004,2,SC TO-I,63
2004,2,SC TO-I/A,146
2004,2,SC TO-T,36
2004,2,SC TO-T/A,320
2004,2,SC13E4F,1
2004,2,SC13E4F/A,1
2004,2,SC14D1F,2
2004,2,SC14D1F/A,2
2004,2,SC14D9C,15
2004,2,SC14D9F,1
2004,2,SE,242
2004,2,SL,1
2004,2,SP 15D2,1
2004,2,SUPPL,1776
2004,2,T-3,5
2004,2,T-3/A,19
2004,2,TA-1,10
2004,2,TA-1/A,48
2004,2,TA-2,78
2004,2,TA-2/A,14
2004,2,TA-W,10
2004,2,TACO,1
2004,2,U-1,11
2004,2,U-1/A,40
2004,2,U-12-IA,2
2004,2,U-12-IB,50
2004,2,U-13-60,39
2004,2,U-33-S,4
2004,2,U-3A-2,6
2004,2,U-3A-2/A,2
2004,2,U-57,6
2004,2,U-6B-2,44
2004,2,U-6B-2/A,1
2004,2,U-9C-3,24
2004,2,U5B,1
2004,2,U5B/A,1
2004,2,U5S,24
2004,2,U5S/A,2
2004,2,UNDER,1
2004,2,X-17A-5,335
2004,2,X-17A-5/A,262
2004,3,1-A,7
2004,3,1-A/A,17
2004,3,1-E,18
2004,3,1-E/A,1
2004,3,10-12B,2
2004,3,10-12B/A,7
2004,3,10-12G,4
2004,3,10-12G/A,15
2004,3,10-K,583
2004,3,10-K/A,304
2004,3,10-Q,6393
2004,3,10-Q/A,387
2004,3,10-QT,3
2004,3,10KSB,506
2004,3,10KSB/A,190
2004,3,10QSB,3177
2004,3,10QSB/A,356
2004,3,10SB12B,1
2004,3,10SB12G,34
2004,3,10SB12G/A,45
2004,3,11-K,207
2004,3,11-K/A,78
2004,3,11-KT/A,1
2004,3,12G3-2B,24
2004,3,12G32BR,1
2004,3,13F-HR,2179
2004,3,13F-HR/A,299
2004,3,13F-NT,595
2004,3,13F-NT/A,21
2004,3,13FCONP,24
2004,3,144,182
2004,3,15-12B,41
2004,3,15-12B/A,1
2004,3,15-12G,194
2004,3,15-12G/A,4
2004,3,15-15D,62
2004,3,18-K,8
2004,3,18-K/A,25
2004,3,19B-4E,40
2004,3,2-A,1
2004,3,2-A/A,3
2004,3,2-AF,2
2004,3,2-E,3
2004,3,20-F,175
2004,3,20-F/A,77
2004,3,20FR12B,5
2004,3,20FR12B/A,5
2004,3,20FR12G,13
2004,3,20FR12G/A,9
2004,3,24F-2NT,763
2004,3,24F-2NT/A,10
2004,3,25,98
2004,3,3,11658
2004,3,3/A,746
2004,3,305B2,30
2004,3,305B2/A,1
2004,3,35-CERT,99
2004,3,39-304D,2
2004,3,39-304D/A,1
2004,3,4,97019
2004,3,4/A,3994
2004,3,40-17F1,4
2004,3,40-17F2,507
2004,3,40-17F2/A,2
2004,3,40-17G,489
2004,3,40-202A/A,1
2004,3,40-33,87
2004,3,40-6B,3
2004,3,40-6B/A,3
2004,3,40-6C,43
2004,3,40-6C/A,116
2004,3,40-8F-2,1
2004,3,40-8F-A,8
2004,3,40-8F-A/A,1
2004,3,40-8F-L,12
2004,3,40-8F-L/A,5
2004,3,40-8F-M,8
2004,3,40-8F-M/A,12
2004,3,40-8FC,3
2004,3,40-APP,58
2004,3,40-APP/A,32
2004,3,40-F,8
2004,3,40-F/A,3
2004,3,40FR12G,2
2004,3,424A,11
2004,3,424B1,94
2004,3,424B2,371
2004,3,424B3,4029
2004,3,424B4,150
2004,3,424B5,1519
2004,3,425,1136
2004,3,485APOS,270
2004,3,485BPOS,897
2004,3,485BXT,50
2004,3,486APOS,1
2004,3,486BPOS,2
2004,3,487,106
2004,3,497,4619
2004,3,497AD,33
2004,3,497J,712
2004,3,497K3A,1
2004,3,497K3B,63
2004,3,5,1876
2004,3,5/A,141
2004,3,6-K,5587
2004,3,6-K/A,46
2004,3,8-A12B,140
2004,3,8-A12B/A,38
2004,3,8-A12G,121
2004,3,8-A12G/A,27
2004,3,8-K,22895
2004,3,8-K/A,963
2004,3,8-K12G3,7
2004,3,8-K12G3/A,1
2004,3,8-K15D5,1
2004,3,8-M,3
2004,3,ADV-E,43
2004,3,ADV-H-T,1
2004,3,ADV-NR,3
2004,3,ANNLRPT,1
2004,3,APP WD,8
2004,3,ARS,360
2004,3,AW,30
2004,3,AW WD,3
2004,3,CB,17
2004,3,CB/A,34
2004,3,CERTAMX,56
2004,3,CERTNYS,69
2004,3,CERTPAC,1
2004,3,CORRESP,96
2004,3,DEF 14A,1022
2004,3,DEF 14C,171
2004,3,DEFA14A,888
2004,3,DEFA14C,3
2004,3,DEFC14A,20
2004,3,DEFM14A,40
2004,3,DEFM14C,6
2004,3,DEFN14A,4
2004,3,DEFR14A,29
2004,3,DEFR14C,5
2004,3,DEL AM,20
2004,3,DFAN14A,110
2004,3,DFRN14A,4
2004,3,DSTRBRPT,1
2004,3,F-1,34
2004,3,F-1/A,52
2004,3,F-10,5
2004,3,F-10/A,6
2004,3,F-2,1
2004,3,F-2/A,1
2004,3,F-3,25
2004,3,F-3/A,33
2004,3,F-4,69
2004,3,F-4/A,241
2004,3,F-6,19
2004,3,F-6 POS,8
2004,3,F-6/A,3
2004,3,F-6EF,7
2004,3,F-9,3
2004,3,F-9/A,2
2004,3,F-N,6
2004,3,F-X,25
2004,3,F-X/A,1
2004,3,FOCUSN,143
2004,3,FOCUSN/A,3
2004,3,G-FIN/A,1
2004,3,G-FINW,1
2004,3,MSD,1
2004,3,MSD/A,6
2004,3,N-1/A,1
2004,3,N-14,41
2004,3,N-14 8C,2
2004,3,N-14/A,15
2004,3,N-14AE,21
2004,3,N-14MEF,1
2004,3,N-18F1,22
2004,3,N-1A,14
2004,3,N-1A/A,25
2004,3,N-2,45
2004,3,N-2/A,72
2004,3,N-23C-1,9
2004,3,N-23C-1/A,1
2004,3,N-23C-2,2
2004,3,N-23C3A,21
2004,3,N-23C3B,7
2004,3,N-2MEF,5
2004,3,N-30B-2,82
2004,3,N-30D,235
2004,3,N-30D/A,2
2004,3,N-4,32
2004,3,N-4/A,14
2004,3,N-54A,11
2004,3,N-6,18
2004,3,N-6/A,8
2004,3,N-8A,50
2004,3,N-8A/A,1
2004,3,N-8F,16
2004,3,N-8F/A,12
2004,3,N-CSR,871
2004,3,N-CSR/A,72
2004,3,N-CSRS,1421
2004,3,N-CSRS/A,28
2004,3,N-PX,3449
2004,3,N-PX/A,145
2004,3,N-Q,679
2004,3,N-Q/A,5
2004,3,NO ACT,55
2004,3,NSAR-A,1209
2004,3,NSAR-A/A,29
2004,3,NSAR-AT,4
2004,3,NSAR-B,546
2004,3,NSAR-B/A,27
2004,3,NSAR-BT,3
2004,3,NSAR-BT/A,1
2004,3,NSAR-U,5
2004,3,NT 10-K,254
2004,3,NT 10-K/A,11
2004,3,NT 10-Q,1048
2004,3,NT 10-Q/A,14
2004,3,NT 11-K,7
2004,3,NT 11-K/A,1
2004,3,NT 20-F,32
2004,3,NT-NCSR,9
2004,3,NT-NSAR,36
2004,3,NTFNCSR,3
2004,3,NTN 10K,31
2004,3,NTN 10Q,39
2004,3,POS 8C,15
2004,3,POS AM,840
2004,3,POS AMC,10
2004,3,POS AMI,44
2004,3,POS EX,17
2004,3,POS462B,1
2004,3,PRE 14A,343
2004,3,PRE 14C,159
2004,3,PREC14A,25
2004,3,PREC14C,1
2004,3,PREM14A,52
2004,3,PREM14C,13
2004,3,PREN14A,2
2004,3,PRER14A,113
2004,3,PRER14C,32
2004,3,PRRN14A,24
2004,3,PX14A6G,2
2004,3,QRTLYRPT,1
2004,3,REG-NR,2
2004,3,REGDEX,4076
2004,3,REGDEX/A,1190
2004,3,REVOKED,28
2004,3,RW,180
2004,3,RW WD,5
2004,3,S-1,174
2004,3,S-1/A,924
2004,3,S-11,28
2004,3,S-11/A,87
2004,3,S-1MEF,13
2004,3,S-2,16
2004,3,S-2/A,31
2004,3,S-2MEF,4
2004,3,S-3,713
2004,3,S-3/A,1107
2004,3,S-3D,7
2004,3,S-3DPOS,7
2004,3,S-3MEF,14
2004,3,S-4,987
2004,3,S-4 POS,2
2004,3,S-4/A,1727
2004,3,S-4MEF,2
2004,3,S-6,121
2004,3,S-6/A,17
2004,3,S-8,1038
2004,3,S-8 POS,193
2004,3,S-B,5
2004,3,S-B/A,8
2004,3,SB-1,1
2004,3,SB-1/A,5
2004,3,SB-2,199
2004,3,SB-2/A,448
2004,3,SB-2MEF,3
2004,3,SC 13D,1120
2004,3,SC 13D/A,2151
2004,3,SC 13E3,27
2004,3,SC 13E3/A,98
2004,3,SC 13G,1485
2004,3,SC 13G/A,1395
2004,3,SC 14D9,32
2004,3,SC 14D9/A,54
2004,3,SC 14F1,26
2004,3,SC 14F1/A,3
2004,3,SC TO-C,121
2004,3,SC TO-I,57
2004,3,SC TO-I/A,106
2004,3,SC TO-T,59
2004,3,SC TO-T/A,252
2004,3,SC13E4F/A,2
2004,3,SC14D1F/A,6
2004,3,SC14D9C,12
2004,3,SC14D9F,1
2004,3,SC14D9F/A,2
2004,3,SE,234
2004,3,SUPPL,1745
2004,3,T-3,17
2004,3,T-3/A,4
2004,3,TA-1,6
2004,3,TA-1/A,54
2004,3,TA-2,6
2004,3,TA-2/A,4
2004,3,TA-W,7
2004,3,U-1,19
2004,3,U-1/A,23
2004,3,U-12-IA,1
2004,3,U-12-IB,6
2004,3,U-13-60,1
2004,3,U-33-S,1
2004,3,U-3A-2,2
2004,3,U-3A-2/A,5
2004,3,U-57,1
2004,3,U-6B-2,43
2004,3,U-9C-3,24
2004,3,U5S,2
2004,3,U5S/A,4
2004,3,UPLOAD,130
2004,3,WDL-REQ,1
2004,3,X-17A-5,628
2004,3,X-17A-5/A,63
2004,4,1,1
2004,4,1-A,3
2004,4,1-A/A,7
2004,4,1-E,13
2004,4,1-E/A,5
2004,4,10-12B,3
2004,4,10-12B/A,10
2004,4,10-12G,12
2004,4,10-12G/A,7
2004,4,10-K,563
2004,4,10-K/A,295
2004,4,10-KT,3
2004,4,10-Q,6361
2004,4,10-Q/A,496
2004,4,10KSB,467
2004,4,10KSB/A,177
2004,4,10QSB,3273
2004,4,10QSB/A,391
2004,4,10SB12B,1
2004,4,10SB12G,39
2004,4,10SB12G/A,53
2004,4,11-K,81
2004,4,11-K/A,10
2004,4,12G3-2B,30
2004,4,12G32BR,9
2004,4,13F-HR,2207
2004,4,13F-HR/A,261
2004,4,13F-NT,638
2004,4,13F-NT/A,16
2004,4,13FCONP,24
2004,4,144,292
2004,4,144/A,12
2004,4,15-12B,51
2004,4,15-12B/A,1
2004,4,15-12G,191
2004,4,15-12G/A,3
2004,4,15-15D,55
2004,4,18-K,14
2004,4,18-K/A,29
2004,4,19B-4E,58
2004,4,2-A/A,1
2004,4,2-E,1
2004,4,20-F,78
2004,4,20-F/A,44
2004,4,20FR12B/A,6
2004,4,20FR12G,9
2004,4,20FR12G/A,6
2004,4,24F-2NT,935
2004,4,24F-2NT/A,3
2004,4,25,112
2004,4,3,11854
2004,4,3/A,861
2004,4,305B2,11
2004,4,305B2/A,7
2004,4,35-CERT,86
2004,4,4,115227
2004,4,4/A,4532
2004,4,40-17F1,2
2004,4,40-17F2,153
2004,4,40-17F2/A,4
2004,4,40-17G,659
2004,4,40-17G/A,10
2004,4,40-33,64
2004,4,40-6B,2
2004,4,40-6B/A,14
2004,4,40-6C,22
2004,4,40-6C/A,63
2004,4,40-8B25,1
2004,4,40-8F-2,2
2004,4,40-APP,70
2004,4,40-APP/A,92
2004,4,40-F,14
2004,4,40-F/A,7
2004,4,40FR12B,2
2004,4,40FR12B/A,1
2004,4,424A,11
2004,4,424B1,83
2004,4,424B2,378
2004,4,424B3,3395
2004,4,424B4,141
2004,4,424B5,1879
2004,4,425,1283
2004,4,485APOS,769
2004,4,485BPOS,1122
2004,4,485BXT,74
2004,4,486APOS,1
2004,4,486BPOS,5
2004,4,487,119
2004,4,497,5297
2004,4,497AD,37
2004,4,497J,818
2004,4,497K3A,1
2004,4,497K3B,70
2004,4,5,1136
2004,4,5/A,60
2004,4,6-K,6268
2004,4,6-K/A,114
2004,4,8-A12B,161
2004,4,8-A12B/A,38
2004,4,8-A12G,113
2004,4,8-A12G/A,34
2004,4,8-K,28548
2004,4,8-K/A,1386
2004,4,8-K12G3,6
2004,4,8-K15D5,1
2004,4,8-M,2
2004,4,9-M,1
2004,4,ADV-E,61
2004,4,ADV-NR,6
2004,4,ANNLRPT,2
2004,4,APP WD,7
2004,4,ARS,327
2004,4,AW,42
2004,4,CB,31
2004,4,CB/A,12
2004,4,CERTAMX,51
2004,4,CERTNYS,108
2004,4,CERTPAC,2
2004,4,CORRESP,814
2004,4,DEF 14A,979
2004,4,DEF 14C,183
2004,4,DEF-OC,1
2004,4,DEFA14A,786
2004,4,DEFA14C,3
2004,4,DEFC14A,2
2004,4,DEFM14A,57
2004,4,DEFM14C,4
2004,4,DEFN14A,2
2004,4,DEFR14A,36
2004,4,DEFR14C,17
2004,4,DEL AM,8
2004,4,DFAN14A,128
2004,4,DSTRBRPT,2
2004,4,F-1,20
2004,4,F-1/A,43
2004,4,F-10,68
2004,4,F-10/A,102
2004,4,F-10POS,1
2004,4,F-1MEF,1
2004,4,F-2,2
2004,4,F-2/A,2
2004,4,F-3,24
2004,4,F-3/A,24
2004,4,F-4,59
2004,4,F-4/A,68
2004,4,F-6,31
2004,4,F-6 POS,14
2004,4,F-6/A,1
2004,4,F-6EF,12
2004,4,F-8,1
2004,4,F-9,6
2004,4,F-9/A,2
2004,4,F-N,1
2004,4,F-X,45
2004,4,F-X/A,6
2004,4,FOCUSN,128
2004,4,FOCUSN/A,7
2004,4,G-FIN/A,2
2004,4,ID-NEWCIK,1
2004,4,MSD/A,7
2004,4,MSDW,3
2004,4,N-1/A,5
2004,4,N-14,54
2004,4,N-14 8C,2
2004,4,N-14 8C/A,2
2004,4,N-14/A,63
2004,4,N-14AE,24
2004,4,N-14AE/A,1
2004,4,N-18F1,11
2004,4,N-1A,26
2004,4,N-1A/A,35
2004,4,N-2,54
2004,4,N-2/A,70
2004,4,N-23C-1,3
2004,4,N-23C-2,3
2004,4,N-23C3A,21
2004,4,N-23C3B,7
2004,4,N-23C3C/A,2
2004,4,N-2MEF,7
2004,4,N-3/A,9
2004,4,N-30B-2,61
2004,4,N-30D,29
2004,4,N-30D/A,1
2004,4,N-4,28
2004,4,N-4/A,26
2004,4,N-54A,14
2004,4,N-54C,3
2004,4,N-6,13
2004,4,N-6/A,9
2004,4,N-8A,49
2004,4,N-8A/A,5
2004,4,N-8F,61
2004,4,N-8F/A,24
2004,4,N-CSR,1037
2004,4,N-CSR/A,85
2004,4,N-CSRS,367
2004,4,N-CSRS/A,14
2004,4,N-PX,132
2004,4,N-PX/A,45
2004,4,N-Q,1847
2004,4,N-Q/A,42
2004,4,NO ACT,102
2004,4,NSAR-A,416
2004,4,NSAR-A/A,18
2004,4,NSAR-AT,2
2004,4,NSAR-AT/A,1
2004,4,NSAR-B,1084
2004,4,NSAR-B/A,114
2004,4,NSAR-BT,14
2004,4,NSAR-BT/A,3
2004,4,NSAR-U,3
2004,4,NT 10-K,202
2004,4,NT 10-K/A,9
2004,4,NT 10-Q,1171
2004,4,NT 10-Q/A,21
2004,4,NT 11-K,1
2004,4,NT 20-F,13
2004,4,NT-NCSR,5
2004,4,NT-NSAR,27
2004,4,NT-NSAR/A,1
2004,4,NTFNCSR,1
2004,4,NTN 10K,7
2004,4,NTN 10Q,35
2004,4,NTN 20F,1
2004,4,POS 8C,14
2004,4,POS AM,575
2004,4,POS AMC,9
2004,4,POS AMI,45
2004,4,POS EX,15
2004,4,POS462B,2
2004,4,POS462C,1
2004,4,PRE 14A,322
2004,4,PRE 14C,178
2004,4,PREC14A,19
2004,4,PREM14A,70
2004,4,PREM14C,9
2004,4,PREN14A,4
2004,4,PRER14A,110
2004,4,PRER14C,40
2004,4,PRRN14A,14
2004,4,PX14A6G,2
2004,4,QRTLYRPT,1
2004,4,REG-NR,3
2004,4,REGDEX,4035
2004,4,REGDEX/A,1096
2004,4,REVOKED,22
2004,4,RW,187
2004,4,RW WD,8
2004,4,S-1,146
2004,4,S-1/A,607
2004,4,S-11,10
2004,4,S-11/A,73
2004,4,S-1MEF,18
2004,4,S-2,24
2004,4,S-2/A,26
2004,4,S-3,701
2004,4,S-3/A,771
2004,4,S-3D,7
2004,4,S-3DPOS,3
2004,4,S-3MEF,18
2004,4,S-4,1291
2004,4,S-4 POS,2
2004,4,S-4/A,1623
2004,4,S-6,115
2004,4,S-6/A,16
2004,4,S-8,942
2004,4,S-8 POS,225
2004,4,S-B,8
2004,4,SB-1/A,7
2004,4,SB-2,232
2004,4,SB-2/A,468
2004,4,SB-2MEF,4
2004,4,SC 13D,1192
2004,4,SC 13D/A,2574
2004,4,SC 13E3,51
2004,4,SC 13E3/A,126
2004,4,SC 13G,1523
2004,4,SC 13G/A,1355
2004,4,SC 14D9,42
2004,4,SC 14D9/A,72
2004,4,SC 14F1,34
2004,4,SC 14F1/A,14
2004,4,SC TO-C,58
2004,4,SC TO-I,107
2004,4,SC TO-I/A,248
2004,4,SC TO-T,61
2004,4,SC TO-T/A,246
2004,4,SC13E4F,1
2004,4,SC13E4F/A,1
2004,4,SC14D9C,13
2004,4,SE,231
2004,4,SUPPL,1762
2004,4,T-3,11
2004,4,T-3/A,20
2004,4,TA-1,11
2004,4,TA-1/A,53
2004,4,TA-2,1
2004,4,TA-2/A,5
2004,4,TA-W,7
2004,4,TTW,1
2004,4,U-1,21
2004,4,U-1/A,44
2004,4,U-12-IA,1
2004,4,U-12-IB,28
2004,4,U-3A-2,1
2004,4,U-3A-2/A,2
2004,4,U-57,4
2004,4,U-57/A,15
2004,4,U-6B-2,54
2004,4,U-7D,3
2004,4,U-9C-3,24
2004,4,U5A,3
2004,4,U5S/A,2
2004,4,UPLOAD,511
2004,4,X-17A-5,371
2004,4,X-17A-5/A,51
2005,1,1,1
2005,1,1-A,5
2005,1,1-A/A,7
2005,1,1-E,13
2005,1,1-E/A,3
2005,1,10-12B,3
2005,1,10-12B/A,3
2005,1,10-12G,8
2005,1,10-12G/A,11
2005,1,10-K,6797
2005,1,10-K/A,461
2005,1,10-KT,6
2005,1,10-KT/A,1
2005,1,10-Q,1531
2005,1,10-Q/A,434
2005,1,10-QT,4
2005,1,10KSB,1388
2005,1,10KSB/A,216
2005,1,10QSB,1211
2005,1,10QSB/A,328
2005,1,10SB12B,1
2005,1,10SB12G,42
2005,1,10SB12G/A,53
2005,1,11-K,92
2005,1,11-K/A,1
2005,1,12G3-2B,16
2005,1,12G32BR,4
2005,1,13F-HR,2367
2005,1,13F-HR/A,297
2005,1,13F-NT,678
2005,1,13F-NT/A,24
2005,1,13FCONP,25
2005,1,144,278
2005,1,144/A,14
2005,1,15-12B,51
2005,1,15-12B/A,2
2005,1,15-12G,209
2005,1,15-12G/A,9
2005,1,15-15D,1508
2005,1,15-15D/A,25
2005,1,18-K,4
2005,1,18-K/A,27
2005,1,19B-4E,14
2005,1,2-A,3
2005,1,2-A/A,2
2005,1,2-AF,2
2005,1,2-E,5
2005,1,20-F,151
2005,1,20-F/A,50
2005,1,20FR12B,1
2005,1,20FR12B/A,3
2005,1,20FR12G,7
2005,1,20FR12G/A,7
2005,1,24F-2NT,3084
2005,1,24F-2NT/A,16
2005,1,25,114
2005,1,3,12921
2005,1,3/A,1142
2005,1,305B2,24
2005,1,35-CERT,91
2005,1,39-304D,1
2005,1,4,134562
2005,1,4/A,6104
2005,1,40-17F1,3
2005,1,40-17F2,354
2005,1,40-17G,681
2005,1,40-17G/A,1
2005,1,40-202A,2
2005,1,40-202A/A,1
2005,1,40-205E,1
2005,1,40-24B2,2
2005,1,40-33,76
2005,1,40-6B/A,1
2005,1,40-6C,58
2005,1,40-6C/A,10
2005,1,40-8B25,1
2005,1,40-8F-2,1
2005,1,40-APP,92
2005,1,40-APP/A,107
2005,1,40-F,107
2005,1,40-F/A,12
2005,1,40-RPT,1
2005,1,40FR12B,2
2005,1,40FR12B/A,3
2005,1,424A,8
2005,1,424B1,41
2005,1,424B2,399
2005,1,424B3,3209
2005,1,424B4,110
2005,1,424B5,1543
2005,1,425,1785
2005,1,485APOS,1034
2005,1,485BPOS,992
2005,1,485BXT,104
2005,1,486APOS,7
2005,1,486BPOS,4
2005,1,487,120
2005,1,497,4403
2005,1,497AD,71
2005,1,497J,857
2005,1,497K3A,1
2005,1,497K3B,72
2005,1,5,12535
2005,1,5/A,483
2005,1,6-K,6107
2005,1,6-K/A,88
2005,1,8-A12B,140
2005,1,8-A12B/A,38
2005,1,8-A12G,101
2005,1,8-A12G/A,27
2005,1,8-K,28127
2005,1,8-K/A,1460
2005,1,8-K12G3,7
2005,1,ADV-E,102
2005,1,ADV-H-T,2
2005,1,ADV-NR,4
2005,1,ANNLRPT,2
2005,1,APP WD,3
2005,1,ARS,661
2005,1,AW,49
2005,1,AW WD,1
2005,1,CB,169
2005,1,CB/A,22
2005,1,CERTAMX,57
2005,1,CERTNYS,71
2005,1,CERTPAC,4
2005,1,CORRESP,969
2005,1,DEF 14A,2012
2005,1,DEF 14C,165
2005,1,DEFA14A,551
2005,1,DEFA14C,2
2005,1,DEFC14A,10
2005,1,DEFM14A,71
2005,1,DEFM14C,3
2005,1,DEFN14A,4
2005,1,DEFR14A,75
2005,1,DEFR14C,5
2005,1,DEL AM,17
2005,1,DFAN14A,80
2005,1,DSTRBRPT,2
2005,1,DSTRBRPT/A,2
2005,1,F-1,13
2005,1,F-1/A,33
2005,1,F-10,10
2005,1,F-10/A,68
2005,1,F-10POS,2
2005,1,F-2,1
2005,1,F-3,16
2005,1,F-3/A,31
2005,1,F-4,92
2005,1,F-4/A,134
2005,1,F-6,24
2005,1,F-6 POS,5
2005,1,F-6/A,1
2005,1,F-6EF,13
2005,1,F-8,3
2005,1,F-N,3
2005,1,F-X,57
2005,1,F-X/A,10
2005,1,FOCUSN,1395
2005,1,FOCUSN/A,12
2005,1,G-405,5
2005,1,G-405N,5
2005,1,G-FIN/A,3
2005,1,MSD/A,4
2005,1,N-1/A,5
2005,1,N-14,34
2005,1,N-14 8C,4
2005,1,N-14/A,25
2005,1,N-14AE,21
2005,1,N-14AE/A,5
2005,1,N-18F1,31
2005,1,N-1A,15
2005,1,N-1A/A,18
2005,1,N-2,49
2005,1,N-2/A,97
2005,1,N-23C-1,2
2005,1,N-23C-2,2
2005,1,N-23C3A,19
2005,1,N-23C3B,9
2005,1,N-23C3C/A,1
2005,1,N-27D-1,4
2005,1,N-2MEF,6
2005,1,N-30B-2,75
2005,1,N-30D,213
2005,1,N-30D/A,3
2005,1,N-4,12
2005,1,N-4/A,29
2005,1,N-54A,12
2005,1,N-54C,3
2005,1,N-6,3
2005,1,N-6/A,8
2005,1,N-6F/A,1
2005,1,N-8A,41
2005,1,N-8A/A,10
2005,1,N-8F,69
2005,1,N-8F/A,43
2005,1,N-CSR,1729
2005,1,N-CSR/A,100
2005,1,N-CSRS,416
2005,1,N-CSRS/A,15
2005,1,N-PX,14
2005,1,N-PX/A,145
2005,1,N-Q,1453
2005,1,N-Q/A,16
2005,1,NO ACT,424
2005,1,NSAR-A,476
2005,1,NSAR-A/A,19
2005,1,NSAR-AT,3
2005,1,NSAR-B,1177
2005,1,NSAR-B/A,118
2005,1,NSAR-BT,4
2005,1,NSAR-BT/A,2
2005,1,NSAR-U,830
2005,1,NSAR-U/A,15
2005,1,NT 10-K,1348
2005,1,NT 10-K/A,15
2005,1,NT 10-Q,437
2005,1,NT 10-Q/A,1
2005,1,NT 11-K,3
2005,1,NT 20-F,5
2005,1,NT-NCSR,10
2005,1,NT-NCSR/A,2
2005,1,NT-NSAR,52
2005,1,NT-NSAR/A,3
2005,1,NTN 10K,15
2005,1,NTN 10Q,15
2005,1,POS 8C,5
2005,1,POS AM,525
2005,1,POS AMC,8
2005,1,POS AMI,72
2005,1,POS EX,8
2005,1,POS462B,4
2005,1,POS462C,1
2005,1,PRE 14A,537
2005,1,PRE 14C,138
2005,1,PREC14A,21
2005,1,PREC14C,1
2005,1,PREM14A,44
2005,1,PREM14C,7
2005,1,PREN14A,12
2005,1,PRER14A,123
2005,1,PRER14C,40
2005,1,PRRN14A,30
2005,1,PX14A6G,14
2005,1,QRTLYRPT,1
2005,1,REGDEX,4627
2005,1,REGDEX/A,1355
2005,1,REVOKED,22
2005,1,RW,149
2005,1,RW WD,6
2005,1,S-1,137
2005,1,S-1/A,354
2005,1,S-11,11
2005,1,S-11/A,45
2005,1,S-11MEF,2
2005,1,S-1MEF,11
2005,1,S-2,20
2005,1,S-2/A,33
2005,1,S-3,428
2005,1,S-3/A,516
2005,1,S-3D,10
2005,1,S-3DPOS,1
2005,1,S-3MEF,13
2005,1,S-4,568
2005,1,S-4/A,1332
2005,1,S-4EF,1
2005,1,S-4EF/A,1
2005,1,S-4MEF,2
2005,1,S-6,125
2005,1,S-6/A,25
2005,1,S-8,719
2005,1,S-8 POS,238
2005,1,S-B,5
2005,1,S-B/A,3
2005,1,SB-1/A,4
2005,1,SB-2,197
2005,1,SB-2/A,443
2005,1,SB-2MEF,6
2005,1,SC 13D,1269
2005,1,SC 13D/A,2661
2005,1,SC 13E1/A,2
2005,1,SC 13E3,33
2005,1,SC 13E3/A,176
2005,1,SC 13G,12242
2005,1,SC 13G/A,20420
2005,1,SC 14D9,36
2005,1,SC 14D9/A,74
2005,1,SC 14F1,35
2005,1,SC 14F1/A,4
2005,1,SC TO-C,74
2005,1,SC TO-I,73
2005,1,SC TO-I/A,142
2005,1,SC TO-T,64
2005,1,SC TO-T/A,347
2005,1,SC13E4F,2
2005,1,SC13E4F/A,3
2005,1,SC14D9C,16
2005,1,SE,179
2005,1,SUPPL,1762
2005,1,T-3,4
2005,1,T-3/A,16
2005,1,TA-1,15
2005,1,TA-1/A,80
2005,1,TA-2,475
2005,1,TA-2/A,7
2005,1,TA-W,15
2005,1,TH,1
2005,1,U-1,18
2005,1,U-1/A,18
2005,1,U-12-IB,214
2005,1,U-33-S,1
2005,1,U-3A-2,74
2005,1,U-3A-2/A,11
2005,1,U-3A3-1,1
2005,1,U-57,2
2005,1,U-57/A,8
2005,1,U-6B-2,35
2005,1,U-7D/A,1
2005,1,U-9C-3,24
2005,1,U5B,2
2005,1,U5S,2
2005,1,U5S/A,3
2005,1,UNDER,2
2005,1,UPLOAD,1276
2005,1,X-17A-5,4106
2005,1,X-17A-5/A,101
2005,2,1-A,6
2005,2,1-A/A,11
2005,2,1-E,14
2005,2,1-E/A,3
2005,2,10-12B,5
2005,2,10-12B/A,5
2005,2,10-12G,32
2005,2,10-12G/A,21
2005,2,10-D,1
2005,2,10-K,929
2005,2,10-K/A,1079
2005,2,10-KT,1
2005,2,10-KT/A,1
2005,2,10-Q,6363
2005,2,10-Q/A,507
2005,2,10KSB,1173
2005,2,10KSB/A,471
2005,2,10QSB,3022
2005,2,10QSB/A,423
2005,2,10SB12B,3
2005,2,10SB12G,36
2005,2,10SB12G/A,60
2005,2,11-K,1893
2005,2,11-K/A,20
2005,2,11-KT,2
2005,2,12G3-2B,31
2005,2,12G32BR,8
2005,2,13F-HR,2410
2005,2,13F-HR/A,352
2005,2,13F-NT,695
2005,2,13F-NT/A,36
2005,2,13FCONP,23
2005,2,144,182
2005,2,144/A,12
2005,2,15-12B,48
2005,2,15-12G,179
2005,2,15-12G/A,4
2005,2,15-15D,324
2005,2,15-15D/A,3
2005,2,18-K,14
2005,2,18-K/A,25
2005,2,19B-4E,11
2005,2,2-A,1
2005,2,2-A/A,1
2005,2,2-E,13
2005,2,20-F,605
2005,2,20-F/A,95
2005,2,20FR12B,2
2005,2,20FR12G,13
2005,2,20FR12G/A,15
2005,2,24F-2NT,750
2005,2,24F-2NT/A,9
2005,2,25,107
2005,2,3,12075
2005,2,3/A,752
2005,2,305B2,34
2005,2,35-CERT,93
2005,2,35-CERT/A,2
2005,2,4,124010
2005,2,4/A,4659
2005,2,40-17F1,3
2005,2,40-17F2,118
2005,2,40-17F2/A,2
2005,2,40-17G,725
2005,2,40-17G/A,10
2005,2,40-202A,2
2005,2,40-206A,1
2005,2,40-24B2,4
2005,2,40-33,47
2005,2,40-6C,26
2005,2,40-6C/A,114
2005,2,40-APP,55
2005,2,40-APP/A,88
2005,2,40-F,38
2005,2,40-F/A,14
2005,2,40FR12B,2
2005,2,40FR12B/A,1
2005,2,40FR12G,1
2005,2,424A,3
2005,2,424B1,59
2005,2,424B2,412
2005,2,424B3,3909
2005,2,424B4,115
2005,2,424B5,1787
2005,2,425,1802
2005,2,485APOS,424
2005,2,485BPOS,2450
2005,2,485BXT,117
2005,2,486APOS,2
2005,2,486BPOS,5
2005,2,487,120
2005,2,497,5138
2005,2,497AD,67
2005,2,497J,1682
2005,2,497K2,1
2005,2,497K3A,1
2005,2,497K3B,73
2005,2,5,1395
2005,2,5/A,173
2005,2,6-K,6828
2005,2,6-K/A,83
2005,2,8-A12B,163
2005,2,8-A12B/A,49
2005,2,8-A12G,129
2005,2,8-A12G/A,27
2005,2,8-K,29065
2005,2,8-K/A,1275
2005,2,8-K12G3,8
2005,2,8-K12G3/A,2
2005,2,8-K15D5,1
2005,2,8-M,2
2005,2,9-M,1
2005,2,ADV-E,48
2005,2,ADV-H-T,6
2005,2,ADV-NR,3
2005,2,ANNLRPT,1
2005,2,APP WD,7
2005,2,ARS,1591
2005,2,AW,73
2005,2,AW WD,2
2005,2,CB,167
2005,2,CB/A,22
2005,2,CERTAMX,77
2005,2,CERTCSE,1
2005,2,CERTNYS,70
2005,2,CERTPAC,3
2005,2,CORRESP,2287
2005,2,DEF 14A,3509
2005,2,DEF 14C,163
2005,2,DEFA14A,774
2005,2,DEFA14C,2
2005,2,DEFC14A,23
2005,2,DEFM14A,50
2005,2,DEFM14C,2
2005,2,DEFN14A,7
2005,2,DEFR14A,121
2005,2,DEFR14C,7
2005,2,DEL AM,7
2005,2,DFAN14A,176
2005,2,DFRN14A,10
2005,2,DSTRBRPT,2
2005,2,F-1,11
2005,2,F-1/A,45
2005,2,F-10,11
2005,2,F-10/A,6
2005,2,F-10POS,2
2005,2,F-1MEF,2
2005,2,F-3,19
2005,2,F-3/A,35
2005,2,F-3DPOS,3
2005,2,F-4,171
2005,2,F-4/A,212
2005,2,F-6,26
2005,2,F-6 POS,12
2005,2,F-6/A,2
2005,2,F-6EF,12
2005,2,F-80,2
2005,2,F-9,2
2005,2,F-9 POS,1
2005,2,F-9/A,1
2005,2,F-N,3
2005,2,F-X,55
2005,2,FOCUSN,111
2005,2,FOCUSN/A,19
2005,2,G-FIN/A,5
2005,2,MSD/A,7
2005,2,MSDW,1
2005,2,N-1/A,3
2005,2,N-14,22
2005,2,N-14 8C,8
2005,2,N-14 8C/A,8
2005,2,N-14/A,46
2005,2,N-14AE,27
2005,2,N-14AE/A,4
2005,2,N-18F1,8
2005,2,N-1A,18
2005,2,N-1A/A,34
2005,2,N-2,46
2005,2,N-2/A,75
2005,2,N-23C3A,18
2005,2,N-23C3B,4
2005,2,N-23C3C/A,1
2005,2,N-2MEF,7
2005,2,N-3,2
2005,2,N-30B-2,77
2005,2,N-30D,9
2005,2,N-4,27
2005,2,N-4/A,15
2005,2,N-54A,5
2005,2,N-54C,4
2005,2,N-6,11
2005,2,N-6/A,9
2005,2,N-6F,1
2005,2,N-8A,43
2005,2,N-8A/A,4
2005,2,N-8F,149
2005,2,N-8F/A,100
2005,2,N-CSR,564
2005,2,N-CSR/A,81
2005,2,N-CSRS,739
2005,2,N-CSRS/A,9
2005,2,N-PX,7
2005,2,N-PX/A,20
2005,2,N-Q,2014
2005,2,N-Q/A,59
2005,2,NO ACT,66
2005,2,NSAR-A,1130
2005,2,NSAR-A/A,42
2005,2,NSAR-AT,3
2005,2,NSAR-B,447
2005,2,NSAR-B/A,40
2005,2,NSAR-BT,1
2005,2,NSAR-U,3
2005,2,NSAR-U/A,2
2005,2,NT 10-K,692
2005,2,NT 10-K/A,16
2005,2,NT 10-Q,1364
2005,2,NT 10-Q/A,12
2005,2,NT 11-K,107
2005,2,NT 11-K/A,1
2005,2,NT 20-F,54
2005,2,NT-NCSR,6
2005,2,NT-NSAR,25
2005,2,NT-NSAR/A,1
2005,2,NTFNCSR,3
2005,2,NTFNSAR,1
2005,2,NTN 10K,34
2005,2,NTN 10Q,40
2005,2,NTN 20F,1
2005,2,POS 8C,24
2005,2,POS AM,669
2005,2,POS AMC,11
2005,2,POS AMI,66
2005,2,POS EX,25
2005,2,POS462B,1
2005,2,POS462C,1
2005,2,PRE 14A,654
2005,2,PRE 14C,156
2005,2,PREC14A,49
2005,2,PREM14A,54
2005,2,PREM14C,4
2005,2,PREN14A,4
2005,2,PRER14A,146
2005,2,PRER14C,50
2005,2,PRRN14A,42
2005,2,PX14A6G,37
2005,2,PX14A6N,4
2005,2,QRTLYRPT,1
2005,2,REG-NR,4
2005,2,REGDEX,4652
2005,2,REGDEX/A,1325
2005,2,REVOKED,23
2005,2,RW,201
2005,2,RW WD,4
2005,2,S-1,192
2005,2,S-1/A,451
2005,2,S-11,27
2005,2,S-11/A,76
2005,2,S-11MEF,7
2005,2,S-1MEF,9
2005,2,S-2,30
2005,2,S-2/A,47
2005,2,S-2MEF,2
2005,2,S-3,1089
2005,2,S-3/A,426
2005,2,S-3D,5
2005,2,S-3DPOS,12
2005,2,S-3MEF,20
2005,2,S-4,2203
2005,2,S-4 POS,13
2005,2,S-4/A,1800
2005,2,S-4MEF,1
2005,2,S-6,122
2005,2,S-6/A,21
2005,2,S-8,1092
2005,2,S-8 POS,199
2005,2,S-B,3
2005,2,S-B/A,2
2005,2,S-BMEF,1
2005,2,SB-1,2
2005,2,SB-1/A,7
2005,2,SB-2,213
2005,2,SB-2/A,502
2005,2,SB-2MEF,2
2005,2,SC 13D,1313
2005,2,SC 13D/A,2402
2005,2,SC 13E3,43
2005,2,SC 13E3/A,108
2005,2,SC 13G,2009
2005,2,SC 13G/A,1649
2005,2,SC 14D9,30
2005,2,SC 14D9/A,51
2005,2,SC 14F1,51
2005,2,SC 14F1/A,18
2005,2,SC TO-C,80
2005,2,SC TO-I,101
2005,2,SC TO-I/A,154
2005,2,SC TO-T,48
2005,2,SC TO-T/A,294
2005,2,SC14D9C,6
2005,2,SE,229
2005,2,SP 15D2,1
2005,2,SUPPL,2014
2005,2,T-3,13
2005,2,T-3/A,9
2005,2,TA-1,14
2005,2,TA-1/A,79
2005,2,TA-2,123
2005,2,TA-2/A,14
2005,2,TA-W,12
2005,2,TH,3
2005,2,TTW,2
2005,2,U-1,20
2005,2,U-1/A,63
2005,2,U-12-IB,9
2005,2,U-12-IB/A,3
2005,2,U-13-60,37
2005,2,U-13-60/A,1
2005,2,U-13E-1,1
2005,2,U-33-S,1
2005,2,U-3A-2,5
2005,2,U-3A-2/A,4
2005,2,U-57,1
2005,2,U-6B-2,51
2005,2,U-9C-3,26
2005,2,U5A/A,1
2005,2,U5S,25
2005,2,U5S/A,3
2005,2,UNDER,1
2005,2,UPLOAD,2476
2005,2,X-17A-5,317
2005,2,X-17A-5/A,284
2005,3,1-A,14
2005,3,1-A/A,9
2005,3,1-E,9
2005,3,1-E/A,2
2005,3,1/A,2
2005,3,10-12B,2
2005,3,10-12B/A,3
2005,3,10-12G,7
2005,3,10-12G/A,49
2005,3,10-D,1
2005,3,10-K,680
2005,3,10-K/A,345
2005,3,10-KT/A,1
2005,3,10-Q,6311
2005,3,10-Q/A,446
2005,3,10-QT,2
2005,3,10KSB,476
2005,3,10KSB/A,369
2005,3,10QSB,2959
2005,3,10QSB/A,490
2005,3,10SB12B,1
2005,3,10SB12B/A,1
2005,3,10SB12G,43
2005,3,10SB12G/A,64
2005,3,11-K,193
2005,3,11-K/A,18
2005,3,12G3-2B,20
2005,3,12G32BR,8
2005,3,13F-HR,2398
2005,3,13F-HR/A,239
2005,3,13F-NT,700
2005,3,13F-NT/A,13
2005,3,13FCONP,19
2005,3,144,281
2005,3,144/A,12
2005,3,15-12B,61
2005,3,15-12B/A,1
2005,3,15-12G,193
2005,3,15-12G/A,2
2005,3,15-15D,207
2005,3,15-15D/A,1
2005,3,18-K,6
2005,3,18-K/A,19
2005,3,19B-4E,34
2005,3,2-A/A,1
2005,3,2-E,11
2005,3,2-E/A,1
2005,3,20-F,183
2005,3,20-F/A,101
2005,3,20FR12B,2
2005,3,20FR12G,9
2005,3,20FR12G/A,24
2005,3,24F-2NT,774
2005,3,24F-2NT/A,5
2005,3,25,101
2005,3,3,12056
2005,3,3/A,962
2005,3,305B2,25
2005,3,35-CERT,95
2005,3,35-CERT/A,2
2005,3,4,105342
2005,3,4/A,4237
2005,3,40-17F1,3
2005,3,40-17F2,543
2005,3,40-17G,467
2005,3,40-17G/A,21
2005,3,40-202A,2
2005,3,40-206A,1
2005,3,40-24B2,4
2005,3,40-33,43
2005,3,40-6B,4
2005,3,40-6B/A,8
2005,3,40-6C,293
2005,3,40-6C/A,105
2005,3,40-8F-2/A,1
2005,3,40-APP,31
2005,3,40-APP/A,86
2005,3,40-F,8
2005,3,40-F/A,18
2005,3,40FR12B,1
2005,3,40FR12B/A,1
2005,3,40FR12G,1
2005,3,40FR12G/A,1
2005,3,424A,7
2005,3,424B1,64
2005,3,424B2,427
2005,3,424B3,3549
2005,3,424B4,136
2005,3,424B5,1572
2005,3,425,1561
2005,3,485APOS,450
2005,3,485BPOS,1080
2005,3,485BXT,122
2005,3,487,132
2005,3,497,4829
2005,3,497AD,59
2005,3,497J,856
2005,3,497K1,3
2005,3,497K3A,1
2005,3,497K3B,71
2005,3,5,1480
2005,3,5/A,70
2005,3,6-K,6068
2005,3,6-K/A,74
2005,3,8-A12B,167
2005,3,8-A12B/A,28
2005,3,8-A12G,120
2005,3,8-A12G/A,29
2005,3,8-K,28525
2005,3,8-K/A,1285
2005,3,8-K12G3,6
2005,3,8-K12G3/A,2
2005,3,8-K15D5,1
2005,3,8-M,1
2005,3,ADN-MTL,1
2005,3,ADV-E,38
2005,3,ADV-H-T,1
2005,3,ADV-NR,11
2005,3,ANNLRPT,2
2005,3,APP WD,10
2005,3,ARS,406
2005,3,AW,37
2005,3,CB,52
2005,3,CB/A,4
2005,3,CERTAMX,65
2005,3,CERTNYS,73
2005,3,CERTPAC,7
2005,3,CORRESP,2920
2005,3,DEF 14A,1077
2005,3,DEF 14C,171
2005,3,DEFA14A,772
2005,3,DEFA14C,1
2005,3,DEFC14A,35
2005,3,DEFM14A,73
2005,3,DEFM14C,5
2005,3,DEFN14A,6
2005,3,DEFR14A,48
2005,3,DEFR14C,11
2005,3,DEL AM,12
2005,3,DFAN14A,168
2005,3,DFRN14A,6
2005,3,F-1,17
2005,3,F-1/A,38
2005,3,F-10,3
2005,3,F-10/A,7
2005,3,F-1MEF,3
2005,3,F-2,1
2005,3,F-2/A,1
2005,3,F-3,25
2005,3,F-3/A,76
2005,3,F-3DPOS,1
2005,3,F-3MEF,2
2005,3,F-4,126
2005,3,F-4/A,109
2005,3,F-6,15
2005,3,F-6 POS,11
2005,3,F-6/A,2
2005,3,F-6EF,11
2005,3,F-7,1
2005,3,F-9,2
2005,3,F-9/A,2
2005,3,F-N,2
2005,3,F-X,26
2005,3,F-X/A,6
2005,3,FOCUSN,83
2005,3,FOCUSN/A,4
2005,3,MSD/A,4
2005,3,MSDW,1
2005,3,N-1/A,2
2005,3,N-14,35
2005,3,N-14 8C,1
2005,3,N-14 8C/A,4
2005,3,N-14/A,29
2005,3,N-14AE,9
2005,3,N-14AE/A,3
2005,3,N-18F1,9
2005,3,N-18F1/A,1
2005,3,N-1A,14
2005,3,N-1A/A,25
2005,3,N-2,57
2005,3,N-2/A,82
2005,3,N-23C3A,22
2005,3,N-23C3B,6
2005,3,N-2MEF,2
2005,3,N-30B-2,77
2005,3,N-30D,171
2005,3,N-4,8
2005,3,N-4/A,15
2005,3,N-54A,3
2005,3,N-54C,5
2005,3,N-6,7
2005,3,N-6/A,9
2005,3,N-8A,40
2005,3,N-8A/A,4
2005,3,N-8F,53
2005,3,N-8F/A,45
2005,3,N-CSR,674
2005,3,N-CSR/A,110
2005,3,N-CSRS,1440
2005,3,N-CSRS/A,19
2005,3,N-PX,3567
2005,3,N-PX/A,119
2005,3,N-Q,1594
2005,3,N-Q/A,28
2005,3,NO ACT,49
2005,3,NSAR-A,1170
2005,3,NSAR-A/A,68
2005,3,NSAR-AT,1
2005,3,NSAR-B,541
2005,3,NSAR-B/A,75
2005,3,NSAR-U,2
2005,3,NT 10-K,295
2005,3,NT 10-K/A,3
2005,3,NT 10-Q,1170
2005,3,NT 10-Q/A,12
2005,3,NT 11-K,9
2005,3,NT 20-F,40
2005,3,NT-NCSR,9
2005,3,NT-NSAR,47
2005,3,NT-NSAR/A,2
2005,3,NTFNCSR,1
2005,3,NTN 10K,22
2005,3,NTN 10Q,30
2005,3,NTN 20F,1
2005,3,POS 8C,13
2005,3,POS AM,565
2005,3,POS AMC,15
2005,3,POS AMI,52
2005,3,POS EX,45
2005,3,POS462B,4
2005,3,POS462C,4
2005,3,PRE 14A,498
2005,3,PRE 14C,152
2005,3,PREC14A,46
2005,3,PREC14C,2
2005,3,PREM14A,78
2005,3,PREM14C,10
2005,3,PREN14A,9
2005,3,PRER14A,147
2005,3,PRER14C,52
2005,3,PRRN14A,54
2005,3,PX14A6N,2
2005,3,REG-NR,1
2005,3,REGDEX,4521
2005,3,REGDEX/A,1439
2005,3,REVOKED,18
2005,3,RW,192
2005,3,RW WD,5
2005,3,S-1,184
2005,3,S-1/A,594
2005,3,S-11,16
2005,3,S-11/A,57
2005,3,S-11MEF,1
2005,3,S-1MEF,19
2005,3,S-2,18
2005,3,S-2/A,30
2005,3,S-2MEF,1
2005,3,S-3,704
2005,3,S-3/A,997
2005,3,S-3D,6
2005,3,S-3DPOS,4
2005,3,S-3MEF,32
2005,3,S-4,703
2005,3,S-4 POS,4
2005,3,S-4/A,1802
2005,3,S-4MEF,1
2005,3,S-6,127
2005,3,S-6/A,15
2005,3,S-8,979
2005,3,S-8 POS,244
2005,3,S-B,4
2005,3,S-B/A,7
2005,3,SB-1,1
2005,3,SB-1/A,3
2005,3,SB-2,243
2005,3,SB-2/A,574
2005,3,SB-2MEF,1
2005,3,SC 13D,1231
2005,3,SC 13D/A,2374
2005,3,SC 13E3,44
2005,3,SC 13E3/A,157
2005,3,SC 13G,1776
2005,3,SC 13G/A,1437
2005,3,SC 14D9,34
2005,3,SC 14D9/A,45
2005,3,SC 14F1,36
2005,3,SC 14F1/A,11
2005,3,SC TO-C,68
2005,3,SC TO-I,83
2005,3,SC TO-I/A,184
2005,3,SC TO-T,41
2005,3,SC TO-T/A,244
2005,3,SC14D1F,2
2005,3,SC14D9C,20
2005,3,SC14D9F,1
2005,3,SE,231
2005,3,SP 15D2/A,1
2005,3,SUPPL,1942
2005,3,T-3,4
2005,3,T-3/A,9
2005,3,TA-1,6
2005,3,TA-1/A,67
2005,3,TA-2,11
2005,3,TA-2/A,4
2005,3,TA-W,5
2005,3,TH,2
2005,3,U-1,12
2005,3,U-1/A,44
2005,3,U-12-IA,5
2005,3,U-12-IB,2
2005,3,U-12-IB/A,1
2005,3,U-13-60,1
2005,3,U-33-S,1
2005,3,U-3A-2,2
2005,3,U-57,4
2005,3,U-57/A,1
2005,3,U-6B-2,35
2005,3,U-7D,2
2005,3,U-9C-3,27
2005,3,U5A,2
2005,3,U5B,1
2005,3,U5S,2
2005,3,U5S/A,2
2005,3,UPLOAD,2799
2005,3,X-17A-5,348
2005,3,X-17A-5/A,28
2005,4,1,1
2005,4,1-A,5
2005,4,1-A/A,18
2005,4,1-E,5
2005,4,1-E/A,7
2005,4,10-12B,5
2005,4,10-12B/A,4
2005,4,10-12G,11
2005,4,10-12G/A,23
2005,4,10-D,1
2005,4,10-K,611
2005,4,10-K/A,295
2005,4,10-KT,1
2005,4,10-Q,6465
2005,4,10-Q/A,559
2005,4,10KSB,421
2005,4,10KSB/A,324
2005,4,10QSB,3017
2005,4,10QSB/A,599
2005,4,10SB12B,7
2005,4,10SB12G,49
2005,4,10SB12G/A,73
2005,4,11-K,73
2005,4,11-K/A,6
2005,4,11-KT,1
2005,4,12G3-2B,25
2005,4,12G32BR,5
2005,4,13F-HR,2375
2005,4,13F-HR/A,311
2005,4,13F-NT,722
2005,4,13F-NT/A,27
2005,4,13FCONP,18
2005,4,144,189
2005,4,144/A,4
2005,4,15-12B,45
2005,4,15-12G,174
2005,4,15-12G/A,8
2005,4,15-15D,70
2005,4,18-K,13
2005,4,18-K/A,30
2005,4,19B-4E,50
2005,4,2-A/A,3
2005,4,2-AF,1
2005,4,2-E,7
2005,4,2-E/A,2
2005,4,20-F,89
2005,4,20-F/A,85
2005,4,20FR12G,6
2005,4,20FR12G/A,9
2005,4,24F-2NT,900
2005,4,24F-2NT/A,21
2005,4,25,103
2005,4,25/A,1
2005,4,3,10304
2005,4,3/A,668
2005,4,305B2,21
2005,4,34-12H,1
2005,4,35-CERT,77
2005,4,35-CERT/A,2
2005,4,4,110301
2005,4,4/A,3724
2005,4,40-17F1,2
2005,4,40-17F2,120
2005,4,40-17F2/A,1
2005,4,40-17G,1078
2005,4,40-17G/A,18
2005,4,40-202A,2
2005,4,40-202A/A,1
2005,4,40-205E/A,1
2005,4,40-24B2,6
2005,4,40-33,22
2005,4,40-6B,3
2005,4,40-6C,70
2005,4,40-6C/A,50
2005,4,40-APP,70
2005,4,40-APP/A,61
2005,4,40-F,19
2005,4,40-F/A,7
2005,4,40FR12B,2
2005,4,40FR12B/A,3
2005,4,424A,3
2005,4,424B1,75
2005,4,424B2,622
2005,4,424B3,3483
2005,4,424B4,136
2005,4,424B5,2020
2005,4,424B7,23
2005,4,425,1453
2005,4,485APOS,440
2005,4,485BPOS,1337
2005,4,485BXT,97
2005,4,486APOS,1
2005,4,486BPOS,3
2005,4,487,126
2005,4,497,4222
2005,4,497AD,53
2005,4,497J,1171
2005,4,497K1,2
2005,4,497K3A,1
2005,4,497K3B,71
2005,4,5,1183
2005,4,5/A,71
2005,4,6-K,6450
2005,4,6-K/A,71
2005,4,8-A12B,171
2005,4,8-A12B/A,36
2005,4,8-A12G,121
2005,4,8-A12G/A,40
2005,4,8-K,30566
2005,4,8-K/A,1376
2005,4,8-K12G3,5
2005,4,8-K15D5,1
2005,4,8-M,1
2005,4,9-M,1
2005,4,ADV-E,49
2005,4,ADV-NR,40
2005,4,ANNLRPT,1
2005,4,APP WD,3
2005,4,ARS,292
2005,4,AW,54
2005,4,AW WD,2
2005,4,CB,28
2005,4,CB/A,7
2005,4,CERTAMX,68
2005,4,CERTNYS,84
2005,4,CERTPAC,3
2005,4,CORRESP,2747
2005,4,DEF 14A,1046
2005,4,DEF 14C,151
2005,4,DEFA14A,861
2005,4,DEFA14C,1
2005,4,DEFC14A,13
2005,4,DEFM14A,59
2005,4,DEFM14C,2
2005,4,DEFN14A,12
2005,4,DEFR14A,35
2005,4,DEFR14C,7
2005,4,DEL AM,14
2005,4,DFAN14A,226
2005,4,DFRN14A,6
2005,4,DSTRBRPT,1
2005,4,F-1,25
2005,4,F-1/A,81
2005,4,F-10,13
2005,4,F-10/A,12
2005,4,F-1MEF,2
2005,4,F-2/A,3
2005,4,F-3,19
2005,4,F-3/A,23
2005,4,F-3ASR,5
2005,4,F-3MEF,2
2005,4,F-4,90
2005,4,F-4/A,86
2005,4,F-4MEF,1
2005,4,F-6,24
2005,4,F-6 POS,6
2005,4,F-6/A,4
2005,4,F-6EF,17
2005,4,F-8,1
2005,4,F-8/A,4
2005,4,F-80,1
2005,4,F-80/A,1
2005,4,F-9,2
2005,4,F-9/A,2
2005,4,F-N,3
2005,4,F-X,45
2005,4,F-X/A,1
2005,4,FOCUSN,117
2005,4,FOCUSN/A,1
2005,4,FWP,477
2005,4,MSD/A,4
2005,4,MSDW,1
2005,4,N-1/A,2
2005,4,N-14,22
2005,4,N-14 8C/A,1
2005,4,N-14/A,11
2005,4,N-14AE,27
2005,4,N-14AE/A,4
2005,4,N-18F1,10
2005,4,N-1A,13
2005,4,N-1A/A,17
2005,4,N-2,25
2005,4,N-2/A,72
2005,4,N-23C-2,2
2005,4,N-23C3A,22
2005,4,N-23C3B,6
2005,4,N-23C3C/A,1
2005,4,N-2MEF,4
2005,4,N-30B-2,49
2005,4,N-30D,3
2005,4,N-4,9
2005,4,N-4/A,8
2005,4,N-5,1
2005,4,N-54A,1
2005,4,N-54A/A,1
2005,4,N-54C,6
2005,4,N-6,1
2005,4,N-6/A,8
2005,4,N-6F,1
2005,4,N-8A,21
2005,4,N-8A/A,4
2005,4,N-8F,38
2005,4,N-8F/A,17
2005,4,N-CSR,867
2005,4,N-CSR/A,51
2005,4,N-CSRS,409
2005,4,N-CSRS/A,19
2005,4,N-PX,19
2005,4,N-PX/A,92
2005,4,N-Q,1725
2005,4,N-Q/A,32
2005,4,NO ACT,61
2005,4,NSAR-A,436
2005,4,NSAR-A/A,47
2005,4,NSAR-B,1019
2005,4,NSAR-B/A,82
2005,4,NSAR-BT,4
2005,4,NSAR-BT/A,1
2005,4,NT 10-K,205
2005,4,NT 10-K/A,3
2005,4,NT 10-Q,1406
2005,4,NT 10-Q/A,16
2005,4,NT 11-K,2
2005,4,NT 20-F,11
2005,4,NT 20-F/A,1
2005,4,NT-NCSR,5
2005,4,NT-NCSR/A,1
2005,4,NT-NSAR,35
2005,4,NTFNSAR,1
2005,4,NTN 10K,10
2005,4,NTN 10Q,35
2005,4,NTN 20F,2
2005,4,POS 8C,6
2005,4,POS AM,495
2005,4,POS AMC,19
2005,4,POS AMI,42
2005,4,POS EX,16
2005,4,POS462B,5
2005,4,POS462C,1
2005,4,POSASR,2
2005,4,PRE 14A,314
2005,4,PRE 14C,152
2005,4,PREC14A,17
2005,4,PREM14A,60
2005,4,PREM14C,11
2005,4,PREN14A,8
2005,4,PRER14A,143
2005,4,PRER14C,46
2005,4,PRRN14A,35
2005,4,PX14A6G,4
2005,4,QRTLYRPT,1
2005,4,REG-NR,2
2005,4,REGDEX,4470
2005,4,REGDEX/A,1298
2005,4,REVOKED,61
2005,4,RW,159
2005,4,RW WD,14
2005,4,S-1,136
2005,4,S-1/A,493
2005,4,S-11,15
2005,4,S-11/A,55
2005,4,S-11MEF,1
2005,4,S-1MEF,7
2005,4,S-2,7
2005,4,S-2/A,20
2005,4,S-2MEF,2
2005,4,S-3,576
2005,4,S-3/A,563
2005,4,S-3ASR,522
2005,4,S-3D,16
2005,4,S-3DPOS,5
2005,4,S-3MEF,18
2005,4,S-4,1042
2005,4,S-4/A,1194
2005,4,S-6,151
2005,4,S-6/A,14
2005,4,S-8,709
2005,4,S-8 POS,264
2005,4,S-B,4
2005,4,S-B/A,2
2005,4,SB-1,1
2005,4,SB-1/A,4
2005,4,SB-2,230
2005,4,SB-2/A,508
2005,4,SB-2MEF,3
2005,4,SC 13D,1305
2005,4,SC 13D/A,2400
2005,4,SC 13E3,41
2005,4,SC 13E3/A,193
2005,4,SC 13G,1978
2005,4,SC 13G/A,1351
2005,4,SC 14D9,49
2005,4,SC 14D9/A,69
2005,4,SC 14F1,49
2005,4,SC 14F1/A,4
2005,4,SC TO-C,115
2005,4,SC TO-I,105
2005,4,SC TO-I/A,164
2005,4,SC TO-T,64
2005,4,SC TO-T/A,262
2005,4,SC13E4F,1
2005,4,SC13E4F/A,1
2005,4,SC14D1F,2
2005,4,SC14D1F/A,6
2005,4,SC14D9C,27
2005,4,SC14D9F,1
2005,4,SC14D9F/A,3
2005,4,SE,109
2005,4,SUPPL,1830
2005,4,T-3,6
2005,4,T-3/A,8
2005,4,TA-1,3
2005,4,TA-1/A,63
2005,4,TA-2,8
2005,4,TA-2/A,8
2005,4,TA-W,10
2005,4,TH,1
2005,4,U-1,2
2005,4,U-1/A,16
2005,4,U-12-IB,1
2005,4,U-57,2
2005,4,U-57/A,1
2005,4,U-6B-2,36
2005,4,U-9C-3,26
2005,4,U-9C-3/A,3
2005,4,U5S/A,1
2005,4,UNDER,2
2005,4,UPLOAD,2293
2005,4,WDL-REQ,1
2005,4,X-17A-5,312
2005,4,X-17A-5/A,21
2006,1,1,1
2006,1,1-A,6
2006,1,1-A/A,17
2006,1,1-E,2
2006,1,1-E/A,5
2006,1,1/A,1
2006,1,10-12B,4
2006,1,10-12B/A,2
2006,1,10-12G,13
2006,1,10-12G/A,23
2006,1,10-D,133
2006,1,10-D/A,18
2006,1,10-K,6729
2006,1,10-K/A,425
2006,1,10-KT,10
2006,1,10-Q,1494
2006,1,10-Q/A,412
2006,1,10-QT,4
2006,1,10KSB,1373
2006,1,10KSB/A,310
2006,1,10QSB,1330
2006,1,10QSB/A,528
2006,1,10SB12B,2
2006,1,10SB12B/A,3
2006,1,10SB12G,42
2006,1,10SB12G/A,65
2006,1,11-K,92
2006,1,11-K/A,3
2006,1,12G3-2B,19
2006,1,12G32BR,8
2006,1,13F-HR,2602
2006,1,13F-HR/A,300
2006,1,13F-NT,755
2006,1,13F-NT/A,36
2006,1,13FCONP,18
2006,1,144,281
2006,1,144/A,10
2006,1,15-12B,95
2006,1,15-12B/A,4
2006,1,15-12G,177
2006,1,15-12G/A,10
2006,1,15-15D,1732
2006,1,15-15D/A,7
2006,1,18-K,4
2006,1,18-K/A,32
2006,1,19B-4E,58
2006,1,2-A,1
2006,1,2-A/A,1
2006,1,2-E,5
2006,1,2-E/A,2
2006,1,20-F,167
2006,1,20-F/A,51
2006,1,20FR12G,3
2006,1,20FR12G/A,7
2006,1,24F-2NT,3058
2006,1,24F-2NT/A,32
2006,1,25,129
2006,1,25/A,6
2006,1,3,11851
2006,1,3/A,1165
2006,1,305B2,14
2006,1,34-12H,1
2006,1,35-CERT,18
2006,1,35-CERT/A,4
2006,1,4,140359
2006,1,4/A,6448
2006,1,40-17F1,7
2006,1,40-17F2,149
2006,1,40-17G,418
2006,1,40-17G/A,45
2006,1,40-202A,5
2006,1,40-202A/A,1
2006,1,40-33,16
2006,1,40-6B,4
2006,1,40-6B/A,1
2006,1,40-6C,91
2006,1,40-6C/A,133
2006,1,40-8B25,2
2006,1,40-APP,32
2006,1,40-APP/A,123
2006,1,40-F,119
2006,1,40-F/A,8
2006,1,40FR12B,2
2006,1,40FR12G,2
2006,1,424A,7
2006,1,424B1,50
2006,1,424B2,1190
2006,1,424B3,4068
2006,1,424B4,113
2006,1,424B5,1412
2006,1,424B7,70
2006,1,424B8,3
2006,1,425,1172
2006,1,485APOS,443
2006,1,485BPOS,1152
2006,1,485BXT,66
2006,1,486BPOS,4
2006,1,487,154
2006,1,497,4610
2006,1,497AD,56
2006,1,497J,976
2006,1,497K1,3
2006,1,497K3A,2
2006,1,497K3B,73
2006,1,5,11134
2006,1,5/A,423
2006,1,6-K,6595
2006,1,6-K/A,92
2006,1,8-A12B,215
2006,1,8-A12B/A,25
2006,1,8-A12G,146
2006,1,8-A12G/A,23
2006,1,8-K,28741
2006,1,8-K/A,1527
2006,1,8-K12B,4
2006,1,8-K12G3,3
2006,1,8-K15D5,3
2006,1,ADV-E,81
2006,1,ADV-H-T,1
2006,1,ADV-NR,57
2006,1,ANNLRPT,1
2006,1,APP WD,18
2006,1,ARS,692
2006,1,AW,38
2006,1,AW WD,2
2006,1,CB,35
2006,1,CB/A,4
2006,1,CERTAMX,53
2006,1,CERTCSE,1
2006,1,CERTNYS,70
2006,1,CERTPAC,2
2006,1,CORRESP,2932
2006,1,DEF 14A,2067
2006,1,DEF 14C,172
2006,1,DEFA14A,872
2006,1,DEFA14C,3
2006,1,DEFC14A,12
2006,1,DEFM14A,54
2006,1,DEFM14C,8
2006,1,DEFN14A,4
2006,1,DEFR14A,49
2006,1,DEFR14C,13
2006,1,DEL AM,5
2006,1,DFAN14A,248
2006,1,DFRN14A,4
2006,1,F-1,15
2006,1,F-1/A,43
2006,1,F-10,4
2006,1,F-10/A,7
2006,1,F-1MEF,3
2006,1,F-3,7
2006,1,F-3/A,23
2006,1,F-3ASR,19
2006,1,F-4,4
2006,1,F-4 POS,1
2006,1,F-4/A,12
2006,1,F-6,21
2006,1,F-6 POS,18
2006,1,F-6/A,1
2006,1,F-6EF,23
2006,1,F-7,1
2006,1,F-7/A,1
2006,1,F-8,1
2006,1,F-8/A,2
2006,1,F-80,1
2006,1,F-80/A,2
2006,1,F-X,36
2006,1,FOCUSN,1331
2006,1,FOCUSN/A,15
2006,1,FWP,2309
2006,1,G-405,4
2006,1,G-405N,5
2006,1,G-FIN/A,8
2006,1,MSD/A,5
2006,1,N-14,18
2006,1,N-14/A,51
2006,1,N-14AE,44
2006,1,N-14AE/A,6
2006,1,N-18F1,6
2006,1,N-1A,29
2006,1,N-1A/A,7
2006,1,N-2,35
2006,1,N-2/A,32
2006,1,N-23C-2,1
2006,1,N-23C3A,18
2006,1,N-23C3B,7
2006,1,N-23C3C/A,2
2006,1,N-27D-1,4
2006,1,N-2MEF,8
2006,1,N-30B-2,116
2006,1,N-30D,267
2006,1,N-30D/A,2
2006,1,N-4,13
2006,1,N-4/A,6
2006,1,N-5/A,2
2006,1,N-54A,5
2006,1,N-54C,5
2006,1,N-6,11
2006,1,N-6/A,10
2006,1,N-6F,1
2006,1,N-6F/A,1
2006,1,N-8A,42
2006,1,N-8A/A,5
2006,1,N-8B-2/A,2
2006,1,N-8F,84
2006,1,N-8F/A,49
2006,1,N-CSR,1689
2006,1,N-CSR/A,100
2006,1,N-CSRS,450
2006,1,N-CSRS/A,15
2006,1,N-PX,9
2006,1,N-PX/A,14
2006,1,N-Q,1453
2006,1,N-Q/A,27
2006,1,NO ACT,335
2006,1,NSAR-A,478
2006,1,NSAR-A/A,18
2006,1,NSAR-AT,4
2006,1,NSAR-B,1174
2006,1,NSAR-B/A,96
2006,1,NSAR-BT,2
2006,1,NSAR-U,825
2006,1,NSAR-U/A,8
2006,1,NT 10-K,1092
2006,1,NT 10-K/A,10
2006,1,NT 10-Q,426
2006,1,NT 10-Q/A,4
2006,1,NT 11-K,8
2006,1,NT 20-F,9
2006,1,NT-NCSR,11
2006,1,NT-NSAR,32
2006,1,NTFNCSR,2
2006,1,NTN 10K,18
2006,1,NTN 10Q,18
2006,1,POS 8C,8
2006,1,POS AM,711
2006,1,POS AMC,1
2006,1,POS AMI,67
2006,1,POS EX,45
2006,1,POS462B,1
2006,1,POSASR,35
2006,1,PRE 14A,639
2006,1,PRE 14C,136
2006,1,PREC14A,38
2006,1,PREC14C,1
2006,1,PREM14A,60
2006,1,PREM14C,6
2006,1,PREN14A,19
2006,1,PRER14A,123
2006,1,PRER14C,71
2006,1,PRRN14A,44
2006,1,PX14A6G,10
2006,1,QRTLYRPT,2
2006,1,REG-NR,1
2006,1,REGDEX,5219
2006,1,REGDEX/A,1564
2006,1,REVOKED,44
2006,1,RW,199
2006,1,RW WD,10
2006,1,S-1,157
2006,1,S-1/A,391
2006,1,S-11,11
2006,1,S-11/A,37
2006,1,S-1MEF,19
2006,1,S-20/A,1
2006,1,S-3,344
2006,1,S-3/A,457
2006,1,S-3ASR,483
2006,1,S-3D,4
2006,1,S-3DPOS,6
2006,1,S-3MEF,10
2006,1,S-4,918
2006,1,S-4/A,1015
2006,1,S-4MEF,1
2006,1,S-6,160
2006,1,S-6/A,15
2006,1,S-8,661
2006,1,S-8 POS,293
2006,1,S-B,2
2006,1,S-BMEF,1
2006,1,SB-1,2
2006,1,SB-1/A,3
2006,1,SB-2,249
2006,1,SB-2/A,524
2006,1,SB-2MEF,1
2006,1,SC 13D,1551
2006,1,SC 13D/A,2747
2006,1,SC 13E3,27
2006,1,SC 13E3/A,176
2006,1,SC 13G,14212
2006,1,SC 13G/A,22625
2006,1,SC 14D9,33
2006,1,SC 14D9/A,75
2006,1,SC 14F1,27
2006,1,SC 14F1/A,3
2006,1,SC TO-C,133
2006,1,SC TO-I,98
2006,1,SC TO-I/A,179
2006,1,SC TO-T,38
2006,1,SC TO-T/A,274
2006,1,SC14D1F,2
2006,1,SC14D1F/A,8
2006,1,SC14D9C,40
2006,1,SC14D9F,1
2006,1,SC14D9F/A,1
2006,1,SE,13
2006,1,SP 15D2,1
2006,1,SUPPL,1920
2006,1,T-3,4
2006,1,T-3/A,5
2006,1,TA-1,8
2006,1,TA-1/A,93
2006,1,TA-2,467
2006,1,TA-2/A,5
2006,1,TA-W,8
2006,1,TACO,1
2006,1,TH,1
2006,1,U-1/A,3
2006,1,U-12-IB,110
2006,1,U-57,9
2006,1,U-6B-2,8
2006,1,U-7D,1
2006,1,U5A,1
2006,1,UNDER,1
2006,1,UPLOAD,2946
2006,1,WDL-REQ,2
2006,1,X-17A-5,3933
2006,1,X-17A-5/A,103
2006,2,1,1
2006,2,1-A,5
2006,2,1-A/A,14
2006,2,1-E,4
2006,2,1-E/A,4
2006,2,10-12B,6
2006,2,10-12B/A,13
2006,2,10-12G,31
2006,2,10-12G/A,42
2006,2,10-D,1169
2006,2,10-D/A,84
2006,2,10-K,916
2006,2,10-K/A,618
2006,2,10-KT,3
2006,2,10-KT/A,2
2006,2,10-Q,6260
2006,2,10-Q/A,406
2006,2,10-QT,2
2006,2,10KSB,1139
2006,2,10KSB/A,485
2006,2,10QSB,2911
2006,2,10QSB/A,468
2006,2,10SB12B,2
2006,2,10SB12G,60
2006,2,10SB12G/A,62
2006,2,11-K,1842
2006,2,11-K/A,18
2006,2,11-KT,3
2006,2,12G3-2B,35
2006,2,12G32BR,4
2006,2,13F-HR,2619
2006,2,13F-HR/A,391
2006,2,13F-NT,810
2006,2,13F-NT/A,27
2006,2,13FCONP,9
2006,2,144,254
2006,2,144/A,6
2006,2,15-12B,60
2006,2,15-12G,163
2006,2,15-12G/A,9
2006,2,15-15D,349
2006,2,18-K,12
2006,2,18-K/A,15
2006,2,19B-4E,51
2006,2,2-A,1
2006,2,2-A/A,3
2006,2,2-E,6
2006,2,2-E/A,2
2006,2,20-F,569
2006,2,20-F/A,68
2006,2,20FR12G,7
2006,2,20FR12G/A,2
2006,2,24F-2NT,755
2006,2,24F-2NT/A,22
2006,2,25,64
2006,2,25-NSE,226
2006,2,25-NSE/A,30
2006,2,3,12651
2006,2,3/A,627
2006,2,305B2,28
2006,2,4,125589
2006,2,4/A,4790
2006,2,40-17F1,2
2006,2,40-17F2,263
2006,2,40-17G,382
2006,2,40-17G/A,27
2006,2,40-202A,1
2006,2,40-202A/A,1
2006,2,40-24B2,2
2006,2,40-33,17
2006,2,40-33/A,1
2006,2,40-6C,123
2006,2,40-6C/A,95
2006,2,40-8F-2/A,1
2006,2,40-APP,60
2006,2,40-APP/A,74
2006,2,40-F,31
2006,2,40-F/A,18
2006,2,40FR12B,2
2006,2,40FR12G,1
2006,2,424A,9
2006,2,424B1,47
2006,2,424B2,1163
2006,2,424B3,4327
2006,2,424B4,121
2006,2,424B5,1438
2006,2,424B7,167
2006,2,424B8,10
2006,2,425,1364
2006,2,485APOS,255
2006,2,485BPOS,2427
2006,2,485BXT,98
2006,2,486APOS,1
2006,2,486BPOS,1
2006,2,487,123
2006,2,497,4842
2006,2,497AD,44
2006,2,497H2,1
2006,2,497J,1895
2006,2,497K1,2
2006,2,497K3A,1
2006,2,497K3B,76
2006,2,5,1028
2006,2,5/A,147
2006,2,6-K,7419
2006,2,6-K/A,102
2006,2,8-A12B,170
2006,2,8-A12B/A,43
2006,2,8-A12G,154
2006,2,8-A12G/A,28
2006,2,8-K,26968
2006,2,8-K/A,1153
2006,2,8-K12B,2
2006,2,8-K12G3,9
2006,2,8-M,2
2006,2,ADV-E,41
2006,2,ADV-H-T,1
2006,2,ADV-NR,10
2006,2,ANNLRPT,2
2006,2,APP WD,1
2006,2,ARS,1538
2006,2,AW,68
2006,2,AW WD,2
2006,2,CB,35
2006,2,CB/A,23
2006,2,CERTAMX,61
2006,2,CERTBSE,1
2006,2,CERTNYS,69
2006,2,CERTPAC,2
2006,2,CORRESP,3033
2006,2,DEF 14A,3569
2006,2,DEF 14C,161
2006,2,DEFA14A,1655
2006,2,DEFA14C,7
2006,2,DEFC14A,39
2006,2,DEFM14A,62
2006,2,DEFM14C,2
2006,2,DEFN14A,26
2006,2,DEFR14A,181
2006,2,DEFR14C,5
2006,2,DEL AM,4
2006,2,DFAN14A,376
2006,2,DFRN14A,8
2006,2,DSTRBRPT,3
2006,2,EFFECT,944
2006,2,F-1,12
2006,2,F-1/A,23
2006,2,F-10,20
2006,2,F-10/A,22
2006,2,F-10POS,6
2006,2,F-1MEF,1
2006,2,F-3,65
2006,2,F-3/A,96
2006,2,F-3ASR,17
2006,2,F-4,31
2006,2,F-4/A,9
2006,2,F-6,13
2006,2,F-6 POS,8
2006,2,F-6/A,2
2006,2,F-6EF,24
2006,2,F-8,1
2006,2,F-8 POS,1
2006,2,F-8/A,3
2006,2,F-80,3
2006,2,F-80/A,2
2006,2,F-9,4
2006,2,F-9/A,4
2006,2,F-N,14
2006,2,F-X,79
2006,2,F-X/A,3
2006,2,FOCUSN,120
2006,2,FOCUSN/A,8
2006,2,FWP,2652
2006,2,G-405/A,1
2006,2,G-405N,1
2006,2,G-FIN/A,6
2006,2,MSD,1
2006,2,MSD/A,9
2006,2,MSDW,2
2006,2,N-14,28
2006,2,N-14 8C,1
2006,2,N-14 8C/A,2
2006,2,N-14/A,45
2006,2,N-14AE,25
2006,2,N-18F1,7
2006,2,N-18F1/A,2
2006,2,N-1A,28
2006,2,N-1A/A,35
2006,2,N-2,29
2006,2,N-2/A,72
2006,2,N-23C-2,5
2006,2,N-23C3A,20
2006,2,N-23C3B,5
2006,2,N-23C3C/A,2
2006,2,N-2MEF,1
2006,2,N-30B-2,71
2006,2,N-30D,8
2006,2,N-4,15
2006,2,N-4/A,7
2006,2,N-54A,4
2006,2,N-54C,7
2006,2,N-6,11
2006,2,N-6/A,9
2006,2,N-6F,1
2006,2,N-8A,39
2006,2,N-8A/A,18
2006,2,N-8F,72
2006,2,N-8F/A,22
2006,2,N-CSR,568
2006,2,N-CSR/A,65
2006,2,N-CSRS,768
2006,2,N-CSRS/A,9
2006,2,N-PX,10
2006,2,N-PX/A,7
2006,2,N-Q,1799
2006,2,N-Q/A,23
2006,2,NO ACT,57
2006,2,NSAR-A,1034
2006,2,NSAR-A/A,33
2006,2,NSAR-AT,5
2006,2,NSAR-B,454
2006,2,NSAR-B/A,46
2006,2,NSAR-BT,5
2006,2,NSAR-U,22
2006,2,NSAR-U/A,11
2006,2,NT 10-D,2
2006,2,NT 10-K,760
2006,2,NT 10-K/A,20
2006,2,NT 10-Q,1407
2006,2,NT 10-Q/A,13
2006,2,NT 11-K,102
2006,2,NT 20-F,66
2006,2,NT-NCSR,5
2006,2,NT-NCSR/A,1
2006,2,NT-NSAR,12
2006,2,NT-NSAR/A,1
2006,2,NTFNCSR,1
2006,2,NTN 10D,1
2006,2,NTN 10K,41
2006,2,NTN 10Q,34
2006,2,NTN 20F,1
2006,2,POS 8C,34
2006,2,POS AM,751
2006,2,POS AMI,63
2006,2,POS EX,69
2006,2,POS462C,2
2006,2,POSASR,132
2006,2,PRE 14A,737
2006,2,PRE 14C,155
2006,2,PREC14A,45
2006,2,PREM14A,69
2006,2,PREM14C,8
2006,2,PREN14A,22
2006,2,PRER14A,157
2006,2,PRER14C,45
2006,2,PRRN14A,66
2006,2,PX14A6G,38
2006,2,QRTLYRPT,1
2006,2,REG-NR,2
2006,2,REGDEX,5044
2006,2,REGDEX/A,1587
2006,2,REVOKED,31
2006,2,RW,182
2006,2,RW WD,10
2006,2,S-1,424
2006,2,S-1/A,678
2006,2,S-11,5
2006,2,S-11/A,30
2006,2,S-1MEF,19
2006,2,S-3,508
2006,2,S-3/A,397
2006,2,S-3ASR,901
2006,2,S-3D,7
2006,2,S-3DPOS,3
2006,2,S-3MEF,11
2006,2,S-4,966
2006,2,S-4 POS,2
2006,2,S-4/A,1503
2006,2,S-4MEF,1
2006,2,S-6,122
2006,2,S-6/A,16
2006,2,S-8,1000
2006,2,S-8 POS,359
2006,2,S-B,9
2006,2,S-B/A,4
2006,2,SB-1,6
2006,2,SB-1/A,5
2006,2,SB-2,279
2006,2,SB-2/A,603
2006,2,SB-2MEF,1
2006,2,SC 13D,1321
2006,2,SC 13D/A,2604
2006,2,SC 13E3,57
2006,2,SC 13E3/A,96
2006,2,SC 13G,2017
2006,2,SC 13G/A,1933
2006,2,SC 14D9,40
2006,2,SC 14D9/A,104
2006,2,SC 14F1,40
2006,2,SC 14F1/A,2
2006,2,SC TO-C,119
2006,2,SC TO-I,112
2006,2,SC TO-I/A,206
2006,2,SC TO-T,62
2006,2,SC TO-T/A,340
2006,2,SC14D1F,10
2006,2,SC14D1F/A,14
2006,2,SC14D9C,35
2006,2,SC14D9F,3
2006,2,SC14D9F/A,3
2006,2,SE,18
2006,2,SP 15D2,1
2006,2,SUPPL,2237
2006,2,T-3,5
2006,2,T-3/A,3
2006,2,TA-1,6
2006,2,TA-1/A,76
2006,2,TA-2,104
2006,2,TA-2/A,11
2006,2,TA-W,11
2006,2,TH,4
2006,2,UPLOAD,2908
2006,2,WDL-REQ,1
2006,2,X-17A-5,348
2006,2,X-17A-5/A,271
2006,3,1-A,4
2006,3,1-A/A,10
2006,3,1-E,2
2006,3,1-E/A,1
2006,3,10-12B,4
2006,3,10-12B/A,17
2006,3,10-12G,11
2006,3,10-12G/A,37
2006,3,10-D,2312
2006,3,10-D/A,111
2006,3,10-K,674
2006,3,10-K/A,239
2006,3,10-KT,4
2006,3,10-KT/A,1
2006,3,10-Q,6163
2006,3,10-Q/A,394
2006,3,10-QT,2
2006,3,10-QT/A,1
2006,3,10KSB,461
2006,3,10KSB/A,305
2006,3,10QSB,2889
2006,3,10QSB/A,454
2006,3,10SB12B,4
2006,3,10SB12B/A,1
2006,3,10SB12G,77
2006,3,10SB12G/A,48
2006,3,11-K,177
2006,3,11-K/A,13
2006,3,11-KT,4
2006,3,12G3-2B,36
2006,3,12G32BR,7
2006,3,13F-HR,2608
2006,3,13F-HR/A,314
2006,3,13F-NT,843
2006,3,13F-NT/A,28
2006,3,13FCONP,9
2006,3,144,252
2006,3,144/A,10
2006,3,15-12B,38
2006,3,15-12B/A,1
2006,3,15-12G,133
2006,3,15-12G/A,2
2006,3,15-15D,98
2006,3,15-15D/A,1
2006,3,18-K,11
2006,3,18-K/A,30
2006,3,19B-4E,42
2006,3,2-A/A,3
2006,3,2-E,3
2006,3,20-F,154
2006,3,20-F/A,61
2006,3,20FR12B,3
2006,3,20FR12G,10
2006,3,20FR12G/A,10
2006,3,24F-2NT,745
2006,3,24F-2NT/A,13
2006,3,25,33
2006,3,25-NSE,328
2006,3,25-NSE/A,8
2006,3,3,10430
2006,3,3/A,571
2006,3,305B2,31
2006,3,4,94420
2006,3,4/A,3993
2006,3,40-17F1,1
2006,3,40-17F2,829
2006,3,40-17G,929
2006,3,40-17G/A,159
2006,3,40-202A,1
2006,3,40-206A/A,2
2006,3,40-24B2,5
2006,3,40-33,14
2006,3,40-6B,1
2006,3,40-6C,27
2006,3,40-6C/A,90
2006,3,40-APP,29
2006,3,40-APP/A,81
2006,3,40-F,7
2006,3,40-F/A,12
2006,3,40FR12B,2
2006,3,40FR12B/A,2
2006,3,424A,3
2006,3,424B1,45
2006,3,424B2,1110
2006,3,424B3,4173
2006,3,424B4,74
2006,3,424B5,1243
2006,3,424B7,235
2006,3,424B8,7
2006,3,425,1275
2006,3,485APOS,390
2006,3,485BPOS,972
2006,3,485BXT,90
2006,3,486APOS,2
2006,3,486BPOS,3
2006,3,487,147
2006,3,497,4540
2006,3,497AD,40
2006,3,497J,812
2006,3,497K1,2
2006,3,497K3A,1
2006,3,497K3B,74
2006,3,5,1577
2006,3,5/A,78
2006,3,6-K,6147
2006,3,6-K/A,115
2006,3,8-A12B,216
2006,3,8-A12B/A,49
2006,3,8-A12G,76
2006,3,8-A12G/A,17
2006,3,8-K,24313
2006,3,8-K/A,1073
2006,3,8-K12G3,10
2006,3,8-K12G3/A,3
2006,3,8-K15D5,1
2006,3,8-M,1
2006,3,ADN-MTL,2
2006,3,ADV-E,26
2006,3,ADV-NR,2
2006,3,ANNLRPT,3
2006,3,ANNLRPT/A,1
2006,3,APP WD,5
2006,3,ARS,359
2006,3,AW,65
2006,3,AW WD,2
2006,3,CB,29
2006,3,CB/A,29
2006,3,CERTAMX,53
2006,3,CERTBSE,3
2006,3,CERTNAS,42
2006,3,CERTNYS,80
2006,3,CERTPAC,1
2006,3,CORRESP,2853
2006,3,D,1
2006,3,DEF 14A,892
2006,3,DEF 14C,150
2006,3,DEFA14A,1429
2006,3,DEFA14C,2
2006,3,DEFC14A,19
2006,3,DEFM14A,71
2006,3,DEFM14C,10
2006,3,DEFN14A,10
2006,3,DEFR14A,38
2006,3,DEFR14C,3
2006,3,DEL AM,5
2006,3,DFAN14A,378
2006,3,DFRN14A,4
2006,3,DSTRBRPT,3
2006,3,EFFECT,2251
2006,3,F-1,12
2006,3,F-1/A,34
2006,3,F-10,11
2006,3,F-10/A,12
2006,3,F-3,31
2006,3,F-3/A,20
2006,3,F-3ASR,12
2006,3,F-4,60
2006,3,F-4 POS,3
2006,3,F-4/A,11
2006,3,F-6,16
2006,3,F-6 POS,10
2006,3,F-6EF,23
2006,3,F-8,2
2006,3,F-8 POS,1
2006,3,F-8/A,5
2006,3,F-9,2
2006,3,F-9/A,2
2006,3,F-N,4
2006,3,F-N/A,1
2006,3,F-X,44
2006,3,F-X/A,1
2006,3,FOCUSN,119
2006,3,FOCUSN/A,7
2006,3,FWP,2486
2006,3,MSD,2
2006,3,MSD/A,5
2006,3,MSDW,2
2006,3,N-14,25
2006,3,N-14 8C,2
2006,3,N-14 8C/A,2
2006,3,N-14/A,25
2006,3,N-14AE,62
2006,3,N-14AE/A,16
2006,3,N-18F1,9
2006,3,N-1A,16
2006,3,N-1A/A,41
2006,3,N-2,28
2006,3,N-2/A,34
2006,3,N-23C-2,9
2006,3,N-23C3A,22
2006,3,N-23C3B,6
2006,3,N-23C3C/A,1
2006,3,N-2MEF,1
2006,3,N-30B-2,113
2006,3,N-30D,217
2006,3,N-4,21
2006,3,N-4/A,25
2006,3,N-54A,2
2006,3,N-54C,7
2006,3,N-6,12
2006,3,N-6/A,5
2006,3,N-6F,2
2006,3,N-8A,33
2006,3,N-8A/A,3
2006,3,N-8B-2/A,2
2006,3,N-8F,38
2006,3,N-8F/A,20
2006,3,N-CSR,589
2006,3,N-CSR/A,26
2006,3,N-CSRS,1430
2006,3,N-CSRS/A,26
2006,3,N-PX,3401
2006,3,N-PX/A,68
2006,3,N-Q,1544
2006,3,N-Q/A,16
2006,3,NO ACT,57
2006,3,NSAR-A,1130
2006,3,NSAR-A/A,35
2006,3,NSAR-AT,3
2006,3,NSAR-B,490
2006,3,NSAR-B/A,16
2006,3,NSAR-BT,5
2006,3,NSAR-U,3
2006,3,NSAR-U/A,1
2006,3,NT 10-D,2
2006,3,NT 10-K,306
2006,3,NT 10-K/A,4
2006,3,NT 10-Q,1374
2006,3,NT 10-Q/A,8
2006,3,NT 11-K,9
2006,3,NT 20-F,27
2006,3,NT 20-F/A,2
2006,3,NT-NCSR,2
2006,3,NT-NSAR,5
2006,3,NTFNSAR,1
2006,3,NTN 10K,8
2006,3,NTN 10Q,47
2006,3,NTN 20F,2
2006,3,POS 8C,26
2006,3,POS AM,435
2006,3,POS AMI,46
2006,3,POS EX,29
2006,3,POS462B,1
2006,3,POSASR,32
2006,3,PRE 14A,364
2006,3,PRE 14C,137
2006,3,PREC14A,30
2006,3,PREM14A,88
2006,3,PREM14C,14
2006,3,PREN14A,15
2006,3,PRER14A,152
2006,3,PRER14C,42
2006,3,PRRN14A,26
2006,3,PX14A6G,6
2006,3,QRTLYRPT,1
2006,3,REGDEX,4603
2006,3,REGDEX/A,1561
2006,3,REVOKED,38
2006,3,RW,192
2006,3,RW WD,8
2006,3,S-1,271
2006,3,S-1/A,563
2006,3,S-11,4
2006,3,S-11/A,28
2006,3,S-11MEF,1
2006,3,S-1MEF,10
2006,3,S-3,308
2006,3,S-3/A,312
2006,3,S-3ASR,545
2006,3,S-3D,7
2006,3,S-3DPOS,2
2006,3,S-3MEF,5
2006,3,S-4,650
2006,3,S-4 POS,1
2006,3,S-4/A,851
2006,3,S-4MEF,1
2006,3,S-6,169
2006,3,S-6/A,23
2006,3,S-8,773
2006,3,S-8 POS,178
2006,3,S-B,6
2006,3,S-B/A,4
2006,3,SB-1,15
2006,3,SB-1/A,24
2006,3,SB-2,270
2006,3,SB-2/A,529
2006,3,SB-2MEF,1
2006,3,SC 13D,1241
2006,3,SC 13D/A,2310
2006,3,SC 13E3,35
2006,3,SC 13E3/A,102
2006,3,SC 13G,1727
2006,3,SC 13G/A,1734
2006,3,SC 14D9,28
2006,3,SC 14D9/A,128
2006,3,SC 14F1,42
2006,3,SC 14F1/A,9
2006,3,SC TO-C,177
2006,3,SC TO-I,101
2006,3,SC TO-I/A,199
2006,3,SC TO-T,55
2006,3,SC TO-T/A,282
2006,3,SC14D1F,6
2006,3,SC14D1F/A,28
2006,3,SC14D9C,39
2006,3,SC14D9F,3
2006,3,SC14D9F/A,9
2006,3,SE,13
2006,3,SUPPL,2038
2006,3,T-3,2
2006,3,T-3/A,2
2006,3,TA-1,6
2006,3,TA-1/A,55
2006,3,TA-2,5
2006,3,TA-2/A,1
2006,3,TA-W,4
2006,3,TH,1
2006,3,UPLOAD,3769
2006,3,X-17A-5,538
2006,3,X-17A-5/A,43
2006,4,1,1
2006,4,1-A,17
2006,4,1-A/A,16
2006,4,1-E,3
2006,4,1-E/A,2
2006,4,10-12B,5
2006,4,10-12B/A,12
2006,4,10-12G,20
2006,4,10-12G/A,14
2006,4,10-D,3336
2006,4,10-D/A,270
2006,4,10-K,533
2006,4,10-K/A,228
2006,4,10-KT,2
2006,4,10-KT/A,2
2006,4,10-Q,6121
2006,4,10-Q/A,362
2006,4,10-QT,2
2006,4,10KSB,426
2006,4,10KSB/A,282
2006,4,10QSB,3061
2006,4,10QSB/A,601
2006,4,10SB12B,5
2006,4,10SB12G,54
2006,4,10SB12G/A,60
2006,4,11-K,51
2006,4,11-K/A,9
2006,4,11-KT,1
2006,4,12G3-2B,19
2006,4,12G32BR,5
2006,4,13F-HR,2589
2006,4,13F-HR/A,348
2006,4,13F-NT,807
2006,4,13F-NT/A,34
2006,4,13FCONP,5
2006,4,144,295
2006,4,144/A,12
2006,4,15-12B,69
2006,4,15-12B/A,1
2006,4,15-12G,182
2006,4,15-12G/A,2
2006,4,15-15D,54
2006,4,15-15D/A,5
2006,4,18-K,14
2006,4,18-K/A,34
2006,4,19B-4E,120
2006,4,2-A,1
2006,4,2-A/A,1
2006,4,2-E,4
2006,4,20-F,90
2006,4,20-F/A,53
2006,4,20FR12B,2
2006,4,20FR12G,7
2006,4,20FR12G/A,14
2006,4,24F-2NT,959
2006,4,24F-2NT/A,12
2006,4,25,109
2006,4,25-NSE,532
2006,4,25-NSE/A,14
2006,4,25/A,4
2006,4,3,11937
2006,4,3/A,721
2006,4,305B2,28
2006,4,39-304D,1
2006,4,4,108112
2006,4,4/A,4172
2006,4,40-17F1,2
2006,4,40-17F2,560
2006,4,40-17G,1278
2006,4,40-17G/A,353
2006,4,40-24B2,25
2006,4,40-33,7
2006,4,40-6B/A,5
2006,4,40-6C,52
2006,4,40-6C/A,109
2006,4,40-8B25,6
2006,4,40-APP,94
2006,4,40-APP/A,17
2006,4,40-F,14
2006,4,40-F/A,8
2006,4,40FR12B,2
2006,4,424A,7
2006,4,424B1,78
2006,4,424B2,1630
2006,4,424B3,3612
2006,4,424B4,136
2006,4,424B5,1597
2006,4,424B7,111
2006,4,424B8,25
2006,4,425,1160
2006,4,485APOS,379
2006,4,485BPOS,1133
2006,4,485BXT,109
2006,4,486APOS,2
2006,4,486BPOS,7
2006,4,487,140
2006,4,497,5076
2006,4,497AD,22
2006,4,497H2,1
2006,4,497J,930
2006,4,497K1,2
2006,4,497K3A,1
2006,4,497K3B,72
2006,4,5,1301
2006,4,5/A,54
2006,4,6-K,6645
2006,4,6-K/A,59
2006,4,8-A12B,282
2006,4,8-A12B/A,57
2006,4,8-A12G,76
2006,4,8-A12G/A,27
2006,4,8-K,26286
2006,4,8-K/A,1145
2006,4,8-K12B,1
2006,4,8-K12G3,5
2006,4,8-M,1
2006,4,ADV-E,64
2006,4,ADV-NR,4
2006,4,ANNLRPT,2
2006,4,APP WD,7
2006,4,ARS,290
2006,4,AW,58
2006,4,CB,44
2006,4,CB/A,48
2006,4,CERTAMX,64
2006,4,CERTNAS,87
2006,4,CERTNYS,96
2006,4,CERTPAC,7
2006,4,CORRESP,2959
2006,4,DEF 14A,1014
2006,4,DEF 14C,174
2006,4,DEFA14A,1115
2006,4,DEFA14C,9
2006,4,DEFC14A,25
2006,4,DEFM14A,98
2006,4,DEFM14C,3
2006,4,DEFN14A,9
2006,4,DEFR14A,36
2006,4,DEFR14C,6
2006,4,DEL AM,3
2006,4,DFAN14A,300
2006,4,DFRN14A,6
2006,4,EFFECT,2018
2006,4,F-1,19
2006,4,F-1/A,53
2006,4,F-10,43
2006,4,F-10/A,42
2006,4,F-10POS,2
2006,4,F-1MEF,4
2006,4,F-3,39
2006,4,F-3/A,22
2006,4,F-3ASR,19
2006,4,F-4,4
2006,4,F-4/A,69
2006,4,F-6,27
2006,4,F-6 POS,11
2006,4,F-6EF,26
2006,4,F-8 POS,1
2006,4,F-9,2
2006,4,F-9/A,3
2006,4,F-N,2
2006,4,F-X,61
2006,4,F-X/A,2
2006,4,FOCUSN,136
2006,4,FOCUSN/A,2
2006,4,FWP,2700
2006,4,G-FIN/A,5
2006,4,MSD/A,6
2006,4,MSDW,2
2006,4,N-14,60
2006,4,N-14 8C,1
2006,4,N-14 8C/A,1
2006,4,N-14/A,43
2006,4,N-14AE,5
2006,4,N-14AE/A,1
2006,4,N-18F1,5
2006,4,N-1A,15
2006,4,N-1A/A,47
2006,4,N-2,36
2006,4,N-2/A,41
2006,4,N-23C-2,2
2006,4,N-23C3A,21
2006,4,N-23C3B,6
2006,4,N-23C3C/A,3
2006,4,N-2MEF,5
2006,4,N-30B-2,70
2006,4,N-30D,3
2006,4,N-4,47
2006,4,N-4/A,39
2006,4,N-54A,4
2006,4,N-54C,2
2006,4,N-6,9
2006,4,N-6/A,14
2006,4,N-6F,1
2006,4,N-8A,42
2006,4,N-8A/A,4
2006,4,N-8B-2,1
2006,4,N-8F,63
2006,4,N-8F/A,40
2006,4,N-CSR,822
2006,4,N-CSR/A,47
2006,4,N-CSRS,419
2006,4,N-CSRS/A,14
2006,4,N-PX,9
2006,4,N-PX/A,23
2006,4,N-Q,1693
2006,4,N-Q/A,18
2006,4,NO ACT,76
2006,4,NSAR-A,443
2006,4,NSAR-A/A,19
2006,4,NSAR-B,853
2006,4,NSAR-B/A,40
2006,4,NSAR-BT,11
2006,4,NT 10-D,2
2006,4,NT 10-K,199
2006,4,NT 10-K/A,9
2006,4,NT 10-Q,1368
2006,4,NT 10-Q/A,11
2006,4,NT 11-K,2
2006,4,NT 20-F,15
2006,4,NT-NCSR,46
2006,4,NT-NCSR/A,1
2006,4,NT-NSAR,52
2006,4,NT-NSAR/A,10
2006,4,NTN 10K,13
2006,4,NTN 10Q,39
2006,4,NTN 20F,1
2006,4,POS 8C,7
2006,4,POS AM,424
2006,4,POS AMI,49
2006,4,POS EX,23
2006,4,POS462B,2
2006,4,POSASR,304
2006,4,PRE 14A,303
2006,4,PRE 14C,185
2006,4,PREC14A,26
2006,4,PREM14A,97
2006,4,PREM14C,6
2006,4,PREN14A,10
2006,4,PRER14A,171
2006,4,PRER14C,36
2006,4,PRRN14A,32
2006,4,PX14A6G,8
2006,4,QRTLYRPT,1
2006,4,QRTLYRPT/A,1
2006,4,REGDEX,4567
2006,4,REGDEX/A,1739
2006,4,REVOKED,47
2006,4,RW,221
2006,4,RW WD,3
2006,4,S-1,174
2006,4,S-1/A,607
2006,4,S-11,11
2006,4,S-11/A,23
2006,4,S-11MEF,4
2006,4,S-1MEF,20
2006,4,S-3,303
2006,4,S-3/A,255
2006,4,S-3ASR,246
2006,4,S-3D,4
2006,4,S-3DPOS,9
2006,4,S-3MEF,11
2006,4,S-4,930
2006,4,S-4/A,923
2006,4,S-4EF,1
2006,4,S-4MEF,2
2006,4,S-6,130
2006,4,S-6/A,31
2006,4,S-8,701
2006,4,S-8 POS,248
2006,4,S-B,7
2006,4,S-B/A,7
2006,4,SB-1,4
2006,4,SB-1/A,19
2006,4,SB-2,234
2006,4,SB-2/A,555
2006,4,SB-2MEF,2
2006,4,SC 13D,1425
2006,4,SC 13D/A,2780
2006,4,SC 13E3,26
2006,4,SC 13E3/A,122
2006,4,SC 13G,2062
2006,4,SC 13G/A,2144
2006,4,SC 14D9,51
2006,4,SC 14D9/A,101
2006,4,SC 14F1,46
2006,4,SC 14F1/A,4
2006,4,SC TO-C,146
2006,4,SC TO-I,123
2006,4,SC TO-I/A,176
2006,4,SC TO-T,62
2006,4,SC TO-T/A,340
2006,4,SC14D1F,4
2006,4,SC14D1F/A,24
2006,4,SC14D9C,34
2006,4,SC14D9F,1
2006,4,SC14D9F/A,2
2006,4,SE,12
2006,4,SUPPL,2107
2006,4,T-3,6
2006,4,T-3/A,3
2006,4,TA-1,7
2006,4,TA-1/A,58
2006,4,TA-2,9
2006,4,TA-2/A,7
2006,4,TA-W,13
2006,4,TH,1
2006,4,UPLOAD,3666
2006,4,WDL-REQ,1
2006,4,X-17A-5,351
2006,4,X-17A-5/A,24
2007,1,1,3
2007,1,1-A,7
2007,1,1-A/A,20
2007,1,1-E,4
2007,1,1-E/A,7
2007,1,10-12B,8
2007,1,10-12B/A,10
2007,1,10-12G,10
2007,1,10-12G/A,15
2007,1,10-D,1714
2007,1,10-D/A,319
2007,1,10-K,5734
2007,1,10-K/A,303
2007,1,10-KT,4
2007,1,10-KT/A,1
2007,1,10-Q,1501
2007,1,10-Q/A,261
2007,1,10-QT,4
2007,1,10KSB,1034
2007,1,10KSB/A,245
2007,1,10QSB,1347
2007,1,10QSB/A,450
2007,1,10SB12B,3
2007,1,10SB12G,62
2007,1,10SB12G/A,65
2007,1,11-K,78
2007,1,11-K/A,3
2007,1,12G3-2B,20
2007,1,12G32BR,7
2007,1,13F-HR,2878
2007,1,13F-HR/A,427
2007,1,13F-NT,892
2007,1,13F-NT/A,27
2007,1,13FCONP,9
2007,1,144,305
2007,1,144/A,21
2007,1,15-12B,79
2007,1,15-12G,183
2007,1,15-12G/A,3
2007,1,15-15D,1674
2007,1,15-15D/A,4
2007,1,18-12B,1
2007,1,18-K,2
2007,1,18-K/A,35
2007,1,19B-4E,637
2007,1,2-A/A,1
2007,1,2-AF,2
2007,1,2-E,3
2007,1,20-F,156
2007,1,20-F/A,34
2007,1,20FR12B,1
2007,1,20FR12G,13
2007,1,20FR12G/A,10
2007,1,24F-2NT,2994
2007,1,24F-2NT/A,46
2007,1,25,136
2007,1,25-NSE,520
2007,1,25-NSE/A,18
2007,1,25/A,4
2007,1,3,12940
2007,1,3/A,899
2007,1,305B2,32
2007,1,4,138680
2007,1,4/A,6344
2007,1,40-17F2,192
2007,1,40-17G,863
2007,1,40-17G/A,231
2007,1,40-202A/A,1
2007,1,40-24B2,468
2007,1,40-24B2/A,2
2007,1,40-33,12
2007,1,40-6B,1
2007,1,40-6B/A,10
2007,1,40-6C,53
2007,1,40-6C/A,99
2007,1,40-8B25,4
2007,1,40-APP,13
2007,1,40-APP/A,30
2007,1,40-F,102
2007,1,40-F/A,16
2007,1,424A,7
2007,1,424B1,40
2007,1,424B2,1530
2007,1,424B3,3924
2007,1,424B4,105
2007,1,424B5,1533
2007,1,424B7,195
2007,1,424B8,29
2007,1,425,1535
2007,1,485APOS,445
2007,1,485BPOS,1044
2007,1,485BXT,117
2007,1,486APOS,1
2007,1,486BPOS,6
2007,1,487,166
2007,1,497,4165
2007,1,497AD,28
2007,1,497H2,1
2007,1,497J,1028
2007,1,497K1,2
2007,1,497K2,2
2007,1,497K3A,1
2007,1,497K3B,63
2007,1,5,10027
2007,1,5/A,418
2007,1,6-K,6603
2007,1,6-K/A,100
2007,1,8-A12B,275
2007,1,8-A12B/A,46
2007,1,8-A12G,85
2007,1,8-A12G/A,16
2007,1,8-K,26345
2007,1,8-K/A,1213
2007,1,8-K12B,3
2007,1,8-K12G3,10
2007,1,8-K12G3/A,1
2007,1,8-K15D5,3
2007,1,ADV-E,82
2007,1,ADV-NR,2
2007,1,APP WD,14
2007,1,ARS,564
2007,1,ARS/A,3
2007,1,AW,41
2007,1,AW WD,4
2007,1,CB,44
2007,1,CB/A,64
2007,1,CERTAMX,80
2007,1,CERTBSE,1
2007,1,CERTNAS,72
2007,1,CERTNYS,72
2007,1,CERTPAC,1
2007,1,CORRESP,2912
2007,1,DEF 14A,1889
2007,1,DEF 14C,159
2007,1,DEF-OC,1
2007,1,DEFA14A,1430
2007,1,DEFA14C,24
2007,1,DEFC14A,24
2007,1,DEFM14A,81
2007,1,DEFM14C,3
2007,1,DEFN14A,21
2007,1,DEFR14A,48
2007,1,DEFR14C,10
2007,1,DEL AM,16
2007,1,DFAN14A,285
2007,1,DFRN14A,8
2007,1,EFFECT,1771
2007,1,F-1,17
2007,1,F-1/A,53
2007,1,F-10,48
2007,1,F-10/A,13
2007,1,F-10POS,3
2007,1,F-1MEF,3
2007,1,F-3,14
2007,1,F-3/A,7
2007,1,F-3ASR,9
2007,1,F-3D,1
2007,1,F-4,70
2007,1,F-4/A,31
2007,1,F-6,13
2007,1,F-6 POS,8
2007,1,F-6EF,29
2007,1,F-8,1
2007,1,F-8/A,1
2007,1,F-9,2
2007,1,F-9/A,1
2007,1,F-N,3
2007,1,F-X,80
2007,1,F-X/A,5
2007,1,FOCUSN,1389
2007,1,FOCUSN/A,16
2007,1,FWP,3282
2007,1,G-405,4
2007,1,G-405N,3
2007,1,G-FIN/A,4
2007,1,MSD/A,6
2007,1,MSDW,1
2007,1,N-14,42
2007,1,N-14 8C,4
2007,1,N-14 8C/A,3
2007,1,N-14/A,52
2007,1,N-14AE,12
2007,1,N-14AE/A,6
2007,1,N-18F1,9
2007,1,N-1A,20
2007,1,N-1A/A,33
2007,1,N-2,41
2007,1,N-2/A,76
2007,1,N-23C-2,7
2007,1,N-23C3A,20
2007,1,N-23C3B,7
2007,1,N-2MEF,6
2007,1,N-30B-2,140
2007,1,N-30D,276
2007,1,N-4,33
2007,1,N-4/A,8
2007,1,N-54A,3
2007,1,N-54C,3
2007,1,N-6,6
2007,1,N-6/A,4
2007,1,N-6F,3
2007,1,N-6F/A,1
2007,1,N-8A,43
2007,1,N-8A/A,3
2007,1,N-8B-2/A,6
2007,1,N-8F,58
2007,1,N-8F/A,32
2007,1,N-CSR,1631
2007,1,N-CSR/A,113
2007,1,N-CSRS,472
2007,1,N-CSRS/A,11
2007,1,N-PX/A,18
2007,1,N-Q,1494
2007,1,N-Q/A,15
2007,1,NO ACT,318
2007,1,NSAR-A,484
2007,1,NSAR-A/A,21
2007,1,NSAR-AT,2
2007,1,NSAR-AT/A,1
2007,1,NSAR-B,1243
2007,1,NSAR-B/A,122
2007,1,NSAR-BT,16
2007,1,NSAR-BT/A,2
2007,1,NSAR-U,815
2007,1,NSAR-U/A,2
2007,1,NT 10-K,683
2007,1,NT 10-K/A,3
2007,1,NT 10-Q,450
2007,1,NT 10-Q/A,1
2007,1,NT 11-K,6
2007,1,NT 20-F,8
2007,1,NT-NCSR,50
2007,1,NT-NSAR,18
2007,1,NT-NSAR/A,1
2007,1,NTFNCSR,3
2007,1,NTFNSAR,7
2007,1,NTN 10K,11
2007,1,NTN 10Q,18
2007,1,POS 8C,15
2007,1,POS AM,397
2007,1,POS AMI,57
2007,1,POS EX,37
2007,1,POS462C,1
2007,1,POSASR,99
2007,1,PRE 14A,542
2007,1,PRE 14C,119
2007,1,PREC14A,52
2007,1,PREM14A,95
2007,1,PREM14C,11
2007,1,PREN14A,13
2007,1,PRER14A,114
2007,1,PRER14C,37
2007,1,PRRN14A,30
2007,1,PX14A6G,20
2007,1,PX14A6N,4
2007,1,QRTLYRPT,1
2007,1,REGDEX,4828
2007,1,REGDEX/A,1973
2007,1,REVOKED,77
2007,1,RW,147
2007,1,RW WD,8
2007,1,S-1,151
2007,1,S-1/A,449
2007,1,S-11,6
2007,1,S-11/A,14
2007,1,S-1MEF,17
2007,1,S-3,300
2007,1,S-3/A,260
2007,1,S-3ASR,409
2007,1,S-3D,5
2007,1,S-3MEF,19
2007,1,S-4,874
2007,1,S-4 POS,3
2007,1,S-4/A,834
2007,1,S-4EF,1
2007,1,S-6,167
2007,1,S-6/A,35
2007,1,S-8,639
2007,1,S-8 POS,244
2007,1,S-B,2
2007,1,S-B/A,2
2007,1,SB-1,4
2007,1,SB-1/A,18
2007,1,SB-2,249
2007,1,SB-2/A,478
2007,1,SC 13D,1518
2007,1,SC 13D/A,2908
2007,1,SC 13E3,30
2007,1,SC 13E3/A,83
2007,1,SC 13G,13761
2007,1,SC 13G/A,25731
2007,1,SC 14D9,92
2007,1,SC 14D9/A,142
2007,1,SC 14F1,46
2007,1,SC 14F1/A,5
2007,1,SC TO-C,161
2007,1,SC TO-I,119
2007,1,SC TO-I/A,267
2007,1,SC TO-T,96
2007,1,SC TO-T/A,433
2007,1,SC13E4F,1
2007,1,SC14D1F,2
2007,1,SC14D1F/A,8
2007,1,SC14D9C,62
2007,1,SC14D9F,1
2007,1,SC14D9F/A,2
2007,1,SE,8
2007,1,SUPPL,1947
2007,1,T-3,18
2007,1,T-3/A,3
2007,1,TA-1,15
2007,1,TA-1/A,355
2007,1,TA-2,465
2007,1,TA-2/A,40
2007,1,TA-W,12
2007,1,TACO,43
2007,1,TH,1
2007,1,UPLOAD,3251
2007,1,WDL-REQ,1
2007,1,X-17A-5,4016
2007,1,X-17A-5/A,83
2007,2,1,1
2007,2,1-A,6
2007,2,1-A-W,1
2007,2,1-A/A,32
2007,2,1-E,3
2007,2,1-E/A,1
2007,2,10-12B,10
2007,2,10-12B/A,26
2007,2,10-12G,32
2007,2,10-12G/A,33
2007,2,10-D,1306
2007,2,10-D/A,88
2007,2,10-K,1755
2007,2,10-K/A,689
2007,2,10-KT,2
2007,2,10-KT/A,2
2007,2,10-Q,6210
2007,2,10-Q/A,283
2007,2,10-QT,2
2007,2,10KSB,1470
2007,2,10KSB/A,352
2007,2,10QSB,2958
2007,2,10QSB/A,388
2007,2,10SB12B/A,1
2007,2,10SB12G,62
2007,2,10SB12G/A,59
2007,2,11-K,1726
2007,2,11-K/A,21
2007,2,11-KT,2
2007,2,12G3-2B,26
2007,2,12G32BR,6
2007,2,13F-HR,2821
2007,2,13F-HR/A,359
2007,2,13F-NT,912
2007,2,13F-NT/A,25
2007,2,13FCONP,24
2007,2,144,295
2007,2,144/A,4
2007,2,15-12B,84
2007,2,15-12B/A,2
2007,2,15-12G,155
2007,2,15-12G/A,4
2007,2,15-15D,175
2007,2,15-15D/A,1
2007,2,15F-12B,28
2007,2,15F-12B/A,1
2007,2,15F-12G,25
2007,2,15F-15D,8
2007,2,18-K,9
2007,2,18-K/A,24
2007,2,19B-4,1
2007,2,19B-4E,341
2007,2,2-AF,1
2007,2,2-E,1
2007,2,20-F,459
2007,2,20-F/A,64
2007,2,20FR12B,1
2007,2,20FR12G,6
2007,2,20FR12G/A,11
2007,2,24F-2NT,840
2007,2,24F-2NT/A,10
2007,2,25,66
2007,2,25-NSE,538
2007,2,25-NSE/A,6
2007,2,25/A,2
2007,2,3,13348
2007,2,3/A,751
2007,2,305B2,55
2007,2,34-12H,1
2007,2,4,128772
2007,2,4/A,4499
2007,2,40-17F1,1
2007,2,40-17F2,216
2007,2,40-17F2/A,2
2007,2,40-17G,1089
2007,2,40-17G/A,333
2007,2,40-24B2,366
2007,2,40-24B2/A,72
2007,2,40-33,13
2007,2,40-6B,5
2007,2,40-6B/A,38
2007,2,40-6C,70
2007,2,40-6C/A,117
2007,2,40-APP,37
2007,2,40-APP/A,25
2007,2,40-F,41
2007,2,40-F/A,18
2007,2,40FR12B,3
2007,2,40FR12G,1
2007,2,424A,10
2007,2,424B1,60
2007,2,424B2,2065
2007,2,424B3,3543
2007,2,424B4,113
2007,2,424B5,1635
2007,2,424B7,349
2007,2,424B8,9
2007,2,425,1519
2007,2,485APOS,267
2007,2,485BPOS,2404
2007,2,485BXT,114
2007,2,486APOS,1
2007,2,486BPOS,3
2007,2,487,168
2007,2,497,5094
2007,2,497AD,59
2007,2,497H2,2
2007,2,497J,1814
2007,2,497K1,3
2007,2,497K3A,1
2007,2,497K3B,67
2007,2,5,966
2007,2,5/A,76
2007,2,6-K,7348
2007,2,6-K/A,65
2007,2,8-A12B,313
2007,2,8-A12B/A,64
2007,2,8-A12G,79
2007,2,8-A12G/A,26
2007,2,8-K,26466
2007,2,8-K/A,1061
2007,2,8-K12B,1
2007,2,8-K12G3,8
2007,2,8-K12G3/A,3
2007,2,8-M,1
2007,2,9-M,1
2007,2,ADV-E,32
2007,2,ADV-H-T,1
2007,2,ADV-NR,8
2007,2,APP WD,2
2007,2,ARS,1425
2007,2,ARS/A,2
2007,2,AW,72
2007,2,AW WD,15
2007,2,CB,25
2007,2,CB/A,70
2007,2,CERTAMX,87
2007,2,CERTNAS,74
2007,2,CERTNYS,88
2007,2,CERTPAC,4
2007,2,CORRESP,2714
2007,2,D,1
2007,2,D/A,1
2007,2,DEF 14A,3235
2007,2,DEF 14C,165
2007,2,DEFA14A,1427
2007,2,DEFA14C,8
2007,2,DEFC14A,68
2007,2,DEFC14C,2
2007,2,DEFM14A,92
2007,2,DEFM14C,4
2007,2,DEFN14A,10
2007,2,DEFR14A,121
2007,2,DEFR14C,7
2007,2,DEL AM,8
2007,2,DFAN14A,349
2007,2,DFRN14A,9
2007,2,EFFECT,3120
2007,2,F-1,21
2007,2,F-1/A,56
2007,2,F-10,11
2007,2,F-10/A,50
2007,2,F-10EF,2
2007,2,F-1MEF,1
2007,2,F-3,96
2007,2,F-3/A,88
2007,2,F-3ASR,16
2007,2,F-3D,3
2007,2,F-4,46
2007,2,F-4/A,83
2007,2,F-6,25
2007,2,F-6 POS,27
2007,2,F-6/A,4
2007,2,F-6EF,23
2007,2,F-8/A,1
2007,2,F-9,1
2007,2,F-9/A,1
2007,2,F-N,3
2007,2,F-X,44
2007,2,F-X/A,7
2007,2,FOCUSN,165
2007,2,FOCUSN/A,26
2007,2,FWP,3418
2007,2,G-405,1
2007,2,G-FIN/A,1
2007,2,G-FINW,2
2007,2,MSD,1
2007,2,MSD/A,6
2007,2,MSDW,1
2007,2,N-14,28
2007,2,N-14 8C/A,6
2007,2,N-14/A,13
2007,2,N-14AE,12
2007,2,N-14AE/A,1
2007,2,N-18F1,13
2007,2,N-1A,10
2007,2,N-1A/A,33
2007,2,N-2,58
2007,2,N-2/A,79
2007,2,N-23C-2,2
2007,2,N-23C3A,24
2007,2,N-23C3B,6
2007,2,N-23C3C/A,2
2007,2,N-2MEF,6
2007,2,N-3,4
2007,2,N-30B-2,93
2007,2,N-30D,8
2007,2,N-30D/A,1
2007,2,N-4,58
2007,2,N-4/A,18
2007,2,N-54A,3
2007,2,N-54C,6
2007,2,N-6,46
2007,2,N-6/A,5
2007,2,N-6F,3
2007,2,N-8A,44
2007,2,N-8A/A,11
2007,2,N-8B-2,1
2007,2,N-8F,41
2007,2,N-8F/A,33
2007,2,N-CSR,543
2007,2,N-CSR/A,69
2007,2,N-CSRS,788
2007,2,N-CSRS/A,21
2007,2,N-PX,3
2007,2,N-PX/A,18
2007,2,N-Q,1780
2007,2,N-Q/A,36
2007,2,NO ACT,71
2007,2,NSAR-A,1019
2007,2,NSAR-A/A,49
2007,2,NSAR-AT,2
2007,2,NSAR-B,471
2007,2,NSAR-B/A,93
2007,2,NSAR-BT,2
2007,2,NSAR-U,7
2007,2,NSAR-U/A,2
2007,2,NT 10-K,1044
2007,2,NT 10-K/A,11
2007,2,NT 10-Q,1282
2007,2,NT 10-Q/A,8
2007,2,NT 11-K,70
2007,2,NT 15D2,1
2007,2,NT 20-F,44
2007,2,NT-NCSR,2
2007,2,NT-NSAR,10
2007,2,NTN 10K,31
2007,2,NTN 10Q,31
2007,2,POS 8C,31
2007,2,POS AM,680
2007,2,POS AMI,67
2007,2,POS EX,14
2007,2,POS462B,3
2007,2,POSASR,128
2007,2,PRE 14A,646
2007,2,PRE 14C,139
2007,2,PREC14A,73
2007,2,PREM14A,95
2007,2,PREM14C,12
2007,2,PREN14A,14
2007,2,PRER14A,160
2007,2,PRER14C,38
2007,2,PRRN14A,74
2007,2,PX14A6G,69
2007,2,PX14A6N,6
2007,2,QRTLYRPT,1
2007,2,REG-NR,1
2007,2,REGDEX,5218
2007,2,REGDEX/A,1977
2007,2,REVOKED,23
2007,2,RW,175
2007,2,RW WD,7
2007,2,S-1,329
2007,2,S-1/A,551
2007,2,S-11,10
2007,2,S-11/A,18
2007,2,S-1MEF,21
2007,2,S-3,374
2007,2,S-3/A,497
2007,2,S-3ASR,472
2007,2,S-3D,3
2007,2,S-3DPOS,2
2007,2,S-3MEF,39
2007,2,S-4,1024
2007,2,S-4 POS,5
2007,2,S-4/A,1260
2007,2,S-4EF,1
2007,2,S-4MEF,1
2007,2,S-6,204
2007,2,S-6/A,43
2007,2,S-8,925
2007,2,S-8 POS,344
2007,2,S-B,5
2007,2,S-B/A,3
2007,2,S-BMEF,4
2007,2,SB-1,7
2007,2,SB-1/A,3
2007,2,SB-2,267
2007,2,SB-2/A,557
2007,2,SB-2MEF,4
2007,2,SC 13D,1251
2007,2,SC 13D/A,2839
2007,2,SC 13E3,40
2007,2,SC 13E3/A,168
2007,2,SC 13G,2216
2007,2,SC 13G/A,2019
2007,2,SC 14D9,81
2007,2,SC 14D9/A,180
2007,2,SC 14F1,51
2007,2,SC 14F1/A,4
2007,2,SC TO-C,194
2007,2,SC TO-I,145
2007,2,SC TO-I/A,231
2007,2,SC TO-T,128
2007,2,SC TO-T/A,643
2007,2,SC13E4F/A,2
2007,2,SC14D1F,2
2007,2,SC14D1F/A,6
2007,2,SC14D9C,58
2007,2,SC14D9F,1
2007,2,SE,16
2007,2,SP 15D2,4
2007,2,SUPPL,2313
2007,2,T-3,3
2007,2,T-3/A,3
2007,2,TA-1,2
2007,2,TA-1/A,36
2007,2,TA-2,29
2007,2,TA-2/A,2
2007,2,TA-W,15
2007,2,UPLOAD,2905
2007,2,X-17A-5,448
2007,2,X-17A-5/A,265
2007,3,1-A,4
2007,3,1-A/A,13
2007,3,1-E/A,2
2007,3,10-12B,6
2007,3,10-12B/A,12
2007,3,10-12G,6
2007,3,10-12G/A,27
2007,3,10-D,2219
2007,3,10-D/A,159
2007,3,10-K,519
2007,3,10-K/A,271
2007,3,10-KT,3
2007,3,10-Q,6240
2007,3,10-Q/A,225
2007,3,10KSB,533
2007,3,10KSB/A,206
2007,3,10QSB,3158
2007,3,10QSB/A,365
2007,3,10SB12B,1
2007,3,10SB12B/A,3
2007,3,10SB12G,59
2007,3,10SB12G/A,60
2007,3,11-K,191
2007,3,11-K/A,18
2007,3,11-KT,1
2007,3,12G3-2B,23
2007,3,12G32BR,2
2007,3,13F-HR,2811
2007,3,13F-HR/A,354
2007,3,13F-NT,936
2007,3,13F-NT/A,27
2007,3,13FCONP,16
2007,3,144,346
2007,3,144/A,12
2007,3,15-12B,62
2007,3,15-12B/A,1
2007,3,15-12G,158
2007,3,15-12G/A,2
2007,3,15-15D,73
2007,3,15F-12B,25
2007,3,15F-12B/A,3
2007,3,15F-12G,13
2007,3,15F-15D,12
2007,3,18-K,10
2007,3,18-K/A,22
2007,3,19B-4,1
2007,3,19B-4E,134
2007,3,2-A/A,2
2007,3,2-AF,3
2007,3,2-E,4
2007,3,20-F,191
2007,3,20-F/A,58
2007,3,20FR12B,2
2007,3,20FR12B/A,2
2007,3,20FR12G,7
2007,3,20FR12G/A,22
2007,3,24F-2NT,862
2007,3,24F-2NT/A,29
2007,3,25,62
2007,3,25-NSE,442
2007,3,25-NSE/A,2
2007,3,3,11657
2007,3,3/A,653
2007,3,305B2,25
2007,3,4,105381
2007,3,4/A,3675
2007,3,40-17F1,1
2007,3,40-17F2,733
2007,3,40-17F2/A,1
2007,3,40-17G,1350
2007,3,40-17G/A,477
2007,3,40-24B2,244
2007,3,40-24B2/A,5
2007,3,40-33,21
2007,3,40-6B,6
2007,3,40-6B/A,2
2007,3,40-6C,118
2007,3,40-6C/A,110
2007,3,40-APP,30
2007,3,40-APP/A,146
2007,3,40-F,7
2007,3,40-F/A,11
2007,3,40FR12B,2
2007,3,40FR12B/A,3
2007,3,40FR12G/A,1
2007,3,424A,4
2007,3,424B1,53
2007,3,424B2,1837
2007,3,424B3,4006
2007,3,424B4,86
2007,3,424B5,1296
2007,3,424B7,555
2007,3,424B8,11
2007,3,425,1471
2007,3,485APOS,314
2007,3,485BPOS,1040
2007,3,485BXT,87
2007,3,487,173
2007,3,497,4242
2007,3,497AD,93
2007,3,497J,884
2007,3,497K1,2
2007,3,497K3A,2
2007,3,497K3B,68
2007,3,5,1057
2007,3,5/A,60
2007,3,6-K,6379
2007,3,6-K/A,58
2007,3,8-A12B,234
2007,3,8-A12B/A,49
2007,3,8-A12G,72
2007,3,8-A12G/A,15
2007,3,8-K,23453
2007,3,8-K/A,993
2007,3,8-K12B,3
2007,3,8-K12G3,5
2007,3,8-M,2
2007,3,9-M,1
2007,3,ADV-E,28
2007,3,ADV-H-T,1
2007,3,ADV-NR,1
2007,3,ANNLRPT,3
2007,3,APP WD,4
2007,3,ARS,382
2007,3,AW,43
2007,3,AW WD,1
2007,3,CB,17
2007,3,CB/A,7
2007,3,CERTAMX,61
2007,3,CERTNAS,65
2007,3,CERTNYS,66
2007,3,CERTPAC,7
2007,3,CORRESP,2963
2007,3,DEF 14A,1168
2007,3,DEF 14C,145
2007,3,DEFA14A,2048
2007,3,DEFA14C,1
2007,3,DEFC14A,13
2007,3,DEFC14C,4
2007,3,DEFM14A,98
2007,3,DEFM14C,8
2007,3,DEFN14A,10
2007,3,DEFR14A,41
2007,3,DEFR14C,6
2007,3,DEL AM,80
2007,3,DFAN14A,251
2007,3,DFRN14A,6
2007,3,DSTRBRPT,3
2007,3,EFFECT,3068
2007,3,F-1,19
2007,3,F-1/A,50
2007,3,F-10,10
2007,3,F-10/A,14
2007,3,F-10EF,1
2007,3,F-1MEF,2
2007,3,F-3,36
2007,3,F-3/A,9
2007,3,F-3ASR,14
2007,3,F-3D,1
2007,3,F-4,44
2007,3,F-4/A,31
2007,3,F-6,20
2007,3,F-6 POS,28
2007,3,F-6/A,2
2007,3,F-6EF,35
2007,3,F-7,2
2007,3,F-7/A,1
2007,3,F-8,1
2007,3,F-80,1
2007,3,F-9,2
2007,3,F-9/A,2
2007,3,F-N,5
2007,3,F-X,43
2007,3,F-X/A,3
2007,3,FOCUSN,83
2007,3,FOCUSN/A,3
2007,3,FWP,2537
2007,3,G-FIN/A,3
2007,3,MSD,3
2007,3,MSD/A,3
2007,3,MSDW,1
2007,3,N-14,53
2007,3,N-14 8C,2
2007,3,N-14 8C/A,7
2007,3,N-14/A,59
2007,3,N-14AE,7
2007,3,N-18F1,3
2007,3,N-1A,14
2007,3,N-1A/A,24
2007,3,N-2,39
2007,3,N-2/A,74
2007,3,N-23C-2,1
2007,3,N-23C3A,25
2007,3,N-23C3A/A,1
2007,3,N-23C3B,5
2007,3,N-23C3C,1
2007,3,N-23C3C/A,1
2007,3,N-2MEF,14
2007,3,N-30B-2,135
2007,3,N-30D,222
2007,3,N-4,23
2007,3,N-4/A,34
2007,3,N-54A,2
2007,3,N-54C,2
2007,3,N-6,23
2007,3,N-6/A,7
2007,3,N-6F,1
2007,3,N-8A,43
2007,3,N-8A/A,3
2007,3,N-8B-2/A,1
2007,3,N-8F,59
2007,3,N-8F/A,27
2007,3,N-CSR,575
2007,3,N-CSR/A,28
2007,3,N-CSRS,1406
2007,3,N-CSRS/A,19
2007,3,N-PX,3403
2007,3,N-PX/A,58
2007,3,N-Q,1529
2007,3,N-Q/A,22
2007,3,NO ACT,69
2007,3,NSAR-A,1109
2007,3,NSAR-A/A,43
2007,3,NSAR-AT,2
2007,3,NSAR-B,461
2007,3,NSAR-B/A,38
2007,3,NSAR-BT,5
2007,3,NSAR-BT/A,1
2007,3,NSAR-U,1
2007,3,NT 10-K,292
2007,3,NT 10-K/A,2
2007,3,NT 10-Q,1235
2007,3,NT 10-Q/A,12
2007,3,NT 11-K,48
2007,3,NT 20-F,35
2007,3,NT 20-F/A,1
2007,3,NT-NCSR,2
2007,3,NT-NSAR,4
2007,3,NT-NSAR/A,3
2007,3,NTN 10K,9
2007,3,NTN 10Q,33
2007,3,NTN 20F,4
2007,3,POS 8C,16
2007,3,POS AM,727
2007,3,POS AMI,42
2007,3,POS EX,34
2007,3,POS462B,1
2007,3,POSASR,315
2007,3,PRE 14A,433
2007,3,PRE 14C,133
2007,3,PREC14A,18
2007,3,PREM14A,96
2007,3,PREM14C,13
2007,3,PREN14A,4
2007,3,PRER14A,144
2007,3,PRER14C,32
2007,3,PRRN14A,28
2007,3,PX14A6G,6
2007,3,QRTLYRPT,1
2007,3,REG-NR,3
2007,3,REG-NR/A,1
2007,3,REGDEX,5527
2007,3,REGDEX/A,1862
2007,3,REVOKED,30
2007,3,RW,169
2007,3,RW WD,4
2007,3,S-1,339
2007,3,S-1/A,572
2007,3,S-11,7
2007,3,S-11/A,18
2007,3,S-1MEF,7
2007,3,S-3,574
2007,3,S-3/A,467
2007,3,S-3ASR,389
2007,3,S-3D,10
2007,3,S-3DPOS,6
2007,3,S-3MEF,5
2007,3,S-4,1538
2007,3,S-4/A,1222
2007,3,S-4EF,1
2007,3,S-4MEF,2
2007,3,S-6,180
2007,3,S-6/A,37
2007,3,S-8,733
2007,3,S-8 POS,412
2007,3,S-B,1
2007,3,SB-1,2
2007,3,SB-1/A,3
2007,3,SB-2,245
2007,3,SB-2/A,436
2007,3,SB-2MEF,2
2007,3,SC 13D,1345
2007,3,SC 13D/A,2727
2007,3,SC 13E3,19
2007,3,SC 13E3/A,116
2007,3,SC 13G,2687
2007,3,SC 13G/A,2126
2007,3,SC 14D9,56
2007,3,SC 14D9/A,128
2007,3,SC 14F1,41
2007,3,SC 14F1/A,1
2007,3,SC TO-C,116
2007,3,SC TO-I,112
2007,3,SC TO-I/A,240
2007,3,SC TO-T,74
2007,3,SC TO-T/A,438
2007,3,SC14D1F,2
2007,3,SC14D1F/A,8
2007,3,SC14D9C,37
2007,3,SC14D9F/A,1
2007,3,SE,24
2007,3,SUPPL,1918
2007,3,T-3,85
2007,3,T-3/A,73
2007,3,TA-1,5
2007,3,TA-1/A,59
2007,3,TA-2,4
2007,3,TA-2/A,4
2007,3,TA-W,3
2007,3,UPLOAD,3151
2007,3,X-17A-5,331
2007,3,X-17A-5/A,30
2007,4,1,1
2007,4,1-A,11
2007,4,1-A/A,24
2007,4,1-E,4
2007,4,1-E/A,1
2007,4,10-12B,9
2007,4,10-12B/A,21
2007,4,10-12G,15
2007,4,10-12G/A,16
2007,4,10-D,2842
2007,4,10-D/A,154
2007,4,10-K,566
2007,4,10-K/A,207
2007,4,10-KT,4
2007,4,10-KT/A,1
2007,4,10-Q,6096
2007,4,10-Q/A,296
2007,4,10-QT,1
2007,4,10KSB,476
2007,4,10KSB/A,206
2007,4,10QSB,3240
2007,4,10QSB/A,382
2007,4,10SB12B,2
2007,4,10SB12G,91
2007,4,10SB12G/A,69
2007,4,11-K,63
2007,4,11-K/A,2
2007,4,12G3-2B,31
2007,4,13F-HR,2791
2007,4,13F-HR/A,295
2007,4,13F-NT,938
2007,4,13F-NT/A,33
2007,4,13FCONP,21
2007,4,144,254
2007,4,144/A,12
2007,4,15-12B,87
2007,4,15-12G,187
2007,4,15-12G/A,2
2007,4,15-15D,103
2007,4,15F-12B,10
2007,4,15F-12B/A,3
2007,4,15F-12G,13
2007,4,15F-12G/A,1
2007,4,15F-15D,8
2007,4,18-K,15
2007,4,18-K/A,23
2007,4,19B-4E,369
2007,4,2-AF,1
2007,4,2-E,1
2007,4,2-E/A,1
2007,4,20-F,77
2007,4,20-F/A,58
2007,4,20FR12B/A,8
2007,4,20FR12G,3
2007,4,20FR12G/A,13
2007,4,24F-2NT,1014
2007,4,24F-2NT/A,19
2007,4,25,98
2007,4,25-NSE,444
2007,4,25-NSE/A,20
2007,4,25/A,4
2007,4,3,14953
2007,4,3/A,723
2007,4,305B2,30
2007,4,39-304D,1
2007,4,4,113408
2007,4,4/A,3756
2007,4,40-17F2,189
2007,4,40-17F2/A,17
2007,4,40-17G,1494
2007,4,40-17G/A,257
2007,4,40-206A/A,2
2007,4,40-24B2,194
2007,4,40-24B2/A,1
2007,4,40-33,11
2007,4,40-6B/A,16
2007,4,40-6C,3
2007,4,40-6C/A,85
2007,4,40-8B25,2
2007,4,40-APP,172
2007,4,40-APP/A,77
2007,4,40-F,15
2007,4,40-F/A,9
2007,4,40FR12B,1
2007,4,40FR12B/A,1
2007,4,424A,9
2007,4,424B1,41
2007,4,424B2,2277
2007,4,424B3,3864
2007,4,424B4,129
2007,4,424B5,989
2007,4,424B7,1104
2007,4,424B8,7
2007,4,425,1309
2007,4,485APOS,476
2007,4,485BPOS,1166
2007,4,485BXT,133
2007,4,486APOS,2
2007,4,486BPOS,5
2007,4,487,172
2007,4,497,4062
2007,4,497AD,57
2007,4,497H2,1
2007,4,497J,1056
2007,4,497K1,7
2007,4,497K3A,1
2007,4,497K3B,71
2007,4,5,1020
2007,4,5/A,32
2007,4,6-K,6547
2007,4,6-K/A,80
2007,4,8-A12B,357
2007,4,8-A12B/A,48
2007,4,8-A12G,75
2007,4,8-A12G/A,16
2007,4,8-K,25041
2007,4,8-K/A,1108
2007,4,8-K12B,3
2007,4,8-K12B/A,2
2007,4,8-K12G3,4
2007,4,8-K15D5,2
2007,4,ADV-E,48
2007,4,ADV-H-C,1
2007,4,APP WD,4
2007,4,ARS,286
2007,4,AW,33
2007,4,CB,22
2007,4,CB/A,26
2007,4,CERTAMX,76
2007,4,CERTNAS,99
2007,4,CERTNYS,93
2007,4,CERTPAC,48
2007,4,CORRESP,2993
2007,4,D/A,1
2007,4,DEF 14A,864
2007,4,DEF 14C,189
2007,4,DEFA14A,845
2007,4,DEFA14C,11
2007,4,DEFC14A,12
2007,4,DEFM14A,74
2007,4,DEFM14C,5
2007,4,DEFN14A,12
2007,4,DEFR14A,19
2007,4,DEFR14C,7
2007,4,DEL AM,3
2007,4,DFAN14A,184
2007,4,DFRN14A,1
2007,4,DSTRBRPT,1
2007,4,EFFECT,2229
2007,4,F-1,26
2007,4,F-1/A,92
2007,4,F-10,7
2007,4,F-10/A,6
2007,4,F-10POS,2
2007,4,F-1MEF,4
2007,4,F-3,110
2007,4,F-3/A,157
2007,4,F-3ASR,7
2007,4,F-4,18
2007,4,F-4/A,43
2007,4,F-6,30
2007,4,F-6 POS,26
2007,4,F-6/A,6
2007,4,F-6EF,43
2007,4,F-8/A,1
2007,4,F-9,5
2007,4,F-9/A,4
2007,4,F-N,4
2007,4,F-X,63
2007,4,FOCUSN,123
2007,4,FOCUSN/A,10
2007,4,FWP,2717
2007,4,G-FIN/A,1
2007,4,MSD,1
2007,4,MSD/A,14
2007,4,MSDW,1
2007,4,N-14,20
2007,4,N-14 8C,1
2007,4,N-14 8C/A,1
2007,4,N-14/A,22
2007,4,N-14AE,6
2007,4,N-18F1,6
2007,4,N-1A,20
2007,4,N-1A/A,27
2007,4,N-2,28
2007,4,N-2/A,37
2007,4,N-23C-2,2
2007,4,N-23C3A,23
2007,4,N-23C3B,6
2007,4,N-23C3C/A,1
2007,4,N-30B-2,74
2007,4,N-30D,4
2007,4,N-4,55
2007,4,N-4/A,41
2007,4,N-54A,1
2007,4,N-54C,1
2007,4,N-6,26
2007,4,N-6/A,17
2007,4,N-6F,3
2007,4,N-8A,29
2007,4,N-8A/A,8
2007,4,N-8F,50
2007,4,N-8F/A,41
2007,4,N-CSR,888
2007,4,N-CSR/A,35
2007,4,N-CSRS,440
2007,4,N-CSRS/A,19
2007,4,N-PX,3
2007,4,N-PX/A,9
2007,4,N-Q,1710
2007,4,N-Q/A,30
2007,4,NO ACT,93
2007,4,NSAR-A,514
2007,4,NSAR-A/A,31
2007,4,NSAR-AT,1
2007,4,NSAR-B,1032
2007,4,NSAR-B/A,36
2007,4,NSAR-BT,10
2007,4,NSAR-BT/A,5
2007,4,NT 10-K,259
2007,4,NT 10-K/A,1
2007,4,NT 10-Q,1095
2007,4,NT 10-Q/A,11
2007,4,NT 20-F,14
2007,4,NT-NCSR,1
2007,4,NT-NSAR,10
2007,4,NTN 10K,20
2007,4,NTN 10Q,48
2007,4,POS 8C,5
2007,4,POS AM,466
2007,4,POS AMI,41
2007,4,POS EX,27
2007,4,POS462B,1
2007,4,POS462C,2
2007,4,POSASR,237
2007,4,PRE 14A,309
2007,4,PRE 14C,187
2007,4,PREC14A,38
2007,4,PREM14A,57
2007,4,PREM14C,10
2007,4,PREN14A,6
2007,4,PRER14A,140
2007,4,PRER14C,39
2007,4,PRRN14A,29
2007,4,PX14A6G,18
2007,4,QRTLYRPT,1
2007,4,REGDEX,5350
2007,4,REGDEX/A,1802
2007,4,REVOKED,55
2007,4,RW,155
2007,4,RW WD,7
2007,4,S-1,157
2007,4,S-1/A,715
2007,4,S-11,6
2007,4,S-11/A,25
2007,4,S-1MEF,18
2007,4,S-3,282
2007,4,S-3/A,171
2007,4,S-3ASR,284
2007,4,S-3D,7
2007,4,S-3DPOS,5
2007,4,S-3MEF,6
2007,4,S-4,544
2007,4,S-4 POS,1
2007,4,S-4/A,845
2007,4,S-4EF,1
2007,4,S-4EF/A,2
2007,4,S-4MEF,2
2007,4,S-6,152
2007,4,S-6/A,34
2007,4,S-8,668
2007,4,S-8 POS,361
2007,4,S-B,5
2007,4,S-B/A,3
2007,4,SB-1,1
2007,4,SB-1/A,4
2007,4,SB-2,294
2007,4,SB-2/A,454
2007,4,SB-2MEF,3
2007,4,SC 13D,1385
2007,4,SC 13D/A,2836
2007,4,SC 13E3,36
2007,4,SC 13E3/A,128
2007,4,SC 13G,2543
2007,4,SC 13G/A,2294
2007,4,SC 14D9,48
2007,4,SC 14D9/A,48
2007,4,SC 14F1,65
2007,4,SC 14F1/A,12
2007,4,SC TO-C,134
2007,4,SC TO-I,131
2007,4,SC TO-I/A,165
2007,4,SC TO-T,66
2007,4,SC TO-T/A,254
2007,4,SC14D1F,10
2007,4,SC14D1F/A,18
2007,4,SC14D9C,53
2007,4,SC14D9F,5
2007,4,SC14D9F/A,2
2007,4,SE,8
2007,4,SUPPL,1729
2007,4,T-3/A,13
2007,4,TA-1,4
2007,4,TA-1/A,47
2007,4,TA-2,4
2007,4,TA-2/A,3
2007,4,TA-W,18
2007,4,UNDER,3
2007,4,UPLOAD,2995
2007,4,WDL-REQ,1
2007,4,X-17A-5,329
2007,4,X-17A-5/A,30
2008,1,1,1
2008,1,1-A,5
2008,1,1-A/A,19
2008,1,1-E,2
2008,1,1-E/A,2
2008,1,10-12B,7
2008,1,10-12B/A,25
2008,1,10-12G,49
2008,1,10-12G/A,72
2008,1,10-D,1201
2008,1,10-D/A,336
2008,1,10-K,6330
2008,1,10-K/A,301
2008,1,10-KT,5
2008,1,10-KT/A,3
2008,1,10-Q,1579
2008,1,10-Q/A,172
2008,1,10-QT,5
2008,1,10KSB,1237
2008,1,10KSB/A,220
2008,1,10QSB,1381
2008,1,10QSB/A,353
2008,1,10SB12B,2
2008,1,10SB12G,56
2008,1,10SB12G/A,23
2008,1,11-K,71
2008,1,12G3-2B,25
2008,1,12G32BR,2
2008,1,13F-HR,3120
2008,1,13F-HR/A,294
2008,1,13F-NT,1006
2008,1,13F-NT/A,42
2008,1,13FCONP,24
2008,1,144,174
2008,1,144/A,4
2008,1,15-12B,42
2008,1,15-12B/A,3
2008,1,15-12G,144
2008,1,15-12G/A,7
2008,1,15-15D,1258
2008,1,15-15D/A,5
2008,1,15F-12B,11
2008,1,15F-12G,7
2008,1,15F-15D,8
2008,1,18-K,4
2008,1,18-K/A,23
2008,1,19B-4E,304
2008,1,2-A,1
2008,1,2-A/A,1
2008,1,2-E,2
2008,1,20-F,160
2008,1,20-F/A,46
2008,1,20FR12G,2
2008,1,20FR12G/A,7
2008,1,24F-2NT,3133
2008,1,24F-2NT/A,35
2008,1,25,43
2008,1,25-NSE,364
2008,1,25-NSE/A,10
2008,1,25/A,2
2008,1,3,10453
2008,1,3/A,811
2008,1,305B2,34
2008,1,4,137896
2008,1,4/A,5735
2008,1,40-17F1,1
2008,1,40-17F2,229
2008,1,40-17F2/A,1
2008,1,40-17G,859
2008,1,40-17G/A,89
2008,1,40-202A,1
2008,1,40-202A/A,2
2008,1,40-24B2,247
2008,1,40-33,9
2008,1,40-6B,1
2008,1,40-6B/A,9
2008,1,40-8B25,1
2008,1,40-APP,321
2008,1,40-APP/A,188
2008,1,40-F,95
2008,1,40-F/A,9
2008,1,40FR12B,3
2008,1,424A,9
2008,1,424B1,20
2008,1,424B2,2405
2008,1,424B3,2725
2008,1,424B4,41
2008,1,424B5,954
2008,1,424B7,826
2008,1,424B8,15
2008,1,425,851
2008,1,485APOS,446
2008,1,485BPOS,1049
2008,1,485BXT,162
2008,1,486APOS,1
2008,1,486BPOS,5
2008,1,487,171
2008,1,497,3727
2008,1,497AD,62
2008,1,497J,1088
2008,1,497K1,2
2008,1,497K3A,1
2008,1,497K3B,62
2008,1,5,8815
2008,1,5/A,265
2008,1,6-K,5870
2008,1,6-K/A,91
2008,1,8-A12B,228
2008,1,8-A12B/A,42
2008,1,8-A12G,60
2008,1,8-A12G/A,16
2008,1,8-K,23692
2008,1,8-K/A,1051
2008,1,8-K12B,2
2008,1,8-K12G3,2
2008,1,8-K15D5,1
2008,1,ADN-MTL,2
2008,1,ADV-E,65
2008,1,ADV-H-C,2
2008,1,APP WD,2
2008,1,ARS,686
2008,1,AW,46
2008,1,AW WD,1
2008,1,CB,15
2008,1,CB/A,28
2008,1,CERTAMX,69
2008,1,CERTNAS,49
2008,1,CERTNYS,42
2008,1,CERTPAC,17
2008,1,CORRESP,2652
2008,1,D,1
2008,1,DEF 14A,1834
2008,1,DEF 14C,183
2008,1,DEFA14A,1237
2008,1,DEFA14C,44
2008,1,DEFC14A,44
2008,1,DEFM14A,47
2008,1,DEFM14C,2
2008,1,DEFN14A,10
2008,1,DEFR14A,65
2008,1,DEFR14C,6
2008,1,DEL AM,12
2008,1,DFAN14A,376
2008,1,DFRN14A,2
2008,1,DSTRBRPT,3
2008,1,EFFECT,1397
2008,1,F-1,13
2008,1,F-1/A,25
2008,1,F-10,6
2008,1,F-10/A,8
2008,1,F-10POS,3
2008,1,F-3,10
2008,1,F-3/A,15
2008,1,F-3ASR,6
2008,1,F-4,8
2008,1,F-4 POS,1
2008,1,F-4/A,17
2008,1,F-6,22
2008,1,F-6 POS,22
2008,1,F-6/A,2
2008,1,F-6EF,23
2008,1,F-8,1
2008,1,F-9,2
2008,1,F-9/A,1
2008,1,F-N,5
2008,1,F-X,24
2008,1,F-X/A,1
2008,1,FOCUSN,1340
2008,1,FOCUSN/A,19
2008,1,FWP,2711
2008,1,G-405,2
2008,1,G-405N,2
2008,1,G-FIN/A,3
2008,1,MSD/A,10
2008,1,N-14,30
2008,1,N-14 8C,2
2008,1,N-14/A,14
2008,1,N-14AE,5
2008,1,N-18F1,4
2008,1,N-1A,19
2008,1,N-1A/A,27
2008,1,N-2,39
2008,1,N-2/A,38
2008,1,N-23C-2,8
2008,1,N-23C3A,21
2008,1,N-23C3B,4
2008,1,N-23C3C/A,1
2008,1,N-2MEF,1
2008,1,N-30B-2,142
2008,1,N-30D,261
2008,1,N-4,36
2008,1,N-4/A,30
2008,1,N-54A,2
2008,1,N-54C,4
2008,1,N-6,30
2008,1,N-6/A,12
2008,1,N-6F,1
2008,1,N-8A,38
2008,1,N-8A/A,7
2008,1,N-8B-2,1
2008,1,N-8B-2/A,2
2008,1,N-8F,40
2008,1,N-8F/A,19
2008,1,N-CSR,1577
2008,1,N-CSR/A,112
2008,1,N-CSRS,451
2008,1,N-CSRS/A,10
2008,1,N-PX,4
2008,1,N-PX/A,6
2008,1,N-Q,1593
2008,1,N-Q/A,21
2008,1,NO ACT,488
2008,1,NSAR-A,482
2008,1,NSAR-A/A,53
2008,1,NSAR-AT,2
2008,1,NSAR-B,1101
2008,1,NSAR-B/A,105
2008,1,NSAR-BT,4
2008,1,NSAR-BT/A,1
2008,1,NSAR-U,815
2008,1,NSAR-U/A,11
2008,1,NT 10-K,1121
2008,1,NT 10-K/A,9
2008,1,NT 10-Q,463
2008,1,NT 10-Q/A,2
2008,1,NT 11-K,5
2008,1,NT 20-F,6
2008,1,NT 20-F/A,1
2008,1,NT-NCSR,12
2008,1,NT-NCSR/A,2
2008,1,NT-NSAR,27
2008,1,NT-NSAR/A,1
2008,1,NTFNCSR,1
2008,1,NTFNSAR,1
2008,1,NTN 10K,7
2008,1,NTN 10Q,41
2008,1,POS 8C,14
2008,1,POS AM,602
2008,1,POS AMI,61
2008,1,POS EX,29
2008,1,POS462C,1
2008,1,POSASR,74
2008,1,PRE 14A,536
2008,1,PRE 14C,150
2008,1,PREC14A,77
2008,1,PREM14A,41
2008,1,PREM14C,8
2008,1,PREN14A,22
2008,1,PRER14A,96
2008,1,PRER14C,43
2008,1,PRRN14A,26
2008,1,PX14A6G,2
2008,1,QRTLYRPT,1
2008,1,REGDEX,5568
2008,1,REGDEX/A,1845
2008,1,REVOKED,40
2008,1,RW,147
2008,1,RW WD,7
2008,1,S-1,281
2008,1,S-1/A,529
2008,1,S-11,8
2008,1,S-11/A,18
2008,1,S-1MEF,6
2008,1,S-3,213
2008,1,S-3/A,152
2008,1,S-3ASR,99
2008,1,S-3D,9
2008,1,S-3DPOS,1
2008,1,S-3MEF,3
2008,1,S-4,254
2008,1,S-4 POS,2
2008,1,S-4/A,404
2008,1,S-6,185
2008,1,S-6/A,55
2008,1,S-8,536
2008,1,S-8 POS,337
2008,1,S-B,1
2008,1,S-B/A,1
2008,1,SB-2,123
2008,1,SB-2/A,187
2008,1,SC 13D,1581
2008,1,SC 13D/A,2904
2008,1,SC 13E3,26
2008,1,SC 13E3/A,94
2008,1,SC 13G,15902
2008,1,SC 13G/A,26927
2008,1,SC 14D9,38
2008,1,SC 14D9/A,94
2008,1,SC 14F1,45
2008,1,SC 14F1/A,3
2008,1,SC TO-C,67
2008,1,SC TO-I,91
2008,1,SC TO-I/A,118
2008,1,SC TO-T,54
2008,1,SC TO-T/A,254
2008,1,SC14D1F/A,18
2008,1,SC14D9C,48
2008,1,SE,4
2008,1,SP 15D2,2
2008,1,SUPPL,1433
2008,1,T-3,3
2008,1,TA-1,8
2008,1,TA-1/A,88
2008,1,TA-2,421
2008,1,TA-2/A,32
2008,1,TA-W,15
2008,1,TH,1
2008,1,TTW,1
2008,1,UPLOAD,3500
2008,1,X-17A-5,3923
2008,1,X-17A-5/A,85
2008,2,1-A,4
2008,2,1-A/A,9
2008,2,1-E,2
2008,2,1-E/A,3
2008,2,10-12B,19
2008,2,10-12B/A,29
2008,2,10-12G,78
2008,2,10-12G/A,84
2008,2,10-D,318
2008,2,10-D/A,11
2008,2,10-K,965
2008,2,10-K/A,835
2008,2,10-KT,2
2008,2,10-Q,8037
2008,2,10-Q/A,258
2008,2,10-QT,1
2008,2,10-QT/A,1
2008,2,10KSB,975
2008,2,10KSB/A,329
2008,2,10QSB,1257
2008,2,10QSB/A,259
2008,2,11-K,1669
2008,2,11-K/A,16
2008,2,11-KT,4
2008,2,12G3-2B,38
2008,2,12G32BR,2
2008,2,13F-HR,3066
2008,2,13F-HR/A,403
2008,2,13F-NT,1048
2008,2,13F-NT/A,22
2008,2,13FCONP,15
2008,2,144,163
2008,2,144/A,5
2008,2,15-12B,40
2008,2,15-12B/A,1
2008,2,15-12G,162
2008,2,15-12G/A,2
2008,2,15-15D,59
2008,2,15F-12B,8
2008,2,15F-12G,17
2008,2,18-K,14
2008,2,18-K/A,26
2008,2,19B-4E,274
2008,2,2-A/A,4
2008,2,2-AF,1
2008,2,2-E/A,1
2008,2,20-F,471
2008,2,20-F/A,55
2008,2,20FR12B,1
2008,2,20FR12G,5
2008,2,20FR12G/A,4
2008,2,24F-2NT,789
2008,2,24F-2NT/A,26
2008,2,25,46
2008,2,25-NSE,370
2008,2,25-NSE/A,8
2008,2,3,10671
2008,2,3/A,543
2008,2,305B2,25
2008,2,4,125179
2008,2,4/A,3951
2008,2,40-17F1,1
2008,2,40-17F2,174
2008,2,40-17G,783
2008,2,40-17G/A,159
2008,2,40-202A/A,2
2008,2,40-24B2,190
2008,2,40-33,11
2008,2,40-6B,1
2008,2,40-6B/A,46
2008,2,40-APP,142
2008,2,40-APP/A,166
2008,2,40-F,26
2008,2,40-F/A,12
2008,2,40FR12B,1
2008,2,424A,5
2008,2,424B1,29
2008,2,424B2,2390
2008,2,424B3,2966
2008,2,424B4,74
2008,2,424B5,1025
2008,2,424B7,552
2008,2,424B8,19
2008,2,425,1042
2008,2,485APOS,315
2008,2,485BPOS,2440
2008,2,485BXT,161
2008,2,486APOS,2
2008,2,486BPOS,4
2008,2,487,171
2008,2,497,5290
2008,2,497AD,99
2008,2,497J,1925
2008,2,497K1,3
2008,2,497K2,1
2008,2,497K3A,1
2008,2,497K3B,62
2008,2,5,756
2008,2,5/A,123
2008,2,6-K,6592
2008,2,6-K/A,79
2008,2,8-A12B,257
2008,2,8-A12B/A,44
2008,2,8-A12G,84
2008,2,8-A12G/A,23
2008,2,8-K,23835
2008,2,8-K/A,866
2008,2,8-K12B/A,1
2008,2,8-K12G3,10
2008,2,8-K15D5,1
2008,2,9-M,1
2008,2,ADV-E,26
2008,2,ANNLRPT,2
2008,2,APP WD,4
2008,2,ARS,1633
2008,2,ARS/A,5
2008,2,AW,60
2008,2,AW WD,1
2008,2,CB,27
2008,2,CB/A,25
2008,2,CERTAMX,59
2008,2,CERTNAS,51
2008,2,CERTNYS,51
2008,2,CERTPAC,66
2008,2,CORRESP,2515
2008,2,CT ORDER,290
2008,2,D,1
2008,2,DEF 14A,3252
2008,2,DEF 14C,165
2008,2,DEFA14A,1482
2008,2,DEFA14C,2
2008,2,DEFC14A,55
2008,2,DEFM14A,48
2008,2,DEFM14C,4
2008,2,DEFN14A,12
2008,2,DEFR14A,119
2008,2,DEFR14C,8
2008,2,DEL AM,12
2008,2,DFAN14A,425
2008,2,DFRN14A,10
2008,2,DSTRBRPT,2
2008,2,EFFECT,1999
2008,2,F-1,8
2008,2,F-1/A,21
2008,2,F-10,8
2008,2,F-10/A,6
2008,2,F-3,28
2008,2,F-3/A,30
2008,2,F-3ASR,21
2008,2,F-3D,4
2008,2,F-4,6
2008,2,F-4/A,12
2008,2,F-6,18
2008,2,F-6 POS,13
2008,2,F-6/A,1
2008,2,F-6EF,75
2008,2,F-8,1
2008,2,F-8/A,2
2008,2,F-9,7
2008,2,F-9/A,7
2008,2,F-N,8
2008,2,F-X,40
2008,2,F-X/A,12
2008,2,FOCUSN,103
2008,2,FOCUSN/A,19
2008,2,FWP,2549
2008,2,G-405,1
2008,2,G-FIN/A,2
2008,2,MSD/A,9
2008,2,MSDW,1
2008,2,N-14,33
2008,2,N-14 8C,3
2008,2,N-14 8C/A,2
2008,2,N-14/A,8
2008,2,N-14AE,1
2008,2,N-14AE/A,2
2008,2,N-18F1,20
2008,2,N-1A,7
2008,2,N-1A/A,14
2008,2,N-2,27
2008,2,N-2/A,54
2008,2,N-23C-2,180
2008,2,N-23C-2/A,2
2008,2,N-23C3A,21
2008,2,N-23C3A/A,1
2008,2,N-23C3B,3
2008,2,N-23C3C/A,1
2008,2,N-30B-2,89
2008,2,N-30D,8
2008,2,N-4,4
2008,2,N-4/A,46
2008,2,N-54A,1
2008,2,N-54C,2
2008,2,N-6,16
2008,2,N-6/A,34
2008,2,N-8A,16
2008,2,N-8A/A,3
2008,2,N-8B-2,1
2008,2,N-8B-2/A,7
2008,2,N-8F,32
2008,2,N-8F/A,11
2008,2,N-CSR,556
2008,2,N-CSR/A,46
2008,2,N-CSRS,799
2008,2,N-CSRS/A,34
2008,2,N-PX,7
2008,2,N-PX/A,3
2008,2,N-Q,1673
2008,2,N-Q/A,36
2008,2,NO ACT,54
2008,2,NSAR-A,1007
2008,2,NSAR-A/A,21
2008,2,NSAR-B,478
2008,2,NSAR-B/A,89
2008,2,NSAR-BT,4
2008,2,NSAR-U,3
2008,2,NSAR-U/A,3
2008,2,NT 10-K,628
2008,2,NT 10-K/A,15
2008,2,NT 10-Q,1158
2008,2,NT 10-Q/A,8
2008,2,NT 11-K,28
2008,2,NT 20-F,36
2008,2,NT-NCSR,3
2008,2,NT-NSAR,2
2008,2,NTN 10K,30
2008,2,NTN 10Q,21
2008,2,POS 8C,37
2008,2,POS AM,675
2008,2,POS AMI,66
2008,2,POS EX,83
2008,2,POS462C,3
2008,2,POSASR,258
2008,2,PRE 14A,510
2008,2,PRE 14C,142
2008,2,PREC14A,62
2008,2,PREC14C,1
2008,2,PREM14A,49
2008,2,PREM14C,7
2008,2,PREN14A,16
2008,2,PRER14A,139
2008,2,PRER14C,54
2008,2,PRRN14A,56
2008,2,PX14A6G,40
2008,2,QRTLYRPT,1
2008,2,REG-NR,1
2008,2,REGDEX,5100
2008,2,REGDEX/A,1971
2008,2,REVOKED,56
2008,2,RW,167
2008,2,RW WD,8
2008,2,S-1,571
2008,2,S-1/A,868
2008,2,S-11,9
2008,2,S-11/A,33
2008,2,S-11MEF,1
2008,2,S-1MEF,8
2008,2,S-3,229
2008,2,S-3/A,145
2008,2,S-3ASR,235
2008,2,S-3D,7
2008,2,S-3DPOS,5
2008,2,S-3MEF,7
2008,2,S-4,618
2008,2,S-4 POS,1
2008,2,S-4/A,1044
2008,2,S-4MEF,3
2008,2,S-6,201
2008,2,S-6/A,51
2008,2,S-8,850
2008,2,S-8 POS,384
2008,2,S-B,5
2008,2,S-B/A,1
2008,2,S-BMEF,1
2008,2,SC 13D,1122
2008,2,SC 13D/A,2611
2008,2,SC 13E3,8
2008,2,SC 13E3/A,55
2008,2,SC 13G,2076
2008,2,SC 13G/A,2222
2008,2,SC 14D9,44
2008,2,SC 14D9/A,77
2008,2,SC 14F1,45
2008,2,SC 14F1/A,2
2008,2,SC TO-C,224
2008,2,SC TO-I,131
2008,2,SC TO-I/A,172
2008,2,SC TO-T,76
2008,2,SC TO-T/A,244
2008,2,SC14D1F/A,2
2008,2,SC14D9C,35
2008,2,SE,9
2008,2,SUPPL,1475
2008,2,T-3,142
2008,2,T-3/A,12
2008,2,TA-1,6
2008,2,TA-1/A,35
2008,2,TA-2,36
2008,2,TA-2/A,12
2008,2,TA-W,8
2008,2,UPLOAD,2986
2008,2,WDL-REQ,2
2008,2,X-17A-5,414
2008,2,X-17A-5/A,204
2008,3,1-A,8
2008,3,1-A/A,14
2008,3,1-E,2
2008,3,1-E/A,5
2008,3,10-12B,6
2008,3,10-12B/A,26
2008,3,10-12G,93
2008,3,10-12G/A,93
2008,3,10-D,415
2008,3,10-D/A,10
2008,3,10-K,663
2008,3,10-K/A,393
2008,3,10-KT,2
2008,3,10-Q,8555
2008,3,10-Q/A,470
2008,3,10KSB,286
2008,3,10KSB/A,523
2008,3,10QSB,580
2008,3,10QSB/A,129
2008,3,11-K,128
2008,3,11-K/A,20
2008,3,12G3-2B,13
2008,3,13F-HR,3074
2008,3,13F-HR/A,444
2008,3,13F-NT,1089
2008,3,13F-NT/A,29
2008,3,13FCONP,24
2008,3,144,170
2008,3,144/A,2
2008,3,15-12B,41
2008,3,15-12B/A,2
2008,3,15-12G,149
2008,3,15-12G/A,6
2008,3,15-15D,34
2008,3,15-15D/A,2
2008,3,15F-12B,3
2008,3,15F-12B/A,1
2008,3,15F-12G,12
2008,3,15F-15D,2
2008,3,18-K,11
2008,3,18-K/A,20
2008,3,19B-4E,369
2008,3,2-A/A,3
2008,3,2-AF,1
2008,3,2-E,2
2008,3,2-E/A,1
2008,3,20-F,124
2008,3,20-F/A,57
2008,3,20FR12B,3
2008,3,20FR12B/A,1
2008,3,20FR12G,2
2008,3,20FR12G/A,6
2008,3,24F-2NT,817
2008,3,24F-2NT/A,7
2008,3,25,58
2008,3,25-NSE,338
2008,3,25-NSE/A,4
2008,3,3,8742
2008,3,3/A,725
2008,3,305B2,12
2008,3,4,94794
2008,3,4/A,3258
2008,3,40-17F1,3
2008,3,40-17F2,615
2008,3,40-17G,713
2008,3,40-17G/A,116
2008,3,40-202A/A,2
2008,3,40-24B2,159
2008,3,40-24B2/A,2
2008,3,40-33,11
2008,3,40-6B,10
2008,3,40-6B/A,4
2008,3,40-APP,143
2008,3,40-APP/A,361
2008,3,40-F,7
2008,3,40-F/A,2
2008,3,40-OIP,3
2008,3,40FR12B,1
2008,3,40FR12B/A,1
2008,3,424A,3
2008,3,424B1,21
2008,3,424B2,1799
2008,3,424B3,2720
2008,3,424B4,27
2008,3,424B5,777
2008,3,424B7,100
2008,3,424B8,2
2008,3,425,1019
2008,3,485APOS,334
2008,3,485BPOS,1035
2008,3,485BXT,180
2008,3,486BPOS,3
2008,3,487,208
2008,3,497,4189
2008,3,497AD,60
2008,3,497J,921
2008,3,497K3A,1
2008,3,497K3B,60
2008,3,5,889
2008,3,5/A,38
2008,3,6-K,5560
2008,3,6-K/A,66
2008,3,8-A12B,186
2008,3,8-A12B/A,47
2008,3,8-A12G,72
2008,3,8-A12G/A,23
2008,3,8-K,21446
2008,3,8-K/A,737
2008,3,8-K12G3,7
2008,3,8-M,2
2008,3,ADN-MTL,1
2008,3,ADV-E,39
2008,3,ADV-H-C,1
2008,3,ADV-NR,2
2008,3,ANNLRPT,2
2008,3,APP WD,9
2008,3,ARS,336
2008,3,ARS/A,3
2008,3,AW,39
2008,3,CB,7
2008,3,CB/A,22
2008,3,CERTAMX,28
2008,3,CERTNAS,55
2008,3,CERTNYS,43
2008,3,CERTPAC,29
2008,3,CORRESP,2777
2008,3,CT ORDER,566
2008,3,D,32
2008,3,D/A,2
2008,3,DEF 14A,911
2008,3,DEF 14C,147
2008,3,DEFA14A,952
2008,3,DEFA14C,4
2008,3,DEFC14A,38
2008,3,DEFC14C,1
2008,3,DEFM14A,59
2008,3,DEFM14C,5
2008,3,DEFR14A,41
2008,3,DEFR14C,10
2008,3,DEL AM,19
2008,3,DFAN14A,229
2008,3,DFRN14A,4
2008,3,DSTRBRPT,2
2008,3,EFFECT,1786
2008,3,F-1,14
2008,3,F-1/A,33
2008,3,F-10,8
2008,3,F-10/A,9
2008,3,F-3,32
2008,3,F-3/A,15
2008,3,F-3ASR,10
2008,3,F-4,13
2008,3,F-4/A,8
2008,3,F-6,19
2008,3,F-6 POS,10
2008,3,F-6/A,2
2008,3,F-6EF,27
2008,3,F-7,1
2008,3,F-8,1
2008,3,F-8/A,4
2008,3,F-9,1
2008,3,F-9/A,2
2008,3,F-N,7
2008,3,F-X,24
2008,3,F-X/A,3
2008,3,FOCUSN,81
2008,3,FOCUSN/A,6
2008,3,FWP,1756
2008,3,G-FIN,1
2008,3,G-FIN/A,2
2008,3,MSD/A,24
2008,3,MSDW,16
2008,3,N-14,69
2008,3,N-14 8C,4
2008,3,N-14 8C/A,4
2008,3,N-14/A,50
2008,3,N-18F1,14
2008,3,N-18F1/A,1
2008,3,N-1A,9
2008,3,N-1A/A,26
2008,3,N-2,31
2008,3,N-2/A,30
2008,3,N-23C-2,103
2008,3,N-23C3A,23
2008,3,N-23C3A/A,1
2008,3,N-23C3B,2
2008,3,N-23C3C/A,1
2008,3,N-30B-2,150
2008,3,N-30D,217
2008,3,N-4,50
2008,3,N-4/A,17
2008,3,N-54A,2
2008,3,N-54C,5
2008,3,N-54C/A,1
2008,3,N-6,29
2008,3,N-6/A,17
2008,3,N-6F,2
2008,3,N-8A,25
2008,3,N-8A/A,2
2008,3,N-8B-2/A,5
2008,3,N-8F,88
2008,3,N-8F/A,25
2008,3,N-CSR,613
2008,3,N-CSR/A,41
2008,3,N-CSRS,1427
2008,3,N-CSRS/A,27
2008,3,N-PX,3394
2008,3,N-PX/A,110
2008,3,N-Q,1556
2008,3,N-Q/A,31
2008,3,NO ACT,62
2008,3,NSAR-A,1101
2008,3,NSAR-A/A,38
2008,3,NSAR-B,508
2008,3,NSAR-B/A,35
2008,3,NSAR-BT,3
2008,3,NSAR-U,4
2008,3,NT 10-K,314
2008,3,NT 10-K/A,1
2008,3,NT 10-Q,979
2008,3,NT 10-Q/A,7
2008,3,NT 11-K,28
2008,3,NT 20-F,24
2008,3,NT-NCSR,6
2008,3,NT-NCSR/A,1
2008,3,NT-NSAR,8
2008,3,NTN 10K,10
2008,3,NTN 10Q,33
2008,3,NTN 20F,1
2008,3,POS 8C,22
2008,3,POS AM,657
2008,3,POS AMI,63
2008,3,POS EX,36
2008,3,POS462B,2
2008,3,POSASR,267
2008,3,PRE 14A,407
2008,3,PRE 14C,124
2008,3,PREC14A,35
2008,3,PREC14C,3
2008,3,PREM14A,56
2008,3,PREM14C,14
2008,3,PREN14A,4
2008,3,PRER14A,127
2008,3,PRER14C,42
2008,3,PRRN14A,24
2008,3,PX14A6G,6
2008,3,REG-NR,1
2008,3,REGDEX,5034
2008,3,REGDEX/A,1919
2008,3,REVOKED,127
2008,3,RW,178
2008,3,RW WD,10
2008,3,S-1,261
2008,3,S-1/A,755
2008,3,S-11,6
2008,3,S-11/A,18
2008,3,S-1MEF,3
2008,3,S-3,215
2008,3,S-3/A,158
2008,3,S-3ASR,237
2008,3,S-3D,8
2008,3,S-3DPOS,2
2008,3,S-3MEF,7
2008,3,S-4,517
2008,3,S-4/A,443
2008,3,S-4MEF,2
2008,3,S-6,213
2008,3,S-6/A,55
2008,3,S-8,627
2008,3,S-8 POS,393
2008,3,S-B,4
2008,3,SC 13D,1068
2008,3,SC 13D/A,2414
2008,3,SC 13E3,33
2008,3,SC 13E3/A,64
2008,3,SC 13G,2040
2008,3,SC 13G/A,2176
2008,3,SC 14D9,43
2008,3,SC 14D9/A,83
2008,3,SC 14F1,38
2008,3,SC 14F1/A,4
2008,3,SC TO-C,134
2008,3,SC TO-I,106
2008,3,SC TO-I/A,220
2008,3,SC TO-T,68
2008,3,SC TO-T/A,238
2008,3,SC13E4F,1
2008,3,SC13E4F/A,1
2008,3,SC14D1F,2
2008,3,SC14D9C,68
2008,3,SE,15
2008,3,SUPPL,1399
2008,3,T-3,33
2008,3,T-3/A,180
2008,3,TA-1,8
2008,3,TA-1/A,45
2008,3,TA-2,5
2008,3,TA-2/A,10
2008,3,TA-W,3
2008,3,TH,2
2008,3,TTW,1
2008,3,UPLOAD,3520
2008,3,WDL-REQ,2
2008,3,X-17A-5,326
2008,3,X-17A-5/A,49
2008,4,1-A,9
2008,4,1-A/A,18
2008,4,1-E,2
2008,4,1-E/A,2
2008,4,10-12B,7
2008,4,10-12B/A,26
2008,4,10-12G,51
2008,4,10-12G/A,88
2008,4,10-D,478
2008,4,10-D/A,13
2008,4,10-K,788
2008,4,10-K/A,272
2008,4,10-KT,2
2008,4,10-Q,8869
2008,4,10-Q/A,617
2008,4,10KSB,188
2008,4,10KSB/A,212
2008,4,10QSB,116
2008,4,10QSB/A,46
2008,4,11-K,45
2008,4,11-K/A,6
2008,4,11-KT,1
2008,4,12G3-2B,2
2008,4,13F-HR,3039
2008,4,13F-HR/A,662
2008,4,13F-NT,1080
2008,4,13F-NT/A,22
2008,4,13FCONP,36
2008,4,144,180
2008,4,144/A,2
2008,4,15-12B,55
2008,4,15-12G,135
2008,4,15-12G/A,3
2008,4,15-15D,46
2008,4,15F-12G,11
2008,4,15F-12G/A,1
2008,4,15F-15D,4
2008,4,18-K,11
2008,4,18-K/A,29
2008,4,19B-4E,732
2008,4,2-E,1
2008,4,20-F,65
2008,4,20-F/A,35
2008,4,20FR12G,4
2008,4,20FR12G/A,3
2008,4,24F-2NT,1087
2008,4,24F-2NT/A,26
2008,4,25,178
2008,4,25-NSE,422
2008,4,25-NSE/A,20
2008,4,25/A,4
2008,4,3,7611
2008,4,3/A,618
2008,4,305B2,6
2008,4,4,98431
2008,4,4/A,3218
2008,4,40-17F1,2
2008,4,40-17F2,238
2008,4,40-17G,1093
2008,4,40-17G/A,156
2008,4,40-202A/A,1
2008,4,40-24B2,207
2008,4,40-33,9
2008,4,40-6B,1
2008,4,40-6B/A,25
2008,4,40-8F-2,1
2008,4,40-APP,279
2008,4,40-APP/A,235
2008,4,40-F,12
2008,4,40-F/A,5
2008,4,40-OIP,58
2008,4,40-OIP/A,9
2008,4,424B1,29
2008,4,424B2,1027
2008,4,424B3,3206
2008,4,424B4,15
2008,4,424B5,389
2008,4,424B7,72
2008,4,424B8,3
2008,4,425,824
2008,4,485APOS,345
2008,4,485BPOS,1281
2008,4,485BXT,175
2008,4,486APOS,2
2008,4,486BPOS,5
2008,4,487,173
2008,4,497,5949
2008,4,497AD,69
2008,4,497J,1330
2008,4,497K1,2
2008,4,497K2,1
2008,4,497K3A,10
2008,4,497K3B,65
2008,4,5,1035
2008,4,5/A,24
2008,4,6-K,5386
2008,4,6-K/A,84
2008,4,8-A12B,344
2008,4,8-A12B/A,43
2008,4,8-A12G,55
2008,4,8-A12G/A,17
2008,4,8-K,21950
2008,4,8-K/A,753
2008,4,8-K12B,1
2008,4,8-K12B/A,1
2008,4,8-K12G3,4
2008,4,ADV-E,60
2008,4,ADV-NR,2
2008,4,ANNLRPT,3
2008,4,APP WD,82
2008,4,ARS,244
2008,4,AW,79
2008,4,AW WD,1
2008,4,CB,23
2008,4,CB/A,9
2008,4,CERTAMX,1
2008,4,CERTNAS,26
2008,4,CERTNYS,56
2008,4,CERTPAC,114
2008,4,CORRESP,2629
2008,4,CT ORDER,239
2008,4,D,355
2008,4,D/A,59
2008,4,DEF 14A,920
2008,4,DEF 14C,127
2008,4,DEFA14A,787
2008,4,DEFA14C,5
2008,4,DEFC14A,25
2008,4,DEFM14A,53
2008,4,DEFM14C,5
2008,4,DEFN14A,6
2008,4,DEFR14A,24
2008,4,DEFR14C,4
2008,4,DEL AM,12
2008,4,DFAN14A,151
2008,4,DFRN14A,4
2008,4,EFFECT,1467
2008,4,F-1,3
2008,4,F-1/A,9
2008,4,F-10,6
2008,4,F-10/A,6
2008,4,F-10POS,1
2008,4,F-3,11
2008,4,F-3/A,13
2008,4,F-3ASR,112
2008,4,F-3DPOS,1
2008,4,F-4,5
2008,4,F-4/A,10
2008,4,F-6,27
2008,4,F-6 POS,80
2008,4,F-6/A,1
2008,4,F-6EF,1157
2008,4,F-7,2
2008,4,F-7 POS,1
2008,4,F-7/A,1
2008,4,F-8/A,1
2008,4,F-9,4
2008,4,F-9/A,1
2008,4,F-N,5
2008,4,F-X,36
2008,4,FOCUSN,112
2008,4,FOCUSN/A,3
2008,4,FWP,1288
2008,4,G-FIN,1
2008,4,G-FIN/A,7
2008,4,MSD,1
2008,4,MSD/A,6
2008,4,MSDW,3
2008,4,N-14,41
2008,4,N-14 8C,4
2008,4,N-14 8C/A,2
2008,4,N-14/A,29
2008,4,N-18F1,25
2008,4,N-18F1/A,1
2008,4,N-1A,11
2008,4,N-1A/A,17
2008,4,N-2,23
2008,4,N-2/A,20
2008,4,N-23C-2,132
2008,4,N-23C-2/A,14
2008,4,N-23C3A,19
2008,4,N-23C3B,2
2008,4,N-23C3C/A,1
2008,4,N-30B-2,77
2008,4,N-30D,9
2008,4,N-4,14
2008,4,N-4/A,63
2008,4,N-54A,2
2008,4,N-54C,2
2008,4,N-6,19
2008,4,N-6/A,49
2008,4,N-8A,26
2008,4,N-8A/A,1
2008,4,N-8F,67
2008,4,N-8F/A,14
2008,4,N-CSR,921
2008,4,N-CSR/A,49
2008,4,N-CSRS,439
2008,4,N-CSRS/A,8
2008,4,N-PX,37
2008,4,N-PX/A,11
2008,4,N-Q,1700
2008,4,N-Q/A,36
2008,4,NO ACT,139
2008,4,NSAR-A,471
2008,4,NSAR-A/A,18
2008,4,NSAR-AT,1
2008,4,NSAR-B,988
2008,4,NSAR-B/A,50
2008,4,NSAR-BT,6
2008,4,NSAR-U,1
2008,4,NT 10-K,245
2008,4,NT 10-K/A,2
2008,4,NT 10-Q,1081
2008,4,NT 10-Q/A,8
2008,4,NT 20-F,14
2008,4,NT-NCSR,7
2008,4,NT-NSAR,24
2008,4,NTN 10K,31
2008,4,NTN 10Q,30
2008,4,POS 8C,9
2008,4,POS AM,404
2008,4,POS AMI,54
2008,4,POS EX,12
2008,4,POS462B,1
2008,4,POSASR,135
2008,4,PRE 14A,368
2008,4,PRE 14C,120
2008,4,PREC14A,32
2008,4,PREC14C,2
2008,4,PREM14A,32
2008,4,PREM14C,6
2008,4,PREN14A,10
2008,4,PRER14A,207
2008,4,PRER14C,39
2008,4,PRRN14A,28
2008,4,QRTLYRPT,1
2008,4,REG-NR,1
2008,4,REGDEX,3864
2008,4,REGDEX/A,1267
2008,4,REVOKED,249
2008,4,RW,158
2008,4,RW WD,16
2008,4,S-1,239
2008,4,S-1/A,507
2008,4,S-11,10
2008,4,S-11/A,19
2008,4,S-11MEF,1
2008,4,S-3,382
2008,4,S-3/A,120
2008,4,S-3ASR,595
2008,4,S-3D,14
2008,4,S-3DPOS,11
2008,4,S-3MEF,2
2008,4,S-4,371
2008,4,S-4 POS,3
2008,4,S-4/A,857
2008,4,S-6,190
2008,4,S-6/A,60
2008,4,S-8,505
2008,4,S-8 POS,330
2008,4,S-B,9
2008,4,S-B/A,3
2008,4,SC 13D,1149
2008,4,SC 13D/A,2810
2008,4,SC 13E3,15
2008,4,SC 13E3/A,131
2008,4,SC 13G,2105
2008,4,SC 13G/A,2401
2008,4,SC 14D9,22
2008,4,SC 14D9/A,111
2008,4,SC 14F1,29
2008,4,SC 14F1/A,3
2008,4,SC TO-C,109
2008,4,SC TO-I,141
2008,4,SC TO-I/A,226
2008,4,SC TO-T,36
2008,4,SC TO-T/A,331
2008,4,SC14D1F/A,2
2008,4,SC14D9C,44
2008,4,SC14D9F,1
2008,4,SC14D9F/A,2
2008,4,SE,5
2008,4,SUPPL,1101
2008,4,T-3,7
2008,4,T-3/A,52
2008,4,TA-1,4
2008,4,TA-1/A,34
2008,4,TA-2,9
2008,4,TA-2/A,4
2008,4,TA-W,6
2008,4,UNDER,2
2008,4,UPLOAD,3090
2008,4,WDL-REQ,2
2008,4,X-17A-5,303
2008,4,X-17A-5/A,18
2009,1,1,1
2009,1,1-A,9
2009,1,1-A/A,18
2009,1,10-12B,2
2009,1,10-12B/A,1
2009,1,10-12G,33
2009,1,10-12G/A,65
2009,1,10-D,275
2009,1,10-D/A,29
2009,1,10-K,6334
2009,1,10-K/A,445
2009,1,10-KT,3
2009,1,10-Q,2794
2009,1,10-Q/A,452
2009,1,10-QT,2
2009,1,10KSB,80
2009,1,10KSB/A,90
2009,1,11-K,73
2009,1,11-K/A,1
2009,1,13F-HR,3091
2009,1,13F-HR/A,306
2009,1,13F-NT,1126
2009,1,13F-NT/A,22
2009,1,13FCONP,28
2009,1,144,109
2009,1,144/A,2
2009,1,15-12B,57
2009,1,15-12B/A,1
2009,1,15-12G,176
2009,1,15-12G/A,8
2009,1,15-15D,308
2009,1,15-15D/A,3
2009,1,15F-12B,4
2009,1,15F-12G,10
2009,1,15F-12G/A,1
2009,1,15F-15D,4
2009,1,18-K,3
2009,1,18-K/A,35
2009,1,19B-4E,1410
2009,1,2-A/A,2
2009,1,2-E,1
2009,1,20-F,148
2009,1,20-F/A,44
2009,1,20FR12G,4
2009,1,20FR12G/A,6
2009,1,24F-2NT,3278
2009,1,24F-2NT/A,59
2009,1,25,54
2009,1,25-NSE,330
2009,1,25-NSE/A,8
2009,1,25/A,1
2009,1,3,9232
2009,1,3/A,1499
2009,1,305B2,13
2009,1,305B2/A,1
2009,1,4,119394
2009,1,4/A,4905
2009,1,40-17F1,1
2009,1,40-17F2,115
2009,1,40-17G,1013
2009,1,40-17G/A,231
2009,1,40-24B2,170
2009,1,40-24B2/A,2
2009,1,40-33,13
2009,1,40-6B/A,22
2009,1,40-8B25,3
2009,1,40-APP,97
2009,1,40-APP/A,235
2009,1,40-F,89
2009,1,40-F/A,10
2009,1,40-OIP/A,76
2009,1,40FR12B,1
2009,1,424A,3
2009,1,424B1,24
2009,1,424B2,1164
2009,1,424B3,2402
2009,1,424B4,7
2009,1,424B5,418
2009,1,424B7,39
2009,1,425,794
2009,1,485APOS,348
2009,1,485BPOS,1041
2009,1,485BXT,188
2009,1,486BPOS,4
2009,1,487,212
2009,1,497,4232
2009,1,497AD,59
2009,1,497H2,1
2009,1,497J,1032
2009,1,497K3A,1
2009,1,497K3B,60
2009,1,5,8460
2009,1,5/A,299
2009,1,6-K,5029
2009,1,6-K/A,107
2009,1,6B ORDR,1
2009,1,8-A12B,132
2009,1,8-A12B/A,20
2009,1,8-A12G,43
2009,1,8-A12G/A,20
2009,1,8-K,21011
2009,1,8-K/A,756
2009,1,8-K12B,6
2009,1,8-K12B/A,1
2009,1,8-K12G3,8
2009,1,8-K12G3/A,1
2009,1,ADV-E,80
2009,1,ADV-NR,3
2009,1,ANNLRPT,1
2009,1,APP NTC,54
2009,1,APP ORDR,27
2009,1,APP WD,12
2009,1,ARS,635
2009,1,AW,49
2009,1,AW WD,4
2009,1,CB,23
2009,1,CB/A,31
2009,1,CERTNAS,17
2009,1,CERTNYS,44
2009,1,CERTPAC,34
2009,1,CORRESP,2942
2009,1,CT ORDER,438
2009,1,D,1548
2009,1,D/A,2580
2009,1,DEF 14A,1748
2009,1,DEF 14C,147
2009,1,DEFA14A,1075
2009,1,DEFA14C,6
2009,1,DEFC14A,42
2009,1,DEFM14A,16
2009,1,DEFM14C,1
2009,1,DEFR14A,32
2009,1,DEFR14C,4
2009,1,DEL AM,25
2009,1,DFAN14A,270
2009,1,DFRN14A,8
2009,1,EFFECT,1067
2009,1,F-1,3
2009,1,F-1/A,10
2009,1,F-10,14
2009,1,F-10/A,19
2009,1,F-10POS,1
2009,1,F-3,101
2009,1,F-3/A,8
2009,1,F-3ASR,57
2009,1,F-4,2
2009,1,F-4/A,7
2009,1,F-6,16
2009,1,F-6 POS,53
2009,1,F-6EF,275
2009,1,F-7,2
2009,1,F-7/A,1
2009,1,F-8,2
2009,1,F-8/A,1
2009,1,F-9,2
2009,1,F-9/A,3
2009,1,F-N,14
2009,1,F-X,44
2009,1,F-X/A,4
2009,1,FOCUSN,1176
2009,1,FOCUSN/A,19
2009,1,FWP,1437
2009,1,G-405,1
2009,1,G-405N,1
2009,1,G-FIN/A,5
2009,1,MSD/A,12
2009,1,MSDW,8
2009,1,N-14,96
2009,1,N-14 8C,5
2009,1,N-14 8C/A,6
2009,1,N-14/A,37
2009,1,N-18F1,38
2009,1,N-18F1/A,4
2009,1,N-1A,8
2009,1,N-1A/A,10
2009,1,N-2,20
2009,1,N-2/A,29
2009,1,N-23C-2,128
2009,1,N-23C-2/A,1
2009,1,N-23C3A,19
2009,1,N-23C3B,2
2009,1,N-23C3C/A,1
2009,1,N-2MEF,2
2009,1,N-30B-2,168
2009,1,N-30D,244
2009,1,N-4,8
2009,1,N-5,1
2009,1,N-54C,1
2009,1,N-6,4
2009,1,N-6/A,4
2009,1,N-8A,22
2009,1,N-8A/A,2
2009,1,N-8B-2/A,13
2009,1,N-8F,80
2009,1,N-8F/A,18
2009,1,N-CSR,1528
2009,1,N-CSR/A,23
2009,1,N-CSRS,431
2009,1,N-CSRS/A,6
2009,1,N-PX,3
2009,1,N-PX/A,4
2009,1,N-Q,1402
2009,1,N-Q/A,19
2009,1,NO ACT,414
2009,1,NSAR-A,424
2009,1,NSAR-A/A,33
2009,1,NSAR-AT,1
2009,1,NSAR-B,1063
2009,1,NSAR-B/A,74
2009,1,NSAR-BT,4
2009,1,NSAR-U,821
2009,1,NSAR-U/A,11
2009,1,NT 10-D/A,1
2009,1,NT 10-K,1071
2009,1,NT 10-K/A,13
2009,1,NT 10-Q,427
2009,1,NT 10-Q/A,1
2009,1,NT 11-K,4
2009,1,NT 20-F,5
2009,1,NT-NCSR,17
2009,1,NT-NCSR/A,1
2009,1,NT-NSAR,25
2009,1,NT-NSAR/A,5
2009,1,NTFNCSR,1
2009,1,NTFNSAR,2
2009,1,NTN 10D,1
2009,1,NTN 10K,11
2009,1,NTN 10Q,10
2009,1,OIP ORDR,3
2009,1,POS 8C,28
2009,1,POS AM,617
2009,1,POS AMI,72
2009,1,POS EX,23
2009,1,POSASR,278
2009,1,PRE 14A,699
2009,1,PRE 14C,102
2009,1,PREC14A,84
2009,1,PREC14C,8
2009,1,PREM14A,16
2009,1,PREM14C,1
2009,1,PREN14A,12
2009,1,PRER14A,166
2009,1,PRER14C,61
2009,1,PRRN14A,54
2009,1,PX14A6G,14
2009,1,QRTLYRPT,1
2009,1,REGDEX,4125
2009,1,REGDEX/A,3715
2009,1,REVOKED,60
2009,1,RW,166
2009,1,RW WD,9
2009,1,S-1,213
2009,1,S-1/A,426
2009,1,S-11,8
2009,1,S-11/A,32
2009,1,S-1MEF,1
2009,1,S-3,746
2009,1,S-3/A,223
2009,1,S-3ASR,352
2009,1,S-3D,10
2009,1,S-3DPOS,4
2009,1,S-3MEF,9
2009,1,S-4,118
2009,1,S-4 POS,2
2009,1,S-4/A,124
2009,1,S-6,216
2009,1,S-6/A,81
2009,1,S-8,475
2009,1,S-8 POS,417
2009,1,S-B,7
2009,1,S-B/A,4
2009,1,SC 13D,1170
2009,1,SC 13D/A,2966
2009,1,SC 13E3,11
2009,1,SC 13E3/A,45
2009,1,SC 13G,12966
2009,1,SC 13G/A,28092
2009,1,SC 14D9,31
2009,1,SC 14D9/A,130
2009,1,SC 14F1,27
2009,1,SC 14F1/A,3
2009,1,SC TO-C,141
2009,1,SC TO-I,116
2009,1,SC TO-I/A,178
2009,1,SC TO-T,56
2009,1,SC TO-T/A,336
2009,1,SC14D9C,16
2009,1,SE,3
2009,1,SUPPL,711
2009,1,T-3,8
2009,1,T-3/A,19
2009,1,TA-1,7
2009,1,TA-1/A,81
2009,1,TA-2,427
2009,1,TA-2/A,37
2009,1,TA-W,10
2009,1,TACO,1
2009,1,UPLOAD,3421
2009,1,X-17A-5,3689
2009,1,X-17A-5/A,117
2009,2,1,1
2009,2,1-A,5
2009,2,1-A/A,14
2009,2,1-E,1
2009,2,1-E/A,2
2009,2,10-12B,5
2009,2,10-12B/A,14
2009,2,10-12G,48
2009,2,10-12G/A,57
2009,2,10-D,170
2009,2,10-D/A,8
2009,2,10-K,1660
2009,2,10-K/A,926
2009,2,10-KT,2
2009,2,10-Q,8540
2009,2,10-Q/A,445
2009,2,11-K,1608
2009,2,11-K/A,19
2009,2,13F-HR,3042
2009,2,13F-HR/A,264
2009,2,13F-NT,1081
2009,2,13F-NT/A,58
2009,2,13FCONP,12
2009,2,144,207
2009,2,144/A,4
2009,2,15-12B,44
2009,2,15-12B/A,2
2009,2,15-12G,132
2009,2,15-12G/A,7
2009,2,15-15D,99
2009,2,15-15D/A,5
2009,2,15F-12B,3
2009,2,15F-12G,9
2009,2,15F-12G/A,1
2009,2,15F-15D,2
2009,2,15F-15D/A,2
2009,2,18-K,12
2009,2,18-K/A,29
2009,2,19B-4E,546
2009,2,2-A,1
2009,2,2-A/A,1
2009,2,2-E,1
2009,2,20-F,445
2009,2,20-F/A,45
2009,2,20FR12B,1
2009,2,20FR12G,1
2009,2,20FR12G/A,3
2009,2,24F-2NT,824
2009,2,24F-2NT/A,11
2009,2,25,61
2009,2,25-NSE,300
2009,2,25-NSE/A,10
2009,2,25/A,1
2009,2,3,7453
2009,2,3/A,526
2009,2,305B2,57
2009,2,4,98497
2009,2,4/A,3119
2009,2,40-17F1,2
2009,2,40-17F2,180
2009,2,40-17F2/A,4
2009,2,40-17G,765
2009,2,40-17G/A,124
2009,2,40-206A,1
2009,2,40-24B2,164
2009,2,40-24B2/A,2
2009,2,40-33,6
2009,2,40-6B/A,6
2009,2,40-8B25,1
2009,2,40-8F-2/A,1
2009,2,40-APP,220
2009,2,40-APP/A,529
2009,2,40-F,19
2009,2,40-F/A,14
2009,2,40-OIP,24
2009,2,40-OIP/A,22
2009,2,424A,3
2009,2,424B1,15
2009,2,424B2,1601
2009,2,424B3,2954
2009,2,424B4,37
2009,2,424B5,1604
2009,2,424B7,42
2009,2,424B8,2
2009,2,425,1162
2009,2,485APOS,295
2009,2,485BPOS,2362
2009,2,485BXT,160
2009,2,486APOS,1
2009,2,486BPOS,2
2009,2,487,207
2009,2,497,5474
2009,2,497AD,69
2009,2,497J,1889
2009,2,497K,35
2009,2,5,725
2009,2,5/A,69
2009,2,6-K,5596
2009,2,6-K/A,75
2009,2,6B NTC,1
2009,2,6B ORDR,1
2009,2,8-A12B,325
2009,2,8-A12B/A,155
2009,2,8-A12G,68
2009,2,8-A12G/A,11
2009,2,8-K,20896
2009,2,8-K/A,699
2009,2,8-K12G3,4
2009,2,ADV-E,32
2009,2,ADV-NR,1
2009,2,APP NTC,19
2009,2,APP ORDR,15
2009,2,ARS,1341
2009,2,ARS/A,2
2009,2,AW,75
2009,2,CB,40
2009,2,CB/A,26
2009,2,CERTNAS,20
2009,2,CERTNYS,46
2009,2,CERTPAC,34
2009,2,CORRESP,3784
2009,2,CT ORDER,408
2009,2,D,4207
2009,2,D/A,1376
2009,2,DEF 14A,3351
2009,2,DEF 14C,146
2009,2,DEFA14A,1886
2009,2,DEFA14C,8
2009,2,DEFC14A,81
2009,2,DEFM14A,21
2009,2,DEFM14C,5
2009,2,DEFN14A,24
2009,2,DEFR14A,89
2009,2,DEFR14C,3
2009,2,DEL AM,16
2009,2,DFAN14A,648
2009,2,DFRN14A,6
2009,2,DSTRBRPT,2
2009,2,EFFECT,1958
2009,2,F-1,6
2009,2,F-1/A,10
2009,2,F-10,8
2009,2,F-10/A,13
2009,2,F-1MEF,1
2009,2,F-3,72
2009,2,F-3/A,147
2009,2,F-3ASR,43
2009,2,F-3D,1
2009,2,F-4,32
2009,2,F-4/A,33
2009,2,F-6,22
2009,2,F-6 POS,24
2009,2,F-6/A,4
2009,2,F-6EF,175
2009,2,F-7,1
2009,2,F-8,1
2009,2,F-9,1
2009,2,F-9/A,2
2009,2,F-N,2
2009,2,F-X,44
2009,2,F-X/A,1
2009,2,FOCUSN,118
2009,2,FOCUSN/A,18
2009,2,FWP,1776
2009,2,G-405,1
2009,2,G-405N,1
2009,2,MSD,1
2009,2,MSD/A,7
2009,2,MSDW,3
2009,2,N-14,59
2009,2,N-14 8C,4
2009,2,N-14 8C/A,7
2009,2,N-14/A,68
2009,2,N-18F1,12
2009,2,N-1A,8
2009,2,N-1A/A,19
2009,2,N-2,26
2009,2,N-2/A,34
2009,2,N-23C-2,115
2009,2,N-23C-2/A,21
2009,2,N-23C3A,19
2009,2,N-23C3B,2
2009,2,N-23C3C/A,1
2009,2,N-2MEF,3
2009,2,N-30B-2,87
2009,2,N-30D,12
2009,2,N-30D/A,3
2009,2,N-4,9
2009,2,N-4/A,20
2009,2,N-54A,4
2009,2,N-54C,3
2009,2,N-6,3
2009,2,N-6/A,16
2009,2,N-6F,1
2009,2,N-8A,23
2009,2,N-8A/A,4
2009,2,N-8F,59
2009,2,N-8F/A,44
2009,2,N-CSR,550
2009,2,N-CSR/A,19
2009,2,N-CSRS,838
2009,2,N-CSRS/A,17
2009,2,N-PX,3
2009,2,N-PX/A,5
2009,2,N-Q,1769
2009,2,N-Q/A,23
2009,2,NO ACT,101
2009,2,NSAR-A,1036
2009,2,NSAR-A/A,38
2009,2,NSAR-AT,3
2009,2,NSAR-AT/A,1
2009,2,NSAR-B,519
2009,2,NSAR-B/A,35
2009,2,NT 10-K,534
2009,2,NT 10-K/A,17
2009,2,NT 10-Q,1139
2009,2,NT 10-Q/A,8
2009,2,NT 11-K,55
2009,2,NT 20-F,41
2009,2,NT-NCSR,1
2009,2,NT-NSAR,8
2009,2,NTN 10K,81
2009,2,NTN 10Q,30
2009,2,OIP NTC,1
2009,2,OIP ORDR,2
2009,2,POS 8C,52
2009,2,POS AM,564
2009,2,POS AMI,54
2009,2,POS EX,43
2009,2,POS462B,1
2009,2,POSASR,121
2009,2,PRE 14A,553
2009,2,PRE 14C,110
2009,2,PREC14A,99
2009,2,PREM14A,26
2009,2,PREM14C,6
2009,2,PREN14A,35
2009,2,PRER14A,174
2009,2,PRER14C,33
2009,2,PRRN14A,144
2009,2,PX14A6G,38
2009,2,QRTLYRPT,1
2009,2,REVOKED,123
2009,2,RW,158
2009,2,RW WD,3
2009,2,S-1,501
2009,2,S-1/A,653
2009,2,S-11,12
2009,2,S-11/A,38
2009,2,S-1MEF,1
2009,2,S-3,398
2009,2,S-3/A,461
2009,2,S-3ASR,805
2009,2,S-3D,10
2009,2,S-3DPOS,3
2009,2,S-3MEF,17
2009,2,S-4,377
2009,2,S-4/A,310
2009,2,S-4MEF,2
2009,2,S-6,239
2009,2,S-6/A,83
2009,2,S-8,763
2009,2,S-8 POS,237
2009,2,S-B,4
2009,2,S-B/A,4
2009,2,SC 13D,913
2009,2,SC 13D/A,2386
2009,2,SC 13E3,20
2009,2,SC 13E3/A,69
2009,2,SC 13G,1444
2009,2,SC 13G/A,2040
2009,2,SC 14D9,29
2009,2,SC 14D9/A,98
2009,2,SC 14F1,20
2009,2,SC TO-C,250
2009,2,SC TO-I,162
2009,2,SC TO-I/A,281
2009,2,SC TO-T,48
2009,2,SC TO-T/A,354
2009,2,SC13E4F,1
2009,2,SC14D9C,34
2009,2,SE,8
2009,2,SUPPL,681
2009,2,T-3,13
2009,2,T-3/A,8
2009,2,TA-1,4
2009,2,TA-1/A,56
2009,2,TA-2,31
2009,2,TA-2/A,13
2009,2,TA-W,6
2009,2,UPLOAD,3700
2009,2,WDL-REQ,5
2009,2,X-17A-5,387
2009,2,X-17A-5/A,166
2009,3,1,1
2009,3,1-A,5
2009,3,1-A/A,12
2009,3,1/A,2
2009,3,10-12B,5
2009,3,10-12B/A,14
2009,3,10-12G,41
2009,3,10-12G/A,80
2009,3,10-D,206
2009,3,10-D/A,8
2009,3,10-K,899
2009,3,10-K/A,483
2009,3,10-KT,2
2009,3,10-Q,8294
2009,3,10-Q/A,615
2009,3,10-QT,1
2009,3,11-K,95
2009,3,11-K/A,19
2009,3,13F-HR,2934
2009,3,13F-HR/A,262
2009,3,13F-NT,1084
2009,3,13F-NT/A,31
2009,3,13FCONP,16
2009,3,144,195
2009,3,15-12B,44
2009,3,15-12G,150
2009,3,15-12G/A,1
2009,3,15-15D,35
2009,3,15F-12B,3
2009,3,15F-12G,4
2009,3,15F-12G/A,1
2009,3,15F-15D,2
2009,3,18-K,8
2009,3,18-K/A,25
2009,3,19B-4E,465
2009,3,2-A/A,2
2009,3,2-AF,1
2009,3,2-E,2
2009,3,20-F,115
2009,3,20-F/A,52
2009,3,20FR12B,2
2009,3,20FR12G/A,4
2009,3,24F-2NT,985
2009,3,24F-2NT/A,39
2009,3,25,38
2009,3,25-NSE,312
2009,3,25-NSE/A,8
2009,3,3,6712
2009,3,3/A,378
2009,3,305B2,316
2009,3,305B2/A,39
2009,3,4,81519
2009,3,4/A,2277
2009,3,40-17F1,2
2009,3,40-17F2,146
2009,3,40-17F2/A,2
2009,3,40-17G,504
2009,3,40-17G/A,101
2009,3,40-202A,1
2009,3,40-203A,1
2009,3,40-24B2,156
2009,3,40-24B2/A,1
2009,3,40-33,4
2009,3,40-6B,2
2009,3,40-6B/A,2
2009,3,40-APP,139
2009,3,40-APP/A,437
2009,3,40-F,4
2009,3,40-F/A,12
2009,3,40-OIP,43
2009,3,40-OIP/A,14
2009,3,424A,4
2009,3,424B1,20
2009,3,424B2,1589
2009,3,424B3,3529
2009,3,424B4,38
2009,3,424B5,978
2009,3,424B7,37
2009,3,424B8,4
2009,3,425,1190
2009,3,485APOS,367
2009,3,485BPOS,965
2009,3,485BXT,224
2009,3,486BPOS,2
2009,3,487,231
2009,3,497,3483
2009,3,497AD,64
2009,3,497J,969
2009,3,497K,154
2009,3,5,680
2009,3,5/A,40
2009,3,6-K,4845
2009,3,6-K/A,68
2009,3,8-A12B,163
2009,3,8-A12B/A,29
2009,3,8-A12G,56
2009,3,8-A12G/A,16
2009,3,8-K,19458
2009,3,8-K/A,865
2009,3,8-K12B,4
2009,3,8-K12G3,9
2009,3,ADV-E,33
2009,3,ADV-NR,4
2009,3,ANNLRPT,2
2009,3,APP NTC,20
2009,3,APP ORDR,26
2009,3,APP WD,4
2009,3,ARS,226
2009,3,ARS/A,1
2009,3,AW,34
2009,3,CB,24
2009,3,CB/A,52
2009,3,CERTNAS,35
2009,3,CERTNYS,48
2009,3,CERTPAC,34
2009,3,CORRESP,4236
2009,3,CT ORDER,319
2009,3,D,4212
2009,3,D/A,1653
2009,3,DEF 14A,1093
2009,3,DEF 14C,146
2009,3,DEFA14A,930
2009,3,DEFA14C,5
2009,3,DEFC14A,29
2009,3,DEFM14A,43
2009,3,DEFM14C,5
2009,3,DEFN14A,12
2009,3,DEFR14A,131
2009,3,DEFR14C,6
2009,3,DEL AM,19
2009,3,DFAN14A,212
2009,3,DFRN14A,6
2009,3,DSTRBRPT,2
2009,3,EFFECT,2709
2009,3,F-1,9
2009,3,F-1/A,13
2009,3,F-10,18
2009,3,F-10/A,20
2009,3,F-10POS,1
2009,3,F-1MEF,1
2009,3,F-3,21
2009,3,F-3/A,159
2009,3,F-3ASR,25
2009,3,F-4,48
2009,3,F-4 POS,2
2009,3,F-4/A,42
2009,3,F-6,23
2009,3,F-6 POS,12
2009,3,F-6/A,2
2009,3,F-6EF,60
2009,3,F-9 POS,1
2009,3,F-N,8
2009,3,F-X,40
2009,3,F-X/A,1
2009,3,FOCUSN,117
2009,3,FOCUSN/A,4
2009,3,FWP,1581
2009,3,G-405,1
2009,3,G-405N,1
2009,3,G-FIN,1
2009,3,G-FIN/A,5
2009,3,MSD,1
2009,3,MSD/A,8
2009,3,MSDW,1
2009,3,N-14,59
2009,3,N-14 8C,3
2009,3,N-14 8C/A,6
2009,3,N-14/A,32
2009,3,N-18F1,5
2009,3,N-1A,7
2009,3,N-1A/A,12
2009,3,N-2,36
2009,3,N-2/A,39
2009,3,N-23C-2,46
2009,3,N-23C-2/A,1
2009,3,N-23C3A,17
2009,3,N-23C3B,3
2009,3,N-23C3C/A,2
2009,3,N-2MEF,2
2009,3,N-30B-2,165
2009,3,N-30D,195
2009,3,N-4,23
2009,3,N-4/A,12
2009,3,N-54C,1
2009,3,N-6,4
2009,3,N-6/A,3
2009,3,N-6F/A,1
2009,3,N-8A,26
2009,3,N-8A/A,2
2009,3,N-8F,124
2009,3,N-8F NTC,28
2009,3,N-8F ORDR,14
2009,3,N-8F/A,39
2009,3,N-CSR,570
2009,3,N-CSR/A,22
2009,3,N-CSRS,1352
2009,3,N-CSRS/A,23
2009,3,N-PX,2984
2009,3,N-PX/A,84
2009,3,N-Q,1549
2009,3,N-Q/A,21
2009,3,NO ACT,59
2009,3,NSAR-A,1051
2009,3,NSAR-A/A,31
2009,3,NSAR-AT,1
2009,3,NSAR-B,494
2009,3,NSAR-B/A,27
2009,3,NSAR-BT,1
2009,3,NSAR-U,2
2009,3,NSAR-U/A,1
2009,3,NT 10-K,291
2009,3,NT 10-K/A,5
2009,3,NT 10-Q,918
2009,3,NT 10-Q/A,4
2009,3,NT 11-K,9
2009,3,NT 11-K/A,2
2009,3,NT 20-F,28
2009,3,NT 20-F/A,1
2009,3,NT-NSAR,2
2009,3,NTFNCSR,1
2009,3,NTN 10K,23
2009,3,NTN 10Q,18
2009,3,NTN 20F,1
2009,3,POS 8C,18
2009,3,POS AM,396
2009,3,POS AMI,52
2009,3,POS EX,36
2009,3,POS462B,1
2009,3,POSASR,164
2009,3,PRE 14A,503
2009,3,PRE 14C,176
2009,3,PREC14A,25
2009,3,PREM14A,40
2009,3,PREM14C,4
2009,3,PREN14A,6
2009,3,PRER14A,143
2009,3,PRER14C,35
2009,3,PRRN14A,62
2009,3,PX14A6G,2
2009,3,REVOKED,152
2009,3,RW,137
2009,3,RW WD,5
2009,3,S-1,212
2009,3,S-1/A,542
2009,3,S-11,16
2009,3,S-11/A,77
2009,3,S-11MEF,1
2009,3,S-1MEF,11
2009,3,S-3,988
2009,3,S-3/A,1232
2009,3,S-3ASR,545
2009,3,S-3D,12
2009,3,S-3DPOS,18
2009,3,S-3MEF,21
2009,3,S-4,776
2009,3,S-4/A,713
2009,3,S-4MEF,1
2009,3,S-6,234
2009,3,S-6/A,76
2009,3,S-8,623
2009,3,S-8 POS,410
2009,3,S-B,3
2009,3,S-B/A,2
2009,3,SC 13D,797
2009,3,SC 13D/A,2219
2009,3,SC 13E3,39
2009,3,SC 13E3/A,99
2009,3,SC 13G,1171
2009,3,SC 13G/A,1832
2009,3,SC 14D9,18
2009,3,SC 14D9/A,87
2009,3,SC 14F1,30
2009,3,SC 14F1/A,3
2009,3,SC TO-C,124
2009,3,SC TO-I,153
2009,3,SC TO-I/A,369
2009,3,SC TO-T,36
2009,3,SC TO-T/A,216
2009,3,SC13E4F,1
2009,3,SC13E4F/A,1
2009,3,SC14D9C,29
2009,3,SE,13
2009,3,SP 15D2,2
2009,3,SUPPL,531
2009,3,T-3,55
2009,3,T-3/A,8
2009,3,TA-1,9
2009,3,TA-1/A,75
2009,3,TA-2,14
2009,3,TA-2/A,13
2009,3,TA-W,13
2009,3,UPLOAD,4252
2009,3,WDL-REQ,1
2009,3,X-17A-5,449
2009,3,X-17A-5/A,46
2009,4,1,1
2009,4,1-A,5
2009,4,1-A/A,16
2009,4,10-12B,9
2009,4,10-12B/A,9
2009,4,10-12G,37
2009,4,10-12G/A,72
2009,4,10-D,240
2009,4,10-D/A,9
2009,4,10-K,946
2009,4,10-K/A,466
2009,4,10-KT,4
2009,4,10-KT/A,2
2009,4,10-Q,8189
2009,4,10-Q/A,683
2009,4,10-QT,2
2009,4,11-K,48
2009,4,11-K/A,6
2009,4,13F-HR,2929
2009,4,13F-HR/A,277
2009,4,13F-NT,1080
2009,4,13F-NT/A,11
2009,4,13FCONP,16
2009,4,144,161
2009,4,144/A,8
2009,4,15-12B,64
2009,4,15-12B/A,2
2009,4,15-12G,131
2009,4,15-12G/A,9
2009,4,15-15D,57
2009,4,15-15D/A,1
2009,4,15F-12B,4
2009,4,15F-12G,5
2009,4,15F-12G/A,1
2009,4,15F-15D,1
2009,4,18-K,18
2009,4,18-K/A,43
2009,4,19B-4E,706
2009,4,2-A/A,1
2009,4,2-E/A,1
2009,4,20-F,60
2009,4,20-F/A,47
2009,4,20FR12B,1
2009,4,20FR12G,8
2009,4,20FR12G/A,4
2009,4,24F-2NT,1260
2009,4,24F-2NT/A,10
2009,4,25,52
2009,4,25-NSE,310
2009,4,25-NSE/A,12
2009,4,25/A,1
2009,4,3,7774
2009,4,3/A,388
2009,4,305B2,66
2009,4,4,87703
2009,4,4/A,2281
2009,4,40-17F2,296
2009,4,40-17G,1018
2009,4,40-17G/A,556
2009,4,40-202A,1
2009,4,40-206A/A,1
2009,4,40-24B2,150
2009,4,40-24B2/A,2
2009,4,40-33,18
2009,4,40-6B,1
2009,4,40-6B/A,3
2009,4,40-8F-2/A,1
2009,4,40-APP,181
2009,4,40-APP/A,384
2009,4,40-F,11
2009,4,40-F/A,6
2009,4,40-OIP,5
2009,4,40-OIP/A,31
2009,4,40FR12B,2
2009,4,424A,3
2009,4,424B1,20
2009,4,424B2,1607
2009,4,424B3,3867
2009,4,424B4,64
2009,4,424B5,845
2009,4,424B7,37
2009,4,424B8,4
2009,4,425,1379
2009,4,485APOS,797
2009,4,485BPOS,1171
2009,4,485BXT,204
2009,4,486BPOS,5
2009,4,487,224
2009,4,497,5049
2009,4,497AD,83
2009,4,497J,1101
2009,4,497K,921
2009,4,5,755
2009,4,5/A,22
2009,4,6-K,5186
2009,4,6-K/A,72
2009,4,8-A12B,241
2009,4,8-A12B/A,38
2009,4,8-A12G,33
2009,4,8-A12G/A,17
2009,4,8-K,20599
2009,4,8-K/A,667
2009,4,8-K12B,1
2009,4,8-K12G3,4
2009,4,8-M,1
2009,4,ADV-E,73
2009,4,ADV-NR,6
2009,4,ANNLRPT,1
2009,4,APP NTC,12
2009,4,APP ORDR,11
2009,4,APP WD,9
2009,4,ARS,187
2009,4,AW,89
2009,4,CB,39
2009,4,CB/A,28
2009,4,CERTNAS,59
2009,4,CERTNYS,87
2009,4,CERTPAC,46
2009,4,CORRESP,4128
2009,4,CT ORDER,329
2009,4,D,4293
2009,4,D/A,1532
2009,4,DEF 14A,1030
2009,4,DEF 14C,146
2009,4,DEFA14A,1207
2009,4,DEFA14C,1
2009,4,DEFC14A,10
2009,4,DEFM14A,57
2009,4,DEFM14C,6
2009,4,DEFN14A,8
2009,4,DEFR14A,37
2009,4,DEFR14C,2
2009,4,DEL AM,7
2009,4,DFAN14A,104
2009,4,EFFECT,1886
2009,4,F-1,17
2009,4,F-1/A,48
2009,4,F-10,8
2009,4,F-10/A,13
2009,4,F-1MEF,2
2009,4,F-3,27
2009,4,F-3/A,22
2009,4,F-3ASR,11
2009,4,F-3DPOS,1
2009,4,F-4,24
2009,4,F-4/A,36
2009,4,F-6,80
2009,4,F-6 POS,36
2009,4,F-6/A,4
2009,4,F-6EF,125
2009,4,F-7,1
2009,4,F-80,1
2009,4,F-80/A,2
2009,4,F-9,5
2009,4,F-9/A,7
2009,4,F-N,6
2009,4,F-X,49
2009,4,F-X/A,13
2009,4,FOCUSN,119
2009,4,FOCUSN/A,3
2009,4,FWP,1697
2009,4,G-FIN/A,4
2009,4,MSD/A,8
2009,4,MSDW,1
2009,4,N-14,52
2009,4,N-14 8C,1
2009,4,N-14 8C/A,3
2009,4,N-14/A,24
2009,4,N-18F1,4
2009,4,N-1A,17
2009,4,N-1A/A,22
2009,4,N-2,44
2009,4,N-2/A,36
2009,4,N-23C-2,34
2009,4,N-23C-2/A,2
2009,4,N-23C3A,18
2009,4,N-23C3A/A,1
2009,4,N-23C3B,2
2009,4,N-23C3C/A,1
2009,4,N-2MEF,1
2009,4,N-30B-2,69
2009,4,N-30D,7
2009,4,N-4,33
2009,4,N-4/A,45
2009,4,N-54C,4
2009,4,N-6,4
2009,4,N-6/A,7
2009,4,N-6F,2
2009,4,N-6F/A,1
2009,4,N-8A,41
2009,4,N-8A/A,3
2009,4,N-8B-2,1
2009,4,N-8F,67
2009,4,N-8F NTC,159
2009,4,N-8F ORDR,178
2009,4,N-8F/A,66
2009,4,N-CSR,894
2009,4,N-CSR/A,17
2009,4,N-CSRS,472
2009,4,N-CSRS/A,8
2009,4,N-PX,10
2009,4,N-PX/A,7
2009,4,N-Q,1575
2009,4,N-Q/A,12
2009,4,NO ACT,102
2009,4,NSAR-A,500
2009,4,NSAR-A/A,14
2009,4,NSAR-B,944
2009,4,NSAR-B/A,33
2009,4,NSAR-BT,4
2009,4,NT 10-K,226
2009,4,NT 10-K/A,1
2009,4,NT 10-Q,938
2009,4,NT 10-Q/A,5
2009,4,NT 11-K,1
2009,4,NT 20-F,8
2009,4,NT 20-F/A,1
2009,4,NT-NSAR,3
2009,4,NTFNCSR,1
2009,4,NTFNSAR,1
2009,4,NTN 10D,2
2009,4,NTN 10K,7
2009,4,NTN 10Q,18
2009,4,NTN 20F,2
2009,4,OIP NTC,3
2009,4,OIP ORDR,2
2009,4,POS 8C,11
2009,4,POS AM,476
2009,4,POS AMI,56
2009,4,POS EX,19
2009,4,POS462B,3
2009,4,POSASR,315
2009,4,PRE 14A,291
2009,4,PRE 14C,110
2009,4,PREC14A,17
2009,4,PREC14C,3
2009,4,PREM14A,43
2009,4,PREM14C,6
2009,4,PREN14A,2
2009,4,PRER14A,133
2009,4,PRER14C,34
2009,4,PRRN14A,22
2009,4,PX14A6G,14
2009,4,QRTLYRPT,1
2009,4,REG-NR,1
2009,4,REVOKED,160
2009,4,RW,182
2009,4,RW WD,6
2009,4,S-1,272
2009,4,S-1/A,646
2009,4,S-11,20
2009,4,S-11/A,52
2009,4,S-1MEF,10
2009,4,S-3,552
2009,4,S-3/A,567
2009,4,S-3ASR,232
2009,4,S-3D,7
2009,4,S-3DPOS,6
2009,4,S-3MEF,12
2009,4,S-4,726
2009,4,S-4/A,926
2009,4,S-6,249
2009,4,S-6/A,73
2009,4,S-8,528
2009,4,S-8 POS,452
2009,4,S-B,10
2009,4,S-B/A,5
2009,4,SC 13D,898
2009,4,SC 13D/A,2300
2009,4,SC 13E3,35
2009,4,SC 13E3/A,168
2009,4,SC 13G,1302
2009,4,SC 13G/A,1671
2009,4,SC 14D9,43
2009,4,SC 14D9/A,124
2009,4,SC 14F1,33
2009,4,SC TO-C,112
2009,4,SC TO-I,136
2009,4,SC TO-I/A,283
2009,4,SC TO-T,54
2009,4,SC TO-T/A,348
2009,4,SC14D1F,5
2009,4,SC14D1F/A,1
2009,4,SC14D9C,17
2009,4,SC14D9F,1
2009,4,SE,11
2009,4,SUPPL,458
2009,4,T-3,48
2009,4,T-3/A,192
2009,4,TA-1,3
2009,4,TA-1/A,62
2009,4,TA-2,5
2009,4,TA-2/A,4
2009,4,TA-W,9
2009,4,UPLOAD,3952
2009,4,WDL-REQ,2
2009,4,X-17A-5,268
2009,4,X-17A-5/A,112
2010,1,1-A,5
2010,1,1-A/A,24
2010,1,1-E,1
2010,1,10-12B,5
2010,1,10-12B/A,11
2010,1,10-12G,31
2010,1,10-12G/A,66
2010,1,10-D,206
2010,1,10-D/A,14
2010,1,10-K,5936
2010,1,10-K/A,550
2010,1,10-KT,8
2010,1,10-KT/A,1
2010,1,10-Q,2442
2010,1,10-Q/A,481
2010,1,10-QT,1
2010,1,11-K,69
2010,1,11-K/A,2
2010,1,13F-HR,2910
2010,1,13F-HR/A,273
2010,1,13F-NT,1145
2010,1,13F-NT/A,12
2010,1,13FCONP,16
2010,1,144,225
2010,1,144/A,8
2010,1,15-12B,64
2010,1,15-12B/A,1
2010,1,15-12G,123
2010,1,15-12G/A,5
2010,1,15-15D,133
2010,1,15F-12B,2
2010,1,15F-12G,6
2010,1,15F-15D,9
2010,1,18-K,2
2010,1,18-K/A,40
2010,1,19B-4E,910
2010,1,2-A,1
2010,1,2-A/A,1
2010,1,2-AF,1
2010,1,2-E,1
2010,1,20-F,182
2010,1,20-F/A,46
2010,1,20FR12B,1
2010,1,20FR12B/A,1
2010,1,20FR12G,1
2010,1,20FR12G/A,7
2010,1,24F-2NT,3093
2010,1,24F-2NT/A,13
2010,1,25,33
2010,1,25-NSE,270
2010,1,25-NSE/A,4
2010,1,3,8043
2010,1,3/A,773
2010,1,305B2,90
2010,1,4,123591
2010,1,4/A,4251
2010,1,40-17F1,1
2010,1,40-17F2,161
2010,1,40-17G,895
2010,1,40-17G/A,450
2010,1,40-202A/A,1
2010,1,40-24B2,154
2010,1,40-33,9
2010,1,40-8B25,3
2010,1,40-8F-2/A,3
2010,1,40-APP,90
2010,1,40-APP/A,263
2010,1,40-F,90
2010,1,40-F/A,3
2010,1,40-OIP,7
2010,1,40-OIP/A,65
2010,1,424A,1
2010,1,424B1,19
2010,1,424B2,1678
2010,1,424B3,3967
2010,1,424B4,45
2010,1,424B5,1481
2010,1,424B7,56
2010,1,424B8,2
2010,1,425,1062
2010,1,485APOS,816
2010,1,485BPOS,993
2010,1,485BXT,241
2010,1,486BPOS,6
2010,1,487,255
2010,1,497,4468
2010,1,497AD,83
2010,1,497J,1030
2010,1,497K,2626
2010,1,5,7578
2010,1,5/A,228
2010,1,6-K,4895
2010,1,6-K/A,76
2010,1,8-A12B,182
2010,1,8-A12B/A,29
2010,1,8-A12G,33
2010,1,8-A12G/A,13
2010,1,8-K,19918
2010,1,8-K/A,707
2010,1,8-K12B,4
2010,1,8-K12G3,5
2010,1,8-M,1
2010,1,8F-2 NTC,1
2010,1,ADN-MTL,3
2010,1,ADV-E,87
2010,1,ADV-NR,9
2010,1,ANNLRPT,2
2010,1,APP NTC,14
2010,1,APP ORDR,7
2010,1,APP WD,46
2010,1,APP WD/A,5
2010,1,ARS,619
2010,1,ARS/A,2
2010,1,AW,51
2010,1,AW WD,4
2010,1,CB,22
2010,1,CB/A,25
2010,1,CERTNAS,41
2010,1,CERTNYS,86
2010,1,CERTPAC,21
2010,1,CORRESP,3872
2010,1,CT ORDER,386
2010,1,D,4680
2010,1,D/A,5926
2010,1,DEF 14A,1765
2010,1,DEF 14C,140
2010,1,DEFA14A,1254
2010,1,DEFA14C,7
2010,1,DEFC14A,16
2010,1,DEFM14A,44
2010,1,DEFM14C,2
2010,1,DEFN14A,9
2010,1,DEFR14A,26
2010,1,DEFR14C,6
2010,1,DEL AM,17
2010,1,DFAN14A,173
2010,1,DFRN14A,4
2010,1,DSTRBRPT,3
2010,1,EFFECT,1785
2010,1,F-1,17
2010,1,F-1/A,64
2010,1,F-10,9
2010,1,F-10/A,7
2010,1,F-10POS,3
2010,1,F-1MEF,1
2010,1,F-3,31
2010,1,F-3/A,43
2010,1,F-3ASR,7
2010,1,F-3D,1
2010,1,F-3MEF,3
2010,1,F-4,43
2010,1,F-4/A,23
2010,1,F-4MEF,1
2010,1,F-6,50
2010,1,F-6 POS,37
2010,1,F-6/A,2
2010,1,F-6EF,114
2010,1,F-8,1
2010,1,F-9,3
2010,1,F-N,2
2010,1,F-X,48
2010,1,F-X/A,12
2010,1,FOCUSN,1358
2010,1,FOCUSN/A,27
2010,1,FWP,1604
2010,1,G-405,2
2010,1,G-405N,2
2010,1,G-FIN/A,2
2010,1,G-FINW,1
2010,1,MSD,1
2010,1,MSD/A,7
2010,1,MSDW,3
2010,1,N-14,41
2010,1,N-14 8C,2
2010,1,N-14 8C/A,4
2010,1,N-14/A,23
2010,1,N-14MEF,1
2010,1,N-18F1,11
2010,1,N-18F1/A,1
2010,1,N-1A,9
2010,1,N-1A/A,18
2010,1,N-2,43
2010,1,N-2/A,61
2010,1,N-23C-2,66
2010,1,N-23C3A,17
2010,1,N-23C3A/A,1
2010,1,N-23C3B,2
2010,1,N-23C3C/A,1
2010,1,N-2MEF,2
2010,1,N-30B-2,152
2010,1,N-30D,228
2010,1,N-4,32
2010,1,N-4/A,11
2010,1,N-54A,2
2010,1,N-54C,1
2010,1,N-6,36
2010,1,N-6F,1
2010,1,N-6F/A,1
2010,1,N-8A,21
2010,1,N-8A/A,9
2010,1,N-8F,80
2010,1,N-8F NTC,116
2010,1,N-8F ORDR,115
2010,1,N-8F/A,16
2010,1,N-CSR,1424
2010,1,N-CSR/A,51
2010,1,N-CSRS,469
2010,1,N-CSRS/A,3
2010,1,N-PX,3
2010,1,N-PX/A,7
2010,1,N-Q,1418
2010,1,N-Q/A,12
2010,1,NO ACT,363
2010,1,NSAR-A,422
2010,1,NSAR-A/A,293
2010,1,NSAR-AT/A,1
2010,1,NSAR-B,1010
2010,1,NSAR-B/A,296
2010,1,NSAR-BT,5
2010,1,NSAR-BT/A,1
2010,1,NSAR-U,805
2010,1,NSAR-U/A,5
2010,1,NT 10-K,862
2010,1,NT 10-K/A,5
2010,1,NT 10-Q,359
2010,1,NT 10-Q/A,2
2010,1,NT 11-K,1
2010,1,NT 20-F,5
2010,1,NT-NCSR,4
2010,1,NT-NSAR,7
2010,1,NTFNCSR,1
2010,1,NTFNSAR,2
2010,1,NTN 10K,6
2010,1,NTN 10Q,11
2010,1,NTN 20F,1
2010,1,OIP NTC,3
2010,1,OIP ORDR,2
2010,1,POS 8C,32
2010,1,POS AM,397
2010,1,POS AMI,66
2010,1,POS EX,28
2010,1,POS462B,3
2010,1,POSASR,745
2010,1,PRE 14A,568
2010,1,PRE 14C,102
2010,1,PREC14A,46
2010,1,PREM14A,30
2010,1,PREM14C,3
2010,1,PREN14A,6
2010,1,PRER14A,99
2010,1,PRER14C,29
2010,1,PRRN14A,32
2010,1,PX14A6G,8
2010,1,QRTLYRPT,1
2010,1,REG-NR,1
2010,1,REVOKED,111
2010,1,RW,154
2010,1,RW WD,7
2010,1,S-1,245
2010,1,S-1/A,623
2010,1,S-11,13
2010,1,S-11/A,52
2010,1,S-11MEF,1
2010,1,S-1MEF,11
2010,1,S-3,221
2010,1,S-3/A,278
2010,1,S-3ASR,400
2010,1,S-3D,6
2010,1,S-3MEF,14
2010,1,S-4,986
2010,1,S-4 POS,1
2010,1,S-4/A,860
2010,1,S-6,283
2010,1,S-6/A,86
2010,1,S-8,446
2010,1,S-8 POS,597
2010,1,S-B,3
2010,1,S-B/A,2
2010,1,SC 13D,1011
2010,1,SC 13D/A,2377
2010,1,SC 13E3,16
2010,1,SC 13E3/A,96
2010,1,SC 13G,11693
2010,1,SC 13G/A,23559
2010,1,SC 14D9,35
2010,1,SC 14D9/A,94
2010,1,SC 14F1,47
2010,1,SC 14F1/A,6
2010,1,SC TO-C,129
2010,1,SC TO-I,110
2010,1,SC TO-I/A,203
2010,1,SC TO-T,70
2010,1,SC TO-T/A,282
2010,1,SC14D1F,2
2010,1,SC14D1F/A,9
2010,1,SC14D9C,33
2010,1,SC14D9F,1
2010,1,SC14D9F/A,2
2010,1,SE,8
2010,1,SUPPL,444
2010,1,T-3,15
2010,1,T-3/A,33
2010,1,TA-1,2
2010,1,TA-1/A,80
2010,1,TA-2,399
2010,1,TA-2/A,37
2010,1,TA-W,2
2010,1,UPLOAD,3653
2010,1,X-17A-5,3782
2010,1,X-17A-5/A,230
2010,2,1-A,6
2010,2,1-A/A,8
2010,2,10-12B,6
2010,2,10-12B/A,27
2010,2,10-12G,52
2010,2,10-12G/A,98
2010,2,10-D,191
2010,2,10-K,1539
2010,2,10-K/A,878
2010,2,10-KT,7
2010,2,10-KT/A,3
2010,2,10-Q,8169
2010,2,10-Q/A,494
2010,2,10-QT,1
2010,2,11-K,1550
2010,2,11-K/A,19
2010,2,11-KT,2
2010,2,13F-HR,2930
2010,2,13F-HR/A,456
2010,2,13F-NT,1373
2010,2,13F-NT/A,13
2010,2,13FCONP,14
2010,2,144,185
2010,2,15-12B,50
2010,2,15-12G,86
2010,2,15-12G/A,1
2010,2,15-15D,67
2010,2,15F-12B,4
2010,2,15F-12G,2
2010,2,15F-15D,3
2010,2,18-K,14
2010,2,18-K/A,30
2010,2,19B-4E,449
2010,2,2-A/A,1
2010,2,20-F,404
2010,2,20-F/A,60
2010,2,20FR12B,1
2010,2,20FR12B/A,1
2010,2,20FR12G,8
2010,2,20FR12G/A,16
2010,2,24F-2NT,881
2010,2,24F-2NT/A,5
2010,2,25,27
2010,2,25-NSE,314
2010,2,25-NSE/A,6
2010,2,3,8881
2010,2,3/A,557
2010,2,305B2,13
2010,2,4,107288
2010,2,4/A,3181
2010,2,40-17F1,2
2010,2,40-17F2,170
2010,2,40-17F2/A,1
2010,2,40-17G,430
2010,2,40-17G/A,585
2010,2,40-202A/A,1
2010,2,40-24B2,167
2010,2,40-33,10
2010,2,40-6B,1
2010,2,40-6B/A,18
2010,2,40-8B25,5
2010,2,40-APP,147
2010,2,40-APP/A,165
2010,2,40-F,21
2010,2,40-F/A,6
2010,2,40-OIP,1
2010,2,40-OIP/A,31
2010,2,40FR12B,1
2010,2,424A,4
2010,2,424B1,40
2010,2,424B2,2601
2010,2,424B3,4172
2010,2,424B4,75
2010,2,424B5,1179
2010,2,424B7,48
2010,2,424B8,16
2010,2,425,1207
2010,2,485APOS,424
2010,2,485BPOS,2278
2010,2,485BXT,200
2010,2,486APOS,1
2010,2,486BPOS,1
2010,2,487,254
2010,2,497,5846
2010,2,497AD,83
2010,2,497J,1948
2010,2,497K,4021
2010,2,5,475
2010,2,5/A,40
2010,2,6-K,5439
2010,2,6-K/A,99
2010,2,8-A12B,202
2010,2,8-A12B/A,53
2010,2,8-A12G,58
2010,2,8-A12G/A,17
2010,2,8-K,21994
2010,2,8-K/A,685
2010,2,8-K12B,4
2010,2,8-K12G3,4
2010,2,8-M,1
2010,2,8F-2 NTC,1
2010,2,8F-2 ORDR,1
2010,2,ADV-E,28
2010,2,ADV-H-T,3
2010,2,ADV-NR,3
2010,2,APP NTC,10
2010,2,APP ORDR,17
2010,2,APP WD,13
2010,2,ARS,1282
2010,2,AW,51
2010,2,AW WD,1
2010,2,CB,72
2010,2,CB/A,26
2010,2,CERTARCA,12
2010,2,CERTNAS,68
2010,2,CERTNYS,93
2010,2,CERTPAC,16
2010,2,CORRESP,5406
2010,2,CT ORDER,421
2010,2,D,4428
2010,2,D/A,2063
2010,2,DEF 14A,2789
2010,2,DEF 14C,169
2010,2,DEFA14A,1775
2010,2,DEFA14C,2
2010,2,DEFC14A,55
2010,2,DEFC14C,1
2010,2,DEFM14A,43
2010,2,DEFM14C,2
2010,2,DEFN14A,4
2010,2,DEFR14A,58
2010,2,DEFR14C,3
2010,2,DEL AM,13
2010,2,DFAN14A,444
2010,2,DFRN14A,8
2010,2,DSTRBRPT,13
2010,2,EFFECT,2643
2010,2,F-1,20
2010,2,F-1/A,70
2010,2,F-10,6
2010,2,F-10/A,4
2010,2,F-10POS,1
2010,2,F-1MEF,1
2010,2,F-3,14
2010,2,F-3/A,18
2010,2,F-3ASR,14
2010,2,F-3D,2
2010,2,F-4,59
2010,2,F-4/A,37
2010,2,F-6,57
2010,2,F-6 POS,24
2010,2,F-6/A,4
2010,2,F-6EF,186
2010,2,F-7,1
2010,2,F-8,2
2010,2,F-8/A,2
2010,2,F-9,4
2010,2,F-9/A,3
2010,2,F-N,6
2010,2,F-N/A,1
2010,2,F-X,62
2010,2,F-X/A,1
2010,2,FOCUSN,138
2010,2,FOCUSN/A,30
2010,2,FWP,1862
2010,2,G-405,1
2010,2,G-405/A,1
2010,2,G-405N,1
2010,2,G-FIN/A,3
2010,2,G-FINW,1
2010,2,MSD/A,6
2010,2,N-14,33
2010,2,N-14 8C,1
2010,2,N-14 8C/A,4
2010,2,N-14/A,17
2010,2,N-18F1,7
2010,2,N-1A,14
2010,2,N-1A/A,20
2010,2,N-2,40
2010,2,N-2/A,49
2010,2,N-23C-2,14
2010,2,N-23C-2/A,2
2010,2,N-23C3A,19
2010,2,N-23C3B,2
2010,2,N-2MEF,2
2010,2,N-30B-2,94
2010,2,N-30D,9
2010,2,N-4,8
2010,2,N-4/A,28
2010,2,N-54A,3
2010,2,N-54C,1
2010,2,N-6,2
2010,2,N-6F,8
2010,2,N-8A,35
2010,2,N-8A/A,5
2010,2,N-8B-2/A,1
2010,2,N-8F,49
2010,2,N-8F NTC,82
2010,2,N-8F ORDR,65
2010,2,N-8F/A,29
2010,2,N-CSR,494
2010,2,N-CSR/A,32
2010,2,N-CSRS,798
2010,2,N-CSRS/A,4
2010,2,N-PX,21
2010,2,N-PX/A,1
2010,2,N-Q,1675
2010,2,N-Q/A,9
2010,2,NO ACT,47
2010,2,NSAR-A,980
2010,2,NSAR-A/A,42
2010,2,NSAR-AT,1
2010,2,NSAR-B,516
2010,2,NSAR-B/A,68
2010,2,NSAR-BT,3
2010,2,NSAR-BT/A,1
2010,2,NSAR-U,1
2010,2,NT 10-K,483
2010,2,NT 10-K/A,12
2010,2,NT 10-Q,942
2010,2,NT 10-Q/A,5
2010,2,NT 11-K,24
2010,2,NT 20-F,31
2010,2,NT-NCSR,5
2010,2,NT-NSAR,2
2010,2,NTN 10K,13
2010,2,NTN 10Q,20
2010,2,OIP NTC,1
2010,2,OIP ORDR,2
2010,2,POS 8C,45
2010,2,POS AM,509
2010,2,POS AMI,75
2010,2,POS EX,29
2010,2,POSASR,265
2010,2,PRE 14A,435
2010,2,PRE 14C,133
2010,2,PREC14A,48
2010,2,PREM14A,44
2010,2,PREM14C,4
2010,2,PREN14A,4
2010,2,PRER14A,99
2010,2,PRER14C,48
2010,2,PRRN14A,56
2010,2,PX14A6G,36
2010,2,QRTLYRPT,1
2010,2,REG-NR,1
2010,2,REVOKED,147
2010,2,RW,151
2010,2,RW WD,15
2010,2,S-1,524
2010,2,S-1/A,882
2010,2,S-11,17
2010,2,S-11/A,82
2010,2,S-1MEF,13
2010,2,S-3,414
2010,2,S-3/A,289
2010,2,S-3ASR,1100
2010,2,S-3D,5
2010,2,S-3DPOS,11
2010,2,S-3MEF,9
2010,2,S-4,1863
2010,2,S-4/A,4994
2010,2,S-6,270
2010,2,S-6/A,90
2010,2,S-8,718
2010,2,S-8 POS,443
2010,2,S-B,7
2010,2,S-B/A,3
2010,2,SC 13D,995
2010,2,SC 13D/A,2421
2010,2,SC 13E1/A,1
2010,2,SC 13E3,23
2010,2,SC 13E3/A,63
2010,2,SC 13G,1148
2010,2,SC 13G/A,2248
2010,2,SC 14D9,31
2010,2,SC 14D9/A,133
2010,2,SC 14F1,47
2010,2,SC 14F1/A,2
2010,2,SC TO-C,133
2010,2,SC TO-I,115
2010,2,SC TO-I/A,176
2010,2,SC TO-T,52
2010,2,SC TO-T/A,394
2010,2,SC14D1F/A,6
2010,2,SC14D9C,32
2010,2,SC14D9F/A,1
2010,2,SE,13
2010,2,SUPPL,447
2010,2,T-3,129
2010,2,T-3/A,18
2010,2,TA-1,5
2010,2,TA-1/A,45
2010,2,TA-2,24
2010,2,TA-2/A,6
2010,2,TA-W,6
2010,2,UPLOAD,4756
2010,2,WDL-REQ,2
2010,2,X-17A-5,397
2010,2,X-17A-5/A,297
2010,3,1-A,10
2010,3,1-A/A,18
2010,3,10-12B,6
2010,3,10-12B/A,15
2010,3,10-12G,73
2010,3,10-12G/A,116
2010,3,10-D,240
2010,3,10-D/A,6
2010,3,10-K,808
2010,3,10-K/A,398
2010,3,10-KT,1
2010,3,10-KT/A,2
2010,3,10-Q,7912
2010,3,10-Q/A,562
2010,3,10-QT,2
2010,3,10-QT/A,2
2010,3,11-K,58
2010,3,11-K/A,6
2010,3,13F-HR,2916
2010,3,13F-HR/A,275
2010,3,13F-NT,1166
2010,3,13F-NT/A,16
2010,3,13FCONP,9
2010,3,144,126
2010,3,144/A,14
2010,3,15-12B,43
2010,3,15-12B/A,1
2010,3,15-12G,108
2010,3,15-15D,23
2010,3,15-15D/A,1
2010,3,15F-12B,2
2010,3,15F-12G,4
2010,3,15F-12G/A,1
2010,3,15F-15D,2
2010,3,18-K,11
2010,3,18-K/A,36
2010,3,19B-4E,1162
2010,3,2-A,1
2010,3,2-A/A,4
2010,3,20-F,100
2010,3,20-F/A,55
2010,3,20FR12B/A,1
2010,3,20FR12G,4
2010,3,20FR12G/A,8
2010,3,24F-2NT,1007
2010,3,24F-2NT/A,5
2010,3,25,22
2010,3,25-NSE,300
2010,3,25-NSE/A,6
2010,3,3,8138
2010,3,3/A,335
2010,3,305B2,49
2010,3,4,80113
2010,3,4/A,2178
2010,3,40-17F1,1
2010,3,40-17F2,193
2010,3,40-17G,535
2010,3,40-17G/A,285
2010,3,40-24B2,131
2010,3,40-33,17
2010,3,40-6B,3
2010,3,40-6B/A,12
2010,3,40-APP,92
2010,3,40-APP/A,448
2010,3,40-F,4
2010,3,40-F/A,1
2010,3,40-OIP,51
2010,3,40-OIP/A,48
2010,3,424A,2
2010,3,424B1,69
2010,3,424B2,2097
2010,3,424B3,4208
2010,3,424B4,52
2010,3,424B5,1255
2010,3,424B7,37
2010,3,424B8,3
2010,3,425,1263
2010,3,485APOS,326
2010,3,485BPOS,1077
2010,3,485BXT,173
2010,3,486APOS,1
2010,3,486BPOS,3
2010,3,487,282
2010,3,497,4238
2010,3,497AD,63
2010,3,497J,973
2010,3,497K,2433
2010,3,5,614
2010,3,5/A,28
2010,3,6-K,4706
2010,3,6-K/A,76
2010,3,6B NTC,11
2010,3,6B ORDR,1
2010,3,8-A12B,164
2010,3,8-A12B/A,25
2010,3,8-A12G,45
2010,3,8-A12G/A,13
2010,3,8-K,18686
2010,3,8-K/A,668
2010,3,8-K12B,4
2010,3,8-K12B/A,1
2010,3,8-K12G3,5
2010,3,9-M,1
2010,3,ADV-E,32
2010,3,ADV-NR,2
2010,3,ANNLRPT,3
2010,3,APP NTC,23
2010,3,APP ORDR,20
2010,3,APP WD,11
2010,3,ARS,213
2010,3,AW,67
2010,3,AW WD,2
2010,3,CB,24
2010,3,CB/A,57
2010,3,CERTARCA,23
2010,3,CERTNAS,39
2010,3,CERTNYS,67
2010,3,CERTPAC,14
2010,3,CORRESP,4537
2010,3,CT ORDER,407
2010,3,D,4192
2010,3,D/A,1993
2010,3,DEF 14A,795
2010,3,DEF 14C,178
2010,3,DEFA14A,996
2010,3,DEFA14C,7
2010,3,DEFC14A,25
2010,3,DEFM14A,56
2010,3,DEFM14C,2
2010,3,DEFN14A,4
2010,3,DEFR14A,33
2010,3,DEFR14C,2
2010,3,DEL AM,15
2010,3,DFAN14A,300
2010,3,DFRN14A,6
2010,3,DSTRBRPT,4
2010,3,EFFECT,2849
2010,3,F-1,23
2010,3,F-1/A,92
2010,3,F-10,6
2010,3,F-10/A,5
2010,3,F-10EF,1
2010,3,F-1MEF,2
2010,3,F-3,75
2010,3,F-3/A,64
2010,3,F-3ASR,131
2010,3,F-3D,1
2010,3,F-4,31
2010,3,F-4 POS,2
2010,3,F-4/A,17
2010,3,F-6,71
2010,3,F-6 POS,25
2010,3,F-6/A,2
2010,3,F-6EF,96
2010,3,F-8/A,7
2010,3,F-9,2
2010,3,F-9/A,2
2010,3,F-N,6
2010,3,F-N/A,1
2010,3,F-X,33
2010,3,F-X/A,1
2010,3,FOCUSN,81
2010,3,FOCUSN/A,5
2010,3,FWP,2184
2010,3,G-FIN,2
2010,3,MSD,1
2010,3,MSD/A,4
2010,3,MSDW,1
2010,3,N-14,36
2010,3,N-14 8C,3
2010,3,N-14 8C/A,3
2010,3,N-14/A,15
2010,3,N-18F1,8
2010,3,N-1A,12
2010,3,N-1A/A,14
2010,3,N-2,56
2010,3,N-2/A,49
2010,3,N-23C-2,15
2010,3,N-23C3A,18
2010,3,N-23C3B,2
2010,3,N-2MEF,1
2010,3,N-30B-2,152
2010,3,N-30D,187
2010,3,N-30D/A,6
2010,3,N-4,19
2010,3,N-4/A,13
2010,3,N-54A,4
2010,3,N-54C,5
2010,3,N-6,1
2010,3,N-6/A,1
2010,3,N-6F,3
2010,3,N-6F/A,3
2010,3,N-8A,46
2010,3,N-8A/A,3
2010,3,N-8B-2/A,1
2010,3,N-8F,46
2010,3,N-8F NTC,61
2010,3,N-8F ORDR,76
2010,3,N-8F/A,29
2010,3,N-CSR,548
2010,3,N-CSR/A,44
2010,3,N-CSRS,1381
2010,3,N-CSRS/A,28
2010,3,N-PX,2908
2010,3,N-PX/A,189
2010,3,N-Q,1509
2010,3,N-Q/A,39
2010,3,NO ACT,69
2010,3,NSAR-A,1007
2010,3,NSAR-A/A,44
2010,3,NSAR-B,458
2010,3,NSAR-B/A,46
2010,3,NSAR-U,1
2010,3,NT 10-K,268
2010,3,NT 10-K/A,2
2010,3,NT 10-Q,842
2010,3,NT 10-Q/A,3
2010,3,NT 20-F,18
2010,3,NT-NCSR,3
2010,3,NT-NCSR/A,2
2010,3,NT-NSAR,9
2010,3,NT-NSAR/A,2
2010,3,NTFNCSR,1
2010,3,NTN 10K,18
2010,3,NTN 10Q,13
2010,3,NTN 20F,3
2010,3,OIP NTC,41
2010,3,OIP ORDR,44
2010,3,POS 8C,23
2010,3,POS AM,846
2010,3,POS AMI,42
2010,3,POS EX,42
2010,3,POSASR,179
2010,3,PRE 14A,248
2010,3,PRE 14C,131
2010,3,PREC14A,23
2010,3,PREM14A,51
2010,3,PREM14C,5
2010,3,PREN14A,4
2010,3,PRER14A,87
2010,3,PRER14C,37
2010,3,PRRN14A,40
2010,3,PX14A6G,14
2010,3,REG-NR,1
2010,3,REVOKED,162
2010,3,RW,124
2010,3,RW WD,7
2010,3,S-1,282
2010,3,S-1/A,901
2010,3,S-11,23
2010,3,S-11/A,75
2010,3,S-1MEF,6
2010,3,S-3,172
2010,3,S-3/A,307
2010,3,S-3ASR,304
2010,3,S-3D,2
2010,3,S-3DPOS,4
2010,3,S-3MEF,8
2010,3,S-4,954
2010,3,S-4 POS,1
2010,3,S-4/A,635
2010,3,S-6,322
2010,3,S-6/A,96
2010,3,S-8,594
2010,3,S-8 POS,499
2010,3,S-B,4
2010,3,S-B/A,8
2010,3,SC 13D,908
2010,3,SC 13D/A,2028
2010,3,SC 13E3,25
2010,3,SC 13E3/A,131
2010,3,SC 13G,1042
2010,3,SC 13G/A,1659
2010,3,SC 14D9,29
2010,3,SC 14D9/A,185
2010,3,SC 14F1,37
2010,3,SC 14F1/A,2
2010,3,SC TO-C,134
2010,3,SC TO-I,128
2010,3,SC TO-I/A,245
2010,3,SC TO-T,52
2010,3,SC TO-T/A,418
2010,3,SC13E4F,1
2010,3,SC14D9C,37
2010,3,SE,24
2010,3,SUPPL,404
2010,3,T-3,12
2010,3,T-3/A,189
2010,3,TA-1,4
2010,3,TA-1/A,49
2010,3,TA-2,1
2010,3,TA-2/A,9
2010,3,TA-W,6
2010,3,UPLOAD,4252
2010,3,WDL-REQ,1
2010,3,X-17A-5,303
2010,3,X-17A-5/A,50
2010,4,1-A,4
2010,4,1-A/A,15
2010,4,1-E,1
2010,4,10-12B,2
2010,4,10-12B/A,11
2010,4,10-12G,69
2010,4,10-12G/A,143
2010,4,10-D,297
2010,4,10-D/A,3
2010,4,10-K,882
2010,4,10-K/A,387
2010,4,10-KT,5
2010,4,10-KT/A,3
2010,4,10-Q,8027
2010,4,10-Q/A,523
2010,4,11-K,34
2010,4,11-K/A,3
2010,4,13F-HR,2931
2010,4,13F-HR/A,230
2010,4,13F-NT,1138
2010,4,13F-NT/A,16
2010,4,13FCONP,4
2010,4,144,237
2010,4,144/A,12
2010,4,15-12B,67
2010,4,15-12B/A,3
2010,4,15-12G,108
2010,4,15-12G/A,1
2010,4,15-15D,47
2010,4,15-15D/A,2
2010,4,15F-12B,3
2010,4,15F-12G,4
2010,4,15F-15D,4
2010,4,18-K,17
2010,4,18-K/A,30
2010,4,19B-4E,1592
2010,4,2-A/A,1
2010,4,2-AF,1
2010,4,20-F,60
2010,4,20-F/A,56
2010,4,20FR12B,1
2010,4,20FR12G,2
2010,4,20FR12G/A,10
2010,4,24F-2NT,1207
2010,4,24F-2NT/A,9
2010,4,25,36
2010,4,25-NSE,376
2010,4,25-NSE/A,6
2010,4,3,8217
2010,4,3/A,337
2010,4,305B2,31
2010,4,4,93839
2010,4,4/A,2300
2010,4,40-17F1,3
2010,4,40-17F2,336
2010,4,40-17G,1060
2010,4,40-17G/A,403
2010,4,40-206A,8
2010,4,40-206A/A,1
2010,4,40-24B2,96
2010,4,40-33,17
2010,4,40-33/A,1
2010,4,40-6B/A,11
2010,4,40-APP,156
2010,4,40-APP/A,250
2010,4,40-F,12
2010,4,40-F/A,5
2010,4,40-OIP,14
2010,4,40-OIP/A,96
2010,4,40FR12B,3
2010,4,40FR12B/A,3
2010,4,424A,5
2010,4,424B1,42
2010,4,424B2,2493
2010,4,424B3,4715
2010,4,424B4,106
2010,4,424B5,1348
2010,4,424B7,51
2010,4,424B8,9
2010,4,425,807
2010,4,485APOS,425
2010,4,485BPOS,1155
2010,4,485BXT,195
2010,4,486APOS,2
2010,4,486BPOS,6
2010,4,487,251
2010,4,497,3773
2010,4,497AD,60
2010,4,497J,1027
2010,4,497K,2971
2010,4,5,707
2010,4,5/A,18
2010,4,6-K,5063
2010,4,6-K/A,59
2010,4,6B NTC,1
2010,4,6B ORDR,10
2010,4,8-A12B,225
2010,4,8-A12B/A,40
2010,4,8-A12G,46
2010,4,8-A12G/A,15
2010,4,8-K,19844
2010,4,8-K/A,727
2010,4,8-K12B,2
2010,4,8-K12G3,3
2010,4,8-K12G3/A,1
2010,4,8-M,3
2010,4,ADN-MTL,1
2010,4,ADV-E,49
2010,4,ANNLRPT,1
2010,4,APP NTC,75
2010,4,APP ORDR,73
2010,4,APP WD,147
2010,4,ARS,181
2010,4,AW,102
2010,4,CB,45
2010,4,CB/A,32
2010,4,CERTARCA,37
2010,4,CERTNAS,65
2010,4,CERTNYS,116
2010,4,CERTPAC,1
2010,4,CORRESP,4150
2010,4,CT ORDER,378
2010,4,D,4561
2010,4,D/A,1958
2010,4,DEF 14A,794
2010,4,DEF 14C,160
2010,4,DEFA14A,916
2010,4,DEFA14C,1
2010,4,DEFC14A,13
2010,4,DEFC14C,1
2010,4,DEFM14A,59
2010,4,DEFM14C,7
2010,4,DEFN14A,6
2010,4,DEFR14A,24
2010,4,DEFR14C,3
2010,4,DEL AM,8
2010,4,DFAN14A,198
2010,4,EFFECT,2922
2010,4,F-1,35
2010,4,F-1/A,134
2010,4,F-10,13
2010,4,F-10/A,11
2010,4,F-10POS,4
2010,4,F-1MEF,3
2010,4,F-3,14
2010,4,F-3/A,11
2010,4,F-3ASR,103
2010,4,F-3D,1
2010,4,F-3MEF,1
2010,4,F-4,44
2010,4,F-4/A,82
2010,4,F-6,95
2010,4,F-6 POS,32
2010,4,F-6/A,16
2010,4,F-6EF,184
2010,4,F-N,1
2010,4,F-N/A,1
2010,4,F-X,51
2010,4,FOCUSN,114
2010,4,FOCUSN/A,11
2010,4,FWP,1964
2010,4,G-FIN/A,2
2010,4,MSD/A,5
2010,4,N-14,68
2010,4,N-14 8C,1
2010,4,N-14 8C/A,4
2010,4,N-14/A,17
2010,4,N-18F1,8
2010,4,N-1A,14
2010,4,N-1A/A,28
2010,4,N-2,37
2010,4,N-2/A,84
2010,4,N-23C-2,37
2010,4,N-23C3A,18
2010,4,N-23C3A/A,1
2010,4,N-23C3B,2
2010,4,N-2MEF,2
2010,4,N-30B-2,77
2010,4,N-30D,6
2010,4,N-4,16
2010,4,N-4/A,25
2010,4,N-54A,1
2010,4,N-54C,3
2010,4,N-6,2
2010,4,N-6/A,4
2010,4,N-6F,1
2010,4,N-6F/A,6
2010,4,N-8A,33
2010,4,N-8A/A,16
2010,4,N-8F,46
2010,4,N-8F NTC,41
2010,4,N-8F ORDR,44
2010,4,N-8F/A,21
2010,4,N-CSR,819
2010,4,N-CSR/A,47
2010,4,N-CSRS,489
2010,4,N-CSRS/A,11
2010,4,N-MFP,699
2010,4,N-MFP/A,182
2010,4,N-PX,8
2010,4,N-PX/A,2
2010,4,N-Q,1557
2010,4,N-Q/A,17
2010,4,NO ACT,77
2010,4,NSAR-A,502
2010,4,NSAR-A/A,20
2010,4,NSAR-B,915
2010,4,NSAR-B/A,107
2010,4,NSAR-BT,4
2010,4,NSAR-U,1
2010,4,NT 10-K,204
2010,4,NT 10-K/A,2
2010,4,NT 10-Q,936
2010,4,NT 10-Q/A,5
2010,4,NT 20-F,4
2010,4,NT N-MFP,29
2010,4,NT-NCSR,2
2010,4,NT-NSAR,5
2010,4,NTN 10K,8
2010,4,NTN 10Q,14
2010,4,NTN 20F,2
2010,4,OIP NTC,45
2010,4,OIP ORDR,19
2010,4,POS 8C,8
2010,4,POS AM,525
2010,4,POS AMI,28
2010,4,POS EX,33
2010,4,POS462B,1
2010,4,POSASR,300
2010,4,PRE 14A,301
2010,4,PRE 14C,126
2010,4,PREC14A,28
2010,4,PREC14C,3
2010,4,PREM14A,58
2010,4,PREM14C,7
2010,4,PREN14A,6
2010,4,PRER14A,86
2010,4,PRER14C,33
2010,4,PRRN14A,24
2010,4,QRTLYRPT,1
2010,4,REG-NR,2
2010,4,REVOKED,170
2010,4,RW,181
2010,4,RW WD,9
2010,4,S-1,308
2010,4,S-1/A,1032
2010,4,S-11,17
2010,4,S-11/A,94
2010,4,S-1MEF,14
2010,4,S-3,462
2010,4,S-3/A,152
2010,4,S-3ASR,190
2010,4,S-3D,6
2010,4,S-3DPOS,3
2010,4,S-3MEF,11
2010,4,S-4,1513
2010,4,S-4/A,1400
2010,4,S-6,256
2010,4,S-6/A,105
2010,4,S-8,491
2010,4,S-8 POS,516
2010,4,S-B,7
2010,4,S-B/A,3
2010,4,SC 13D,964
2010,4,SC 13D/A,2217
2010,4,SC 13E3,38
2010,4,SC 13E3/A,121
2010,4,SC 13G,1128
2010,4,SC 13G/A,1574
2010,4,SC 14D9,32
2010,4,SC 14D9/A,154
2010,4,SC 14F1,35
2010,4,SC TO-C,118
2010,4,SC TO-I,139
2010,4,SC TO-I/A,214
2010,4,SC TO-T,58
2010,4,SC TO-T/A,342
2010,4,SC14D9C,42
2010,4,SE,5
2010,4,SUPPL,128
2010,4,T-3,17
2010,4,T-3/A,21
2010,4,TA-1,3
2010,4,TA-1/A,45
2010,4,TA-2,3
2010,4,TA-2/A,4
2010,4,TA-W,8
2010,4,UPLOAD,4447
2010,4,X-17A-5,236
2010,4,X-17A-5/A,34
2011,1,1-A,3
2011,1,1-A/A,12
2011,1,1-E/A,1
2011,1,10-12B,4
2011,1,10-12B/A,8
2011,1,10-12G,40
2011,1,10-12G/A,178
2011,1,10-D,358
2011,1,10-D/A,11
2011,1,10-K,5811
2011,1,10-K/A,575
2011,1,10-KT,15
2011,1,10-KT/A,3
2011,1,10-Q,2357
2011,1,10-Q/A,517
2011,1,10-QT/A,1
2011,1,11-K,72
2011,1,11-K/A,2
2011,1,13F-HR,3224
2011,1,13F-HR/A,367
2011,1,13F-NT,1321
2011,1,13F-NT/A,13
2011,1,13FCONP,97
2011,1,144,202
2011,1,15-12B,55
2011,1,15-12B/A,1
2011,1,15-12G,118
2011,1,15-12G/A,3
2011,1,15-15D,73
2011,1,15-15D/A,7
2011,1,15F-12B,3
2011,1,15F-12B/A,1
2011,1,15F-12G,4
2011,1,15F-15D,1
2011,1,18-K,1
2011,1,18-K/A,35
2011,1,19B-4E,411
2011,1,2-A/A,2
2011,1,2-AF,1
2011,1,20-F,181
2011,1,20-F/A,40
2011,1,20FR12B,1
2011,1,20FR12B/A,1
2011,1,20FR12G,3
2011,1,20FR12G/A,8
2011,1,24F-2NT,3094
2011,1,24F-2NT/A,20
2011,1,25,27
2011,1,25-NSE,274
2011,1,25-NSE/A,18
2011,1,3,10189
2011,1,3/A,579
2011,1,305B2,75
2011,1,4,127515
2011,1,4/A,4274
2011,1,40-17F1,1
2011,1,40-17F2,190
2011,1,40-17G,688
2011,1,40-17G/A,307
2011,1,40-24B2,86
2011,1,40-33,17
2011,1,40-6B/A,12
2011,1,40-8B25,1
2011,1,40-APP,122
2011,1,40-APP/A,81
2011,1,40-F,99
2011,1,40-F/A,7
2011,1,40-OIP,5
2011,1,40-OIP/A,19
2011,1,40FR12B,1
2011,1,40FR12G,1
2011,1,424A,3
2011,1,424B1,26
2011,1,424B2,2927
2011,1,424B3,3651
2011,1,424B4,68
2011,1,424B5,1143
2011,1,424B7,41
2011,1,424B8,14
2011,1,425,1249
2011,1,485APOS,404
2011,1,485BPOS,1700
2011,1,485BXT,210
2011,1,486BPOS,12
2011,1,487,262
2011,1,497,3368
2011,1,497AD,74
2011,1,497J,1093
2011,1,497K,4097
2011,1,5,7299
2011,1,5/A,154
2011,1,6-K,5219
2011,1,6-K/A,85
2011,1,6B NTC,6
2011,1,6B ORDR,2
2011,1,8-A12B,219
2011,1,8-A12B/A,27
2011,1,8-A12G,55
2011,1,8-A12G/A,12
2011,1,8-K,20339
2011,1,8-K/A,855
2011,1,8-K12B,6
2011,1,8-K12G3,5
2011,1,8-K12G3/A,2
2011,1,8-M,1
2011,1,9-M,2
2011,1,ADV-E,4
2011,1,ADV-H-T,1
2011,1,ADV-NR,1
2011,1,ANNLRPT,2
2011,1,APP NTC,11
2011,1,APP ORDR,8
2011,1,APP WD,10
2011,1,ARS,583
2011,1,ARS/A,3
2011,1,AW,45
2011,1,AW WD,3
2011,1,CB,37
2011,1,CB/A,36
2011,1,CERTARCA,35
2011,1,CERTNAS,40
2011,1,CERTNYS,110
2011,1,CORRESP,3983
2011,1,CT ORDER,324
2011,1,D,4913
2011,1,D/A,5693
2011,1,DEF 14A,1631
2011,1,DEF 14C,117
2011,1,DEFA14A,1083
2011,1,DEFA14C,6
2011,1,DEFC14A,23
2011,1,DEFM14A,42
2011,1,DEFM14C,3
2011,1,DEFN14A,6
2011,1,DEFR14A,40
2011,1,DEFR14C,1
2011,1,DEL AM,3
2011,1,DFAN14A,200
2011,1,EFFECT,1571
2011,1,F-1,19
2011,1,F-1/A,72
2011,1,F-10,12
2011,1,F-10/A,10
2011,1,F-10POS,2
2011,1,F-1MEF,1
2011,1,F-3,17
2011,1,F-3/A,11
2011,1,F-3ASR,12
2011,1,F-3D,3
2011,1,F-4,47
2011,1,F-4/A,47
2011,1,F-6,55
2011,1,F-6 POS,25
2011,1,F-6/A,2
2011,1,F-6EF,204
2011,1,F-8,1
2011,1,F-8/A,1
2011,1,F-9,2
2011,1,F-N,6
2011,1,F-X,61
2011,1,F-X/A,3
2011,1,FOCUSN,1444
2011,1,FOCUSN/A,63
2011,1,FWP,2062
2011,1,G-405,2
2011,1,G-405N,2
2011,1,G-FIN,1
2011,1,G-FIN/A,5
2011,1,G-FINW,1
2011,1,MSD,1
2011,1,MSD/A,7
2011,1,MSDW,1
2011,1,N-14,17
2011,1,N-14 8C,5
2011,1,N-14 8C/A,2
2011,1,N-14/A,14
2011,1,N-18F1,5
2011,1,N-1A,9
2011,1,N-1A/A,20
2011,1,N-2,51
2011,1,N-2/A,62
2011,1,N-23C-2,20
2011,1,N-23C3A,19
2011,1,N-23C3B,2
2011,1,N-2MEF,5
2011,1,N-30B-2,135
2011,1,N-30D,242
2011,1,N-30D/A,2
2011,1,N-4,30
2011,1,N-4/A,13
2011,1,N-54A,3
2011,1,N-54C,1
2011,1,N-6,4
2011,1,N-6/A,1
2011,1,N-6F,10
2011,1,N-6F/A,5
2011,1,N-8A,29
2011,1,N-8A/A,3
2011,1,N-8B-2/A,4
2011,1,N-8F,46
2011,1,N-8F ORDR,14
2011,1,N-8F/A,11
2011,1,N-CSR,1418
2011,1,N-CSR/A,42
2011,1,N-CSRS,446
2011,1,N-CSRS/A,5
2011,1,N-MFP,2176
2011,1,N-MFP/A,733
2011,1,N-PX,5
2011,1,N-PX/A,2
2011,1,N-Q,1335
2011,1,N-Q/A,14
2011,1,NO ACT,316
2011,1,NSAR-A,411
2011,1,NSAR-A/A,16
2011,1,NSAR-B,978
2011,1,NSAR-B/A,58
2011,1,NSAR-BT,2
2011,1,NSAR-U,773
2011,1,NSAR-U/A,7
2011,1,NT 10-K,793
2011,1,NT 10-K/A,6
2011,1,NT 10-Q,397
2011,1,NT 10-Q/A,5
2011,1,NT 11-K,1
2011,1,NT 20-F,4
2011,1,NT N-MFP,8
2011,1,NT-NCSR,1
2011,1,NT-NCSR/A,1
2011,1,NT-NSAR,5
2011,1,NT-NSAR/A,1
2011,1,NTFNCSR,1
2011,1,NTFNSAR,1
2011,1,NTN 10K,7
2011,1,NTN 10Q,11
2011,1,OIP ORDR,25
2011,1,POS 8C,21
2011,1,POS AM,400
2011,1,POS AMI,71
2011,1,POS EX,35
2011,1,POS462B,5
2011,1,POSASR,386
2011,1,PRE 14A,415
2011,1,PRE 14C,88
2011,1,PREC14A,37
2011,1,PREM14A,39
2011,1,PREM14C,6
2011,1,PREN14A,2
2011,1,PRER14A,85
2011,1,PRER14C,44
2011,1,PRRN14A,36
2011,1,PX14A6G,8
2011,1,QRTLYRPT,1
2011,1,REG-NR,2
2011,1,REVOKED,119
2011,1,RW,119
2011,1,RW WD,5
2011,1,S-1,257
2011,1,S-1/A,799
2011,1,S-11,10
2011,1,S-11/A,58
2011,1,S-11MEF,2
2011,1,S-1MEF,11
2011,1,S-3,419
2011,1,S-3/A,303
2011,1,S-3ASR,215
2011,1,S-3D,8
2011,1,S-3DPOS,3
2011,1,S-3MEF,46
2011,1,S-4,1152
2011,1,S-4/A,846
2011,1,S-6,295
2011,1,S-6/A,73
2011,1,S-8,516
2011,1,S-8 POS,461
2011,1,S-B,3
2011,1,S-B/A,3
2011,1,SC 13D,1176
2011,1,SC 13D/A,2378
2011,1,SC 13E3,13
2011,1,SC 13E3/A,103
2011,1,SC 13G,9671
2011,1,SC 13G/A,23531
2011,1,SC 14D9,23
2011,1,SC 14D9/A,138
2011,1,SC 14F1,46
2011,1,SC 14F1/A,1
2011,1,SC TO-C,110
2011,1,SC TO-I,118
2011,1,SC TO-I/A,151
2011,1,SC TO-T,42
2011,1,SC TO-T/A,304
2011,1,SC14D9C,41
2011,1,SE,6
2011,1,SEC STAFF LETTER,1
2011,1,SP 15D2,1
2011,1,SUPPL,44
2011,1,T-3,4
2011,1,T-3/A,11
2011,1,TA-1,1
2011,1,TA-1/A,78
2011,1,TA-2,382
2011,1,TA-2/A,22
2011,1,TA-W,6
2011,1,TACO,35
2011,1,TTW,1
2011,1,UPLOAD,3983
2011,1,WDL-REQ,2
2011,1,X-17A-5,3678
2011,1,X-17A-5/A,114
2011,2,1-A,5
2011,2,1-A/A,5
2011,2,10-12B,6
2011,2,10-12B/A,13
2011,2,10-12G,44
2011,2,10-12G/A,103
2011,2,10-D,406
2011,2,10-D/A,4
2011,2,10-K,1413
2011,2,10-K/A,716
2011,2,10-KT,7
2011,2,10-KT/A,2
2011,2,10-Q,7937
2011,2,10-Q/A,461
2011,2,11-K,1465
2011,2,11-K/A,19
2011,2,11-KT,1
2011,2,13F-HR,3134
2011,2,13F-HR/A,451
2011,2,13F-NT,1234
2011,2,13F-NT/A,14
2011,2,13FCONP,15
2011,2,144,213
2011,2,144/A,6
2011,2,15-12B,61
2011,2,15-12G,120
2011,2,15-12G/A,4
2011,2,15-15D,57
2011,2,15-15D/A,2
2011,2,15F-12B,2
2011,2,15F-12G,5
2011,2,15F-15D,3
2011,2,18-K,11
2011,2,18-K/A,30
2011,2,19B-4E,681
2011,2,2-A/A,1
2011,2,2-AF,1
2011,2,20-F,416
2011,2,20-F/A,75
2011,2,20FR12G/A,2
2011,2,24F-2NT,1026
2011,2,24F-2NT/A,9
2011,2,25,22
2011,2,25-NSE,276
2011,2,3,8481
2011,2,3/A,448
2011,2,305B2,32
2011,2,305B2/A,1
2011,2,4,107366
2011,2,4/A,2732
2011,2,40-17F1,2
2011,2,40-17F2,103
2011,2,40-17F2/A,1
2011,2,40-17G,783
2011,2,40-17G/A,298
2011,2,40-24B2,78
2011,2,40-33,11
2011,2,40-6B,2
2011,2,40-6B/A,23
2011,2,40-APP,135
2011,2,40-APP/A,283
2011,2,40-F,25
2011,2,40-F/A,13
2011,2,40-OIP,19
2011,2,40-OIP/A,22
2011,2,40FR12B,5
2011,2,40FR12B/A,2
2011,2,40FR12G,1
2011,2,424B1,96
2011,2,424B2,3532
2011,2,424B3,6035
2011,2,424B4,116
2011,2,424B5,1104
2011,2,424B7,45
2011,2,424B8,18
2011,2,425,1346
2011,2,485APOS,260
2011,2,485BPOS,3227
2011,2,485BXT,269
2011,2,486APOS,1
2011,2,486BPOS,5
2011,2,487,266
2011,2,497,4939
2011,2,497AD,72
2011,2,497H2,6
2011,2,497J,2108
2011,2,497K,5079
2011,2,5,579
2011,2,5/A,48
2011,2,6-K,5908
2011,2,6-K/A,101
2011,2,8-A12B,207
2011,2,8-A12B/A,36
2011,2,8-A12G,98
2011,2,8-A12G/A,12
2011,2,8-K,22184
2011,2,8-K/A,912
2011,2,8-K12B,3
2011,2,8-K12G3,2
2011,2,8-K12G3/A,1
2011,2,8-K15D5,3
2011,2,8-M,1
2011,2,ADV-H-T,6
2011,2,ADV-NR,3
2011,2,ANNLRPT,1
2011,2,APP NTC,25
2011,2,APP ORDR,20
2011,2,APP WD,5
2011,2,APP WD/A,1
2011,2,ARS,1170
2011,2,ARS/A,2
2011,2,AW,54
2011,2,AW WD,4
2011,2,CB,40
2011,2,CB/A,32
2011,2,CERTARCA,40
2011,2,CERTNAS,44
2011,2,CERTNYS,101
2011,2,CORRESP,5307
2011,2,CT ORDER,404
2011,2,D,4489
2011,2,D/A,2455
2011,2,DEF 14A,2812
2011,2,DEF 14C,147
2011,2,DEFA14A,1914
2011,2,DEFA14C,9
2011,2,DEFC14A,21
2011,2,DEFC14C,2
2011,2,DEFM14A,70
2011,2,DEFM14C,6
2011,2,DEFN14A,2
2011,2,DEFR14A,95
2011,2,DEFR14C,3
2011,2,DEL AM,11
2011,2,DFAN14A,177
2011,2,DFRN14A,6
2011,2,DSTRBRPT,2
2011,2,EFFECT,4084
2011,2,F-1,28
2011,2,F-1/A,86
2011,2,F-10,10
2011,2,F-10/A,8
2011,2,F-10POS,1
2011,2,F-1MEF,6
2011,2,F-3,36
2011,2,F-3/A,7
2011,2,F-3ASR,14
2011,2,F-3DPOS,1
2011,2,F-3MEF,1
2011,2,F-4,222
2011,2,F-4/A,103
2011,2,F-6,66
2011,2,F-6 POS,20
2011,2,F-6/A,6
2011,2,F-6EF,142
2011,2,F-9,5
2011,2,F-9/A,4
2011,2,F-N,9
2011,2,F-N/A,1
2011,2,F-X,56
2011,2,FOCUSN,126
2011,2,FOCUSN/A,14
2011,2,FWP,1937
2011,2,G-405,1
2011,2,G-405N,1
2011,2,G-FIN,1
2011,2,G-FIN/A,3
2011,2,MSD,2
2011,2,MSD/A,7
2011,2,MSDW,3
2011,2,N-14,40
2011,2,N-14 8C,5
2011,2,N-14 8C/A,3
2011,2,N-14/A,5
2011,2,N-18F1,8
2011,2,N-18F1/A,1
2011,2,N-1A,16
2011,2,N-1A/A,23
2011,2,N-2,49
2011,2,N-2/A,84
2011,2,N-23C-2,28
2011,2,N-23C-2/A,1
2011,2,N-23C3A,17
2011,2,N-23C3B,2
2011,2,N-2MEF,4
2011,2,N-30B-2,95
2011,2,N-30D,9
2011,2,N-4,13
2011,2,N-4/A,44
2011,2,N-54A,10
2011,2,N-54C,1
2011,2,N-6/A,3
2011,2,N-6F,8
2011,2,N-6F/A,4
2011,2,N-8A,34
2011,2,N-8A/A,3
2011,2,N-8F,26
2011,2,N-8F NTC,10
2011,2,N-8F ORDR,13
2011,2,N-8F/A,11
2011,2,N-CSR,568
2011,2,N-CSR/A,23
2011,2,N-CSRS,861
2011,2,N-CSRS/A,13
2011,2,N-MFP,2147
2011,2,N-MFP/A,35
2011,2,N-PX,13
2011,2,N-PX/A,9
2011,2,N-Q,1740
2011,2,N-Q/A,13
2011,2,NO ACT,43
2011,2,NSAR-A,956
2011,2,NSAR-A/A,44
2011,2,NSAR-AT,1
2011,2,NSAR-B,510
2011,2,NSAR-B/A,39
2011,2,NSAR-BT,35
2011,2,NT 10-K,479
2011,2,NT 10-K/A,12
2011,2,NT 10-Q,936
2011,2,NT 10-Q/A,4
2011,2,NT 11-K,23
2011,2,NT 20-F,31
2011,2,NT N-MFP,3
2011,2,NT-NCSR,7
2011,2,NT-NSAR,5
2011,2,NTN 10K,13
2011,2,NTN 10Q,31
2011,2,OIP NTC,15
2011,2,OIP ORDR,9
2011,2,POS 8C,42
2011,2,POS AM,568
2011,2,POS AMI,58
2011,2,POS EX,54
2011,2,POS462B,1
2011,2,POSASR,139
2011,2,PRE 14A,374
2011,2,PRE 14C,102
2011,2,PREC14A,35
2011,2,PREC14C,3
2011,2,PREM14A,56
2011,2,PREM14C,5
2011,2,PREN14A,4
2011,2,PRER14A,66
2011,2,PRER14C,35
2011,2,PRRN14A,34
2011,2,PX14A6G,68
2011,2,PX14A6N,8
2011,2,QRTLYRPT,1
2011,2,REG-NR,1
2011,2,REVOKED,148
2011,2,RW,201
2011,2,RW WD,15
2011,2,S-1,569
2011,2,S-1/A,1116
2011,2,S-11,13
2011,2,S-11/A,68
2011,2,S-1MEF,17
2011,2,S-3,371
2011,2,S-3/A,702
2011,2,S-3ASR,242
2011,2,S-3D,9
2011,2,S-3DPOS,3
2011,2,S-3MEF,7
2011,2,S-4,2731
2011,2,S-4 POS,1
2011,2,S-4/A,3886
2011,2,S-4MEF,1
2011,2,S-6,293
2011,2,S-6/A,92
2011,2,S-8,667
2011,2,S-8 POS,606
2011,2,S-B,4
2011,2,S-B/A,5
2011,2,SC 13D,953
2011,2,SC 13D/A,2112
2011,2,SC 13E3,27
2011,2,SC 13E3/A,111
2011,2,SC 13G,1289
2011,2,SC 13G/A,1917
2011,2,SC 14D9,48
2011,2,SC 14D9/A,142
2011,2,SC 14F1,37
2011,2,SC 14F1/A,3
2011,2,SC TO-C,137
2011,2,SC TO-I,117
2011,2,SC TO-I/A,163
2011,2,SC TO-T,71
2011,2,SC TO-T/A,320
2011,2,SC14D9C,50
2011,2,SE,15
2011,2,SUPPL,45
2011,2,T-3,7
2011,2,T-3/A,12
2011,2,TA-1,3
2011,2,TA-1/A,36
2011,2,TA-2,15
2011,2,TA-2/A,2
2011,2,TA-W,8
2011,2,TACO,1
2011,2,TTW,1
2011,2,UNDER,1
2011,2,UPLOAD,5095
2011,2,X-17A-5,337
2011,2,X-17A-5/A,86
2011,3,1,1
2011,3,1-A,7
2011,3,1-A/A,16
2011,3,10-12B,7
2011,3,10-12B/A,23
2011,3,10-12G,32
2011,3,10-12G/A,77
2011,3,10-D,470
2011,3,10-D/A,5
2011,3,10-K,806
2011,3,10-K/A,383
2011,3,10-KT,2
2011,3,10-KT/A,4
2011,3,10-Q,7728
2011,3,10-Q/A,1706
2011,3,11-K,59
2011,3,11-K/A,6
2011,3,13F-HR,3143
2011,3,13F-HR/A,353
2011,3,13F-NT,1244
2011,3,13F-NT/A,27
2011,3,13FCONP,4
2011,3,144,197
2011,3,144/A,6
2011,3,15-12B,50
2011,3,15-12B/A,1
2011,3,15-12G,96
2011,3,15-12G/A,4
2011,3,15-15D,204
2011,3,15-15D/A,2
2011,3,15F-12B,2
2011,3,15F-12G,3
2011,3,18-K,10
2011,3,18-K/A,35
2011,3,19B-4E,682
2011,3,2-A,1
2011,3,2-A/A,2
2011,3,20-F,101
2011,3,20-F/A,69
2011,3,20FR12B,2
2011,3,20FR12B/A,2
2011,3,20FR12G,2
2011,3,20FR12G/A,1
2011,3,24F-2NT,1146
2011,3,24F-2NT/A,29
2011,3,25,20
2011,3,25-NSE,242
2011,3,25-NSE/A,2
2011,3,3,6913
2011,3,3/A,326
2011,3,305B2,16
2011,3,4,77993
2011,3,4/A,2020
2011,3,40-17F2,335
2011,3,40-17F2/A,1
2011,3,40-17G,526
2011,3,40-17G/A,224
2011,3,40-24B2,79
2011,3,40-24B2/A,1
2011,3,40-33,7
2011,3,40-6B/A,15
2011,3,40-8B25,3
2011,3,40-APP,237
2011,3,40-APP/A,476
2011,3,40-F,4
2011,3,40-F/A,2
2011,3,40-OIP,4
2011,3,40-OIP/A,2
2011,3,40FR12B,7
2011,3,40FR12B/A,3
2011,3,424A,4
2011,3,424B1,27
2011,3,424B2,2964
2011,3,424B3,4714
2011,3,424B4,29
2011,3,424B5,1236
2011,3,424B7,42
2011,3,424B8,17
2011,3,425,1138
2011,3,485APOS,344
2011,3,485BPOS,1444
2011,3,485BXT,279
2011,3,486BPOS,4
2011,3,487,277
2011,3,497,3742
2011,3,497AD,34
2011,3,497H2,4
2011,3,497J,948
2011,3,497K,3008
2011,3,5,619
2011,3,5/A,24
2011,3,6-K,4970
2011,3,6-K/A,76
2011,3,8-A12B,156
2011,3,8-A12B/A,27
2011,3,8-A12G,42
2011,3,8-A12G/A,9
2011,3,8-K,17822
2011,3,8-K/A,1148
2011,3,8-K12B,4
2011,3,8-K12G3,3
2011,3,8-K15D5,3
2011,3,8-M,1
2011,3,ADV-NR,3
2011,3,ANNLRPT,2
2011,3,APP NTC,10
2011,3,APP ORDR,9
2011,3,APP WD,26
2011,3,APP WD/A,4
2011,3,ARS,156
2011,3,AW,27
2011,3,CB,23
2011,3,CB/A,44
2011,3,CERTARCA,16
2011,3,CERTNAS,42
2011,3,CERTNYS,72
2011,3,CORRESP,4508
2011,3,CT ORDER,382
2011,3,D,4538
2011,3,D/A,2271
2011,3,DEF 14A,658
2011,3,DEF 14C,131
2011,3,DEFA14A,733
2011,3,DEFA14C,3
2011,3,DEFC14A,17
2011,3,DEFM14A,48
2011,3,DEFM14C,8
2011,3,DEFN14A,2
2011,3,DEFR14A,21
2011,3,DEFR14C,6
2011,3,DEL AM,8
2011,3,DFAN14A,148
2011,3,DSTRBRPT,7
2011,3,EFFECT,2840
2011,3,F-1,7
2011,3,F-1/A,36
2011,3,F-10,9
2011,3,F-10/A,8
2011,3,F-3,24
2011,3,F-3/A,16
2011,3,F-3ASR,5
2011,3,F-4,55
2011,3,F-4 POS,5
2011,3,F-4/A,441
2011,3,F-6,34
2011,3,F-6 POS,13
2011,3,F-6/A,2
2011,3,F-6EF,214
2011,3,F-80,2
2011,3,F-80/A,2
2011,3,F-9,2
2011,3,F-9/A,4
2011,3,F-N,3
2011,3,F-X,57
2011,3,F-X/A,1
2011,3,FOCUSN,77
2011,3,FOCUSN/A,4
2011,3,FWP,2510
2011,3,G-FIN/A,4
2011,3,G-FINW,1
2011,3,MSD,2
2011,3,MSD/A,4
2011,3,MSDCO,15
2011,3,MSDW,1
2011,3,N-14,38
2011,3,N-14 8C,4
2011,3,N-14/A,19
2011,3,N-18F1,8
2011,3,N-1A,13
2011,3,N-1A/A,24
2011,3,N-2,40
2011,3,N-2/A,64
2011,3,N-23C-2,23
2011,3,N-23C3A,16
2011,3,N-23C3B,2
2011,3,N-2MEF,1
2011,3,N-30B-2,139
2011,3,N-30D,179
2011,3,N-30D/A,1
2011,3,N-4,42
2011,3,N-4/A,35
2011,3,N-54C,1
2011,3,N-6,3
2011,3,N-6F,3
2011,3,N-6F/A,7
2011,3,N-8A,35
2011,3,N-8A/A,1
2011,3,N-8F,24
2011,3,N-8F NTC,73
2011,3,N-8F ORDR,72
2011,3,N-8F/A,12
2011,3,N-CSR,528
2011,3,N-CSR/A,28
2011,3,N-CSRS,1296
2011,3,N-CSRS/A,21
2011,3,N-MFP,2123
2011,3,N-MFP/A,107
2011,3,N-PX,2838
2011,3,N-PX/A,63
2011,3,N-Q,1534
2011,3,N-Q/A,9
2011,3,NO ACT,22
2011,3,NSAR-A,987
2011,3,NSAR-A/A,59
2011,3,NSAR-AT,2
2011,3,NSAR-B,453
2011,3,NSAR-B/A,33
2011,3,NSAR-BT,2
2011,3,NT 10-K,244
2011,3,NT 10-Q,852
2011,3,NT 10-Q/A,10
2011,3,NT 11-K,1
2011,3,NT 20-F,14
2011,3,NT 20-F/A,1
2011,3,NT N-MFP,9
2011,3,NT-NCSR,1
2011,3,NT-NSAR,1
2011,3,NT-NSAR/A,1
2011,3,NTFNSAR,1
2011,3,NTN 10K,11
2011,3,NTN 10Q,15
2011,3,OIP NTC,5
2011,3,OIP ORDR,8
2011,3,POS 8C,14
2011,3,POS AM,347
2011,3,POS AMI,46
2011,3,POS EX,166
2011,3,POS462B,1
2011,3,POSASR,82
2011,3,PRE 14A,205
2011,3,PRE 14C,108
2011,3,PREC14A,34
2011,3,PREM14A,36
2011,3,PREM14C,12
2011,3,PREN14A,8
2011,3,PRER14A,104
2011,3,PRER14C,33
2011,3,PRRN14A,21
2011,3,PX14A6G,14
2011,3,REG-NR,2
2011,3,REVOKED,181
2011,3,RW,104
2011,3,RW WD,5
2011,3,S-1,374
2011,3,S-1/A,952
2011,3,S-11,15
2011,3,S-11/A,40
2011,3,S-11MEF,1
2011,3,S-1MEF,5
2011,3,S-3,235
2011,3,S-3/A,337
2011,3,S-3ASR,377
2011,3,S-3D,4
2011,3,S-3DPOS,6
2011,3,S-4,1348
2011,3,S-4 POS,1
2011,3,S-4/A,2444
2011,3,S-4MEF,1
2011,3,S-6,298
2011,3,S-6/A,93
2011,3,S-8,583
2011,3,S-8 POS,428
2011,3,S-B,1
2011,3,S-B/A,1
2011,3,S-BMEF,1
2011,3,SC 13D,840
2011,3,SC 13D/A,1963
2011,3,SC 13E1,1
2011,3,SC 13E3,37
2011,3,SC 13E3/A,96
2011,3,SC 13G,1210
2011,3,SC 13G/A,1682
2011,3,SC 14D9,29
2011,3,SC 14D9/A,95
2011,3,SC 14F1,24
2011,3,SC TO-C,82
2011,3,SC TO-I,118
2011,3,SC TO-I/A,157
2011,3,SC TO-T,56
2011,3,SC TO-T/A,286
2011,3,SC14D1F,4
2011,3,SC14D1F/A,12
2011,3,SC14D9C,25
2011,3,SC14D9F,1
2011,3,SC14D9F/A,4
2011,3,SE,12
2011,3,SUPPL,29
2011,3,T-3,11
2011,3,T-3/A,13
2011,3,TA-1,4
2011,3,TA-1/A,36
2011,3,TA-2,5
2011,3,TA-2/A,4
2011,3,TA-W,3
2011,3,TACO,1
2011,3,TH,1
2011,3,TTW,1
2011,3,UNDER,2
2011,3,UPLOAD,5054
2011,3,WDL-REQ,2
2011,3,X-17A-5,277
2011,3,X-17A-5/A,58
2011,4,1,1
2011,4,1-A,5
2011,4,1-A/A,21
2011,4,10-12B,10
2011,4,10-12B/A,23
2011,4,10-12G,27
2011,4,10-12G/A,56
2011,4,10-D,541
2011,4,10-K,810
2011,4,10-K/A,321
2011,4,10-KT,3
2011,4,10-Q,7654
2011,4,10-Q/A,855
2011,4,11-K,30
2011,4,11-K/A,3
2011,4,13F-HR,3129
2011,4,13F-HR/A,354
2011,4,13F-NT,1227
2011,4,13F-NT/A,20
2011,4,13FCONP,2
2011,4,144,178
2011,4,144/A,6
2011,4,15-12B,48
2011,4,15-12G,99
2011,4,15-12G/A,5
2011,4,15-15D,19
2011,4,15-15D/A,1
2011,4,15F-12B,3
2011,4,15F-12G,2
2011,4,15F-15D,11
2011,4,18-K,18
2011,4,18-K/A,33
2011,4,19B-4E,410
2011,4,2-A/A,1
2011,4,2-AF,1
2011,4,20-F,50
2011,4,20-F/A,42
2011,4,20FR12G,1
2011,4,20FR12G/A,3
2011,4,24F-2NT,1251
2011,4,24F-2NT/A,11
2011,4,25,42
2011,4,25-NSE,318
2011,4,25-NSE/A,6
2011,4,25/A,1
2011,4,3,6681
2011,4,3/A,324
2011,4,305B2,13
2011,4,305B2/A,1
2011,4,4,80870
2011,4,4/A,2061
2011,4,40-17F1,2
2011,4,40-17F2,281
2011,4,40-17G,1102
2011,4,40-17G/A,105
2011,4,40-24B2,73
2011,4,40-24B2/A,1
2011,4,40-33,4
2011,4,40-6B/A,7
2011,4,40-8B25,4
2011,4,40-APP,68
2011,4,40-APP/A,504
2011,4,40-F,15
2011,4,40-F/A,2
2011,4,40-OIP,13
2011,4,40-OIP/A,15
2011,4,40FR12B,2
2011,4,40FR12G,1
2011,4,40FR12G/A,2
2011,4,424A,4
2011,4,424B1,34
2011,4,424B2,2968
2011,4,424B3,5462
2011,4,424B4,65
2011,4,424B5,596
2011,4,424B7,44
2011,4,424B8,12
2011,4,425,1199
2011,4,485APOS,434
2011,4,485BPOS,1701
2011,4,485BXT,398
2011,4,486APOS,2
2011,4,486BPOS,3
2011,4,487,269
2011,4,497,3447
2011,4,497AD,30
2011,4,497J,1113
2011,4,497K,3324
2011,4,5,506
2011,4,5/A,16
2011,4,6-K,5129
2011,4,6-K/A,71
2011,4,8-A12B,152
2011,4,8-A12B/A,24
2011,4,8-A12G,56
2011,4,8-A12G/A,5
2011,4,8-K,18479
2011,4,8-K/A,950
2011,4,8-K12B,2
2011,4,8-K12G3,6
2011,4,8-M,1
2011,4,ADV-NR,12
2011,4,ANNLRPT,2
2011,4,APP NTC,58
2011,4,APP ORDR,56
2011,4,APP WD,11
2011,4,APP WD/A,1
2011,4,ARS,165
2011,4,AW,219
2011,4,AW WD,2
2011,4,CB,30
2011,4,CB/A,41
2011,4,CERTARCA,22
2011,4,CERTNAS,41
2011,4,CERTNYS,71
2011,4,CORRESP,3453
2011,4,CT ORDER,319
2011,4,D,4408
2011,4,D/A,2253
2011,4,DEF 14A,695
2011,4,DEF 14C,133
2011,4,DEFA14A,719
2011,4,DEFA14C,4
2011,4,DEFC14A,22
2011,4,DEFM14A,42
2011,4,DEFM14C,2
2011,4,DEFN14A,6
2011,4,DEFR14A,31
2011,4,DEFR14C,3
2011,4,DEL AM,17
2011,4,DFAN14A,132
2011,4,DSTRBRPT,6
2011,4,EFFECT,3036
2011,4,F-1,11
2011,4,F-1/A,23
2011,4,F-10,7
2011,4,F-10/A,3
2011,4,F-1MEF,1
2011,4,F-3,10
2011,4,F-3/A,23
2011,4,F-3ASR,28
2011,4,F-3DPOS,1
2011,4,F-4,141
2011,4,F-4/A,328
2011,4,F-6,82
2011,4,F-6 POS,18
2011,4,F-6EF,238
2011,4,F-80,1
2011,4,F-80/A,1
2011,4,F-80POS,3
2011,4,F-9,5
2011,4,F-9 POS,1
2011,4,F-9/A,5
2011,4,F-N,3
2011,4,F-X,37
2011,4,F-X/A,6
2011,4,FOCUSN,101
2011,4,FOCUSN/A,1
2011,4,FWP,2421
2011,4,G-FIN/A,5
2011,4,MSD,3
2011,4,MSD/A,4
2011,4,MSDCO,7
2011,4,MSDW,1
2011,4,N-14,34
2011,4,N-14 8C,7
2011,4,N-14 8C/A,8
2011,4,N-14/A,21
2011,4,N-18F1,10
2011,4,N-1A,18
2011,4,N-1A/A,21
2011,4,N-2,38
2011,4,N-2/A,47
2011,4,N-23C-2,41
2011,4,N-23C3A,15
2011,4,N-23C3B,3
2011,4,N-2MEF,1
2011,4,N-30B-2,72
2011,4,N-30D,4
2011,4,N-30D/A,1
2011,4,N-4,39
2011,4,N-4/A,43
2011,4,N-54C,5
2011,4,N-6/A,2
2011,4,N-6F,2
2011,4,N-6F/A,6
2011,4,N-8A,45
2011,4,N-8F,36
2011,4,N-8F NTC,55
2011,4,N-8F ORDR,45
2011,4,N-8F/A,15
2011,4,N-CSR,822
2011,4,N-CSR/A,36
2011,4,N-CSRS,523
2011,4,N-CSRS/A,15
2011,4,N-MFP,2105
2011,4,N-MFP/A,32
2011,4,N-PX,14
2011,4,N-PX/A,21
2011,4,N-Q,1550
2011,4,N-Q/A,26
2011,4,NO ACT,72
2011,4,NSAR-A,532
2011,4,NSAR-A/A,35
2011,4,NSAR-B,877
2011,4,NSAR-B/A,57
2011,4,NSAR-BT,6
2011,4,NSAR-BT/A,1
2011,4,NT 10-K,188
2011,4,NT 10-K/A,3
2011,4,NT 10-Q,994
2011,4,NT 10-Q/A,6
2011,4,NT 11-K,2
2011,4,NT 20-F,11
2011,4,NT N-MFP,8
2011,4,NT-NCSR,3
2011,4,NT-NSAR,5
2011,4,NTN 10K,6
2011,4,NTN 10Q,31
2011,4,POS 8C,4
2011,4,POS AM,715
2011,4,POS AMI,41
2011,4,POS EX,140
2011,4,POSASR,87
2011,4,PRE 14A,218
2011,4,PRE 14C,110
2011,4,PREC14A,27
2011,4,PREM14A,36
2011,4,PREM14C,2
2011,4,PREN14A,6
2011,4,PRER14A,52
2011,4,PRER14C,32
2011,4,PRRN14A,42
2011,4,PX14A6G,8
2011,4,QRTLYRPT,1
2011,4,REG-NR,1
2011,4,REVOKED,148
2011,4,RW,157
2011,4,RW WD,3
2011,4,S-1,272
2011,4,S-1/A,1042
2011,4,S-11,14
2011,4,S-11/A,35
2011,4,S-11MEF,1
2011,4,S-1MEF,4
2011,4,S-3,218
2011,4,S-3/A,200
2011,4,S-3ASR,288
2011,4,S-3D,3
2011,4,S-3DPOS,1
2011,4,S-3MEF,1
2011,4,S-4,1699
2011,4,S-4/A,1072
2011,4,S-6,304
2011,4,S-6/A,115
2011,4,S-8,403
2011,4,S-8 POS,351
2011,4,S-B,5
2011,4,S-B/A,1
2011,4,SC 13D,722
2011,4,SC 13D/A,1867
2011,4,SC 13E3,17
2011,4,SC 13E3/A,76
2011,4,SC 13G,983
2011,4,SC 13G/A,1457
2011,4,SC 14D9,34
2011,4,SC 14D9/A,122
2011,4,SC 14F1,23
2011,4,SC 14F1/A,3
2011,4,SC TO-C,99
2011,4,SC TO-I,114
2011,4,SC TO-I/A,166
2011,4,SC TO-T,41
2011,4,SC TO-T/A,343
2011,4,SC14D1F/A,16
2011,4,SC14D9C,38
2011,4,SE,6
2011,4,SUPPL,35
2011,4,T-3,20
2011,4,T-3/A,12
2011,4,TA-1,4
2011,4,TA-1/A,33
2011,4,TA-2/A,6
2011,4,TA-W,3
2011,4,TH,1
2011,4,TTW,1
2011,4,UPLOAD,3806
2011,4,X-17A-5,250
2011,4,X-17A-5/A,21
2012,1,1-A,2
2012,1,1-A/A,23
2012,1,10-12B,3
2012,1,10-12B/A,14
2012,1,10-12G,29
2012,1,10-12G/A,60
2012,1,10-D,605
2012,1,10-D/A,13
2012,1,10-K,5577
2012,1,10-K/A,474
2012,1,10-KT,11
2012,1,10-Q,2161
2012,1,10-Q/A,447
2012,1,10-QT,3
2012,1,11-K,58
2012,1,13F-HR,3329
2012,1,13F-HR/A,350
2012,1,13F-NT,1294
2012,1,13F-NT/A,44
2012,1,13FCONP,1
2012,1,144,278
2012,1,144/A,6
2012,1,15-12B,62
2012,1,15-12B/A,1
2012,1,15-12G,138
2012,1,15-12G/A,3
2012,1,15-15D,120
2012,1,15F-12G,5
2012,1,15F-15D,14
2012,1,18-K,1
2012,1,18-K/A,40
2012,1,19B-4E,469
2012,1,2-A,1
2012,1,2-A/A,1
2012,1,20-F,191
2012,1,20-F/A,48
2012,1,20FR12B,1
2012,1,20FR12B/A,1
2012,1,20FR12G,2
2012,1,20FR12G/A,1
2012,1,24F-2NT,3449
2012,1,24F-2NT/A,24
2012,1,25,23
2012,1,25-NSE,258
2012,1,25-NSE/A,8
2012,1,3,8297
2012,1,3/A,593
2012,1,305B2,23
2012,1,4,127013
2012,1,4/A,3815
2012,1,40-17F1,12
2012,1,40-17F2,140
2012,1,40-17G,992
2012,1,40-17G/A,152
2012,1,40-202A,2
2012,1,40-24B2,68
2012,1,40-24B2/A,1
2012,1,40-33,8
2012,1,40-6B/A,19
2012,1,40-8B25,3
2012,1,40-APP,93
2012,1,40-APP/A,361
2012,1,40-F,108
2012,1,40-F/A,10
2012,1,40-OIP/A,16
2012,1,40FR12B,7
2012,1,40FR12B/A,2
2012,1,424A,3
2012,1,424B1,16
2012,1,424B2,3677
2012,1,424B3,4899
2012,1,424B4,97
2012,1,424B5,2223
2012,1,424B7,58
2012,1,424B8,6
2012,1,425,685
2012,1,485APOS,373
2012,1,485BPOS,2128
2012,1,485BXT,352
2012,1,486BPOS,9
2012,1,487,284
2012,1,497,3901
2012,1,497AD,74
2012,1,497J,1245
2012,1,497K,3939
2012,1,5,6897
2012,1,5/A,224
2012,1,6-K,5289
2012,1,6-K/A,109
2012,1,6B NTC,1
2012,1,8-A12B,183
2012,1,8-A12B/A,30
2012,1,8-A12G,40
2012,1,8-A12G/A,8
2012,1,8-K,19348
2012,1,8-K/A,824
2012,1,8-K12B,2
2012,1,8-K12G3,1
2012,1,ABS-15G,268
2012,1,ABS-15G/A,71
2012,1,ADN-MTL,1
2012,1,ADV-E,1
2012,1,ADV-H-T,1
2012,1,ADV-NR,32
2012,1,ANNLRPT,1
2012,1,APP NTC,70
2012,1,APP ORDR,66
2012,1,APP WD,34
2012,1,ARS,560
2012,1,AW,51
2012,1,CB,34
2012,1,CB/A,51
2012,1,CERTARCA,12
2012,1,CERTBATS,1
2012,1,CERTNAS,46
2012,1,CERTNYS,92
2012,1,CORRESP,3327
2012,1,CT ORDER,356
2012,1,D,5026
2012,1,D/A,5560
2012,1,DEF 14A,1628
2012,1,DEF 14C,107
2012,1,DEFA14A,995
2012,1,DEFA14C,5
2012,1,DEFC14A,19
2012,1,DEFM14A,30
2012,1,DEFM14C,3
2012,1,DEFN14A,4
2012,1,DEFR14A,26
2012,1,DEFR14C,2
2012,1,DEL AM,4
2012,1,DFAN14A,284
2012,1,DSTRBRPT,4
2012,1,EFFECT,2286
2012,1,F-1,24
2012,1,F-1/A,45
2012,1,F-10,7
2012,1,F-10/A,8
2012,1,F-3,19
2012,1,F-3/A,32
2012,1,F-3ASR,21
2012,1,F-3DPOS,1
2012,1,F-4,46
2012,1,F-4 POS,1
2012,1,F-4/A,494
2012,1,F-6,40
2012,1,F-6 POS,16
2012,1,F-6EF,222
2012,1,F-8/A,1
2012,1,F-9,1
2012,1,F-9 POS,1
2012,1,F-9/A,1
2012,1,F-N,9
2012,1,F-X,31
2012,1,F-X/A,4
2012,1,FOCUSN,1543
2012,1,FOCUSN/A,35
2012,1,FWP,2699
2012,1,G-405,2
2012,1,G-405N,1
2012,1,G-FIN/A,3
2012,1,MSD,2
2012,1,MSD/A,3
2012,1,N-14,23
2012,1,N-14 8C/A,5
2012,1,N-14/A,10
2012,1,N-18F1,4
2012,1,N-1A,15
2012,1,N-1A/A,15
2012,1,N-2,35
2012,1,N-2/A,93
2012,1,N-23C-2,5
2012,1,N-23C3A,13
2012,1,N-23C3B,3
2012,1,N-2MEF,3
2012,1,N-30B-2,136
2012,1,N-30D,199
2012,1,N-30D/A,1
2012,1,N-4,33
2012,1,N-4/A,25
2012,1,N-54A,3
2012,1,N-54C,1
2012,1,N-6,3
2012,1,N-6F,2
2012,1,N-6F/A,7
2012,1,N-8A,29
2012,1,N-8A/A,3
2012,1,N-8B-2,1
2012,1,N-8F,41
2012,1,N-8F NTC,16
2012,1,N-8F ORDR,27
2012,1,N-8F/A,12
2012,1,N-CSR,1361
2012,1,N-CSR/A,41
2012,1,N-CSRS,470
2012,1,N-CSRS/A,27
2012,1,N-MFP,2090
2012,1,N-MFP/A,91
2012,1,N-PX,4
2012,1,N-PX/A,1
2012,1,N-Q,1522
2012,1,N-Q/A,10
2012,1,NO ACT,284
2012,1,NSAR-A,430
2012,1,NSAR-A/A,38
2012,1,NSAR-AT,1
2012,1,NSAR-B,971
2012,1,NSAR-B/A,55
2012,1,NSAR-BT,4
2012,1,NSAR-U,766
2012,1,NSAR-U/A,8
2012,1,NT 10-K,797
2012,1,NT 10-K/A,4
2012,1,NT 10-Q,345
2012,1,NT 10-Q/A,3
2012,1,NT 11-K,1
2012,1,NT-NCSR,1
2012,1,NT-NSAR,6
2012,1,NT-NSAR/A,1
2012,1,NTFNCSR,3
2012,1,NTFNSAR,1
2012,1,NTN 10K,9
2012,1,NTN 10Q,13
2012,1,POS 8C,37
2012,1,POS AM,453
2012,1,POS AMI,80
2012,1,POS EX,87
2012,1,POS462B,1
2012,1,POSASR,648
2012,1,PRE 14A,417
2012,1,PRE 14C,85
2012,1,PREC14A,50
2012,1,PREC14C,2
2012,1,PREM14A,15
2012,1,PREM14C,4
2012,1,PREN14A,4
2012,1,PRER14A,49
2012,1,PRER14C,26
2012,1,PRRN14A,34
2012,1,PX14A6G,16
2012,1,QRTLYRPT,1
2012,1,REVOKED,105
2012,1,RW,112
2012,1,RW WD,2
2012,1,S-1,312
2012,1,S-1/A,862
2012,1,S-11,9
2012,1,S-11/A,47
2012,1,S-11MEF,2
2012,1,S-1MEF,9
2012,1,S-3,209
2012,1,S-3/A,146
2012,1,S-3ASR,1292
2012,1,S-3D,8
2012,1,S-3DPOS,8
2012,1,S-3MEF,4
2012,1,S-4,767
2012,1,S-4/A,1986
2012,1,S-4MEF,1
2012,1,S-6,330
2012,1,S-6/A,185
2012,1,S-8,467
2012,1,S-8 POS,421
2012,1,S-B,6
2012,1,S-B/A,4
2012,1,SC 13D,834
2012,1,SC 13D/A,2120
2012,1,SC 13E3,13
2012,1,SC 13E3/A,86
2012,1,SC 13G,9639
2012,1,SC 13G/A,24101
2012,1,SC 14D9,24
2012,1,SC 14D9/A,78
2012,1,SC 14F1,19
2012,1,SC 14F1/A,1
2012,1,SC TO-C,115
2012,1,SC TO-I,136
2012,1,SC TO-I/A,159
2012,1,SC TO-T,42
2012,1,SC TO-T/A,232
2012,1,SC14D9C,37
2012,1,SE,4
2012,1,SUPPL,56
2012,1,T-3,77
2012,1,T-3/A,68
2012,1,TA-1,1
2012,1,TA-1/A,40
2012,1,TA-2,336
2012,1,TA-2/A,27
2012,1,TA-W,6
2012,1,UPLOAD,3484
2012,1,X-17A-5,3599
2012,1,X-17A-5/A,79
2012,2,1,1
2012,2,1-A,4
2012,2,1-A/A,28
2012,2,10-12B,7
2012,2,10-12B/A,15
2012,2,10-12G,39
2012,2,10-12G/A,68
2012,2,10-D,713
2012,2,10-D/A,6
2012,2,10-K,1332
2012,2,10-K/A,719
2012,2,10-KT,7
2012,2,10-KT/A,3
2012,2,10-Q,7495
2012,2,10-Q/A,476
2012,2,10-QT,1
2012,2,10-QT/A,1
2012,2,11-K,1410
2012,2,11-K/A,14
2012,2,13F-HR,3293
2012,2,13F-HR/A,322
2012,2,13F-NT,1252
2012,2,13F-NT/A,25
2012,2,13FCONP,6
2012,2,144,154
2012,2,144/A,2
2012,2,15-12B,51
2012,2,15-12B/A,2
2012,2,15-12G,132
2012,2,15-12G/A,9
2012,2,15-15D,134
2012,2,15-15D/A,3
2012,2,15F-12B,2
2012,2,15F-12G,3
2012,2,15F-15D,1
2012,2,18-K,13
2012,2,18-K/A,26
2012,2,19B-4E,364
2012,2,2-AF,1
2012,2,20-F,423
2012,2,20-F/A,139
2012,2,20FR12B,2
2012,2,20FR12B/A,4
2012,2,20FR12G,5
2012,2,20FR12G/A,3
2012,2,24F-2NT,1151
2012,2,24F-2NT/A,3
2012,2,25,38
2012,2,25-NSE,318
2012,2,25-NSE/A,2
2012,2,3,8215
2012,2,3/A,404
2012,2,305B2,35
2012,2,4,101948
2012,2,4/A,2539
2012,2,40-17F1,11
2012,2,40-17F2,64
2012,2,40-17G,416
2012,2,40-17G/A,149
2012,2,40-202A,1
2012,2,40-24B2,97
2012,2,40-33,1
2012,2,40-6B/A,11
2012,2,40-8B25,1
2012,2,40-APP,102
2012,2,40-APP/A,613
2012,2,40-F,28
2012,2,40-F/A,14
2012,2,40-OIP,10
2012,2,40-OIP/A,5
2012,2,40FR12B,2
2012,2,40FR12B/A,3
2012,2,40FR12G,1
2012,2,424A,3
2012,2,424B1,43
2012,2,424B2,3341
2012,2,424B3,4357
2012,2,424B4,63
2012,2,424B5,1412
2012,2,424B7,51
2012,2,424B8,15
2012,2,425,691
2012,2,485APOS,299
2012,2,485BPOS,3135
2012,2,485BXT,367
2012,2,486APOS,3
2012,2,486BPOS,6
2012,2,487,272
2012,2,497,5206
2012,2,497AD,50
2012,2,497J,2160
2012,2,497K,5283
2012,2,5,483
2012,2,5/A,50
2012,2,6-K,5917
2012,2,6-K/A,105
2012,2,6B NTC,1
2012,2,6B ORDR,2
2012,2,8-A12B,204
2012,2,8-A12B/A,30
2012,2,8-A12G,84
2012,2,8-A12G/A,8
2012,2,8-K,21238
2012,2,8-K/A,673
2012,2,8-K12B,3
2012,2,8-K12B/A,1
2012,2,8-K12G3,4
2012,2,8-K12G3/A,1
2012,2,8-K15D5,1
2012,2,ABS-15G,198
2012,2,ABS-15G/A,60
2012,2,ADV-E,3
2012,2,ADV-H-T,6
2012,2,ADV-NR,74
2012,2,ANNLRPT,1
2012,2,APP NTC,79
2012,2,APP ORDR,82
2012,2,APP WD,16
2012,2,ARS,1129
2012,2,AW,54
2012,2,AW WD,1
2012,2,CB,29
2012,2,CB/A,48
2012,2,CERTARCA,4
2012,2,CERTNAS,51
2012,2,CERTNYS,125
2012,2,CERTPAC,3
2012,2,CORRESP,4249
2012,2,CT ORDER,469
2012,2,D,4632
2012,2,D/A,2992
2012,2,DEF 14A,2653
2012,2,DEF 14C,151
2012,2,DEFA14A,1832
2012,2,DEFA14C,5
2012,2,DEFC14A,51
2012,2,DEFM14A,30
2012,2,DEFM14C,5
2012,2,DEFN14A,6
2012,2,DEFR14A,158
2012,2,DEFR14C,2
2012,2,DEL AM,10
2012,2,DFAN14A,357
2012,2,DFRN14A,6
2012,2,EFFECT,2691
2012,2,F-1,12
2012,2,F-1/A,63
2012,2,F-10,19
2012,2,F-10/A,12
2012,2,F-1MEF,1
2012,2,F-3,59
2012,2,F-3/A,30
2012,2,F-3ASR,28
2012,2,F-3D,1
2012,2,F-4,171
2012,2,F-4/A,601
2012,2,F-6,44
2012,2,F-6 POS,28
2012,2,F-6/A,8
2012,2,F-6EF,242
2012,2,F-9,14
2012,2,F-9/A,14
2012,2,F-N,10
2012,2,F-N/A,1
2012,2,F-X,52
2012,2,F-X/A,17
2012,2,FOCUSN,128
2012,2,FOCUSN/A,16
2012,2,FWP,2953
2012,2,G-FIN/A,5
2012,2,MSD,1
2012,2,MSD/A,8
2012,2,N-1,1
2012,2,N-14,42
2012,2,N-14 8C,10
2012,2,N-14 8C/A,17
2012,2,N-14/A,15
2012,2,N-18F1,7
2012,2,N-1A,17
2012,2,N-1A/A,28
2012,2,N-2,28
2012,2,N-2/A,77
2012,2,N-23C-2,33
2012,2,N-23C3A,15
2012,2,N-23C3B,2
2012,2,N-2MEF,3
2012,2,N-30B-2,101
2012,2,N-30D,9
2012,2,N-4,13
2012,2,N-4/A,20
2012,2,N-54A,5
2012,2,N-6,6
2012,2,N-6/A,3
2012,2,N-6F,2
2012,2,N-6F/A,2
2012,2,N-8A,35
2012,2,N-8A/A,7
2012,2,N-8B-2,1
2012,2,N-8F,38
2012,2,N-8F NTC,65
2012,2,N-8F ORDR,69
2012,2,N-8F/A,19
2012,2,N-CSR,553
2012,2,N-CSR/A,63
2012,2,N-CSRS,818
2012,2,N-CSRS/A,3
2012,2,N-MFP,2000
2012,2,N-MFP/A,62
2012,2,N-PX,7
2012,2,N-PX/A,1
2012,2,N-Q,1567
2012,2,N-Q/A,18
2012,2,NO ACT,59
2012,2,NSAR-A,895
2012,2,NSAR-A/A,27
2012,2,NSAR-AT,1
2012,2,NSAR-B,531
2012,2,NSAR-B/A,66
2012,2,NSAR-BT,4
2012,2,NT 10-K,393
2012,2,NT 10-K/A,4
2012,2,NT 10-Q,861
2012,2,NT 10-Q/A,12
2012,2,NT 11-K,21
2012,2,NT 20-F,63
2012,2,NT 20-F/A,1
2012,2,NT N-MFP,39
2012,2,NT-NCSR,1
2012,2,NT-NSAR,3
2012,2,NT-NSAR/A,1
2012,2,NTFNCSR,1
2012,2,NTFNSAR,1
2012,2,NTN 10K,18
2012,2,NTN 10Q,23
2012,2,POS 8C,45
2012,2,POS AM,565
2012,2,POS AMI,51
2012,2,POS EX,160
2012,2,POSASR,1377
2012,2,PRE 14A,336
2012,2,PRE 14C,83
2012,2,PREC14A,63
2012,2,PREM14A,45
2012,2,PREM14C,8
2012,2,PREN14A,8
2012,2,PRER14A,79
2012,2,PRER14C,21
2012,2,PRRN14A,68
2012,2,PX14A6G,110
2012,2,PX14A6N,2
2012,2,QRTLYRPT,1
2012,2,REVOKED,122
2012,2,RW,135
2012,2,RW WD,7
2012,2,S-1,390
2012,2,S-1/A,905
2012,2,S-11,12
2012,2,S-11/A,43
2012,2,S-11MEF,1
2012,2,S-1MEF,7
2012,2,S-3,311
2012,2,S-3/A,147
2012,2,S-3ASR,828
2012,2,S-3D,7
2012,2,S-3DPOS,6
2012,2,S-3MEF,5
2012,2,S-4,1012
2012,2,S-4 POS,2
2012,2,S-4/A,1086
2012,2,S-4MEF,1
2012,2,S-6,334
2012,2,S-6/A,182
2012,2,S-8,616
2012,2,S-8 POS,436
2012,2,S-B,7
2012,2,S-B/A,1
2012,2,SC 13D,754
2012,2,SC 13D/A,1869
2012,2,SC 13E3,11
2012,2,SC 13E3/A,25
2012,2,SC 13G,1139
2012,2,SC 13G/A,1949
2012,2,SC 14D9,33
2012,2,SC 14D9/A,139
2012,2,SC 14F1,22
2012,2,SC 14F1/A,1
2012,2,SC TO-C,83
2012,2,SC TO-I,137
2012,2,SC TO-I/A,174
2012,2,SC TO-T,50
2012,2,SC TO-T/A,315
2012,2,SC14D9C,29
2012,2,SE,14
2012,2,SL,2
2012,2,SP 15D2,4
2012,2,SP 15D2/A,1
2012,2,SUPPL,48
2012,2,T-3,8
2012,2,T-3/A,19
2012,2,TA-1,3
2012,2,TA-1/A,34
2012,2,TA-2,19
2012,2,TA-2/A,8
2012,2,TA-W,2
2012,2,TACO,1
2012,2,TH,2
2012,2,TTW,1
2012,2,UPLOAD,3883
2012,2,X-17A-5,358
2012,2,X-17A-5/A,47
2012,3,1,1
2012,3,1-A,7
2012,3,1-A/A,20
2012,3,1/A,9
2012,3,10-12B,3
2012,3,10-12B/A,16
2012,3,10-12G,24
2012,3,10-12G/A,64
2012,3,10-D,761
2012,3,10-D/A,21
2012,3,10-K,707
2012,3,10-K/A,313
2012,3,10-KT,2
2012,3,10-KT/A,1
2012,3,10-Q,7304
2012,3,10-Q/A,1463
2012,3,11-K,72
2012,3,11-K/A,7
2012,3,13F-HR,3280
2012,3,13F-HR/A,316
2012,3,13F-NT,1273
2012,3,13F-NT/A,14
2012,3,13FCONP,6
2012,3,144,202
2012,3,144/A,2
2012,3,15-12B,46
2012,3,15-12B/A,1
2012,3,15-12G,104
2012,3,15-12G/A,5
2012,3,15-15D,628
2012,3,15-15D/A,2
2012,3,15F-12B,1
2012,3,15F-12G,4
2012,3,18-K,9
2012,3,18-K/A,32
2012,3,19B-4E,219
2012,3,2-A/A,2
2012,3,20-F,63
2012,3,20-F/A,52
2012,3,20FR12B/A,4
2012,3,20FR12G,1
2012,3,20FR12G/A,10
2012,3,24F-2NT,1222
2012,3,24F-2NT/A,2
2012,3,25,14
2012,3,25-NSE,428
2012,3,25-NSE/A,4
2012,3,3,6929
2012,3,3/A,372
2012,3,305B2,59
2012,3,4,79355
2012,3,4/A,2008
2012,3,40-17F1,14
2012,3,40-17F2,231
2012,3,40-17G,602
2012,3,40-17G/A,163
2012,3,40-24B2,71
2012,3,40-33,3
2012,3,40-6B,3
2012,3,40-6B/A,40
2012,3,40-8B25,2
2012,3,40-APP,100
2012,3,40-APP/A,626
2012,3,40-F,3
2012,3,40-F/A,6
2012,3,40-OIP,16
2012,3,40-OIP/A,11
2012,3,40FR12B,2
2012,3,40FR12B/A,1
2012,3,40FR12G,1
2012,3,40FR12G/A,2
2012,3,424B1,11
2012,3,424B2,3168
2012,3,424B3,3915
2012,3,424B4,66
2012,3,424B5,2683
2012,3,424B7,48
2012,3,424B8,17
2012,3,425,816
2012,3,485APOS,292
2012,3,485BPOS,1583
2012,3,485BXT,338
2012,3,486APOS,1
2012,3,486BPOS,8
2012,3,487,270
2012,3,497,3545
2012,3,497AD,77
2012,3,497H2,2
2012,3,497J,1194
2012,3,497K,3311
2012,3,5,551
2012,3,5/A,24
2012,3,6-K,4890
2012,3,6-K/A,64
2012,3,6B NTC,2
2012,3,6B ORDR,2
2012,3,8-A12B,186
2012,3,8-A12B/A,37
2012,3,8-A12G,41
2012,3,8-A12G/A,13
2012,3,8-K,17588
2012,3,8-K/A,649
2012,3,8-K12B,1
2012,3,8-K12G3,2
2012,3,8-K12G3/A,1
2012,3,ABS-15G,99
2012,3,ABS-15G/A,63
2012,3,ADV-NR,5
2012,3,ANNLRPT,2
2012,3,APP NTC,29
2012,3,APP ORDR,32
2012,3,APP WD,38
2012,3,APP WD/A,2
2012,3,APP WDG,10
2012,3,ARS,163
2012,3,AW,38
2012,3,CB,19
2012,3,CB/A,17
2012,3,CERTARCA,5
2012,3,CERTNAS,45
2012,3,CERTNYS,111
2012,3,CERTPAC,4
2012,3,CORRESP,3983
2012,3,CT ORDER,404
2012,3,D,4273
2012,3,D/A,2413
2012,3,DEF 14A,658
2012,3,DEF 14C,96
2012,3,DEFA14A,721
2012,3,DEFA14C,2
2012,3,DEFC14A,11
2012,3,DEFM14A,48
2012,3,DEFM14C,6
2012,3,DEFN14A,2
2012,3,DEFR14A,23
2012,3,DEFR14C,2
2012,3,DEL AM,5
2012,3,DFAN14A,176
2012,3,DSTRBRPT,2
2012,3,EFFECT,2252
2012,3,F-1,11
2012,3,F-1/A,40
2012,3,F-10,6
2012,3,F-10/A,14
2012,3,F-10POS,1
2012,3,F-1MEF,1
2012,3,F-3,68
2012,3,F-3/A,26
2012,3,F-3ASR,23
2012,3,F-3D,2
2012,3,F-4,67
2012,3,F-4 POS,1
2012,3,F-4/A,215
2012,3,F-6,36
2012,3,F-6 POS,82
2012,3,F-6/A,2
2012,3,F-6EF,194
2012,3,F-80,1
2012,3,F-9,1
2012,3,F-N,5
2012,3,F-X,27
2012,3,FOCUSN,95
2012,3,FOCUSN/A,5
2012,3,FWP,2941
2012,3,G-405,1
2012,3,G-405N/A,1
2012,3,G-FIN,1
2012,3,G-FIN/A,2
2012,3,MSD/A,4
2012,3,N-14,29
2012,3,N-14 8C,7
2012,3,N-14 8C/A,6
2012,3,N-14/A,19
2012,3,N-18F1,8
2012,3,N-1A,21
2012,3,N-1A/A,27
2012,3,N-2,36
2012,3,N-2/A,60
2012,3,N-23C-2,2
2012,3,N-23C3A,17
2012,3,N-23C3B,2
2012,3,N-2MEF,4
2012,3,N-30B-2,134
2012,3,N-30D,205
2012,3,N-4,20
2012,3,N-4/A,20
2012,3,N-54A,2
2012,3,N-6,10
2012,3,N-6/A,4
2012,3,N-6F,2
2012,3,N-6F/A,2
2012,3,N-8A,37
2012,3,N-8A/A,37
2012,3,N-8F,27
2012,3,N-8F NTC,15
2012,3,N-8F ORDR,15
2012,3,N-8F/A,19
2012,3,N-CSR,502
2012,3,N-CSR/A,27
2012,3,N-CSRS,1345
2012,3,N-CSRS/A,18
2012,3,N-MFP,1985
2012,3,N-MFP/A,82
2012,3,N-PX,2822
2012,3,N-PX/A,64
2012,3,N-Q,1547
2012,3,N-Q/A,7
2012,3,NO ACT,72
2012,3,NSAR-A,962
2012,3,NSAR-A/A,42
2012,3,NSAR-B,424
2012,3,NSAR-B/A,42
2012,3,NSAR-BT,4
2012,3,NSAR-U,4
2012,3,NSAR-U/A,5
2012,3,NT 10-K,198
2012,3,NT 10-K/A,1
2012,3,NT 10-Q,825
2012,3,NT 10-Q/A,3
2012,3,NT 11-K,1
2012,3,NT 20-F,11
2012,3,NT N-MFP,12
2012,3,NT-NCSR,2
2012,3,NT-NCSR/A,2
2012,3,NT-NSAR,6
2012,3,NT-NSAR/A,5
2012,3,NTFNCSR,2
2012,3,NTN 10K,6
2012,3,NTN 10Q,28
2012,3,OIP NTC,1
2012,3,OIP ORDR,1
2012,3,POS 8C,22
2012,3,POS AM,252
2012,3,POS AMI,42
2012,3,POS EX,183
2012,3,POS462B,3
2012,3,POSASR,275
2012,3,PRE 14A,170
2012,3,PRE 14C,77
2012,3,PREC14A,16
2012,3,PREC14C,2
2012,3,PREM14A,40
2012,3,PREM14C,9
2012,3,PREN14A,2
2012,3,PRER14A,50
2012,3,PRER14C,17
2012,3,PRRN14A,12
2012,3,PX14A6G,2
2012,3,REVOKED,139
2012,3,RW,105
2012,3,RW WD,5
2012,3,S-1,233
2012,3,S-1/A,675
2012,3,S-11,12
2012,3,S-11/A,48
2012,3,S-1MEF,8
2012,3,S-3,284
2012,3,S-3/A,120
2012,3,S-3ASR,587
2012,3,S-3D,12
2012,3,S-3DPOS,8
2012,3,S-3MEF,8
2012,3,S-4,1362
2012,3,S-4/A,1086
2012,3,S-6,304
2012,3,S-6/A,168
2012,3,S-8,526
2012,3,S-8 POS,417
2012,3,S-B,8
2012,3,S-B/A,1
2012,3,SC 13D,627
2012,3,SC 13D/A,1679
2012,3,SC 13E3,15
2012,3,SC 13E3/A,46
2012,3,SC 13G,889
2012,3,SC 13G/A,1579
2012,3,SC 14D9,19
2012,3,SC 14D9/A,97
2012,3,SC 14F1,23
2012,3,SC 14F1/A,1
2012,3,SC TO-C,93
2012,3,SC TO-I,143
2012,3,SC TO-I/A,217
2012,3,SC TO-T,36
2012,3,SC TO-T/A,210
2012,3,SC13E4F,1
2012,3,SC14D1F,2
2012,3,SC14D9C,30
2012,3,SE,7
2012,3,SUPPL,84
2012,3,T-3,25
2012,3,T-3/A,61
2012,3,TA-1,2
2012,3,TA-1/A,42
2012,3,TA-2,5
2012,3,TA-2/A,2
2012,3,TA-W,2
2012,3,UPLOAD,3957
2012,3,X-17A-5,292
2012,3,X-17A-5/A,19
2012,4,1-A,6
2012,4,1-A/A,11
2012,4,1/A,22
2012,4,10-12B,9
2012,4,10-12B/A,21
2012,4,10-12G,26
2012,4,10-12G/A,70
2012,4,10-D,904
2012,4,10-D/A,15
2012,4,10-K,777
2012,4,10-K/A,334
2012,4,10-KT,3
2012,4,10-KT/A,1
2012,4,10-Q,7226
2012,4,10-Q/A,659
2012,4,10-QT,1
2012,4,11-K,29
2012,4,11-K/A,4
2012,4,11-KT,2
2012,4,13F-HR,3344
2012,4,13F-HR/A,276
2012,4,13F-NT,1279
2012,4,13F-NT/A,26
2012,4,13FCONP,7
2012,4,144,195
2012,4,144/A,2
2012,4,15-12B,48
2012,4,15-12B/A,1
2012,4,15-12G,95
2012,4,15-12G/A,2
2012,4,15-15D,81
2012,4,15F-12B,2
2012,4,15F-12G,3
2012,4,15F-12G/A,2
2012,4,18-K,16
2012,4,18-K/A,39
2012,4,19B-4E,501
2012,4,2-A,2
2012,4,20-F,46
2012,4,20-F/A,28
2012,4,20FR12B,2
2012,4,20FR12B/A,2
2012,4,20FR12G/A,5
2012,4,24F-2NT,1304
2012,4,24F-2NT/A,11
2012,4,25,33
2012,4,25-NSE,480
2012,4,25-NSE/A,6
2012,4,3,6824
2012,4,3/A,320
2012,4,305B2,96
2012,4,4,90079
2012,4,4/A,2253
2012,4,40-17F1,7
2012,4,40-17F2,365
2012,4,40-17F2/A,2
2012,4,40-17G,883
2012,4,40-17G/A,183
2012,4,40-206A,3
2012,4,40-24B2,73
2012,4,40-6B/A,6
2012,4,40-8B25,1
2012,4,40-APP,145
2012,4,40-APP/A,496
2012,4,40-F,14
2012,4,40-F/A,6
2012,4,40-OIP/A,33
2012,4,40FR12B,4
2012,4,424A,1
2012,4,424B1,17
2012,4,424B2,3576
2012,4,424B3,4473
2012,4,424B4,66
2012,4,424B5,1430
2012,4,424B7,49
2012,4,424B8,32
2012,4,425,828
2012,4,485APOS,340
2012,4,485BPOS,1780
2012,4,485BXT,336
2012,4,486APOS,3
2012,4,486BPOS,6
2012,4,487,275
2012,4,497,3934
2012,4,497AD,68
2012,4,497H2,4
2012,4,497J,1229
2012,4,497K,3123
2012,4,5,496
2012,4,5/A,32
2012,4,6-K,5251
2012,4,6-K/A,66
2012,4,6B NTC,1
2012,4,6B ORDR,1
2012,4,8-A12B,189
2012,4,8-A12B/A,37
2012,4,8-A12G,39
2012,4,8-A12G/A,9
2012,4,8-K,19179
2012,4,8-K/A,625
2012,4,8-K12B,4
2012,4,8-K12G3,4
2012,4,ABS-15G,85
2012,4,ABS-15G/A,101
2012,4,ADV-NR,4
2012,4,ANNLRPT,1
2012,4,APP NTC,23
2012,4,APP ORDR,19
2012,4,APP WD,8
2012,4,APP WDG,3
2012,4,ARS,163
2012,4,AW,31
2012,4,CB,18
2012,4,CB/A,13
2012,4,CERTARCA,10
2012,4,CERTBATS,1
2012,4,CERTNAS,56
2012,4,CERTNYS,120
2012,4,CERTPAC,3
2012,4,CORRESP,4375
2012,4,CT ORDER,259
2012,4,D,4488
2012,4,D/A,2445
2012,4,DEF 14A,615
2012,4,DEF 14C,128
2012,4,DEFA14A,612
2012,4,DEFA14C,2
2012,4,DEFC14A,10
2012,4,DEFM14A,41
2012,4,DEFM14C,3
2012,4,DEFR14A,14
2012,4,DEFR14C,3
2012,4,DEL AM,3
2012,4,DFAN14A,148
2012,4,DFRN14A,2
2012,4,DRS,61
2012,4,DRS/A,24
2012,4,DRSLTR,18
2012,4,DSTRBRPT,2
2012,4,EFFECT,3010
2012,4,F-1,11
2012,4,F-1/A,28
2012,4,F-10,17
2012,4,F-10/A,10
2012,4,F-3,10
2012,4,F-3/A,62
2012,4,F-3ASR,56
2012,4,F-3MEF,1
2012,4,F-4,130
2012,4,F-4/A,133
2012,4,F-6,42
2012,4,F-6 POS,26
2012,4,F-6EF,146
2012,4,F-7,1
2012,4,F-80/A,1
2012,4,F-N,1
2012,4,F-X,40
2012,4,FOCUSN,111
2012,4,FOCUSN/A,4
2012,4,FWP,2891
2012,4,G-FIN/A,2
2012,4,G-FINW,1
2012,4,MSD/A,3
2012,4,N-14,45
2012,4,N-14 8C,1
2012,4,N-14 8C/A,2
2012,4,N-14/A,14
2012,4,N-18F1,4
2012,4,N-1A,9
2012,4,N-1A/A,40
2012,4,N-2,42
2012,4,N-2/A,71
2012,4,N-23C-2,14
2012,4,N-23C3A,16
2012,4,N-23C3B,2
2012,4,N-2MEF,3
2012,4,N-30B-2,50
2012,4,N-30D,5
2012,4,N-4,22
2012,4,N-4/A,17
2012,4,N-54A,5
2012,4,N-6/A,8
2012,4,N-6F,2
2012,4,N-6F/A,2
2012,4,N-8A,29
2012,4,N-8A/A,22
2012,4,N-8B-2,2
2012,4,N-8B-2/A,2
2012,4,N-8F,41
2012,4,N-8F NTC,29
2012,4,N-8F ORDR,16
2012,4,N-8F/A,23
2012,4,N-CSR,826
2012,4,N-CSR/A,16
2012,4,N-CSRS,539
2012,4,N-CSRS/A,6
2012,4,N-MFP,1958
2012,4,N-MFP/A,32
2012,4,N-PX,8
2012,4,N-PX/A,4
2012,4,N-Q,1566
2012,4,N-Q/A,13
2012,4,NO ACT,60
2012,4,NSAR-A,550
2012,4,NSAR-A/A,39
2012,4,NSAR-B,881
2012,4,NSAR-B/A,96
2012,4,NSAR-BT,5
2012,4,NT 10-K,186
2012,4,NT 10-K/A,1
2012,4,NT 10-Q,877
2012,4,NT 10-Q/A,7
2012,4,NT 20-F,7
2012,4,NT N-MFP,19
2012,4,NT-NSAR,2
2012,4,NTFNSAR,1
2012,4,NTN 10K,13
2012,4,NTN 10Q,39
2012,4,OIP NTC,14
2012,4,OIP ORDR,12
2012,4,POS 8C,13
2012,4,POS AM,436
2012,4,POS AMI,39
2012,4,POS EX,60
2012,4,POS462B,1
2012,4,POSASR,425
2012,4,PRE 14A,177
2012,4,PRE 14C,101
2012,4,PREC14A,20
2012,4,PREM14A,29
2012,4,PREM14C,6
2012,4,PREN14A,4
2012,4,PRER14A,68
2012,4,PRER14C,30
2012,4,PRRN14A,10
2012,4,PX14A6G,14
2012,4,QRTLYRPT,1
2012,4,REVOKED,72
2012,4,RW,92
2012,4,RW WD,4
2012,4,S-1,180
2012,4,S-1/A,595
2012,4,S-11,16
2012,4,S-11/A,53
2012,4,S-11MEF,1
2012,4,S-1MEF,17
2012,4,S-20,1
2012,4,S-20/A,1
2012,4,S-3,301
2012,4,S-3/A,280
2012,4,S-3ASR,506
2012,4,S-3D,3
2012,4,S-3DPOS,11
2012,4,S-3MEF,8
2012,4,S-4,996
2012,4,S-4/A,2088
2012,4,S-6,319
2012,4,S-6/A,181
2012,4,S-8,376
2012,4,S-8 POS,454
2012,4,S-B,4
2012,4,S-B/A,5
2012,4,SC 13D,736
2012,4,SC 13D/A,2042
2012,4,SC 13E1,1
2012,4,SC 13E3,15
2012,4,SC 13E3/A,55
2012,4,SC 13G,1156
2012,4,SC 13G/A,1448
2012,4,SC 14D9,23
2012,4,SC 14D9/A,108
2012,4,SC 14F1,14
2012,4,SC 14F1/A,1
2012,4,SC TO-C,63
2012,4,SC TO-I,125
2012,4,SC TO-I/A,211
2012,4,SC TO-T,40
2012,4,SC TO-T/A,228
2012,4,SC14D1F,2
2012,4,SC14D1F/A,4
2012,4,SC14D9C,27
2012,4,SC14D9F,1
2012,4,SC14D9F/A,1
2012,4,SE,9
2012,4,STOP ORDER,1
2012,4,SUPPL,43
2012,4,T-3,12
2012,4,T-3/A,22
2012,4,TA-1,3
2012,4,TA-1/A,37
2012,4,TA-2,2
2012,4,TA-2/A,11
2012,4,TA-W,3
2012,4,TTW,2
2012,4,UPLOAD,4117
2012,4,WDL-REQ,1
2012,4,X-17A-5,215
2012,4,X-17A-5/A,7
2013,1,1-A,8
2013,1,1-A/A,21
2013,1,1/A,22
2013,1,10-12B,7
2013,1,10-12B/A,14
2013,1,10-12G,17
2013,1,10-12G/A,73
2013,1,10-D,991
2013,1,10-D/A,28
2013,1,10-K,4927
2013,1,10-K/A,422
2013,1,10-KT,12
2013,1,10-KT/A,5
2013,1,10-Q,2075
2013,1,10-Q/A,373
2013,1,10-QT,3
2013,1,10-QT/A,1
2013,1,11-K,52
2013,1,13F-HR,3470
2013,1,13F-HR/A,445
2013,1,13F-NT,1413
2013,1,13F-NT/A,20
2013,1,144,231
2013,1,144/A,6
2013,1,15-12B,73
2013,1,15-12B/A,1
2013,1,15-12G,111
2013,1,15-12G/A,7
2013,1,15-15D,176
2013,1,15-15D/A,6
2013,1,15F-12B,1
2013,1,15F-12B/A,1
2013,1,15F-12G,3
2013,1,15F-15D,2
2013,1,18-K,3
2013,1,18-K/A,33
2013,1,19B-4E,250
2013,1,2-A/A,1
2013,1,2-AF,1
2013,1,20-F,187
2013,1,20-F/A,37
2013,1,20FR12B,1
2013,1,20FR12B/A,6
2013,1,24F-2NT,3426
2013,1,24F-2NT/A,68
2013,1,25,19
2013,1,25-NSE,282
2013,1,25-NSE/A,6
2013,1,3,7697
2013,1,3/A,459
2013,1,305B2,85
2013,1,4,124857
2013,1,4/A,3514
2013,1,40-17F1,1
2013,1,40-17F2,64
2013,1,40-17G,635
2013,1,40-17G/A,83
2013,1,40-24B2,90
2013,1,40-33,2
2013,1,40-6B,1
2013,1,40-6B/A,29
2013,1,40-8B25,4
2013,1,40-APP,104
2013,1,40-APP/A,434
2013,1,40-F,104
2013,1,40-F/A,11
2013,1,40-OIP,21
2013,1,40-OIP/A,29
2013,1,40FR12B,1
2013,1,40FR12B/A,4
2013,1,424A,1
2013,1,424B1,17
2013,1,424B2,3485
2013,1,424B3,3471
2013,1,424B4,58
2013,1,424B5,1240
2013,1,424B7,125
2013,1,424B8,30
2013,1,425,1343
2013,1,485APOS,444
2013,1,485BPOS,1847
2013,1,485BXT,414
2013,1,486BPOS,6
2013,1,487,278
2013,1,497,4311
2013,1,497AD,68
2013,1,497H2,4
2013,1,497J,1250
2013,1,497K,4340
2013,1,5,6625
2013,1,5/A,203
2013,1,6-K,5029
2013,1,6-K/A,89
2013,1,6B NTC,1
2013,1,6B ORDR,1
2013,1,8-A12B,184
2013,1,8-A12B/A,31
2013,1,8-A12G,37
2013,1,8-A12G/A,6
2013,1,8-K,18878
2013,1,8-K/A,736
2013,1,8-K12B,2
2013,1,8-K12B/A,1
2013,1,8-K12G3,1
2013,1,8-M,2
2013,1,ABS-15G,418
2013,1,ABS-15G/A,58
2013,1,ADV-NR,11
2013,1,APP NTC,20
2013,1,APP ORDR,28
2013,1,APP WD,68
2013,1,APP WDG,3
2013,1,ARS,536
2013,1,ARS/A,1
2013,1,AW,41
2013,1,AW WD,2
2013,1,CB,14
2013,1,CB/A,7
2013,1,CERTARCA,11
2013,1,CERTBATS,1
2013,1,CERTNAS,36
2013,1,CERTNYS,119
2013,1,CORRESP,3668
2013,1,CT ORDER,296
2013,1,D,5084
2013,1,D/A,5654
2013,1,DEF 14A,1596
2013,1,DEF 14C,123
2013,1,DEFA14A,1244
2013,1,DEFA14C,3
2013,1,DEFC14A,26
2013,1,DEFM14A,55
2013,1,DEFM14C,1
2013,1,DEFN14A,4
2013,1,DEFR14A,37
2013,1,DEFR14C,6
2013,1,DEL AM,15
2013,1,DFAN14A,293
2013,1,DFRN14A,4
2013,1,DRS,44
2013,1,DRS/A,62
2013,1,DRSLTR,47
2013,1,DSTRBRPT,2
2013,1,EFFECT,1574
2013,1,F-1,8
2013,1,F-1/A,21
2013,1,F-10,5
2013,1,F-10/A,15
2013,1,F-10POS,2
2013,1,F-1MEF,2
2013,1,F-3,15
2013,1,F-3/A,14
2013,1,F-3ASR,53
2013,1,F-3D,1
2013,1,F-3MEF,1
2013,1,F-4,2
2013,1,F-4/A,9
2013,1,F-6,48
2013,1,F-6 POS,10
2013,1,F-6/A,2
2013,1,F-6EF,418
2013,1,F-80,2
2013,1,F-80/A,4
2013,1,F-X,22
2013,1,F-X/A,2
2013,1,FOCUSN,1581
2013,1,FOCUSN/A,47
2013,1,FWP,2957
2013,1,G-405,1
2013,1,G-405N,1
2013,1,G-FIN/A,5
2013,1,IRANNOTICE,167
2013,1,MSD,1
2013,1,MSD/A,6
2013,1,MSDW,1
2013,1,N-14,39
2013,1,N-14 8C,2
2013,1,N-14 8C/A,1
2013,1,N-14/A,33
2013,1,N-18F1,5
2013,1,N-1A,14
2013,1,N-1A/A,21
2013,1,N-2,51
2013,1,N-2/A,65
2013,1,N-23C-2,12
2013,1,N-23C3A,17
2013,1,N-23C3B,2
2013,1,N-23C3B/A,1
2013,1,N-2MEF,6
2013,1,N-30B-2,138
2013,1,N-30D,195
2013,1,N-30D/A,1
2013,1,N-4,101
2013,1,N-4/A,26
2013,1,N-54A,3
2013,1,N-6,10
2013,1,N-6F,1
2013,1,N-8A,33
2013,1,N-8A/A,5
2013,1,N-8F,37
2013,1,N-8F NTC,32
2013,1,N-8F ORDR,44
2013,1,N-8F/A,17
2013,1,N-CSR,1405
2013,1,N-CSR/A,29
2013,1,N-CSRS,478
2013,1,N-CSRS/A,10
2013,1,N-MFP,1931
2013,1,N-MFP/A,49
2013,1,N-PX,7
2013,1,N-PX/A,4
2013,1,N-Q,1434
2013,1,N-Q/A,7
2013,1,NO ACT,351
2013,1,NSAR-A,406
2013,1,NSAR-A/A,34
2013,1,NSAR-AT,1
2013,1,NSAR-B,955
2013,1,NSAR-B/A,72
2013,1,NSAR-BT,1
2013,1,NSAR-U,761
2013,1,NSAR-U/A,7
2013,1,NT 10-K,366
2013,1,NT 10-K/A,3
2013,1,NT 10-Q,350
2013,1,NT 10-Q/A,1
2013,1,NT 20-F,4
2013,1,NT N-MFP,5
2013,1,NT-NCSR,3
2013,1,NT-NCSR/A,1
2013,1,NT-NSAR,8
2013,1,NTFNSAR,1
2013,1,NTN 10K,5
2013,1,NTN 10Q,5
2013,1,OIP NTC,3
2013,1,OIP ORDR,3
2013,1,POS 8C,60
2013,1,POS AM,319
2013,1,POS AMI,75
2013,1,POS EX,70
2013,1,POSASR,248
2013,1,PRE 14A,459
2013,1,PRE 14C,72
2013,1,PREC14A,58
2013,1,PREM14A,38
2013,1,PREM14C,1
2013,1,PREN14A,8
2013,1,PRER14A,97
2013,1,PRER14C,25
2013,1,PRRN14A,46
2013,1,PX14A6G,40
2013,1,QRTLYRPT,1
2013,1,REG-NR,2
2013,1,REVOKED,154
2013,1,RW,90
2013,1,RW WD,3
2013,1,S-1,232
2013,1,S-1/A,557
2013,1,S-11,20
2013,1,S-11/A,54
2013,1,S-1MEF,20
2013,1,S-20/A,1
2013,1,S-3,221
2013,1,S-3/A,138
2013,1,S-3ASR,589
2013,1,S-3D,9
2013,1,S-3DPOS,6
2013,1,S-3MEF,4
2013,1,S-4,1737
2013,1,S-4/A,1318
2013,1,S-4EF,1
2013,1,S-4MEF,1
2013,1,S-6,337
2013,1,S-6/A,173
2013,1,S-8,430
2013,1,S-8 POS,319
2013,1,S-B,2
2013,1,S-B/A,1
2013,1,S-BMEF,1
2013,1,SC 13D,720
2013,1,SC 13D/A,2370
2013,1,SC 13E3,26
2013,1,SC 13E3/A,73
2013,1,SC 13G,9510
2013,1,SC 13G/A,25779
2013,1,SC 14D9,23
2013,1,SC 14D9/A,68
2013,1,SC 14F1,19
2013,1,SC TO-C,56
2013,1,SC TO-I,114
2013,1,SC TO-I/A,188
2013,1,SC TO-T,48
2013,1,SC TO-T/A,162
2013,1,SC14D1F/A,24
2013,1,SC14D9C,24
2013,1,SE,3
2013,1,SP 15D2,1
2013,1,SUPPL,36
2013,1,T-3,37
2013,1,T-3/A,22
2013,1,TA-1,2
2013,1,TA-1/A,52
2013,1,TA-2,309
2013,1,TA-2/A,17
2013,1,TA-W,2
2013,1,TTW,1
2013,1,UPLOAD,3962
2013,1,X-17A-5,3470
2013,1,X-17A-5/A,92
2013,2,1-A,5
2013,2,1-A/A,22
2013,2,1-E,1
2013,2,1/A,24
2013,2,10-12B,8
2013,2,10-12B/A,19
2013,2,10-12G,27
2013,2,10-12G/A,36
2013,2,10-D,1079
2013,2,10-D/A,64
2013,2,10-K,1751
2013,2,10-K/A,698
2013,2,10-KT,8
2013,2,10-KT/A,9
2013,2,10-Q,7113
2013,2,10-Q/A,474
2013,2,10-QT,1
2013,2,11-K,1291
2013,2,11-K/A,9
2013,2,11-KT,1
2013,2,13F-HR,3464
2013,2,13F-HR/A,268
2013,2,13F-NT,1351
2013,2,13F-NT/A,47
2013,2,144,216
2013,2,144/A,6
2013,2,15-12B,65
2013,2,15-12B/A,1
2013,2,15-12G,92
2013,2,15-12G/A,3
2013,2,15-15D,112
2013,2,15-15D/A,1
2013,2,15F-12B,2
2013,2,15F-12G,8
2013,2,15F-12G/A,1
2013,2,15F-15D,1
2013,2,18-K,11
2013,2,18-K/A,26
2013,2,19B-4E,492
2013,2,2-A,3
2013,2,20-F,415
2013,2,20-F/A,106
2013,2,20FR12B,2
2013,2,20FR12B/A,2
2013,2,24F-2NT,1213
2013,2,24F-2NT/A,14
2013,2,25,31
2013,2,25-NSE,390
2013,2,25-NSE/A,18
2013,2,3,8678
2013,2,3/A,453
2013,2,305B2,72
2013,2,34-12H,1
2013,2,4,105984
2013,2,4/A,2671
2013,2,40-17F1,6
2013,2,40-17F2,155
2013,2,40-17G,746
2013,2,40-17G/A,142
2013,2,40-24B2,82
2013,2,40-6B/A,58
2013,2,40-8B25,2
2013,2,40-APP,116
2013,2,40-APP/A,395
2013,2,40-F,28
2013,2,40-F/A,6
2013,2,40-OIP,6
2013,2,40-OIP/A,17
2013,2,40FR12B,1
2013,2,424B1,17
2013,2,424B2,3517
2013,2,424B3,4227
2013,2,424B4,127
2013,2,424B5,1707
2013,2,424B7,49
2013,2,424B8,20
2013,2,425,1307
2013,2,485APOS,343
2013,2,485BPOS,3237
2013,2,485BXT,506
2013,2,486BPOS,3
2013,2,487,270
2013,2,497,4983
2013,2,497AD,84
2013,2,497H2,6
2013,2,497J,2258
2013,2,497K,6213
2013,2,5,482
2013,2,5/A,43
2013,2,6-K,5874
2013,2,6-K/A,70
2013,2,6B NTC,1
2013,2,6B ORDR,1
2013,2,8-A12B,266
2013,2,8-A12B/A,74
2013,2,8-A12G,47
2013,2,8-A12G/A,9
2013,2,8-K,21268
2013,2,8-K/A,675
2013,2,8-K12B,5
2013,2,8-K12G3,1
2013,2,8-M,3
2013,2,ABS-15G,90
2013,2,ABS-15G/A,57
2013,2,ADN-MTL,1
2013,2,ADV-H-T,2
2013,2,ADV-NR,12
2013,2,ANNLRPT,1
2013,2,APP NTC,38
2013,2,APP ORDR,31
2013,2,APP WD,3
2013,2,APP WD/A,1
2013,2,APP WDG,15
2013,2,ARS,1175
2013,2,ARS/A,1
2013,2,AW,46
2013,2,CB,102
2013,2,CB/A,54
2013,2,CERTARCA,14
2013,2,CERTBATS,1
2013,2,CERTNAS,85
2013,2,CERTNYS,151
2013,2,CERTPAC,2
2013,2,CORRESP,4675
2013,2,CT ORDER,359
2013,2,D,4633
2013,2,D/A,3181
2013,2,DEF 14A,2679
2013,2,DEF 14C,134
2013,2,DEFA14A,2256
2013,2,DEFA14C,7
2013,2,DEFC14A,67
2013,2,DEFM14A,50
2013,2,DEFM14C,1
2013,2,DEFN14A,2
2013,2,DEFR14A,79
2013,2,DEFR14C,7
2013,2,DEL AM,9
2013,2,DFAN14A,451
2013,2,DFRN14A,4
2013,2,DRS,72
2013,2,DRS/A,85
2013,2,DRSLTR,63
2013,2,DSTRBRPT,1
2013,2,EFFECT,3487
2013,2,F-1,19
2013,2,F-1/A,58
2013,2,F-10,10
2013,2,F-10/A,8
2013,2,F-1MEF,2
2013,2,F-3,20
2013,2,F-3/A,15
2013,2,F-3ASR,16
2013,2,F-3D,3
2013,2,F-3DPOS,3
2013,2,F-4,31
2013,2,F-4 POS,2
2013,2,F-4/A,58
2013,2,F-6,54
2013,2,F-6 POS,30
2013,2,F-6/A,2
2013,2,F-6EF,242
2013,2,F-80,1
2013,2,F-80/A,1
2013,2,F-N,4
2013,2,F-X,71
2013,2,FOCUSN,137
2013,2,FOCUSN/A,13
2013,2,FWP,3088
2013,2,G-405,1
2013,2,G-405N,1
2013,2,G-FIN/A,3
2013,2,IRANNOTICE,129
2013,2,MSD,1
2013,2,MSD/A,4
2013,2,N-14,23
2013,2,N-14 8C/A,3
2013,2,N-14/A,18
2013,2,N-18F1,6
2013,2,N-1A,20
2013,2,N-1A/A,22
2013,2,N-2,48
2013,2,N-2/A,119
2013,2,N-23C-2,8
2013,2,N-23C3A,18
2013,2,N-23C3B,2
2013,2,N-2MEF,4
2013,2,N-30B-2,77
2013,2,N-30D,9
2013,2,N-4,19
2013,2,N-4/A,45
2013,2,N-54A,2
2013,2,N-6,2
2013,2,N-6F,5
2013,2,N-8A,40
2013,2,N-8A/A,4
2013,2,N-8B-2/A,1
2013,2,N-8F,43
2013,2,N-8F NTC,39
2013,2,N-8F ORDR,39
2013,2,N-8F/A,10
2013,2,N-CSR,543
2013,2,N-CSR/A,28
2013,2,N-CSRS,847
2013,2,N-CSRS/A,6
2013,2,N-MFP,1894
2013,2,N-MFP/A,31
2013,2,N-PX,19
2013,2,N-PX/A,5
2013,2,N-Q,1703
2013,2,N-Q/A,19
2013,2,NO ACT,40
2013,2,NSAR-A,843
2013,2,NSAR-A/A,39
2013,2,NSAR-AT,1
2013,2,NSAR-AT/A,1
2013,2,NSAR-B,527
2013,2,NSAR-B/A,99
2013,2,NSAR-BT,6
2013,2,NSAR-U/A,1
2013,2,NT 10-K,722
2013,2,NT 10-K/A,9
2013,2,NT 10-Q,807
2013,2,NT 10-Q/A,5
2013,2,NT 11-K,10
2013,2,NT 20-F,49
2013,2,NT N-MFP,12
2013,2,NT-NCSR,4
2013,2,NT-NSAR,6
2013,2,NTN 10K,22
2013,2,NTN 10Q,12
2013,2,OIP NTC,2
2013,2,OIP ORDR,2
2013,2,POS 8C,79
2013,2,POS AM,403
2013,2,POS AMI,73
2013,2,POS EX,84
2013,2,POSASR,537
2013,2,PRE 14A,335
2013,2,PRE 14C,101
2013,2,PREC14A,56
2013,2,PREC14C,1
2013,2,PREM14A,30
2013,2,PREM14C,2
2013,2,PREN14A,2
2013,2,PRER14A,132
2013,2,PRER14C,28
2013,2,PRRN14A,66
2013,2,PX14A6G,108
2013,2,QRTLYRPT,1
2013,2,REG-NR,3
2013,2,REVOKED,116
2013,2,RW,96
2013,2,RW WD,4
2013,2,S-1,314
2013,2,S-1/A,823
2013,2,S-11,16
2013,2,S-11/A,66
2013,2,S-11MEF,2
2013,2,S-1MEF,23
2013,2,S-3,299
2013,2,S-3/A,184
2013,2,S-3ASR,571
2013,2,S-3D,6
2013,2,S-3DPOS,7
2013,2,S-3MEF,17
2013,2,S-4,2096
2013,2,S-4/A,2041
2013,2,S-6,309
2013,2,S-6/A,189
2013,2,S-8,698
2013,2,S-8 POS,361
2013,2,S-B,4
2013,2,SC 13D,737
2013,2,SC 13D/A,2139
2013,2,SC 13E3,22
2013,2,SC 13E3/A,111
2013,2,SC 13G,1270
2013,2,SC 13G/A,1632
2013,2,SC 14D9,21
2013,2,SC 14D9/A,89
2013,2,SC 14F1,17
2013,2,SC TO-C,103
2013,2,SC TO-I,148
2013,2,SC TO-I/A,197
2013,2,SC TO-T,98
2013,2,SC TO-T/A,434
2013,2,SC14D1F,2
2013,2,SC14D9C,35
2013,2,SE,9
2013,2,SL,1
2013,2,SP 15D2,1
2013,2,SUPPL,40
2013,2,T-3/A,32
2013,2,TA-1,4
2013,2,TA-1/A,52
2013,2,TA-2,24
2013,2,TA-2/A,2
2013,2,TA-W,1
2013,2,TTW,2
2013,2,TTW/A,5
2013,2,UPLOAD,4327
2013,2,X-17A-5,334
2013,2,X-17A-5/A,27
2013,3,1-A,9
2013,3,1-A/A,13
2013,3,1/A,30
2013,3,10-12B,6
2013,3,10-12B/A,21
2013,3,10-12G,48
2013,3,10-12G/A,47
2013,3,10-D,1194
2013,3,10-D/A,7
2013,3,10-K,744
2013,3,10-K/A,335
2013,3,10-KT,2
2013,3,10-KT/A,2
2013,3,10-Q,7051
2013,3,10-Q/A,549
2013,3,11-K,135
2013,3,11-K/A,7
2013,3,13F-HR,3443
2013,3,13F-HR/A,360
2013,3,13F-NT,1415
2013,3,13F-NT/A,9
2013,3,13FCONP,1
2013,3,144,281
2013,3,144/A,3
2013,3,15-12B,50
2013,3,15-12G,72
2013,3,15-12G/A,3
2013,3,15-15D,107
2013,3,15-15D/A,1
2013,3,15F-12B,1
2013,3,15F-12G,2
2013,3,18-K,11
2013,3,18-K/A,28
2013,3,19B-4E,401
2013,3,20-F,51
2013,3,20-F/A,30
2013,3,20FR12B/A,2
2013,3,20FR12G,2
2013,3,20FR12G/A,1
2013,3,24F-2NT,999
2013,3,24F-2NT/A,4
2013,3,25,23
2013,3,25-NSE,368
2013,3,25-NSE/A,14
2013,3,3,7933
2013,3,3/A,353
2013,3,305B2,36
2013,3,4,81878
2013,3,4/A,1977
2013,3,40-17F1,8
2013,3,40-17F2,241
2013,3,40-17G,565
2013,3,40-17G/A,239
2013,3,40-206A,1
2013,3,40-206A/A,1
2013,3,40-24B2,72
2013,3,40-33,4
2013,3,40-8B25,2
2013,3,40-APP,132
2013,3,40-APP/A,263
2013,3,40-F,1
2013,3,40-F/A,2
2013,3,40-OIP,33
2013,3,40-OIP/A,21
2013,3,424A,1
2013,3,424B1,43
2013,3,424B2,3337
2013,3,424B3,3757
2013,3,424B4,338
2013,3,424B5,2139
2013,3,424B7,53
2013,3,424B8,11
2013,3,425,817
2013,3,485APOS,290
2013,3,485BPOS,1587
2013,3,485BXT,404
2013,3,486APOS,1
2013,3,486BPOS,8
2013,3,487,268
2013,3,497,4076
2013,3,497AD,59
2013,3,497H2,6
2013,3,497J,1086
2013,3,497K,3827
2013,3,5,511
2013,3,5/A,16
2013,3,6-K,5001
2013,3,6-K/A,51
2013,3,6B NTC,2
2013,3,6B ORDR,2
2013,3,8-A12B,309
2013,3,8-A12B/A,27
2013,3,8-A12G,34
2013,3,8-A12G/A,3
2013,3,8-K,17542
2013,3,8-K/A,713
2013,3,8-K12B,3
2013,3,8-K12B/A,1
2013,3,8-K12G3,7
2013,3,ABS-15G,91
2013,3,ABS-15G/A,65
2013,3,ADV-NR,7
2013,3,ANNLRPT,2
2013,3,APP NTC,24
2013,3,APP ORDR,33
2013,3,APP WD,11
2013,3,APP WDG,1
2013,3,ARS,122
2013,3,AW,36
2013,3,CB,12
2013,3,CB/A,9
2013,3,CERT,1
2013,3,CERTARCA,12
2013,3,CERTBATS,1
2013,3,CERTNAS,63
2013,3,CERTNYS,98
2013,3,CORRESP,4159
2013,3,CT ORDER,347
2013,3,D,5025
2013,3,D/A,2817
2013,3,DEF 14A,638
2013,3,DEF 14C,156
2013,3,DEFA14A,1065
2013,3,DEFA14C,5
2013,3,DEFC14A,15
2013,3,DEFM14A,42
2013,3,DEFM14C,2
2013,3,DEFN14A,2
2013,3,DEFR14A,28
2013,3,DEFR14C,4
2013,3,DEL AM,7
2013,3,DFAN14A,278
2013,3,DFRN14A,10
2013,3,DRS,79
2013,3,DRS/A,113
2013,3,DRSLTR,72
2013,3,EFFECT,3549
2013,3,F-1,17
2013,3,F-1/A,37
2013,3,F-10,12
2013,3,F-10/A,14
2013,3,F-1MEF,3
2013,3,F-3,24
2013,3,F-3/A,22
2013,3,F-3ASR,345
2013,3,F-3D,2
2013,3,F-3MEF,1
2013,3,F-4,22
2013,3,F-4/A,26
2013,3,F-6,34
2013,3,F-6 POS,32
2013,3,F-6EF,166
2013,3,F-8,1
2013,3,F-80/A,2
2013,3,F-N,10
2013,3,F-X,21
2013,3,F-X/A,2
2013,3,FOCUSN,88
2013,3,FOCUSN/A,3
2013,3,FWP,2891
2013,3,G-FIN/A,3
2013,3,IRANNOTICE,105
2013,3,MSD,1
2013,3,MSD/A,6
2013,3,MSDW,1
2013,3,N-14,17
2013,3,N-14 8C,6
2013,3,N-14 8C/A,3
2013,3,N-14/A,10
2013,3,N-18F1,3
2013,3,N-1A,15
2013,3,N-1A/A,29
2013,3,N-2,37
2013,3,N-2/A,78
2013,3,N-23C-2,23
2013,3,N-23C-2/A,2
2013,3,N-23C3A,20
2013,3,N-23C3A/A,1
2013,3,N-23C3B,2
2013,3,N-2MEF,2
2013,3,N-30B-2,135
2013,3,N-30D,195
2013,3,N-4,15
2013,3,N-4/A,8
2013,3,N-5,2
2013,3,N-5/A,2
2013,3,N-54A,6
2013,3,N-6,5
2013,3,N-6/A,3
2013,3,N-6F,2
2013,3,N-8A,36
2013,3,N-8A/A,2
2013,3,N-8B-2,1
2013,3,N-8F,42
2013,3,N-8F NTC,26
2013,3,N-8F ORDR,43
2013,3,N-8F/A,26
2013,3,N-CSR,525
2013,3,N-CSR/A,57
2013,3,N-CSRS,1376
2013,3,N-CSRS/A,16
2013,3,N-MFP,1889
2013,3,N-MFP/A,41
2013,3,N-PX,2814
2013,3,N-PX/A,38
2013,3,N-Q,1603
2013,3,N-Q/A,8
2013,3,NO ACT,80
2013,3,NSAR-A,1034
2013,3,NSAR-A/A,105
2013,3,NSAR-AT,2
2013,3,NSAR-AT/A,1
2013,3,NSAR-B,466
2013,3,NSAR-B/A,113
2013,3,NSAR-BT,5
2013,3,NSAR-U,11
2013,3,NSAR-U/A,1
2013,3,NT 10-K,249
2013,3,NT 10-K/A,4
2013,3,NT 10-Q,753
2013,3,NT 10-Q/A,2
2013,3,NT 11-K,12
2013,3,NT 20-F,8
2013,3,NT-NCSR,1
2013,3,NT-NSAR,1
2013,3,NTN 10K,7
2013,3,NTN 10Q,25
2013,3,OIP NTC,8
2013,3,OIP ORDR,8
2013,3,POS 8C,31
2013,3,POS AM,348
2013,3,POS AMI,39
2013,3,POS EX,62
2013,3,POS462B,1
2013,3,POSASR,113
2013,3,PRE 14A,236
2013,3,PRE 14C,106
2013,3,PREC14A,29
2013,3,PREC14C,2
2013,3,PREM14A,32
2013,3,PREM14C,3
2013,3,PREN14A,2
2013,3,PRER14A,73
2013,3,PRER14C,27
2013,3,PRRN14A,15
2013,3,PX14A6G,18
2013,3,REVOKED,122
2013,3,RW,105
2013,3,RW WD,3
2013,3,S-1,314
2013,3,S-1/A,695
2013,3,S-11,19
2013,3,S-11/A,56
2013,3,S-11MEF,4
2013,3,S-1MEF,25
2013,3,S-3,224
2013,3,S-3/A,966
2013,3,S-3ASR,403
2013,3,S-3D,7
2013,3,S-3DPOS,2
2013,3,S-3MEF,12
2013,3,S-4,1518
2013,3,S-4/A,1961
2013,3,S-6,301
2013,3,S-6/A,144
2013,3,S-8,526
2013,3,S-8 POS,403
2013,3,S-B,5
2013,3,S-B/A,2
2013,3,SC 13D,680
2013,3,SC 13D/A,1884
2013,3,SC 13E3,9
2013,3,SC 13E3/A,64
2013,3,SC 13G,1211
2013,3,SC 13G/A,1481
2013,3,SC 14D9,25
2013,3,SC 14D9/A,53
2013,3,SC 14F1,14
2013,3,SC TO-C,84
2013,3,SC TO-I,137
2013,3,SC TO-I/A,202
2013,3,SC TO-T,42
2013,3,SC TO-T/A,168
2013,3,SC14D1F/A,2
2013,3,SC14D9C,30
2013,3,SC14D9F,1
2013,3,SC14D9F/A,1
2013,3,SE,11
2013,3,STOP ORDER,1
2013,3,SUPPL,50
2013,3,T-3,66
2013,3,TA-1,2
2013,3,TA-1/A,30
2013,3,TA-2,2
2013,3,TA-2/A,3
2013,3,TA-W,6
2013,3,TACO,1
2013,3,TTW,1
2013,3,TTW/A,1
2013,3,UPLOAD,4609
2013,3,WDL-REQ,3
2013,3,X-17A-5,275
2013,3,X-17A-5/A,10
2013,4,1-A,6
2013,4,1-A/A,20
2013,4,1-E,2
2013,4,1/A,19
2013,4,10-12B,10
2013,4,10-12B/A,16
2013,4,10-12G,11
2013,4,10-12G/A,66
2013,4,10-D,1307
2013,4,10-D/A,25
2013,4,10-K,683
2013,4,10-K/A,310
2013,4,10-KT/A,1
2013,4,10-Q,7011
2013,4,10-Q/A,433
2013,4,10-QT,4
2013,4,10-QT/A,1
2013,4,11-K,30
2013,4,11-KT,1
2013,4,13F-HR,3452
2013,4,13F-HR/A,227
2013,4,13F-NT,1356
2013,4,13F-NT/A,8
2013,4,144,260
2013,4,144/A,4
2013,4,15-12B,65
2013,4,15-12B/A,1
2013,4,15-12G,107
2013,4,15-12G/A,2
2013,4,15-15D,76
2013,4,15-15D/A,2
2013,4,15F-12G,5
2013,4,18-K,14
2013,4,18-K/A,40
2013,4,19B-4E,377
2013,4,2-A,1
2013,4,2-AF,1
2013,4,20-F,49
2013,4,20-F/A,24
2013,4,20FR12B,1
2013,4,20FR12B/A,2
2013,4,20FR12G,3
2013,4,20FR12G/A,4
2013,4,24F-2NT,1308
2013,4,24F-2NT/A,48
2013,4,25,29
2013,4,25-NSE,294
2013,4,25-NSE/A,16
2013,4,3,7526
2013,4,3/A,352
2013,4,305B2,35
2013,4,4,87415
2013,4,4/A,1893
2013,4,40-17F1,9
2013,4,40-17F2,372
2013,4,40-17F2/A,1
2013,4,40-17G,1169
2013,4,40-17G/A,188
2013,4,40-206A,3
2013,4,40-24B2,63
2013,4,40-33,8
2013,4,40-6B/A,16
2013,4,40-8B25,1
2013,4,40-APP,312
2013,4,40-APP/A,377
2013,4,40-F,12
2013,4,40-F/A,4
2013,4,40-OIP/A,13
2013,4,40FR12B,1
2013,4,424A,2
2013,4,424B1,97
2013,4,424B2,3598
2013,4,424B3,3161
2013,4,424B4,139
2013,4,424B5,1263
2013,4,424B7,40
2013,4,424B8,13
2013,4,425,828
2013,4,485APOS,404
2013,4,485BPOS,1901
2013,4,485BXT,402
2013,4,486BPOS,8
2013,4,487,247
2013,4,497,5706
2013,4,497AD,88
2013,4,497J,1227
2013,4,497K,4046
2013,4,5,466
2013,4,5/A,12
2013,4,6-K,5425
2013,4,6-K/A,66
2013,4,6B NTC,1
2013,4,6B ORDR,1
2013,4,8-A12B,250
2013,4,8-A12B/A,18
2013,4,8-A12G,37
2013,4,8-A12G/A,5
2013,4,8-K,18681
2013,4,8-K/A,680
2013,4,8-K12B,4
2013,4,8-K12G3,7
2013,4,ABS-15G,98
2013,4,ABS-15G/A,68
2013,4,ADV-NR,6
2013,4,ANNLRPT,2
2013,4,APP NTC,23
2013,4,APP ORDR,23
2013,4,APP WD,1
2013,4,ARS,153
2013,4,AW,34
2013,4,CB,11
2013,4,CB/A,15
2013,4,CERTARCA,19
2013,4,CERTBATS,2
2013,4,CERTNAS,75
2013,4,CERTNYS,122
2013,4,CORRESP,3633
2013,4,CT ORDER,327
2013,4,D,5415
2013,4,D/A,3028
2013,4,DEF 14A,701
2013,4,DEF 14C,146
2013,4,DEFA14A,697
2013,4,DEFA14C,1
2013,4,DEFC14A,17
2013,4,DEFM14A,44
2013,4,DEFM14C,2
2013,4,DEFN14A,4
2013,4,DEFR14A,19
2013,4,DEFR14C,6
2013,4,DEL AM,16
2013,4,DFAN14A,195
2013,4,DRS,87
2013,4,DRS/A,71
2013,4,DRSLTR,44
2013,4,EFFECT,2413
2013,4,F-1,21
2013,4,F-1/A,86
2013,4,F-10,14
2013,4,F-10/A,15
2013,4,F-10POS,1
2013,4,F-1MEF,7
2013,4,F-3,41
2013,4,F-3/A,30
2013,4,F-3ASR,11
2013,4,F-3MEF,1
2013,4,F-4,20
2013,4,F-4/A,41
2013,4,F-6,50
2013,4,F-6 POS,106
2013,4,F-6/A,6
2013,4,F-6EF,156
2013,4,F-7,2
2013,4,F-7 POS,1
2013,4,F-8/A,4
2013,4,F-N,2
2013,4,F-X,33
2013,4,FOCUSN,100
2013,4,FOCUSN/A,3
2013,4,FWP,3158
2013,4,G-FIN/A,3
2013,4,IRANNOTICE,119
2013,4,MSD/A,1
2013,4,MSDW,1
2013,4,N-14,44
2013,4,N-14 8C,6
2013,4,N-14 8C/A,6
2013,4,N-14/A,11
2013,4,N-18F1,11
2013,4,N-1A,20
2013,4,N-1A/A,38
2013,4,N-2,27
2013,4,N-2/A,73
2013,4,N-23C-2,29
2013,4,N-23C3A,20
2013,4,N-23C3B,2
2013,4,N-2MEF,2
2013,4,N-30B-2,48
2013,4,N-30D,4
2013,4,N-4,5
2013,4,N-4/A,10
2013,4,N-54A,3
2013,4,N-6,4
2013,4,N-6/A,7
2013,4,N-6F,5
2013,4,N-6F/A,1
2013,4,N-8A,34
2013,4,N-8A/A,44
2013,4,N-8B-2,1
2013,4,N-8F,71
2013,4,N-8F NTC,1
2013,4,N-8F ORDR,40
2013,4,N-8F/A,13
2013,4,N-CSR,853
2013,4,N-CSR/A,30
2013,4,N-CSRS,508
2013,4,N-CSRS/A,12
2013,4,N-MFP,1872
2013,4,N-MFP/A,17
2013,4,N-PX,16
2013,4,N-PX/A,45
2013,4,N-Q,1572
2013,4,N-Q/A,12
2013,4,NO ACT,54
2013,4,NSAR-A,532
2013,4,NSAR-A/A,199
2013,4,NSAR-AT,5
2013,4,NSAR-B,872
2013,4,NSAR-B/A,241
2013,4,NSAR-BT,2
2013,4,NT 10-K,205
2013,4,NT 10-K/A,3
2013,4,NT 10-Q,791
2013,4,NT 10-Q/A,4
2013,4,NT 11-K,1
2013,4,NT 20-F,1
2013,4,NT N-MFP,3
2013,4,NT-NCSR,2
2013,4,NT-NSAR,5
2013,4,NTFNSAR,1
2013,4,NTN 10K,5
2013,4,NTN 10Q,25
2013,4,OIP NTC,5
2013,4,OIP ORDR,5
2013,4,POS 8C,21
2013,4,POS AM,276
2013,4,POS AMI,36
2013,4,POS EX,56
2013,4,POS462B,1
2013,4,POSASR,602
2013,4,PRE 14A,247
2013,4,PRE 14C,107
2013,4,PREC14A,14
2013,4,PREM14A,28
2013,4,PREM14C,3
2013,4,PREN14A,8
2013,4,PRER14A,68
2013,4,PRER14C,23
2013,4,PRRN14A,20
2013,4,PX14A6G,16
2013,4,QRTLYRPT,1
2013,4,REVOKED,80
2013,4,RW,73
2013,4,RW WD,3
2013,4,S-1,259
2013,4,S-1/A,688
2013,4,S-11,15
2013,4,S-11/A,53
2013,4,S-11MEF,1
2013,4,S-1MEF,30
2013,4,S-3,543
2013,4,S-3/A,204
2013,4,S-3ASR,476
2013,4,S-3D,6
2013,4,S-3DPOS,6
2013,4,S-3MEF,10
2013,4,S-4,1394
2013,4,S-4/A,2215
2013,4,S-4MEF,1
2013,4,S-6,260
2013,4,S-6/A,158
2013,4,S-8,446
2013,4,S-8 POS,511
2013,4,S-B,4
2013,4,S-B/A,2
2013,4,SC 13D,758
2013,4,SC 13D/A,2093
2013,4,SC 13E3,24
2013,4,SC 13E3/A,64
2013,4,SC 13G,1330
2013,4,SC 13G/A,1412
2013,4,SC 14D9,21
2013,4,SC 14D9/A,85
2013,4,SC 14F1,23
2013,4,SC TO-C,91
2013,4,SC TO-I,112
2013,4,SC TO-I/A,153
2013,4,SC TO-T,34
2013,4,SC TO-T/A,176
2013,4,SC14D1F,2
2013,4,SC14D1F/A,2
2013,4,SC14D9C,35
2013,4,SC14D9F,1
2013,4,SE,5
2013,4,SUPPL,42
2013,4,T-3,39
2013,4,T-3/A,142
2013,4,TA-1,1
2013,4,TA-1/A,37
2013,4,TA-2,5
2013,4,TA-2/A,3
2013,4,TA-W,7
2013,4,TTW,2
2013,4,UPLOAD,4032
2013,4,WDL-REQ,1
2013,4,X-17A-5,229
2013,4,X-17A-5/A,6
2014,1,1-A,1
2014,1,1-A/A,11
2014,1,1/A,31
2014,1,10-12B,14
2014,1,10-12B/A,30
2014,1,10-12G,13
2014,1,10-12G/A,46
2014,1,10-D,1383
2014,1,10-D/A,14
2014,1,10-K,5553
2014,1,10-K/A,383
2014,1,10-KT,17
2014,1,10-KT/A,1
2014,1,10-Q,1948
2014,1,10-Q/A,279
2014,1,11-K,52
2014,1,11-K/A,1
2014,1,13F-HR,3777
2014,1,13F-HR/A,263
2014,1,13F-NT,1379
2014,1,13F-NT/A,6
2014,1,144,316
2014,1,144/A,10
2014,1,15-12B,72
2014,1,15-12B/A,2
2014,1,15-12G,90
2014,1,15-12G/A,4
2014,1,15-15D,75
2014,1,15-15D/A,1
2014,1,15F-12G,2
2014,1,15F-15D,1
2014,1,18-12B,2
2014,1,18-K,3
2014,1,18-K/A,32
2014,1,19B-4E,369
2014,1,20-F,194
2014,1,20-F/A,23
2014,1,20FR12B,2
2014,1,20FR12B/A,1
2014,1,20FR12G,3
2014,1,20FR12G/A,4
2014,1,24F-2NT,3586
2014,1,24F-2NT/A,17
2014,1,25,17
2014,1,25-NSE,272
2014,1,25-NSE/A,8
2014,1,25/A,1
2014,1,3,9366
2014,1,3/A,474
2014,1,305B2,120
2014,1,4,128967
2014,1,4/A,3552
2014,1,40-17F1,7
2014,1,40-17F2,70
2014,1,40-17F2/A,1
2014,1,40-17G,508
2014,1,40-17G/A,92
2014,1,40-202A/A,2
2014,1,40-206A,2
2014,1,40-206A/A,3
2014,1,40-24B2,77
2014,1,40-33,8
2014,1,40-6B/A,3
2014,1,40-8B25,3
2014,1,40-8F-2,1
2014,1,40-APP,129
2014,1,40-APP/A,363
2014,1,40-F,108
2014,1,40-F/A,8
2014,1,40-OIP,4
2014,1,40-OIP/A,33
2014,1,40FR12B,1
2014,1,424A,1
2014,1,424B1,25
2014,1,424B2,3846
2014,1,424B3,3214
2014,1,424B4,129
2014,1,424B5,1815
2014,1,424B7,52
2014,1,424B8,8
2014,1,425,1034
2014,1,485APOS,404
2014,1,485BPOS,1964
2014,1,485BXT,434
2014,1,486APOS,1
2014,1,486BPOS,11
2014,1,487,277
2014,1,497,4074
2014,1,497AD,83
2014,1,497J,1158
2014,1,497K,5063
2014,1,5,6398
2014,1,5/A,164
2014,1,6-K,5388
2014,1,6-K/A,88
2014,1,8-A12B,199
2014,1,8-A12B/A,20
2014,1,8-A12G,37
2014,1,8-A12G/A,11
2014,1,8-K,18731
2014,1,8-K/A,742
2014,1,8-K12B,2
2014,1,8-K12G3,3
2014,1,8-K12G3/A,1
2014,1,ABS-15G,484
2014,1,ABS-15G/A,76
2014,1,ADV-NR,11
2014,1,APP NTC,28
2014,1,APP ORDR,21
2014,1,APP WD,3
2014,1,ARS,602
2014,1,AW,25
2014,1,AW WD,1
2014,1,CB,21
2014,1,CB/A,44
2014,1,CERTARCA,11
2014,1,CERTNAS,79
2014,1,CERTNYS,92
2014,1,CORRESP,3206
2014,1,CT ORDER,295
2014,1,D,5584
2014,1,D/A,5759
2014,1,DEF 14A,1562
2014,1,DEF 14C,138
2014,1,DEFA14A,1299
2014,1,DEFA14C,5
2014,1,DEFC14A,22
2014,1,DEFM14A,36
2014,1,DEFM14C,2
2014,1,DEFR14A,30
2014,1,DEFR14C,1
2014,1,DEL AM,16
2014,1,DFAN14A,270
2014,1,DRS,99
2014,1,DRS/A,101
2014,1,DRSLTR,74
2014,1,DSTRBRPT,2
2014,1,EFFECT,1968
2014,1,F-1,29
2014,1,F-1/A,56
2014,1,F-10,12
2014,1,F-10/A,14
2014,1,F-1MEF,5
2014,1,F-3,18
2014,1,F-3/A,13
2014,1,F-3ASR,5
2014,1,F-3D,1
2014,1,F-3MEF,1
2014,1,F-4,3
2014,1,F-4/A,9
2014,1,F-6,54
2014,1,F-6 POS,40
2014,1,F-6/A,2
2014,1,F-6EF,170
2014,1,F-7,2
2014,1,F-80,1
2014,1,F-80POS,1
2014,1,F-N,1
2014,1,F-N/A,1
2014,1,F-X,56
2014,1,F-X/A,1
2014,1,FOCUSN,1612
2014,1,FOCUSN/A,13
2014,1,FWP,3330
2014,1,G-405,2
2014,1,G-405N,2
2014,1,G-FIN/A,3
2014,1,G-FINW,1
2014,1,IRANNOTICE,190
2014,1,MSD/A,5
2014,1,MSDW,2
2014,1,N-14,42
2014,1,N-14 8C,3
2014,1,N-14 8C/A,7
2014,1,N-14/A,22
2014,1,N-18F1,16
2014,1,N-1A,12
2014,1,N-1A/A,32
2014,1,N-2,38
2014,1,N-2/A,48
2014,1,N-23C-2,10
2014,1,N-23C3A,16
2014,1,N-23C3B,2
2014,1,N-2MEF,1
2014,1,N-30B-2,131
2014,1,N-30D,241
2014,1,N-4,13
2014,1,N-4/A,3
2014,1,N-54A,3
2014,1,N-54C,1
2014,1,N-54C/A,1
2014,1,N-6,5
2014,1,N-6/A,3
2014,1,N-6F,3
2014,1,N-8A,25
2014,1,N-8A/A,3
2014,1,N-8F,27
2014,1,N-8F ORDR,61
2014,1,N-8F/A,4
2014,1,N-CSR,1408
2014,1,N-CSR/A,23
2014,1,N-CSRS,525
2014,1,N-CSRS/A,8
2014,1,N-MFP,1850
2014,1,N-MFP/A,231
2014,1,N-PX,5
2014,1,N-PX/A,5
2014,1,N-Q,1455
2014,1,N-Q/A,8
2014,1,NO ACT,308
2014,1,NSAR-A,412
2014,1,NSAR-A/A,30
2014,1,NSAR-B,949
2014,1,NSAR-B/A,93
2014,1,NSAR-BT,2
2014,1,NSAR-U,739
2014,1,NSAR-U/A,5
2014,1,NT 10-K,671
2014,1,NT 10-K/A,2
2014,1,NT 10-Q,322
2014,1,NT 10-Q/A,3
2014,1,NT 11-K,1
2014,1,NT 20-F,4
2014,1,NT N-MFP,2
2014,1,NT-NCSR,1
2014,1,NT-NSAR,4
2014,1,NT-NSAR/A,1
2014,1,NTFNCSR,1
2014,1,NTN 10K,4
2014,1,NTN 10Q,7
2014,1,OIP NTC,1
2014,1,POS 8C,32
2014,1,POS AM,330
2014,1,POS AMI,63
2014,1,POS EX,77
2014,1,POSASR,880
2014,1,PRE 14A,426
2014,1,PRE 14C,95
2014,1,PREC14A,55
2014,1,PREC14C,4
2014,1,PREM14A,20
2014,1,PREM14C,4
2014,1,PREN14A,6
2014,1,PRER14A,60
2014,1,PRER14C,21
2014,1,PRRN14A,22
2014,1,PX14A6G,26
2014,1,QRTLYRPT,1
2014,1,REVOKED,125
2014,1,RW,71
2014,1,RW WD,3
2014,1,S-1,458
2014,1,S-1/A,843
2014,1,S-11,14
2014,1,S-11/A,50
2014,1,S-11MEF,3
2014,1,S-1MEF,42
2014,1,S-3,194
2014,1,S-3/A,296
2014,1,S-3ASR,1024
2014,1,S-3D,1
2014,1,S-3DPOS,11
2014,1,S-3MEF,14
2014,1,S-4,644
2014,1,S-4 POS,2
2014,1,S-4/A,777
2014,1,S-4MEF,1
2014,1,S-6,318
2014,1,S-6/A,178
2014,1,S-8,463
2014,1,S-8 POS,442
2014,1,S-B/A,1
2014,1,SC 13D,702
2014,1,SC 13D/A,2142
2014,1,SC 13E3,14
2014,1,SC 13E3/A,102
2014,1,SC 13G,9842
2014,1,SC 13G/A,26191
2014,1,SC 14D9,22
2014,1,SC 14D9/A,108
2014,1,SC 14F1,17
2014,1,SC TO-C,58
2014,1,SC TO-I,144
2014,1,SC TO-I/A,166
2014,1,SC TO-T,40
2014,1,SC TO-T/A,242
2014,1,SC14D1F,4
2014,1,SC14D1F/A,14
2014,1,SC14D9C,16
2014,1,SC14D9F,4
2014,1,SC14D9F/A,1
2014,1,SE,13
2014,1,SP 15D2,1
2014,1,SUPPL,31
2014,1,T-3/A,3
2014,1,TA-1/A,51
2014,1,TA-2,293
2014,1,TA-2/A,24
2014,1,TA-W,6
2014,1,UPLOAD,2970
2014,1,X-17A-5,3290
2014,1,X-17A-5/A,34
2014,2,1-A,27
2014,2,1-A/A,38
2014,2,1/A,39
2014,2,10-12B,12
2014,2,10-12B/A,46
2014,2,10-12G,27
2014,2,10-12G/A,42
2014,2,10-D,1476
2014,2,10-D/A,27
2014,2,10-K,1219
2014,2,10-K/A,671
2014,2,10-KT,7
2014,2,10-KT/A,4
2014,2,10-Q,7017
2014,2,10-Q/A,377
2014,2,10-QT,4
2014,2,11-K,1316
2014,2,11-K/A,10
2014,2,11-KT,2
2014,2,13F-HR,3809
2014,2,13F-HR/A,206
2014,2,13F-NT,1398
2014,2,13F-NT/A,2
2014,2,144,175
2014,2,144/A,2
2014,2,15-12B,57
2014,2,15-12B/A,1
2014,2,15-12G,74
2014,2,15-12G/A,3
2014,2,15-15D,50
2014,2,15-15D/A,4
2014,2,15F-12B,6
2014,2,15F-12G,6
2014,2,15F-15D,9
2014,2,18-K,12
2014,2,18-K/A,28
2014,2,19B-4E,310
2014,2,2-A,6
2014,2,20-F,387
2014,2,20-F/A,36
2014,2,20FR12G,3
2014,2,20FR12G/A,4
2014,2,24F-2NT,1104
2014,2,24F-2NT/A,9
2014,2,25,20
2014,2,25-NSE,318
2014,2,3,9440
2014,2,3/A,521
2014,2,305B2,66
2014,2,34-12H,1
2014,2,4,104946
2014,2,4/A,2449
2014,2,40-17F1,6
2014,2,40-17F2,103
2014,2,40-17F2/A,8
2014,2,40-17G,600
2014,2,40-17G/A,255
2014,2,40-202A/A,3
2014,2,40-206A,1
2014,2,40-206A/A,1
2014,2,40-24B2,61
2014,2,40-33,8
2014,2,40-6B/A,16
2014,2,40-8B25,1
2014,2,40-APP,94
2014,2,40-APP/A,260
2014,2,40-F,21
2014,2,40-F/A,10
2014,2,40-OIP,7
2014,2,40-OIP/A,4
2014,2,40FR12B,1
2014,2,40FR12B/A,1
2014,2,40FR12G,1
2014,2,424B1,19
2014,2,424B2,3608
2014,2,424B3,3861
2014,2,424B4,139
2014,2,424B5,2049
2014,2,424B7,68
2014,2,424B8,13
2014,2,425,1718
2014,2,485APOS,269
2014,2,485BPOS,3182
2014,2,485BXT,522
2014,2,486APOS,4
2014,2,486BPOS,9
2014,2,487,289
2014,2,497,4678
2014,2,497AD,66
2014,2,497J,2176
2014,2,497K,5951
2014,2,5,505
2014,2,5/A,32
2014,2,6-K,5954
2014,2,6-K/A,82
2014,2,6B NTC,1
2014,2,8-A12B,237
2014,2,8-A12B/A,41
2014,2,8-A12G,46
2014,2,8-A12G/A,9
2014,2,8-K,21259
2014,2,8-K/A,654
2014,2,8-K12B,5
2014,2,8-K12G3,4
2014,2,8-K12G3/A,2
2014,2,ABS-15G,98
2014,2,ABS-15G/A,72
2014,2,ADV-NR,5
2014,2,ANNLRPT,1
2014,2,APP NTC,15
2014,2,APP ORDR,11
2014,2,APP WD,6
2014,2,APP WDG,1
2014,2,ARS,1197
2014,2,AW,60
2014,2,CB,35
2014,2,CB/A,10
2014,2,CERTARCA,8
2014,2,CERTNAS,87
2014,2,CERTNYS,101
2014,2,CORRESP,3359
2014,2,CT ORDER,392
2014,2,D,5544
2014,2,D/A,3504
2014,2,DEF 14A,2771
2014,2,DEF 14C,144
2014,2,DEFA14A,2661
2014,2,DEFA14C,5
2014,2,DEFC14A,54
2014,2,DEFM14A,40
2014,2,DEFM14C,2
2014,2,DEFN14A,6
2014,2,DEFR14A,77
2014,2,DEFR14C,6
2014,2,DEL AM,8
2014,2,DFAN14A,389
2014,2,DFRN14A,6
2014,2,DRS,106
2014,2,DRS/A,121
2014,2,DRSLTR,77
2014,2,DSTRBRPT,3
2014,2,EFFECT,2444
2014,2,F-1,35
2014,2,F-1/A,87
2014,2,F-10,26
2014,2,F-10/A,31
2014,2,F-1MEF,3
2014,2,F-3,57
2014,2,F-3/A,31
2014,2,F-3ASR,21
2014,2,F-4,4
2014,2,F-4/A,8
2014,2,F-6,48
2014,2,F-6 POS,50
2014,2,F-6/A,2
2014,2,F-6EF,186
2014,2,F-N,9
2014,2,F-X,56
2014,2,FOCUSN,98
2014,2,FOCUSN/A,6
2014,2,FWP,3252
2014,2,G-405,1
2014,2,G-405N,1
2014,2,G-FIN,1
2014,2,G-FIN/A,9
2014,2,G-FINW,1
2014,2,IRANNOTICE,137
2014,2,MSD,2
2014,2,MSD/A,9
2014,2,MSDW,1
2014,2,N-14,25
2014,2,N-14 8C,9
2014,2,N-14 8C/A,6
2014,2,N-14/A,17
2014,2,N-18F1,43
2014,2,N-1A,12
2014,2,N-1A/A,40
2014,2,N-2,47
2014,2,N-2/A,69
2014,2,N-23C-2,24
2014,2,N-23C3A,19
2014,2,N-23C3B,2
2014,2,N-23C3C,1
2014,2,N-2MEF,1
2014,2,N-30B-2,92
2014,2,N-30D,8
2014,2,N-4,1
2014,2,N-4/A,20
2014,2,N-54A,2
2014,2,N-54C,2
2014,2,N-6,1
2014,2,N-6/A,4
2014,2,N-6F,4
2014,2,N-8A,25
2014,2,N-8A/A,3
2014,2,N-8B-2,2
2014,2,N-8B-2/A,3
2014,2,N-8F,52
2014,2,N-8F NTC,44
2014,2,N-8F ORDR,10
2014,2,N-8F/A,10
2014,2,N-CSR,532
2014,2,N-CSR/A,19
2014,2,N-CSRS,876
2014,2,N-CSRS/A,10
2014,2,N-MFP,1833
2014,2,N-MFP/A,47
2014,2,N-PX,4
2014,2,N-PX/A,16
2014,2,N-Q,1750
2014,2,N-Q/A,15
2014,2,NO ACT,33
2014,2,NSAR-A,920
2014,2,NSAR-A/A,53
2014,2,NSAR-B,527
2014,2,NSAR-B/A,52
2014,2,NSAR-BT,2
2014,2,NSAR-U/A,1
2014,2,NT 10-D,1
2014,2,NT 10-K,383
2014,2,NT 10-K/A,3
2014,2,NT 10-Q,778
2014,2,NT 10-Q/A,3
2014,2,NT 11-K,6
2014,2,NT 20-F,52
2014,2,NT N-MFP,11
2014,2,NT-NCSR,2
2014,2,NT-NCSR/A,1
2014,2,NT-NSAR,4
2014,2,NTFNSAR,1
2014,2,NTN 10K,15
2014,2,NTN 10Q,16
2014,2,OIP NTC,1
2014,2,OIP ORDR,2
2014,2,POS 8C,60
2014,2,POS AM,367
2014,2,POS AMI,69
2014,2,POS EX,208
2014,2,POS462C,1
2014,2,POSASR,305
2014,2,PRE 14A,408
2014,2,PRE 14C,104
2014,2,PREC14A,59
2014,2,PREM14A,33
2014,2,PREM14C,2
2014,2,PREN14A,14
2014,2,PRER14A,89
2014,2,PRER14C,30
2014,2,PRRN14A,68
2014,2,PX14A6G,122
2014,2,QRTLYRPT,2
2014,2,REVOKED,85
2014,2,RW,84
2014,2,S-1,289
2014,2,S-1/A,781
2014,2,S-11,14
2014,2,S-11/A,33
2014,2,S-11MEF,4
2014,2,S-1MEF,27
2014,2,S-3,308
2014,2,S-3/A,197
2014,2,S-3ASR,458
2014,2,S-3D,12
2014,2,S-3DPOS,2
2014,2,S-3MEF,11
2014,2,S-4,929
2014,2,S-4 POS,1
2014,2,S-4/A,1004
2014,2,S-4MEF,1
2014,2,S-6,365
2014,2,S-6/A,188
2014,2,S-8,726
2014,2,S-8 POS,422
2014,2,S-B,4
2014,2,S-B/A,1
2014,2,SC 13D,808
2014,2,SC 13D/A,1932
2014,2,SC 13E3,13
2014,2,SC 13E3/A,77
2014,2,SC 13G,1347
2014,2,SC 13G/A,1720
2014,2,SC 14D9,20
2014,2,SC 14D9/A,56
2014,2,SC 14F1,22
2014,2,SC TO-C,77
2014,2,SC TO-I,129
2014,2,SC TO-I/A,184
2014,2,SC TO-T,42
2014,2,SC TO-T/A,174
2014,2,SC14D1F/A,2
2014,2,SC14D9C,15
2014,2,SD,1319
2014,2,SD/A,8
2014,2,SE,6
2014,2,SP 15D2,2
2014,2,STOP ORDER,23
2014,2,SUPPL,60
2014,2,T-3,11
2014,2,TA-1,2
2014,2,TA-1/A,57
2014,2,TA-2,18
2014,2,TA-2/A,7
2014,2,TA-W,3
2014,2,TTW,2
2014,2,TTW/A,1
2014,2,UPLOAD,3193
2014,2,WDL-REQ,1
2014,2,X-17A-5,228
2014,2,X-17A-5/A,26
2014,3,1,2
2014,3,1-A,18
2014,3,1-A/A,29
2014,3,1/A,41
2014,3,10-12B,7
2014,3,10-12B/A,42
2014,3,10-12G,28
2014,3,10-12G/A,52
2014,3,10-D,1525
2014,3,10-D/A,16
2014,3,10-K,656
2014,3,10-K/A,257
2014,3,10-KT,11
2014,3,10-KT/A,1
2014,3,10-Q,6931
2014,3,10-Q/A,370
2014,3,10-QT,1
2014,3,11-K,37
2014,3,11-K/A,2
2014,3,13F-HR,3841
2014,3,13F-HR/A,242
2014,3,13F-NT,1398
2014,3,13F-NT/A,4
2014,3,144,182
2014,3,144/A,4
2014,3,15-12B,45
2014,3,15-12B/A,1
2014,3,15-12G,70
2014,3,15-12G/A,3
2014,3,15-15D,48
2014,3,15F-12B,3
2014,3,15F-12B/A,1
2014,3,15F-12G,1
2014,3,18-K,9
2014,3,18-K/A,28
2014,3,19B-4E,367
2014,3,2-A,2
2014,3,20-F,57
2014,3,20-F/A,22
2014,3,20FR12B,1
2014,3,20FR12G,3
2014,3,20FR12G/A,5
2014,3,24F-2NT,1261
2014,3,24F-2NT/A,11
2014,3,25,18
2014,3,25-NSE,304
2014,3,25-NSE/A,6
2014,3,3,8769
2014,3,3/A,379
2014,3,305B2,32
2014,3,4,78141
2014,3,4/A,1874
2014,3,40-17F1,8
2014,3,40-17F2,283
2014,3,40-17F2/A,5
2014,3,40-17G,500
2014,3,40-17G/A,142
2014,3,40-202A,1
2014,3,40-202A/A,1
2014,3,40-206A,1
2014,3,40-206A/A,3
2014,3,40-24B2,57
2014,3,40-33,3
2014,3,40-8B25,2
2014,3,40-8F-2/A,1
2014,3,40-APP,92
2014,3,40-APP/A,632
2014,3,40-F,3
2014,3,40-F/A,3
2014,3,40-OIP,5
2014,3,40-OIP/A,14
2014,3,424A,1
2014,3,424B1,23
2014,3,424B2,3761
2014,3,424B3,4051
2014,3,424B4,109
2014,3,424B5,1181
2014,3,424B7,53
2014,3,424B8,9
2014,3,425,1924
2014,3,485APOS,320
2014,3,485BPOS,1725
2014,3,485BXT,531
2014,3,486APOS,2
2014,3,486BPOS,6
2014,3,487,287
2014,3,497,4067
2014,3,497AD,76
2014,3,497J,1548
2014,3,497K,3786
2014,3,5,656
2014,3,5/A,24
2014,3,6-K,4967
2014,3,6-K/A,49
2014,3,8-A12B,227
2014,3,8-A12B/A,24
2014,3,8-A12G,38
2014,3,8-A12G/A,3
2014,3,8-K,18066
2014,3,8-K/A,634
2014,3,8-K12B,2
2014,3,8-K12G3,1
2014,3,8-K12G3/A,1
2014,3,ABS-15G,99
2014,3,ABS-15G/A,71
2014,3,ADV-NR,7
2014,3,ANNLRPT,3
2014,3,APP NTC,23
2014,3,APP ORDR,25
2014,3,APP WD,1
2014,3,ARS,130
2014,3,AW,18
2014,3,CB,12
2014,3,CB/A,8
2014,3,CERTARCA,2
2014,3,CERTNAS,96
2014,3,CERTNYS,69
2014,3,CORRESP,3705
2014,3,CT ORDER,326
2014,3,D,5507
2014,3,D/A,3295
2014,3,DEF 14A,594
2014,3,DEF 14C,147
2014,3,DEFA14A,888
2014,3,DEFA14C,7
2014,3,DEFC14A,24
2014,3,DEFM14A,40
2014,3,DEFM14C,4
2014,3,DEFN14A,10
2014,3,DEFR14A,21
2014,3,DEFR14C,4
2014,3,DEL AM,16
2014,3,DFAN14A,298
2014,3,DFRN14A,6
2014,3,DRS,97
2014,3,DRS/A,133
2014,3,DRSLTR,98
2014,3,DSTRBRPT,4
2014,3,EFFECT,2638
2014,3,F-1,28
2014,3,F-1/A,102
2014,3,F-10,7
2014,3,F-10/A,8
2014,3,F-1MEF,4
2014,3,F-3,119
2014,3,F-3/A,108
2014,3,F-3ASR,11
2014,3,F-4,24
2014,3,F-4/A,40
2014,3,F-6,54
2014,3,F-6 POS,48
2014,3,F-6/A,2
2014,3,F-6EF,141
2014,3,F-7,2
2014,3,F-7 POS,1
2014,3,F-8,1
2014,3,F-8 POS,1
2014,3,F-N,6
2014,3,F-N/A,3
2014,3,F-X,23
2014,3,F-X/A,1
2014,3,FOCUSN,127
2014,3,FOCUSN/A,5
2014,3,FWP,3254
2014,3,G-FIN/A,1
2014,3,IRANNOTICE,112
2014,3,MA,271
2014,3,MA-I,2944
2014,3,MA/A,8
2014,3,MSD/A,3
2014,3,N-14,19
2014,3,N-14 8C,4
2014,3,N-14 8C/A,10
2014,3,N-14/A,19
2014,3,N-18F1,15
2014,3,N-1A,12
2014,3,N-1A/A,28
2014,3,N-2,28
2014,3,N-2/A,62
2014,3,N-23C-2,11
2014,3,N-23C3A,22
2014,3,N-23C3B,2
2014,3,N-2MEF,2
2014,3,N-30B-2,141
2014,3,N-30D,185
2014,3,N-4,25
2014,3,N-4/A,1
2014,3,N-54A,3
2014,3,N-54C,2
2014,3,N-6,13
2014,3,N-6/A,3
2014,3,N-6F,6
2014,3,N-6F/A,1
2014,3,N-8A,22
2014,3,N-8A/A,13
2014,3,N-8B-2,1
2014,3,N-8F,24
2014,3,N-8F NTC,31
2014,3,N-8F ORDR,74
2014,3,N-8F/A,20
2014,3,N-CSR,557
2014,3,N-CSR/A,24
2014,3,N-CSRS,1397
2014,3,N-CSRS/A,8
2014,3,N-MFP,1812
2014,3,N-MFP/A,36
2014,3,N-PX,2813
2014,3,N-PX/A,23
2014,3,N-Q,1629
2014,3,N-Q/A,16
2014,3,NO ACT,42
2014,3,NSAR-A,973
2014,3,NSAR-A/A,41
2014,3,NSAR-AT,1
2014,3,NSAR-B,458
2014,3,NSAR-B/A,48
2014,3,NSAR-BT,1
2014,3,NT 10-K,214
2014,3,NT 10-K/A,2
2014,3,NT 10-Q,701
2014,3,NT 10-Q/A,3
2014,3,NT 11-K,4
2014,3,NT 20-F,5
2014,3,NT N-MFP,24
2014,3,NT-NCSR,2
2014,3,NT-NSAR,1
2014,3,NTN 10K,6
2014,3,NTN 10Q,18
2014,3,POS 8C,31
2014,3,POS AM,231
2014,3,POS AMI,52
2014,3,POS EX,72
2014,3,POSASR,475
2014,3,PRE 14A,203
2014,3,PRE 14C,91
2014,3,PREC14A,26
2014,3,PREM14A,36
2014,3,PREM14C,6
2014,3,PREN14A,6
2014,3,PRER14A,61
2014,3,PRER14C,41
2014,3,PRRN14A,38
2014,3,PX14A6G,4
2014,3,REVOKED,109
2014,3,RW,74
2014,3,RW WD,4
2014,3,S-1,302
2014,3,S-1/A,730
2014,3,S-11,11
2014,3,S-11/A,34
2014,3,S-11MEF,1
2014,3,S-1MEF,17
2014,3,S-3,329
2014,3,S-3/A,176
2014,3,S-3ASR,395
2014,3,S-3D,6
2014,3,S-3DPOS,4
2014,3,S-3MEF,3
2014,3,S-4,1883
2014,3,S-4/A,662
2014,3,S-4MEF,3
2014,3,S-6,329
2014,3,S-6/A,190
2014,3,S-8,567
2014,3,S-8 POS,353
2014,3,S-B,4
2014,3,S-B/A,3
2014,3,SC 13D,795
2014,3,SC 13D/A,1931
2014,3,SC 13E3,9
2014,3,SC 13E3/A,36
2014,3,SC 13G,1330
2014,3,SC 13G/A,1513
2014,3,SC 14D9,19
2014,3,SC 14D9/A,106
2014,3,SC 14F1,18
2014,3,SC 14F1/A,1
2014,3,SC TO-C,74
2014,3,SC TO-I,125
2014,3,SC TO-I/A,178
2014,3,SC TO-T,40
2014,3,SC TO-T/A,202
2014,3,SC14D9C,17
2014,3,SD,11
2014,3,SD/A,1
2014,3,SE,12
2014,3,STOP ORDER,3
2014,3,SUPPL,44
2014,3,T-3,27
2014,3,T-3/A,24
2014,3,TA-1/A,53
2014,3,TA-2,3
2014,3,TA-2/A,8
2014,3,TA-W,3
2014,3,UPLOAD,3242
2014,3,WDL-REQ,2
2014,3,X-17A-5,384
2014,3,X-17A-5/A,14
2014,4,1-A,9
2014,4,1-A/A,27
2014,4,1-E,1
2014,4,1/A,31
2014,4,10-12B,5
2014,4,10-12B/A,32
2014,4,10-12G,31
2014,4,10-12G/A,61
2014,4,10-D,1651
2014,4,10-D/A,27
2014,4,10-K,656
2014,4,10-K/A,246
2014,4,10-KT,6
2014,4,10-KT/A,2
2014,4,10-Q,6980
2014,4,10-Q/A,394
2014,4,10-QT,2
2014,4,11-K,31
2014,4,13F-HR,3812
2014,4,13F-HR/A,238
2014,4,13F-NT,1411
2014,4,13F-NT/A,4
2014,4,144,183
2014,4,144/A,8
2014,4,15-12B,53
2014,4,15-12G,76
2014,4,15-12G/A,1
2014,4,15-15D,58
2014,4,15F-12B,4
2014,4,15F-12G,1
2014,4,15F-15D,5
2014,4,18-K,11
2014,4,18-K/A,34
2014,4,19B-4E,359
2014,4,2-A,2
2014,4,2-A/A,2
2014,4,20-F,38
2014,4,20-F/A,9
2014,4,20FR12B,1
2014,4,20FR12B/A,4
2014,4,20FR12G,2
2014,4,20FR12G/A,5
2014,4,24F-2NT,1330
2014,4,24F-2NT/A,23
2014,4,25,34
2014,4,25-NSE,332
2014,4,25-NSE/A,4
2014,4,3,8575
2014,4,3/A,414
2014,4,305B2,31
2014,4,4,88400
2014,4,4/A,2139
2014,4,40-17F1,4
2014,4,40-17F2,137
2014,4,40-17G,1076
2014,4,40-17G/A,129
2014,4,40-202A/A,2
2014,4,40-206A,2
2014,4,40-206A/A,4
2014,4,40-24B2,45
2014,4,40-33,15
2014,4,40-33/A,3
2014,4,40-6B/A,7
2014,4,40-8B25,1
2014,4,40-APP,226
2014,4,40-APP/A,530
2014,4,40-F,11
2014,4,40-F/A,2
2014,4,40-OIP/A,7
2014,4,40FR12B,1
2014,4,424B1,24
2014,4,424B2,4298
2014,4,424B3,3874
2014,4,424B4,115
2014,4,424B5,3338
2014,4,424B7,55
2014,4,424B8,12
2014,4,425,2056
2014,4,485APOS,326
2014,4,485BPOS,1741
2014,4,485BXT,551
2014,4,486APOS,5
2014,4,486BPOS,8
2014,4,487,277
2014,4,497,4104
2014,4,497AD,70
2014,4,497J,1380
2014,4,497K,3846
2014,4,5,538
2014,4,5/A,28
2014,4,6-K,5163
2014,4,6-K/A,47
2014,4,6B NTC,2
2014,4,6B ORDR,3
2014,4,8-A12B,250
2014,4,8-A12B/A,28
2014,4,8-A12G,37
2014,4,8-A12G/A,5
2014,4,8-K,18874
2014,4,8-K/A,583
2014,4,8-K12B,9
2014,4,8-K12G3,1
2014,4,ABS-15G,98
2014,4,ABS-15G/A,73
2014,4,ADV-NR,4
2014,4,APP NTC,49
2014,4,APP ORDR,44
2014,4,APP WD,19
2014,4,APP WDG,2
2014,4,ARS,142
2014,4,ARS/A,2
2014,4,AW,29
2014,4,CB,23
2014,4,CB/A,5
2014,4,CERTARCA,10
2014,4,CERTNAS,90
2014,4,CERTNYS,114
2014,4,CORRESP,2661
2014,4,CT ORDER,330
2014,4,D,5818
2014,4,D/A,3414
2014,4,DEF 14A,599
2014,4,DEF 14C,159
2014,4,DEFA14A,615
2014,4,DEFA14C,2
2014,4,DEFC14A,15
2014,4,DEFM14A,69
2014,4,DEFM14C,5
2014,4,DEFR14A,18
2014,4,DEFR14C,2
2014,4,DEL AM,72
2014,4,DFAN14A,182
2014,4,DFRN14A,10
2014,4,DRS,58
2014,4,DRS/A,106
2014,4,DRSLTR,86
2014,4,DSTRBRPT,5
2014,4,EFFECT,2439
2014,4,F-1,21
2014,4,F-1/A,58
2014,4,F-10,33
2014,4,F-10/A,33
2014,4,F-1MEF,2
2014,4,F-3,20
2014,4,F-3/A,120
2014,4,F-3ASR,15
2014,4,F-4,5
2014,4,F-4/A,10
2014,4,F-6,192
2014,4,F-6 POS,38
2014,4,F-6EF,862
2014,4,F-7,1
2014,4,F-7/A,2
2014,4,F-8 POS,1
2014,4,F-N,7
2014,4,F-N/A,1
2014,4,F-X,55
2014,4,F-X/A,1
2014,4,FOCUSN,109
2014,4,FOCUSN/A,7
2014,4,FWP,2991
2014,4,G-FIN/A,3
2014,4,IRANNOTICE,98
2014,4,MA,237
2014,4,MA-A,1
2014,4,MA-I,1013
2014,4,MA-I/A,97
2014,4,MA-W,3
2014,4,MA/A,18
2014,4,MSD,1
2014,4,MSD/A,4
2014,4,N-14,38
2014,4,N-14 8C,4
2014,4,N-14 8C/A,2
2014,4,N-14/A,10
2014,4,N-18F1,7
2014,4,N-1A,9
2014,4,N-1A/A,26
2014,4,N-2,27
2014,4,N-2/A,59
2014,4,N-23C-2,7
2014,4,N-23C3A,21
2014,4,N-23C3A/A,1
2014,4,N-23C3B,2
2014,4,N-2MEF,2
2014,4,N-30B-2,51
2014,4,N-30D,4
2014,4,N-4,66
2014,4,N-4/A,18
2014,4,N-54A,4
2014,4,N-6,25
2014,4,N-6/A,2
2014,4,N-6F,3
2014,4,N-6F/A,1
2014,4,N-8A,20
2014,4,N-8A/A,4
2014,4,N-8B-2,1
2014,4,N-8F,38
2014,4,N-8F NTC,23
2014,4,N-8F ORDR,19
2014,4,N-8F/A,3
2014,4,N-CSR,889
2014,4,N-CSR/A,13
2014,4,N-CSRS,506
2014,4,N-CSRS/A,2
2014,4,N-MFP,1826
2014,4,N-MFP/A,37
2014,4,N-PX,7
2014,4,N-PX/A,6
2014,4,N-Q,1618
2014,4,N-Q/A,7
2014,4,NO ACT,100
2014,4,NSAR-A,529
2014,4,NSAR-A/A,28
2014,4,NSAR-B,882
2014,4,NSAR-B/A,61
2014,4,NSAR-BT,4
2014,4,NT 10-K,155
2014,4,NT 10-K/A,1
2014,4,NT 10-Q,701
2014,4,NT 10-Q/A,1
2014,4,NT 20-F,3
2014,4,NT N-MFP,4
2014,4,NT-NSAR,2
2014,4,NTFNCSR,1
2014,4,NTN 10K,19
2014,4,NTN 10Q,10
2014,4,OIP NTC,2
2014,4,OIP ORDR,2
2014,4,POS 8C,21
2014,4,POS AM,188
2014,4,POS AMI,43
2014,4,POS EX,69
2014,4,POS462B,1
2014,4,POSASR,323
2014,4,PRE 14A,212
2014,4,PRE 14C,114
2014,4,PREC14A,12
2014,4,PREM14A,30
2014,4,PREM14C,5
2014,4,PREN14A,2
2014,4,PRER14A,53
2014,4,PRER14C,25
2014,4,PRRN14A,24
2014,4,PX14A6G,36
2014,4,QRTLYRPT,4
2014,4,REVOKED,164
2014,4,RW,127
2014,4,RW WD,7
2014,4,S-1,248
2014,4,S-1/A,681
2014,4,S-11,17
2014,4,S-11/A,30
2014,4,S-11MEF,1
2014,4,S-1MEF,24
2014,4,S-3,391
2014,4,S-3/A,308
2014,4,S-3ASR,973
2014,4,S-3D,4
2014,4,S-3DPOS,3
2014,4,S-3MEF,1
2014,4,S-4,1508
2014,4,S-4 POS,1
2014,4,S-4/A,558
2014,4,S-4MEF,1
2014,4,S-6,328
2014,4,S-6/A,192
2014,4,S-8,428
2014,4,S-8 POS,448
2014,4,S-B,4
2014,4,S-B/A,2
2014,4,SC 13D,728
2014,4,SC 13D/A,1978
2014,4,SC 13E3,7
2014,4,SC 13E3/A,43
2014,4,SC 13G,1504
2014,4,SC 13G/A,1649
2014,4,SC 14D9,35
2014,4,SC 14D9/A,97
2014,4,SC 14F1,22
2014,4,SC TO-C,72
2014,4,SC TO-I,123
2014,4,SC TO-I/A,156
2014,4,SC TO-T,66
2014,4,SC TO-T/A,248
2014,4,SC14D9C,40
2014,4,SD,4
2014,4,SE,2
2014,4,STOP ORDER,1
2014,4,SUPPL,34
2014,4,T-3,6
2014,4,T-3/A,10
2014,4,TA-1,1
2014,4,TA-1/A,42
2014,4,TA-2,2
2014,4,TA-2/A,5
2014,4,TA-W,4
2014,4,TACO,1
2014,4,UPLOAD,2714
2014,4,WDL-REQ,3
2014,4,X-17A-5,205
2014,4,X-17A-5/A,18
2015,1,1-A,9
2015,1,1-A/A,23
2015,1,1/A,45
2015,1,10-12B,15
2015,1,10-12B/A,18
2015,1,10-12G,29
2015,1,10-12G/A,44
2015,1,10-D,1681
2015,1,10-D/A,46
2015,1,10-K,5671
2015,1,10-K/A,327
2015,1,10-KT,12
2015,1,10-Q,1827
2015,1,10-Q/A,244
2015,1,10-QT,4
2015,1,11-K,58
2015,1,13F-HR,4145
2015,1,13F-HR/A,352
2015,1,13F-NT,1536
2015,1,13F-NT/A,12
2015,1,144,184
2015,1,15-12B,74
2015,1,15-12B/A,2
2015,1,15-12G,98
2015,1,15-12G/A,1
2015,1,15-15D,88
2015,1,15-15D/A,1
2015,1,15F-12B,3
2015,1,15F-12G,2
2015,1,15F-15D,2
2015,1,18-K,3
2015,1,18-K/A,41
2015,1,19B-4E,395
2015,1,2-A,1
2015,1,20-F,217
2015,1,20-F/A,19
2015,1,20FR12B/A,1
2015,1,20FR12G,3
2015,1,20FR12G/A,4
2015,1,24F-2NT,3731
2015,1,24F-2NT/A,12
2015,1,25,14
2015,1,25-NSE,308
2015,1,25-NSE/A,18
2015,1,3,8453
2015,1,3/A,623
2015,1,305B2,42
2015,1,4,131274
2015,1,4/A,3882
2015,1,40-17F1,14
2015,1,40-17F2,101
2015,1,40-17F2/A,3
2015,1,40-17G,646
2015,1,40-17G/A,79
2015,1,40-202A/A,2
2015,1,40-206A/A,4
2015,1,40-24B2,41
2015,1,40-33,2
2015,1,40-8B25,2
2015,1,40-APP,84
2015,1,40-APP/A,251
2015,1,40-F,108
2015,1,40-F/A,5
2015,1,40-OIP/A,17
2015,1,40FR12B,2
2015,1,424B1,21
2015,1,424B2,4568
2015,1,424B3,2445
2015,1,424B4,97
2015,1,424B5,2649
2015,1,424B7,73
2015,1,424B8,16
2015,1,425,1587
2015,1,485APOS,369
2015,1,485BPOS,1974
2015,1,485BXT,488
2015,1,486BPOS,15
2015,1,487,299
2015,1,497,3709
2015,1,497AD,67
2015,1,497J,1357
2015,1,497K,4973
2015,1,5,5901
2015,1,5/A,145
2015,1,6-K,5229
2015,1,6-K/A,66
2015,1,8-A12B,170
2015,1,8-A12B/A,23
2015,1,8-A12G,42
2015,1,8-A12G/A,7
2015,1,8-K,19252
2015,1,8-K/A,658
2015,1,8-K12B,8
2015,1,8-K12G3,5
2015,1,8-K12G3/A,1
2015,1,ABS-15G,548
2015,1,ABS-15G/A,89
2015,1,ADV-NR,4
2015,1,APP NTC,19
2015,1,APP ORDR,30
2015,1,APP WD,16
2015,1,APP WDG,2
2015,1,ARS,577
2015,1,AW,32
2015,1,AW WD,1
2015,1,CB,19
2015,1,CB/A,27
2015,1,CERTARCA,2
2015,1,CERTNAS,59
2015,1,CERTNYS,63
2015,1,CORRESP,2566
2015,1,CT ORDER,295
2015,1,D,5889
2015,1,D/A,5722
2015,1,DEF 14A,1631
2015,1,DEF 14C,155
2015,1,DEFA14A,1282
2015,1,DEFA14C,3
2015,1,DEFC14A,22
2015,1,DEFC14C,2
2015,1,DEFM14A,48
2015,1,DEFM14C,2
2015,1,DEFN14A,2
2015,1,DEFR14A,32
2015,1,DEFR14C,2
2015,1,DEL AM,10
2015,1,DFAN14A,268
2015,1,DFRN14A,2
2015,1,DRS,57
2015,1,DRS/A,68
2015,1,DRSLTR,53
2015,1,DSTRBRPT,2
2015,1,EFFECT,1985
2015,1,F-1,14
2015,1,F-1/A,50
2015,1,F-10,24
2015,1,F-10/A,29
2015,1,F-1MEF,5
2015,1,F-3,476
2015,1,F-3/A,122
2015,1,F-3ASR,25
2015,1,F-3D,3
2015,1,F-4,2
2015,1,F-4/A,11
2015,1,F-4MEF,1
2015,1,F-6,50
2015,1,F-6 POS,26
2015,1,F-6/A,2
2015,1,F-6EF,122
2015,1,F-7,4
2015,1,F-7/A,1
2015,1,F-N,5
2015,1,F-X,29
2015,1,F-X/A,1
2015,1,FOCUSN,1629
2015,1,FOCUSN/A,68
2015,1,FWP,3315
2015,1,G-405,1
2015,1,G-405N,2
2015,1,G-FIN/A,1
2015,1,IRANNOTICE,151
2015,1,MA,130
2015,1,MA-A,244
2015,1,MA-I,461
2015,1,MA-I/A,616
2015,1,MA-W,7
2015,1,MA/A,30
2015,1,MSD/A,3
2015,1,N-14,52
2015,1,N-14 8C,3
2015,1,N-14 8C/A,3
2015,1,N-14/A,7
2015,1,N-18F1,2
2015,1,N-1A,9
2015,1,N-1A/A,11
2015,1,N-2,34
2015,1,N-2/A,54
2015,1,N-23C-2,6
2015,1,N-23C3A,25
2015,1,N-23C3B,2
2015,1,N-23C3C,1
2015,1,N-30B-2,145
2015,1,N-30D,226
2015,1,N-30D/A,5
2015,1,N-4,15
2015,1,N-4/A,2
2015,1,N-54A,2
2015,1,N-6,2
2015,1,N-6F,4
2015,1,N-8A,23
2015,1,N-8B-2,1
2015,1,N-8F,46
2015,1,N-8F NTC,42
2015,1,N-8F ORDR,30
2015,1,N-8F/A,7
2015,1,N-CSR,1438
2015,1,N-CSR/A,49
2015,1,N-CSRS,548
2015,1,N-CSRS/A,4
2015,1,N-MFP,1795
2015,1,N-MFP/A,96
2015,1,N-PX,8
2015,1,N-PX/A,3
2015,1,N-Q,1494
2015,1,N-Q/A,13
2015,1,NO ACT,346
2015,1,NSAR-A,440
2015,1,NSAR-A/A,29
2015,1,NSAR-B,952
2015,1,NSAR-B/A,72
2015,1,NSAR-BT,16
2015,1,NSAR-BT/A,1
2015,1,NSAR-U,721
2015,1,NSAR-U/A,15
2015,1,NT 10-K,679
2015,1,NT 10-Q,284
2015,1,NT 10-Q/A,2
2015,1,NT 11-K,1
2015,1,NT 20-F,1
2015,1,NT N-MFP,3
2015,1,NT-NCSR,2
2015,1,NT-NSAR,6
2015,1,NTFNSAR,1
2015,1,NTN 10K,3
2015,1,NTN 10Q,8
2015,1,OIP NTC,1
2015,1,OIP ORDR,1
2015,1,POS 8C,37
2015,1,POS AM,832
2015,1,POS AMI,70
2015,1,POS EX,85
2015,1,POS462B,2
2015,1,POS462C,1
2015,1,POSASR,1337
2015,1,PRE 14A,422
2015,1,PRE 14C,101
2015,1,PREC14A,68
2015,1,PREM14A,21
2015,1,PREM14C,2
2015,1,PREN14A,6
2015,1,PRER14A,60
2015,1,PRER14C,22
2015,1,PRRN14A,46
2015,1,PX14A6G,30
2015,1,QRTLYRPT,1
2015,1,REVOKED,72
2015,1,RW,86
2015,1,RW WD,1
2015,1,S-1,215
2015,1,S-1/A,535
2015,1,S-11,8
2015,1,S-11/A,40
2015,1,S-1MEF,31
2015,1,S-3,214
2015,1,S-3/A,91
2015,1,S-3ASR,1354
2015,1,S-3D,3
2015,1,S-3DPOS,5
2015,1,S-3MEF,9
2015,1,S-4,471
2015,1,S-4 POS,1
2015,1,S-4/A,285
2015,1,S-4MEF,2
2015,1,S-6,354
2015,1,S-6/A,187
2015,1,S-8,522
2015,1,S-8 POS,574
2015,1,S-B,3
2015,1,S-B/A,6
2015,1,S-BMEF,1
2015,1,SC 13D,854
2015,1,SC 13D/A,2137
2015,1,SC 13E1,1
2015,1,SC 13E3,3
2015,1,SC 13E3/A,22
2015,1,SC 13G,10280
2015,1,SC 13G/A,27191
2015,1,SC 14D9,26
2015,1,SC 14D9/A,78
2015,1,SC 14F1,10
2015,1,SC TO-C,92
2015,1,SC TO-I,124
2015,1,SC TO-I/A,161
2015,1,SC TO-T,40
2015,1,SC TO-T/A,202
2015,1,SC14D9C,28
2015,1,SD,4
2015,1,SE,4
2015,1,SUPPL,61
2015,1,T-3,79
2015,1,T-3/A,501
2015,1,TA-1,3
2015,1,TA-1/A,58
2015,1,TA-2,283
2015,1,TA-2/A,18
2015,1,TA-W,6
2015,1,UPLOAD,2494
2015,1,WDL-REQ,1
2015,1,X-17A-5,3279
2015,1,X-17A-5/A,188
2015,2,1-A,12
2015,2,1-A/A,12
2015,2,1/A,59
2015,2,10-12B,10
2015,2,10-12B/A,49
2015,2,10-12G,19
2015,2,10-12G/A,33
2015,2,10-D,1701
2015,2,10-D/A,7
2015,2,10-K,1110
2015,2,10-K/A,574
2015,2,10-KT,4
2015,2,10-KT/A,4
2015,2,10-Q,6881
2015,2,10-Q/A,241
2015,2,11-K,1256
2015,2,11-K/A,10
2015,2,11-KT,1
2015,2,11-KT/A,1
2015,2,13F-HR,4089
2015,2,13F-HR/A,312
2015,2,13F-NT,1495
2015,2,13F-NT/A,18
2015,2,144,144
2015,2,15-12B,70
2015,2,15-12B/A,2
2015,2,15-12G,60
2015,2,15-12G/A,2
2015,2,15-15D,120
2015,2,15-15D/A,105
2015,2,15F-12B,1
2015,2,15F-12G,3
2015,2,15F-15D,2
2015,2,18-K,15
2015,2,18-K/A,21
2015,2,19B-4E,384
2015,2,2-A,2
2015,2,2-A/A,1
2015,2,20-F,394
2015,2,20-F/A,29
2015,2,20FR12B,2
2015,2,20FR12B/A,1
2015,2,20FR12G,1
2015,2,20FR12G/A,4
2015,2,24F-2NT,1015
2015,2,24F-2NT/A,32
2015,2,25,9
2015,2,25-NSE,256
2015,2,25-NSE/A,4
2015,2,3,9768
2015,2,3/A,473
2015,2,305B2,43
2015,2,34-12H,1
2015,2,4,106183
2015,2,4/A,2817
2015,2,40-17F1,10
2015,2,40-17F2,127
2015,2,40-17G,545
2015,2,40-17G/A,105
2015,2,40-206A/A,3
2015,2,40-24B2,46
2015,2,40-33,7
2015,2,40-33/A,1
2015,2,40-6B,2
2015,2,40-8B25,1
2015,2,40-APP,337
2015,2,40-APP/A,472
2015,2,40-F,12
2015,2,40-F/A,4
2015,2,40-OIP,16
2015,2,40-OIP/A,3
2015,2,40FR12B,3
2015,2,40FR12B/A,2
2015,2,424A,1
2015,2,424B1,65
2015,2,424B2,4332
2015,2,424B3,3460
2015,2,424B4,134
2015,2,424B5,2008
2015,2,424B7,64
2015,2,424B8,15
2015,2,425,1708
2015,2,485APOS,330
2015,2,485BPOS,3192
2015,2,485BXT,547
2015,2,486APOS,3
2015,2,486BPOS,13
2015,2,487,305
2015,2,497,4401
2015,2,497AD,43
2015,2,497J,2236
2015,2,497K,6054
2015,2,5,326
2015,2,5/A,44
2015,2,6-K,6084
2015,2,6-K/A,68
2015,2,8-A12B,671
2015,2,8-A12B/A,33
2015,2,8-A12G,44
2015,2,8-A12G/A,7
2015,2,8-K,21213
2015,2,8-K/A,589
2015,2,8-K12B,3
2015,2,8-K12G3,2
2015,2,8-K12G3/A,2
2015,2,ABS-15G,134
2015,2,ABS-15G/A,80
2015,2,ADV-NR,5
2015,2,ANNLRPT,2
2015,2,APP NTC,37
2015,2,APP ORDR,39
2015,2,APP WD,5
2015,2,APP WDG,2
2015,2,ARS,1245
2015,2,AW,47
2015,2,CB,37
2015,2,CB/A,47
2015,2,CERTARCA,21
2015,2,CERTNAS,83
2015,2,CERTNYS,100
2015,2,CORRESP,3504
2015,2,CT ORDER,404
2015,2,D,5880
2015,2,D/A,3633
2015,2,DEF 14A,2690
2015,2,DEF 14C,142
2015,2,DEFA14A,2163
2015,2,DEFA14C,10
2015,2,DEFC14A,87
2015,2,DEFM14A,56
2015,2,DEFM14C,5
2015,2,DEFN14A,2
2015,2,DEFR14A,62
2015,2,DEFR14C,2
2015,2,DEL AM,13
2015,2,DFAN14A,441
2015,2,DFRN14A,2
2015,2,DOS,2
2015,2,DRS,55
2015,2,DRS/A,105
2015,2,DRSLTR,71
2015,2,DSTRBRPT,5
2015,2,EFFECT,3118
2015,2,F-1,28
2015,2,F-1/A,53
2015,2,F-10,19
2015,2,F-10/A,20
2015,2,F-1MEF,6
2015,2,F-3,14
2015,2,F-3/A,1304
2015,2,F-3ASR,28
2015,2,F-3D,1
2015,2,F-4,23
2015,2,F-4/A,13
2015,2,F-6,38
2015,2,F-6 POS,56
2015,2,F-6/A,2
2015,2,F-6EF,272
2015,2,F-7,1
2015,2,F-7 POS,1
2015,2,F-N,11
2015,2,F-N/A,1
2015,2,F-X,70
2015,2,F-X/A,1
2015,2,FOCUSN,147
2015,2,FOCUSN/A,43
2015,2,FWP,2826
2015,2,G-FIN/A,2
2015,2,IRANNOTICE,133
2015,2,MA,24
2015,2,MA-A,49
2015,2,MA-I,128
2015,2,MA-I/A,184
2015,2,MA-W,6
2015,2,MA/A,95
2015,2,MSD,1
2015,2,MSD/A,2
2015,2,MSDW,1
2015,2,N-14,41
2015,2,N-14 8C,3
2015,2,N-14 8C/A,5
2015,2,N-14/A,15
2015,2,N-18F1,4
2015,2,N-1A,10
2015,2,N-1A/A,19
2015,2,N-2,42
2015,2,N-2/A,70
2015,2,N-23C-2,5
2015,2,N-23C3A,24
2015,2,N-23C3A/A,1
2015,2,N-23C3B,2
2015,2,N-2MEF,3
2015,2,N-30B-2,85
2015,2,N-30D,16
2015,2,N-4,11
2015,2,N-4/A,18
2015,2,N-54A,4
2015,2,N-6,2
2015,2,N-6/A,4
2015,2,N-6F,2
2015,2,N-6F/A,1
2015,2,N-8A,26
2015,2,N-8A/A,2
2015,2,N-8F,44
2015,2,N-8F NTC,48
2015,2,N-8F ORDR,68
2015,2,N-8F/A,5
2015,2,N-CSR,511
2015,2,N-CSR/A,20
2015,2,N-CSRS,912
2015,2,N-CSRS/A,13
2015,2,N-MFP,1771
2015,2,N-MFP/A,56
2015,2,N-PX,1
2015,2,N-PX/A,9
2015,2,N-Q,1744
2015,2,N-Q/A,12
2015,2,NO ACT,20
2015,2,NSAR-A,917
2015,2,NSAR-A/A,66
2015,2,NSAR-B,510
2015,2,NSAR-B/A,52
2015,2,NSAR-BT,3
2015,2,NSAR-U/A,2
2015,2,NT 10-K,322
2015,2,NT 10-K/A,5
2015,2,NT 10-Q,665
2015,2,NT 10-Q/A,3
2015,2,NT 11-K,25
2015,2,NT 20-F,51
2015,2,NT 20-F/A,1
2015,2,NT N-MFP,17
2015,2,NT-NCSR,1
2015,2,NT-NSAR,5
2015,2,NTFNCSR,2
2015,2,NTN 10K,16
2015,2,NTN 10Q,24
2015,2,OIP NTC,1
2015,2,OIP ORDR,1
2015,2,POS 8C,66
2015,2,POS AM,495
2015,2,POS AMI,69
2015,2,POS EX,60
2015,2,POSASR,235
2015,2,PRE 14A,327
2015,2,PRE 14C,110
2015,2,PREC14A,60
2015,2,PREM14A,29
2015,2,PREM14C,5
2015,2,PREN14A,2
2015,2,PRER14A,72
2015,2,PRER14C,24
2015,2,PRRN14A,72
2015,2,PX14A6G,258
2015,2,PX14A6N,16
2015,2,QRTLYRPT,2
2015,2,REVOKED,101
2015,2,RW,126
2015,2,RW WD,2
2015,2,S-1,258
2015,2,S-1/A,651
2015,2,S-11,9
2015,2,S-11/A,38
2015,2,S-11MEF,1
2015,2,S-1MEF,32
2015,2,S-3,459
2015,2,S-3/A,278
2015,2,S-3ASR,969
2015,2,S-3D,9
2015,2,S-3DPOS,3
2015,2,S-3MEF,4
2015,2,S-4,1086
2015,2,S-4/A,1564
2015,2,S-4MEF,1
2015,2,S-6,343
2015,2,S-6/A,191
2015,2,S-8,722
2015,2,S-8 POS,451
2015,2,S-B,7
2015,2,S-B/A,2
2015,2,S-BMEF,1
2015,2,SC 13D,844
2015,2,SC 13D/A,2054
2015,2,SC 13E1,1
2015,2,SC 13E3,11
2015,2,SC 13E3/A,20
2015,2,SC 13G,1318
2015,2,SC 13G/A,1729
2015,2,SC 14D9,31
2015,2,SC 14D9/A,66
2015,2,SC 14F1,11
2015,2,SC 14F1/A,1
2015,2,SC TO-C,74
2015,2,SC TO-I,136
2015,2,SC TO-I/A,206
2015,2,SC TO-T,60
2015,2,SC TO-T/A,188
2015,2,SC14D9C,36
2015,2,SD,1273
2015,2,SD/A,2
2015,2,SE,6
2015,2,SF-3,2
2015,2,SP 15D2,1
2015,2,STOP ORDER,7
2015,2,SUPPL,21
2015,2,T-3,7
2015,2,T-3/A,37
2015,2,TA-1,2
2015,2,TA-1/A,49
2015,2,TA-2,15
2015,2,TA-2/A,8
2015,2,UPLOAD,4287
2015,2,X-17A-5,376
2015,2,X-17A-5/A,98
2015,3,1,1
2015,3,1-A,23
2015,3,1-A-W,5
2015,3,1-A-W/A,1
2015,3,1-A/A,39
2015,3,1-E,1
2015,3,1/A,52
2015,3,10-12B,9
2015,3,10-12B/A,36
2015,3,10-12G,29
2015,3,10-12G/A,33
2015,3,10-D,1829
2015,3,10-D/A,9
2015,3,10-K,619
2015,3,10-K/A,216
2015,3,10-KT,3
2015,3,10-Q,6779
2015,3,10-Q/A,308
2015,3,10-QT,3
2015,3,10-QT/A,1
2015,3,11-K,38
2015,3,11-K/A,23
2015,3,13F-HR,4190
2015,3,13F-HR/A,298
2015,3,13F-NT,1505
2015,3,13F-NT/A,7
2015,3,144,95
2015,3,144/A,6
2015,3,15-12B,68
2015,3,15-12B/A,1
2015,3,15-12G,66
2015,3,15-12G/A,1
2015,3,15-15D,63
2015,3,15-15D/A,3
2015,3,15F-12B,2
2015,3,15F-12G,2
2015,3,15F-15D,6
2015,3,18-K,11
2015,3,18-K/A,28
2015,3,19B-4E,591
2015,3,20-F,41
2015,3,20-F/A,21
2015,3,20FR12B/A,1
2015,3,20FR12G,2
2015,3,20FR12G/A,1
2015,3,24F-2NT,1108
2015,3,24F-2NT/A,35
2015,3,25,17
2015,3,25-NSE,310
2015,3,25-NSE/A,14
2015,3,25/A,1
2015,3,3,8090
2015,3,3/A,418
2015,3,305B2,28
2015,3,4,78325
2015,3,4/A,2038
2015,3,40-17F1,19
2015,3,40-17F2,195
2015,3,40-17G,559
2015,3,40-17G/A,166
2015,3,40-206A/A,2
2015,3,40-24B2,59
2015,3,40-33,2
2015,3,40-8B25,2
2015,3,40-8F-2/A,1
2015,3,40-APP,176
2015,3,40-APP/A,371
2015,3,40-F,2
2015,3,40-F/A,4
2015,3,40-OIP/A,1
2015,3,40FR12B,2
2015,3,40FR12B/A,1
2015,3,424A,1
2015,3,424B1,17
2015,3,424B2,4062
2015,3,424B3,3099
2015,3,424B4,79
2015,3,424B5,1804
2015,3,424B7,62
2015,3,424B8,12
2015,3,424H,2
2015,3,425,1959
2015,3,485APOS,330
2015,3,485BPOS,1472
2015,3,485BXT,518
2015,3,486BPOS,9
2015,3,487,286
2015,3,497,4222
2015,3,497AD,30
2015,3,497J,1115
2015,3,497K,4240
2015,3,5,436
2015,3,5/A,12
2015,3,6-K,4881
2015,3,6-K/A,75
2015,3,8-A12B,190
2015,3,8-A12B/A,23
2015,3,8-A12G,37
2015,3,8-A12G/A,6
2015,3,8-K,17771
2015,3,8-K/A,501
2015,3,8-K12B,5
2015,3,8-K12G3,5
2015,3,8-K12G3/A,1
2015,3,8-M,2
2015,3,ABS-15G,237
2015,3,ABS-15G/A,86
2015,3,ADV-NR,6
2015,3,ANNLRPT,4
2015,3,APP NTC,22
2015,3,APP ORDR,23
2015,3,APP WD,30
2015,3,APP WDG,4
2015,3,ARS,145
2015,3,ARS/A,1
2015,3,AW,40
2015,3,CB,12
2015,3,CB/A,39
2015,3,CERTARCA,2
2015,3,CERTNAS,77
2015,3,CERTNYS,67
2015,3,CORRESP,3336
2015,3,CT ORDER,306
2015,3,D,5742
2015,3,D/A,3394
2015,3,DEF 14A,658
2015,3,DEF 14C,144
2015,3,DEFA14A,735
2015,3,DEFA14C,5
2015,3,DEFC14A,8
2015,3,DEFM14A,53
2015,3,DEFM14C,1
2015,3,DEFN14A,2
2015,3,DEFR14A,15
2015,3,DEFR14C,3
2015,3,DEL AM,14
2015,3,DFAN14A,114
2015,3,DOS,8
2015,3,DOS/A,3
2015,3,DOSLTR,2
2015,3,DRS,78
2015,3,DRS/A,75
2015,3,DRSLTR,58
2015,3,DSTRBRPT,1
2015,3,EFFECT,1999
2015,3,F-1,21
2015,3,F-1/A,62
2015,3,F-10,9
2015,3,F-10/A,30
2015,3,F-10POS,1
2015,3,F-1MEF,2
2015,3,F-3,26
2015,3,F-3/A,15
2015,3,F-3ASR,24
2015,3,F-3D,2
2015,3,F-3DPOS,2
2015,3,F-4,11
2015,3,F-4/A,22
2015,3,F-6,30
2015,3,F-6 POS,82
2015,3,F-6EF,242
2015,3,F-7,2
2015,3,F-7 POS,1
2015,3,F-N,3
2015,3,F-X,17
2015,3,FOCUSN,103
2015,3,FOCUSN/A,11
2015,3,FWP,2705
2015,3,G-FIN/A,3
2015,3,IRANNOTICE,100
2015,3,MA,26
2015,3,MA-A,10
2015,3,MA-I,227
2015,3,MA-I/A,272
2015,3,MA-W,16
2015,3,MA/A,71
2015,3,MSD/A,5
2015,3,MSDW,2
2015,3,N-14,40
2015,3,N-14 8C,3
2015,3,N-14/A,17
2015,3,N-18F1,6
2015,3,N-1A,14
2015,3,N-1A/A,22
2015,3,N-2,30
2015,3,N-2/A,71
2015,3,N-23C-2,9
2015,3,N-23C3A,30
2015,3,N-23C3B,1
2015,3,N-2MEF,1
2015,3,N-30B-2,149
2015,3,N-30D,191
2015,3,N-4,5
2015,3,N-4/A,7
2015,3,N-54A,5
2015,3,N-54C,2
2015,3,N-6,4
2015,3,N-6/A,3
2015,3,N-6F,2
2015,3,N-8A,30
2015,3,N-8A/A,1
2015,3,N-8B-2,2
2015,3,N-8F,22
2015,3,N-8F NTC,43
2015,3,N-8F ORDR,41
2015,3,N-8F/A,4
2015,3,N-CSR,565
2015,3,N-CSR/A,33
2015,3,N-CSRS,1375
2015,3,N-CSRS/A,9
2015,3,N-MFP,1746
2015,3,N-MFP/A,11
2015,3,N-PX,2856
2015,3,N-PX/A,44
2015,3,N-Q,1627
2015,3,N-Q/A,7
2015,3,NO ACT,23
2015,3,NRSRO-CE,1
2015,3,NRSRO-CE/A,1
2015,3,NRSRO-UPD,4
2015,3,NSAR-A,966
2015,3,NSAR-A/A,38
2015,3,NSAR-AT/A,1
2015,3,NSAR-B,452
2015,3,NSAR-B/A,47
2015,3,NSAR-BT,11
2015,3,NT 10-K,178
2015,3,NT 10-Q,647
2015,3,NT 10-Q/A,1
2015,3,NT 11-K,1
2015,3,NT 11-K/A,4
2015,3,NT 20-F,4
2015,3,NT N-MFP,10
2015,3,NT-NCSR,2
2015,3,NT-NSAR,1
2015,3,NTN 10D,1
2015,3,NTN 10K,14
2015,3,NTN 10Q,17
2015,3,POS 8C,51
2015,3,POS AM,241
2015,3,POS AMI,53
2015,3,POS EX,57
2015,3,POS462B,1
2015,3,POS462C,2
2015,3,POSASR,287
2015,3,PRE 14A,221
2015,3,PRE 14C,102
2015,3,PREC14A,12
2015,3,PREC14C,1
2015,3,PREM14A,40
2015,3,PREM14C,3
2015,3,PREN14A,2
2015,3,PRER14A,54
2015,3,PRER14C,25
2015,3,PRRN14A,14
2015,3,PX14A6G,20
2015,3,QRTLYRPT,6
2015,3,QUALIF,3
2015,3,REG-NR,2
2015,3,REVOKED,143
2015,3,RW,77
2015,3,RW WD,2
2015,3,S-1,207
2015,3,S-1/A,531
2015,3,S-11,11
2015,3,S-11/A,21
2015,3,S-1MEF,21
2015,3,S-3,231
2015,3,S-3/A,203
2015,3,S-3ASR,464
2015,3,S-3D,4
2015,3,S-3DPOS,7
2015,3,S-3MEF,5
2015,3,S-4,1017
2015,3,S-4 POS,47
2015,3,S-4/A,381
2015,3,S-6,309
2015,3,S-6/A,185
2015,3,S-8,528
2015,3,S-8 POS,448
2015,3,S-B,6
2015,3,S-B/A,4
2015,3,SC 13D,622
2015,3,SC 13D/A,1937
2015,3,SC 13E3,6
2015,3,SC 13E3/A,26
2015,3,SC 13G,1963
2015,3,SC 13G/A,2266
2015,3,SC 14D9,28
2015,3,SC 14D9/A,79
2015,3,SC 14F1,14
2015,3,SC TO-C,70
2015,3,SC TO-I,123
2015,3,SC TO-I/A,182
2015,3,SC TO-T,50
2015,3,SC TO-T/A,234
2015,3,SC14D9C,32
2015,3,SD,5
2015,3,SE,13
2015,3,SF-3,34
2015,3,SF-3/A,8
2015,3,STOP ORDER,4
2015,3,SUPPL,24
2015,3,T-3,62
2015,3,T-3/A,62
2015,3,TA-1,1
2015,3,TA-1/A,54
2015,3,TA-2,2
2015,3,TA-2/A,8
2015,3,TA-W,4
2015,3,UPLOAD,3328
2015,3,X-17A-5,242
2015,3,X-17A-5/A,21
2015,4,1-A,23
2015,4,1-A POS,3
2015,4,1-A-W,5
2015,4,1-A-W/A,3
2015,4,1-A/A,63
2015,4,1-E/A,1
2015,4,1-U,3
2015,4,1-Z,5
2015,4,1/A,49
2015,4,10-12B,11
2015,4,10-12B/A,35
2015,4,10-12G,15
2015,4,10-12G/A,24
2015,4,10-D,1886
2015,4,10-D/A,7
2015,4,10-K,585
2015,4,10-K/A,141
2015,4,10-KT,3
2015,4,10-KT/A,1
2015,4,10-Q,6679
2015,4,10-Q/A,302
2015,4,11-K,29
2015,4,11-K/A,25
2015,4,13F-HR,4138
2015,4,13F-HR/A,316
2015,4,13F-NT,1513
2015,4,13F-NT/A,8
2015,4,144,107
2015,4,144/A,6
2015,4,15-12B,78
2015,4,15-12B/A,2
2015,4,15-12G,92
2015,4,15-12G/A,1
2015,4,15-15D,369
2015,4,15F-12B,2
2015,4,15F-15D,3
2015,4,18-K,8
2015,4,18-K/A,40
2015,4,19B-4E,463
2015,4,20-F,39
2015,4,20-F/A,12
2015,4,20FR12B,2
2015,4,20FR12B/A,1
2015,4,20FR12G/A,4
2015,4,24F-2NT,1277
2015,4,24F-2NT/A,17
2015,4,25,36
2015,4,25-NSE,394
2015,4,25-NSE/A,18
2015,4,253G2,4
2015,4,3,6528
2015,4,3/A,282
2015,4,305B2,51
2015,4,4,82124
2015,4,4/A,1981
2015,4,40-17F1,11
2015,4,40-17F2,174
2015,4,40-17F2/A,2
2015,4,40-17G,817
2015,4,40-17G/A,172
2015,4,40-24B2,64
2015,4,40-33,7
2015,4,40-33/A,4
2015,4,40-6B/A,1
2015,4,40-8B25,1
2015,4,40-APP,229
2015,4,40-APP/A,646
2015,4,40-F,10
2015,4,40-F/A,1
2015,4,40-OIP,25
2015,4,40-OIP/A,16
2015,4,424A,1
2015,4,424B1,14
2015,4,424B2,3809
2015,4,424B3,3373
2015,4,424B4,76
2015,4,424B5,1743
2015,4,424B7,75
2015,4,424B8,11
2015,4,424H,8
2015,4,425,2050
2015,4,485APOS,378
2015,4,485BPOS,1948
2015,4,485BXT,576
2015,4,486APOS,3
2015,4,486BPOS,8
2015,4,487,297
2015,4,497,4821
2015,4,497AD,43
2015,4,497J,1458
2015,4,497K,4839
2015,4,5,328
2015,4,5/A,10
2015,4,6-K,5189
2015,4,6-K/A,58
2015,4,8-A12B,190
2015,4,8-A12B/A,32
2015,4,8-A12G,29
2015,4,8-A12G/A,4
2015,4,8-K,18171
2015,4,8-K/A,532
2015,4,8-K12B,4
2015,4,8-K12B/A,1
2015,4,8-K12G3,1
2015,4,ABS-15G,209
2015,4,ABS-15G/A,84
2015,4,ADV-NR,7
2015,4,ANNLRPT,1
2015,4,APP NTC,19
2015,4,APP ORDR,14
2015,4,APP WD,16
2015,4,APP WD/A,9
2015,4,APP WDG,3
2015,4,ARS,128
2015,4,AW,51
2015,4,CB,12
2015,4,CB/A,9
2015,4,CERTARCA,6
2015,4,CERTBATS,14
2015,4,CERTNAS,61
2015,4,CERTNYS,66
2015,4,CORRESP,2728
2015,4,CT ORDER,282
2015,4,D,5951
2015,4,D/A,3369
2015,4,DEF 14A,656
2015,4,DEF 14C,128
2015,4,DEFA14A,883
2015,4,DEFA14C,5
2015,4,DEFC14A,24
2015,4,DEFM14A,62
2015,4,DEFM14C,4
2015,4,DEFR14A,58
2015,4,DEFR14C,2
2015,4,DEL AM,14
2015,4,DFAN14A,282
2015,4,DFRN14A,2
2015,4,DOS,7
2015,4,DOS/A,13
2015,4,DOSLTR,13
2015,4,DRS,49
2015,4,DRS/A,98
2015,4,DRSLTR,72
2015,4,DSTRBRPT,7
2015,4,EFFECT,2514
2015,4,F-1,16
2015,4,F-1/A,68
2015,4,F-10,12
2015,4,F-10/A,29
2015,4,F-1MEF,2
2015,4,F-3,20
2015,4,F-3/A,19
2015,4,F-3ASR,20
2015,4,F-3D,1
2015,4,F-3MEF,1
2015,4,F-4,8
2015,4,F-4/A,19
2015,4,F-6,46
2015,4,F-6 POS,58
2015,4,F-6/A,4
2015,4,F-6EF,208
2015,4,F-80,1
2015,4,F-80POS,2
2015,4,F-N,18
2015,4,F-X,26
2015,4,FOCUSN,103
2015,4,FOCUSN/A,5
2015,4,FWP,2157
2015,4,G-FIN,1
2015,4,G-FIN/A,4
2015,4,IRANNOTICE,84
2015,4,MA,14
2015,4,MA-A,16
2015,4,MA-I,174
2015,4,MA-I/A,217
2015,4,MA-W,11
2015,4,MA/A,54
2015,4,MSD/A,12
2015,4,MSDW,2
2015,4,N-14,42
2015,4,N-14 8C,3
2015,4,N-14 8C/A,7
2015,4,N-14/A,14
2015,4,N-18F1,9
2015,4,N-1A,10
2015,4,N-1A/A,41
2015,4,N-2,24
2015,4,N-2/A,48
2015,4,N-23C-2,10
2015,4,N-23C-2/A,1
2015,4,N-23C3A,24
2015,4,N-23C3B,1
2015,4,N-2MEF,1
2015,4,N-30B-2,51
2015,4,N-30D,4
2015,4,N-4,4
2015,4,N-4/A,16
2015,4,N-54A,3
2015,4,N-6,2
2015,4,N-6/A,5
2015,4,N-6F,6
2015,4,N-6F/A,1
2015,4,N-8A,23
2015,4,N-8A/A,5
2015,4,N-8F,16
2015,4,N-8F NTC,17
2015,4,N-8F ORDR,14
2015,4,N-8F/A,8
2015,4,N-CR,7
2015,4,N-CSR,935
2015,4,N-CSR/A,14
2015,4,N-CSRS,507
2015,4,N-CSRS/A,1
2015,4,N-MFP,1720
2015,4,N-MFP/A,44
2015,4,N-PX,5
2015,4,N-PX/A,11
2015,4,N-Q,1603
2015,4,N-Q/A,12
2015,4,NO ACT,28
2015,4,NRSRO-CE,1
2015,4,NRSRO-UPD,15
2015,4,NSAR-A,507
2015,4,NSAR-A/A,16
2015,4,NSAR-AT,1
2015,4,NSAR-B,876
2015,4,NSAR-B/A,68
2015,4,NSAR-BT,9
2015,4,NSAR-BT/A,1
2015,4,NSAR-U,1
2015,4,NT 10-K,153
2015,4,NT 10-K/A,2
2015,4,NT 10-Q,643
2015,4,NT 10-Q/A,2
2015,4,NT 20-F,8
2015,4,NT-NCSR,1
2015,4,NT-NSAR,6
2015,4,NT-NSAR/A,1
2015,4,NTFNCSR,1
2015,4,NTN 10K,24
2015,4,NTN 10Q,13
2015,4,POS 8C,16
2015,4,POS AM,329
2015,4,POS AMI,44
2015,4,POS EX,64
2015,4,POSASR,596
2015,4,PRE 14A,191
2015,4,PRE 14C,104
2015,4,PREC14A,29
2015,4,PREM14A,38
2015,4,PREM14C,3
2015,4,PRER14A,53
2015,4,PRER14C,22
2015,4,PRRN14A,36
2015,4,PX14A6G,34
2015,4,QRTLYRPT,3
2015,4,QUALIF,12
2015,4,REVOKED,154
2015,4,RW,81
2015,4,RW WD,1
2015,4,S-1,180
2015,4,S-1/A,416
2015,4,S-11,9
2015,4,S-11/A,26
2015,4,S-1MEF,7
2015,4,S-3,350
2015,4,S-3/A,140
2015,4,S-3ASR,1000
2015,4,S-3D,8
2015,4,S-3DPOS,6
2015,4,S-3MEF,2
2015,4,S-4,1831
2015,4,S-4 POS,2
2015,4,S-4/A,739
2015,4,S-4MEF,1
2015,4,S-6,352
2015,4,S-6/A,192
2015,4,S-8,372
2015,4,S-8 POS,613
2015,4,S-B,3
2015,4,S-B/A,2
2015,4,SC 13D,691
2015,4,SC 13D/A,2239
2015,4,SC 13E3,13
2015,4,SC 13E3/A,35
2015,4,SC 13G,1293
2015,4,SC 13G/A,1564
2015,4,SC 14D9,28
2015,4,SC 14D9/A,119
2015,4,SC 14F1,10
2015,4,SC 14F1/A,1
2015,4,SC TO-C,73
2015,4,SC TO-I,140
2015,4,SC TO-I/A,186
2015,4,SC TO-T,48
2015,4,SC TO-T/A,266
2015,4,SC14D9C,20
2015,4,SD,2
2015,4,SE,2
2015,4,SF-3,34
2015,4,SF-3/A,94
2015,4,SUPPL,27
2015,4,T-3,49
2015,4,TA-1/A,53
2015,4,TA-2/A,6
2015,4,TA-W,4
2015,4,UPLOAD,3495
2015,4,X-17A-5,192
2015,4,X-17A-5/A,11
2016,1,1-A,28
2016,1,1-A POS,17
2016,1,1-A-W,7
2016,1,1-A/A,83
2016,1,1-E/A,1
2016,1,1-U,12
2016,1,1-Z,1
2016,1,1-Z/A,1
2016,1,1/A,38
2016,1,10-12B,7
2016,1,10-12B/A,30
2016,1,10-12G,23
2016,1,10-12G/A,45
2016,1,10-D,1858
2016,1,10-D/A,30
2016,1,10-K,5462
2016,1,10-K/A,272
2016,1,10-KT,22
2016,1,10-KT/A,1
2016,1,10-Q,1652
2016,1,10-Q/A,189
2016,1,10-QT,2
2016,1,11-K,50
2016,1,11-K/A,2
2016,1,13F-HR,4269
2016,1,13F-HR/A,271
2016,1,13F-NT,1522
2016,1,13F-NT/A,10
2016,1,144,114
2016,1,144/A,4
2016,1,15-12B,63
2016,1,15-12G,86
2016,1,15-12G/A,2
2016,1,15-15D,179
2016,1,15F-12B,2
2016,1,15F-12G,1
2016,1,18-K,2
2016,1,18-K/A,53
2016,1,19B-4E,366
2016,1,20-F,214
2016,1,20-F/A,9
2016,1,20FR12B,2
2016,1,20FR12B/A,7
2016,1,24F-2NT,3726
2016,1,24F-2NT/A,174
2016,1,25,17
2016,1,25-NSE,376
2016,1,25-NSE/A,2
2016,1,253G1,1
2016,1,253G2,20
2016,1,3,7957
2016,1,3/A,512
2016,1,305B2,24
2016,1,4,124732
2016,1,4/A,3420
2016,1,40-17F1,11
2016,1,40-17F2,94
2016,1,40-17G,705
2016,1,40-17G/A,150
2016,1,40-17GCS,1
2016,1,40-24B2,60
2016,1,40-33,8
2016,1,40-6B/A,2
2016,1,40-8B25,2
2016,1,40-APP,254
2016,1,40-APP/A,831
2016,1,40-F,105
2016,1,40-F/A,2
2016,1,40FR12B,1
2016,1,424A,1
2016,1,424B1,2
2016,1,424B2,4537
2016,1,424B3,2814
2016,1,424B4,42
2016,1,424B5,1886
2016,1,424B7,49
2016,1,424B8,45
2016,1,424H,90
2016,1,424H/A,2
2016,1,425,1756
2016,1,485APOS,387
2016,1,485BPOS,2044
2016,1,485BXT,643
2016,1,486BPOS,25
2016,1,487,318
2016,1,497,4397
2016,1,497AD,29
2016,1,497J,1250
2016,1,497K,5812
2016,1,5,5607
2016,1,5/A,84
2016,1,6-K,5231
2016,1,6-K/A,86
2016,1,6B NTC,1
2016,1,8-A12B,156
2016,1,8-A12B/A,17
2016,1,8-A12G,30
2016,1,8-A12G/A,3
2016,1,8-K,18209
2016,1,8-K/A,519
2016,1,8-K12B,8
2016,1,8-K12B/A,1
2016,1,8-K12G3,2
2016,1,8-M,1
2016,1,8F-2 NTC,1
2016,1,8F-2 ORDR,1
2016,1,ABS-15G,741
2016,1,ABS-15G/A,95
2016,1,ADV-H-T,1
2016,1,ADV-NR,13
2016,1,APP NTC,34
2016,1,APP ORDR,31
2016,1,APP WD,1
2016,1,APP WDG,1
2016,1,ARS,10
2016,1,AW,40
2016,1,AW WD,4
2016,1,CB,13
2016,1,CB/A,4
2016,1,CERTARCA,15
2016,1,CERTBATS,6
2016,1,CERTNAS,47
2016,1,CERTNYS,59
2016,1,CFPORTAL,18
2016,1,CFPORTAL/A,3
2016,1,CORRESP,2987
2016,1,CT ORDER,285
2016,1,D,6193
2016,1,D/A,5712
2016,1,DEF 14A,1574
2016,1,DEF 14C,131
2016,1,DEFA14A,1336
2016,1,DEFA14C,4
2016,1,DEFC14A,29
2016,1,DEFM14A,45
2016,1,DEFM14C,3
2016,1,DEFN14A,6
2016,1,DEFR14A,77
2016,1,DEFR14C,3
2016,1,DEL AM,13
2016,1,DFAN14A,250
2016,1,DFRN14A,2
2016,1,DOS,8
2016,1,DOS/A,5
2016,1,DOSLTR,5
2016,1,DRS,32
2016,1,DRS/A,58
2016,1,DRSLTR,46
2016,1,DSTRBRPT,5
2016,1,EFFECT,1627
2016,1,F-1,8
2016,1,F-1/A,45
2016,1,F-10,11
2016,1,F-10/A,14
2016,1,F-10POS,3
2016,1,F-1MEF,1
2016,1,F-3,16
2016,1,F-3/A,6
2016,1,F-3ASR,7
2016,1,F-3D,1
2016,1,F-3DPOS,2
2016,1,F-4,6
2016,1,F-4 POS,1
2016,1,F-4/A,24
2016,1,F-6,34
2016,1,F-6 POS,46
2016,1,F-6EF,436
2016,1,F-7,1
2016,1,F-7/A,1
2016,1,F-80,2
2016,1,F-80POS,2
2016,1,F-N,3
2016,1,F-N/A,3
2016,1,F-X,32
2016,1,F-X/A,3
2016,1,FOCUSN,1403
2016,1,FOCUSN/A,72
2016,1,FWP,1815
2016,1,G-405,1
2016,1,G-405N,1
2016,1,G-FINW,1
2016,1,IRANNOTICE,148
2016,1,MA,14
2016,1,MA-A,175
2016,1,MA-I,294
2016,1,MA-I/A,447
2016,1,MA-W,11
2016,1,MA/A,74
2016,1,MSD,1
2016,1,MSD/A,3
2016,1,N-14,24
2016,1,N-14 8C,4
2016,1,N-14 8C/A,2
2016,1,N-14/A,21
2016,1,N-18F1,3
2016,1,N-1A,13
2016,1,N-1A/A,27
2016,1,N-2,25
2016,1,N-2/A,33
2016,1,N-23C-2,45
2016,1,N-23C-2/A,1
2016,1,N-23C3A,25
2016,1,N-23C3B,1
2016,1,N-23C3C/A,1
2016,1,N-30B-2,153
2016,1,N-30D,187
2016,1,N-4,14
2016,1,N-4/A,4
2016,1,N-54A,2
2016,1,N-6,3
2016,1,N-6F/A,1
2016,1,N-8A,29
2016,1,N-8A/A,2
2016,1,N-8B-2/A,1
2016,1,N-8F,24
2016,1,N-8F NTC,22
2016,1,N-8F ORDR,22
2016,1,N-8F/A,17
2016,1,N-CR,11
2016,1,N-CSR,1398
2016,1,N-CSR/A,27
2016,1,N-CSRS,543
2016,1,N-CSRS/A,5
2016,1,N-MFP,1646
2016,1,N-MFP/A,86
2016,1,N-PX,6
2016,1,N-PX/A,4
2016,1,N-Q,1622
2016,1,N-Q/A,14
2016,1,NO ACT,223
2016,1,NRSRO-CE,10
2016,1,NRSRO-UPD,9
2016,1,NSAR-A,458
2016,1,NSAR-A/A,43
2016,1,NSAR-B,966
2016,1,NSAR-B/A,58
2016,1,NSAR-BT,13
2016,1,NSAR-U,722
2016,1,NSAR-U/A,7
2016,1,NT 10-K,845
2016,1,NT 10-K/A,6
2016,1,NT 10-Q,233
2016,1,NT 10-Q/A,2
2016,1,NT 11-K,2
2016,1,NT 20-F,3
2016,1,NT N-MFP,17
2016,1,NT-NCSR,1
2016,1,NT-NSAR,3
2016,1,NTFNCSR,1
2016,1,NTN 10K,4
2016,1,NTN 10Q,8
2016,1,POS 8C,39
2016,1,POS AM,411
2016,1,POS AMI,86
2016,1,POS EX,130
2016,1,POS462B,1
2016,1,POSASR,1302
2016,1,PRE 14A,400
2016,1,PRE 14C,84
2016,1,PREC14A,53
2016,1,PREM14A,26
2016,1,PREM14C,6
2016,1,PREN14A,2
2016,1,PRER14A,69
2016,1,PRER14C,11
2016,1,PRRN14A,52
2016,1,PX14A6G,22
2016,1,QRTLYRPT,2
2016,1,QUALIF,21
2016,1,REVOKED,77
2016,1,RW,89
2016,1,RW WD,3
2016,1,S-1,174
2016,1,S-1/A,355
2016,1,S-11,6
2016,1,S-11/A,38
2016,1,S-1MEF,8
2016,1,S-3,224
2016,1,S-3/A,65
2016,1,S-3ASR,1265
2016,1,S-3D,6
2016,1,S-3DPOS,5
2016,1,S-3MEF,2
2016,1,S-4,995
2016,1,S-4/A,388
2016,1,S-4MEF,2
2016,1,S-6,328
2016,1,S-6/A,181
2016,1,S-8,506
2016,1,S-8 POS,561
2016,1,S-B,3
2016,1,S-B/A,6
2016,1,SC 13D,856
2016,1,SC 13D/A,2292
2016,1,SC 13E1/A,1
2016,1,SC 13E3,25
2016,1,SC 13E3/A,71
2016,1,SC 13G,9174
2016,1,SC 13G/A,28902
2016,1,SC 14D9,14
2016,1,SC 14D9/A,65
2016,1,SC 14F1,16
2016,1,SC TO-C,46
2016,1,SC TO-I,130
2016,1,SC TO-I/A,212
2016,1,SC TO-T,28
2016,1,SC TO-T/A,169
2016,1,SC14D9C,33
2016,1,SD,2
2016,1,SE,4
2016,1,SF-1,1
2016,1,SF-1/A,2
2016,1,SF-3,10
2016,1,SF-3/A,49
2016,1,SUPPL,33
2016,1,T-3,1
2016,1,T-3/A,79
2016,1,TA-1,4
2016,1,TA-1/A,53
2016,1,TA-2,265
2016,1,TA-2/A,24
2016,1,TA-W,6
2016,1,UPLOAD,2298
2016,1,X-17A-5,3193
2016,1,X-17A-5/A,114
2016,2,1-A,34
2016,2,1-A POS,23
2016,2,1-A-W,8
2016,2,1-A-W/A,1
2016,2,1-A/A,60
2016,2,1-E AD,2
2016,2,1-K,5
2016,2,1-SA,3
2016,2,1-U,16
2016,2,1-Z,2
2016,2,1/A,49
2016,2,10-12B,12
2016,2,10-12B/A,28
2016,2,10-12G,25
2016,2,10-12G/A,22
2016,2,10-D,1902
2016,2,10-D/A,8
2016,2,10-K,1005
2016,2,10-K/A,533
2016,2,10-KT,7
2016,2,10-KT/A,4
2016,2,10-Q,6411
2016,2,10-Q/A,187
2016,2,10-QT,1
2016,2,11-K,1199
2016,2,11-K/A,11
2016,2,13F-HR,4240
2016,2,13F-HR/A,271
2016,2,13F-NT,1502
2016,2,13F-NT/A,21
2016,2,13FCONP,1
2016,2,144,130
2016,2,144/A,1
2016,2,15-12B,51
2016,2,15-12B/A,2
2016,2,15-12G,61
2016,2,15-12G/A,3
2016,2,15-15D,78
2016,2,15F-12B,8
2016,2,15F-12G,1
2016,2,15F-15D,3
2016,2,18-K,13
2016,2,18-K/A,23
2016,2,19B-4E,573
2016,2,20-F,392
2016,2,20-F/A,28
2016,2,20FR12B/A,2
2016,2,24F-2NT,1049
2016,2,24F-2NT/A,13
2016,2,25,33
2016,2,25-NSE,316
2016,2,25-NSE/A,4
2016,2,253G2,23
2016,2,3,7644
2016,2,3/A,442
2016,2,305B2,24
2016,2,4,101131
2016,2,4/A,2348
2016,2,40-17F1,5
2016,2,40-17F1/A,7
2016,2,40-17F2,53
2016,2,40-17G,627
2016,2,40-17G/A,170
2016,2,40-206A/A,1
2016,2,40-24B2,52
2016,2,40-24B2/A,1
2016,2,40-33,19
2016,2,40-8B25,2
2016,2,40-APP,97
2016,2,40-APP/A,558
2016,2,40-F,9
2016,2,40-F/A,1
2016,2,40-OIP,4
2016,2,40-OIP/A,17
2016,2,40FR12B,1
2016,2,424B1,11
2016,2,424B2,5585
2016,2,424B3,2715
2016,2,424B4,140
2016,2,424B5,2116
2016,2,424B7,49
2016,2,424B8,28
2016,2,424H,80
2016,2,424H/A,2
2016,2,425,1396
2016,2,485APOS,260
2016,2,485BPOS,3193
2016,2,485BXT,595
2016,2,486BPOS,12
2016,2,487,304
2016,2,497,5553
2016,2,497AD,42
2016,2,497J,2253
2016,2,497K,6249
2016,2,5,320
2016,2,5/A,39
2016,2,6-K,5938
2016,2,6-K/A,68
2016,2,6B NTC,1
2016,2,6B ORDR,1
2016,2,8-A12B,226
2016,2,8-A12B/A,31
2016,2,8-A12G,32
2016,2,8-A12G/A,3
2016,2,8-K,20377
2016,2,8-K/A,482
2016,2,8-K12B,4
2016,2,8-K12G3,1
2016,2,ABS-15G,206
2016,2,ABS-15G/A,90
2016,2,ADV-H-T,5
2016,2,ADV-NR,6
2016,2,APP NTC,22
2016,2,APP ORDR,21
2016,2,APP WD,30
2016,2,APP WDG,4
2016,2,ARS,22
2016,2,ARS/A,1
2016,2,AW,58
2016,2,C,47
2016,2,C-W,1
2016,2,C/A,25
2016,2,CB,32
2016,2,CB/A,31
2016,2,CERT,1
2016,2,CERTBATS,5
2016,2,CERTNAS,68
2016,2,CERTNYS,80
2016,2,CFPORTAL,5
2016,2,CFPORTAL/A,15
2016,2,CORRESP,3294
2016,2,CT ORDER,373
2016,2,D,5811
2016,2,D/A,3905
2016,2,DEF 14A,2682
2016,2,DEF 14C,138
2016,2,DEFA14A,2444
2016,2,DEFA14C,3
2016,2,DEFC14A,74
2016,2,DEFM14A,58
2016,2,DEFM14C,4
2016,2,DEFN14A,4
2016,2,DEFR14A,70
2016,2,DEFR14C,2
2016,2,DEL AM,9
2016,2,DFAN14A,560
2016,2,DFRN14A,8
2016,2,DOS,7
2016,2,DOS/A,7
2016,2,DOSLTR,7
2016,2,DRS,30
2016,2,DRS/A,91
2016,2,DRSLTR,68
2016,2,DSTRBRPT,7
2016,2,EFFECT,1845
2016,2,F-1,10
2016,2,F-1/A,31
2016,2,F-10,17
2016,2,F-10/A,18
2016,2,F-1MEF,2
2016,2,F-3,16
2016,2,F-3/A,89
2016,2,F-3ASR,15
2016,2,F-4,7
2016,2,F-4/A,20
2016,2,F-4MEF,1
2016,2,F-6,24
2016,2,F-6 POS,72
2016,2,F-6/A,4
2016,2,F-6EF,168
2016,2,F-N,9
2016,2,F-N/A,1
2016,2,F-X,45
2016,2,F-X/A,2
2016,2,FOCUSN,86
2016,2,FOCUSN/A,16
2016,2,FWP,1862
2016,2,G-FIN,1
2016,2,G-FINW,1
2016,2,IRANNOTICE,115
2016,2,MA,17
2016,2,MA-A,51
2016,2,MA-I,295
2016,2,MA-I/A,433
2016,2,MA-W,9
2016,2,MA/A,65
2016,2,MSD/A,2
2016,2,MSDW,1
2016,2,N-14,33
2016,2,N-14 8C,3
2016,2,N-14 8C/A,6
2016,2,N-14/A,25
2016,2,N-18F1,2
2016,2,N-1A,9
2016,2,N-1A/A,16
2016,2,N-2,34
2016,2,N-2/A,41
2016,2,N-23C-2,1
2016,2,N-23C3A,25
2016,2,N-23C3B,1
2016,2,N-2MEF,1
2016,2,N-30B-2,87
2016,2,N-30D,9
2016,2,N-30D/A,3
2016,2,N-4,2
2016,2,N-4/A,14
2016,2,N-54C,1
2016,2,N-6/A,2
2016,2,N-6F,3
2016,2,N-8A,12
2016,2,N-8A/A,4
2016,2,N-8B-2/A,1
2016,2,N-8F,22
2016,2,N-8F NTC,17
2016,2,N-8F ORDR,15
2016,2,N-8F/A,8
2016,2,N-CR,9
2016,2,N-CR/A,6
2016,2,N-CSR,497
2016,2,N-CSR/A,20
2016,2,N-CSRS,888
2016,2,N-CSRS/A,6
2016,2,N-MFP,546
2016,2,N-MFP/A,102
2016,2,N-MFP1,1039
2016,2,N-MFP1/A,109
2016,2,N-PX,8
2016,2,N-PX/A,6
2016,2,N-Q,1611
2016,2,N-Q/A,7
2016,2,NO ACT,24
2016,2,NRSRO-CE/A,1
2016,2,NRSRO-UPD,8
2016,2,NSAR-A,898
2016,2,NSAR-A/A,41
2016,2,NSAR-AT,1
2016,2,NSAR-B,494
2016,2,NSAR-B/A,30
2016,2,NSAR-U/A,6
2016,2,NT 10-K,120
2016,2,NT 10-K/A,9
2016,2,NT 10-Q,674
2016,2,NT 10-Q/A,2
2016,2,NT 11-K,26
2016,2,NT 20-F,52
2016,2,NT 20-F/A,2
2016,2,NT N-MFP1,11
2016,2,NT-NCSR,22
2016,2,NT-NSAR,6
2016,2,NT-NSAR/A,1
2016,2,NTN 10K,21
2016,2,NTN 10Q,14
2016,2,POS 8C,84
2016,2,POS AM,406
2016,2,POS AMI,93
2016,2,POS EX,96
2016,2,POS462B,2
2016,2,POSASR,1006
2016,2,PRE 14A,376
2016,2,PRE 14C,85
2016,2,PREC14A,87
2016,2,PREM14A,37
2016,2,PREM14C,4
2016,2,PREN14A,2
2016,2,PRER14A,75
2016,2,PRER14C,14
2016,2,PRRN14A,76
2016,2,PX14A6G,176
2016,2,PX14A6N,4
2016,2,QRTLYRPT,3
2016,2,QUALIF,37
2016,2,REVOKED,132
2016,2,RW,119
2016,2,RW WD,2
2016,2,S-1,194
2016,2,S-1/A,455
2016,2,S-11,4
2016,2,S-11/A,36
2016,2,S-11MEF,1
2016,2,S-1MEF,11
2016,2,S-3,264
2016,2,S-3/A,140
2016,2,S-3ASR,506
2016,2,S-3D,10
2016,2,S-3DPOS,6
2016,2,S-3MEF,1
2016,2,S-4,664
2016,2,S-4 POS,1
2016,2,S-4/A,493
2016,2,S-4MEF,1
2016,2,S-6,366
2016,2,S-6/A,225
2016,2,S-8,648
2016,2,S-8 POS,533
2016,2,S-B,2
2016,2,S-B/A,1
2016,2,SC 13D,643
2016,2,SC 13D/A,2092
2016,2,SC 13E3,12
2016,2,SC 13E3/A,64
2016,2,SC 13G,1103
2016,2,SC 13G/A,1703
2016,2,SC 14D9,24
2016,2,SC 14D9/A,78
2016,2,SC 14F1,14
2016,2,SC 14F1/A,4
2016,2,SC TO-C,177
2016,2,SC TO-I,126
2016,2,SC TO-I/A,143
2016,2,SC TO-T,36
2016,2,SC TO-T/A,183
2016,2,SC14D9C,39
2016,2,SD,1224
2016,2,SD/A,2
2016,2,SDR,2
2016,2,SE,1
2016,2,SF-1/A,5
2016,2,SF-3,6
2016,2,SF-3/A,26
2016,2,STOP ORDER,2
2016,2,SUPPL,30
2016,2,T-3,85
2016,2,T-3/A,16
2016,2,TA-1,1
2016,2,TA-1/A,38
2016,2,TA-2,16
2016,2,TA-2/A,6
2016,2,TA-W,4
2016,2,UPLOAD,2966
2016,2,X-17A-5,265
2016,2,X-17A-5/A,70
2016,3,1,1
2016,3,1-A,39
2016,3,1-A POS,20
2016,3,1-A-W,4
2016,3,1-A-W/A,2
2016,3,1-A/A,104
2016,3,1-E/A,1
2016,3,1-K,5
2016,3,1-K/A,1
2016,3,1-SA,18
2016,3,1-SA/A,2
2016,3,1-U,11
2016,3,1-U/A,1
2016,3,1-Z,1
2016,3,1/A,56
2016,3,10-12B,9
2016,3,10-12B/A,59
2016,3,10-12G,22
2016,3,10-12G/A,27
2016,3,10-D,1925
2016,3,10-D/A,30
2016,3,10-K,574
2016,3,10-K/A,218
2016,3,10-KT,5
2016,3,10-Q,6296
2016,3,10-Q/A,231
2016,3,11-K,42
2016,3,11-K/A,5
2016,3,13F-HR,4272
2016,3,13F-HR/A,227
2016,3,13F-NT,1500
2016,3,13F-NT/A,8
2016,3,144,106
2016,3,144/A,2
2016,3,15-12B,97
2016,3,15-12B/A,2
2016,3,15-12G,61
2016,3,15-12G/A,2
2016,3,15-15D,93
2016,3,15-15D/A,1
2016,3,15F-12B,1
2016,3,15F-12G,4
2016,3,15F-12G/A,1
2016,3,15F-15D,6
2016,3,18-K,11
2016,3,18-K/A,28
2016,3,19B-4E,511
2016,3,20-F,45
2016,3,20-F/A,18
2016,3,20FR12B,1
2016,3,20FR12B/A,2
2016,3,20FR12G,2
2016,3,24F-2NT,1555
2016,3,24F-2NT/A,4
2016,3,25,20
2016,3,25-NSE,544
2016,3,25-NSE/A,4
2016,3,253G2,29
2016,3,3,7206
2016,3,3/A,274
2016,3,305B2,38
2016,3,4,75302
2016,3,4/A,1694
2016,3,40-17F1,14
2016,3,40-17F1/A,8
2016,3,40-17F2,374
2016,3,40-17G,653
2016,3,40-17G/A,85
2016,3,40-202A,2
2016,3,40-206A,3
2016,3,40-24B2,60
2016,3,40-33,18
2016,3,40-6B,1
2016,3,40-8B25,3
2016,3,40-APP,194
2016,3,40-APP/A,954
2016,3,40-F,2
2016,3,40-F/A,3
2016,3,40-OIP/A,44
2016,3,424A,7
2016,3,424B1,9
2016,3,424B2,7271
2016,3,424B3,2384
2016,3,424B4,81
2016,3,424B5,1508
2016,3,424B7,52
2016,3,424B8,38
2016,3,424H,119
2016,3,424H/A,9
2016,3,425,1149
2016,3,485APOS,296
2016,3,485BPOS,1430
2016,3,485BXT,524
2016,3,486APOS,2
2016,3,486BPOS,2
2016,3,487,297
2016,3,497,4828
2016,3,497AD,48
2016,3,497J,986
2016,3,497K,4730
2016,3,5,303
2016,3,5/A,11
2016,3,6-K,5011
2016,3,6-K/A,55
2016,3,8-A12B,221
2016,3,8-A12B/A,32
2016,3,8-A12G,25
2016,3,8-A12G/A,4
2016,3,8-K,17046
2016,3,8-K/A,468
2016,3,8-K12B,7
2016,3,8-K12B/A,1
2016,3,8-K12G3,6
2016,3,8-K12G3/A,1
2016,3,9-M,1
2016,3,ABS-15G,223
2016,3,ABS-15G/A,99
2016,3,ADV-NR,16
2016,3,ANNLRPT,3
2016,3,APP NTC,31
2016,3,APP ORDR,26
2016,3,APP WD,18
2016,3,ARS,5
2016,3,AW,52
2016,3,AW WD,3
2016,3,C,74
2016,3,C-U,12
2016,3,C-W,2
2016,3,C/A,62
2016,3,CB,32
2016,3,CB/A,39
2016,3,CERTARCA,2
2016,3,CERTBATS,2
2016,3,CERTNAS,68
2016,3,CERTNYS,115
2016,3,CFPORTAL,7
2016,3,CFPORTAL/A,17
2016,3,CORRESP,3237
2016,3,CT ORDER,365
2016,3,D,5522
2016,3,D/A,3656
2016,3,DEF 14A,533
2016,3,DEF 14C,122
2016,3,DEFA14A,725
2016,3,DEFC14A,22
2016,3,DEFM14A,65
2016,3,DEFM14C,6
2016,3,DEFN14A,2
2016,3,DEFR14A,13
2016,3,DEFR14C,3
2016,3,DEL AM,10
2016,3,DFAN14A,219
2016,3,DFRN14A,8
2016,3,DOS,8
2016,3,DOS/A,8
2016,3,DOSLTR,6
2016,3,DRS,32
2016,3,DRS/A,65
2016,3,DRSLTR,62
2016,3,DSTRBRPT,6
2016,3,EFFECT,1287
2016,3,F-1,12
2016,3,F-1/A,47
2016,3,F-10,13
2016,3,F-10/A,8
2016,3,F-1MEF,2
2016,3,F-3,19
2016,3,F-3/A,14
2016,3,F-3ASR,9
2016,3,F-3D,4
2016,3,F-3MEF,2
2016,3,F-4,15
2016,3,F-4/A,12
2016,3,F-6,32
2016,3,F-6 POS,78
2016,3,F-6/A,6
2016,3,F-6EF,134
2016,3,F-N,8
2016,3,F-X,57
2016,3,F-X/A,2
2016,3,FOCUSN,102
2016,3,FOCUSN/A,11
2016,3,FWP,2165
2016,3,G-FIN/A,2
2016,3,IRANNOTICE,78
2016,3,MA,13
2016,3,MA-A,20
2016,3,MA-I,153
2016,3,MA-I/A,238
2016,3,MA-W,15
2016,3,MA/A,71
2016,3,MSD,1
2016,3,MSD/A,5
2016,3,N-14,28
2016,3,N-14 8C,4
2016,3,N-14 8C/A,8
2016,3,N-14/A,31
2016,3,N-18F1,9
2016,3,N-1A,8
2016,3,N-1A/A,22
2016,3,N-2,37
2016,3,N-2/A,52
2016,3,N-23C-2,9
2016,3,N-23C3A,26
2016,3,N-23C3B,1
2016,3,N-2MEF,1
2016,3,N-30B-2,141
2016,3,N-30D,147
2016,3,N-4,19
2016,3,N-4/A,1
2016,3,N-54A,3
2016,3,N-54C,1
2016,3,N-6,1
2016,3,N-6/A,1
2016,3,N-6F,1
2016,3,N-6F/A,1
2016,3,N-8A,28
2016,3,N-8F,23
2016,3,N-8F NTC,14
2016,3,N-8F ORDR,24
2016,3,N-8F/A,8
2016,3,N-CR,5
2016,3,N-CSR,573
2016,3,N-CSR/A,25
2016,3,N-CSRS,1408
2016,3,N-CSRS/A,14
2016,3,N-MFP/A,3
2016,3,N-MFP1,1517
2016,3,N-MFP1/A,263
2016,3,N-PX,2803
2016,3,N-PX/A,30
2016,3,N-Q,1600
2016,3,N-Q/A,7
2016,3,NO ACT,18
2016,3,NRSRO-CE/A,7
2016,3,NRSRO-UPD,9
2016,3,NSAR-A,977
2016,3,NSAR-A/A,35
2016,3,NSAR-B,459
2016,3,NSAR-B/A,69
2016,3,NSAR-BT,1
2016,3,NT 10-K,137
2016,3,NT 10-K/A,1
2016,3,NT 10-Q,576
2016,3,NT 10-Q/A,3
2016,3,NT 20-F,3
2016,3,NT N-MFP1,20
2016,3,NT-NCSR,2
2016,3,NT-NSAR,4
2016,3,NTN 10K,16
2016,3,NTN 10Q,18
2016,3,OIP NTC,2
2016,3,OIP ORDR,2
2016,3,POS 8C,42
2016,3,POS AM,302
2016,3,POS AMI,60
2016,3,POS EX,84
2016,3,POS462B,3
2016,3,POSASR,280
2016,3,PRE 14A,188
2016,3,PRE 14C,74
2016,3,PREC14A,32
2016,3,PREC14C,2
2016,3,PREM14A,45
2016,3,PREM14C,5
2016,3,PRER14A,70
2016,3,PRER14C,21
2016,3,PRRN14A,18
2016,3,PX14A6G,16
2016,3,QRTLYRPT,2
2016,3,QUALIF,37
2016,3,REG-NR,1
2016,3,REVOKED,72
2016,3,RW,80
2016,3,RW WD,4
2016,3,S-1,171
2016,3,S-1/A,448
2016,3,S-11,5
2016,3,S-11/A,8
2016,3,S-1MEF,11
2016,3,S-3,264
2016,3,S-3/A,146
2016,3,S-3ASR,249
2016,3,S-3D,7
2016,3,S-3DPOS,3
2016,3,S-3MEF,6
2016,3,S-4,492
2016,3,S-4 POS,1
2016,3,S-4/A,212
2016,3,S-4MEF,11
2016,3,S-6,305
2016,3,S-6/A,215
2016,3,S-8,464
2016,3,S-8 POS,745
2016,3,S-B,2
2016,3,S-BMEF,1
2016,3,SC 13D,628
2016,3,SC 13D/A,2060
2016,3,SC 13E3,26
2016,3,SC 13E3/A,69
2016,3,SC 13G,1070
2016,3,SC 13G/A,1824
2016,3,SC 14D9,43
2016,3,SC 14D9/A,124
2016,3,SC 14F1,14
2016,3,SC 14F1/A,2
2016,3,SC TO-C,116
2016,3,SC TO-I,139
2016,3,SC TO-I/A,185
2016,3,SC TO-T,74
2016,3,SC TO-T/A,272
2016,3,SC14D9C,57
2016,3,SD,4
2016,3,SD/A,1
2016,3,SE,9
2016,3,SF-3,3
2016,3,SF-3/A,11
2016,3,SUPPL,22
2016,3,T-3,329
2016,3,T-3/A,78
2016,3,TA-1,3
2016,3,TA-1/A,50
2016,3,TA-2,1
2016,3,TA-2/A,4
2016,3,UPLOAD,2667
2016,3,X-17A-5,274
2016,3,X-17A-5/A,18
2016,4,1-A,44
2016,4,1-A POS,24
2016,4,1-A-W,12
2016,4,1-A-W/A,5
2016,4,1-A/A,100
2016,4,1-K,3
2016,4,1-SA,13
2016,4,1-SA/A,1
2016,4,1-U,41
2016,4,1-Z,5
2016,4,1-Z/A,1
2016,4,1/A,38
2016,4,10-12B,5
2016,4,10-12B/A,34
2016,4,10-12G,17
2016,4,10-12G/A,35
2016,4,10-D,1972
2016,4,10-D/A,28
2016,4,10-K,548
2016,4,10-K/A,152
2016,4,10-KT,3
2016,4,10-KT/A,1
2016,4,10-Q,6250
2016,4,10-Q/A,256
2016,4,10-QT,3
2016,4,10-QT/A,1
2016,4,11-K,19
2016,4,11-K/A,1
2016,4,11-KT,1
2016,4,13F-HR,4253
2016,4,13F-HR/A,253
2016,4,13F-NT,1486
2016,4,13F-NT/A,2
2016,4,144,133
2016,4,15-12B,67
2016,4,15-12G,82
2016,4,15-12G/A,2
2016,4,15-15D,291
2016,4,15F-12B,1
2016,4,15F-12G,2
2016,4,15F-15D,1
2016,4,18-K,9
2016,4,18-K/A,32
2016,4,19B-4E,409
2016,4,20-F,32
2016,4,20-F/A,18
2016,4,20FR12G/A,3
2016,4,24F-2NT,1111
2016,4,24F-2NT/A,20
2016,4,25,27
2016,4,25-NSE,358
2016,4,25-NSE/A,10
2016,4,253G2,39
2016,4,253G3,1
2016,4,3,6793
2016,4,3/A,348
2016,4,305B2,18
2016,4,4,78950
2016,4,4/A,1827
2016,4,40-17F1,12
2016,4,40-17F2,230
2016,4,40-17G,569
2016,4,40-17G/A,40
2016,4,40-17GCS,1
2016,4,40-202A/A,2
2016,4,40-206A,5
2016,4,40-206A/A,1
2016,4,40-24B2,60
2016,4,40-33,12
2016,4,40-33/A,3
2016,4,40-6B,10
2016,4,40-8B25,1
2016,4,40-APP,71
2016,4,40-APP/A,182
2016,4,40-F,10
2016,4,40-F/A,5
2016,4,40-OIP,8
2016,4,40-OIP/A,17
2016,4,40FR12G,1
2016,4,424B1,39
2016,4,424B2,7261
2016,4,424B3,2062
2016,4,424B4,88
2016,4,424B5,738
2016,4,424B7,49
2016,4,424B8,51
2016,4,424H,82
2016,4,424H/A,2
2016,4,425,1349
2016,4,485APOS,372
2016,4,485BPOS,1835
2016,4,485BXT,517
2016,4,486APOS,2
2016,4,486BPOS,7
2016,4,487,255
2016,4,497,4492
2016,4,497AD,42
2016,4,497J,1072
2016,4,497K,4898
2016,4,5,326
2016,4,5/A,20
2016,4,6-K,4911
2016,4,6-K/A,57
2016,4,8-A12B,183
2016,4,8-A12B/A,27
2016,4,8-A12G,23
2016,4,8-A12G/A,2
2016,4,8-K,16989
2016,4,8-K/A,421
2016,4,8-K12B,4
2016,4,8-K12G3,2
2016,4,8-M,1
2016,4,ABS-15G,240
2016,4,ABS-15G/A,101
2016,4,ABS-EE,12
2016,4,ABS-EE/A,6
2016,4,ADV-NR,8
2016,4,ANNLRPT,1
2016,4,APP NTC,23
2016,4,APP ORDR,22
2016,4,APP WD,6
2016,4,ARS,7
2016,4,ARS/A,1
2016,4,AW,39
2016,4,AW WD,2
2016,4,C,71
2016,4,C-U,23
2016,4,C-W,12
2016,4,C/A,84
2016,4,C/A-W,4
2016,4,CB,25
2016,4,CB/A,33
2016,4,CERTARCA,5
2016,4,CERTNAS,76
2016,4,CERTNYS,103
2016,4,CFPORTAL,5
2016,4,CFPORTAL-W,1
2016,4,CFPORTAL/A,18
2016,4,CORRESP,3356
2016,4,CT ORDER,318
2016,4,D,5839
2016,4,D/A,3563
2016,4,DEF 14A,562
2016,4,DEF 14C,126
2016,4,DEFA14A,707
2016,4,DEFA14C,2
2016,4,DEFC14A,18
2016,4,DEFM14A,62
2016,4,DEFM14C,1
2016,4,DEFN14A,2
2016,4,DEFR14A,20
2016,4,DEFR14C,6
2016,4,DEL AM,18
2016,4,DFAN14A,207
2016,4,DOS,11
2016,4,DOS/A,9
2016,4,DOSLTR,11
2016,4,DRS,46
2016,4,DRS/A,55
2016,4,DRSLTR,59
2016,4,DSTRBRPT,5
2016,4,EFFECT,1347
2016,4,F-1,15
2016,4,F-1/A,37
2016,4,F-10,11
2016,4,F-10/A,15
2016,4,F-1MEF,2
2016,4,F-3,11
2016,4,F-3/A,11
2016,4,F-3ASR,7
2016,4,F-3D,2
2016,4,F-4,12
2016,4,F-4/A,40
2016,4,F-6,24
2016,4,F-6 POS,100
2016,4,F-6/A,2
2016,4,F-6EF,142
2016,4,F-N,11
2016,4,F-X,29
2016,4,F-X/A,1
2016,4,FOCUSN,84
2016,4,FOCUSN/A,9
2016,4,FWP,2111
2016,4,IRANNOTICE,66
2016,4,MA,10
2016,4,MA-A,30
2016,4,MA-I,164
2016,4,MA-I/A,245
2016,4,MA-W,16
2016,4,MA/A,61
2016,4,MSD/A,1
2016,4,N-14,33
2016,4,N-14 8C,3
2016,4,N-14 8C/A,4
2016,4,N-14/A,16
2016,4,N-18F1,3
2016,4,N-1A,9
2016,4,N-1A/A,22
2016,4,N-2,29
2016,4,N-2/A,61
2016,4,N-23C-2,8
2016,4,N-23C3A,30
2016,4,N-23C3B,1
2016,4,N-2MEF,2
2016,4,N-30B-2,51
2016,4,N-30D,4
2016,4,N-4,11
2016,4,N-4/A,42
2016,4,N-54A,5
2016,4,N-54C,3
2016,4,N-6,4
2016,4,N-6/A,2
2016,4,N-6F,1
2016,4,N-6F/A,1
2016,4,N-8A,28
2016,4,N-8F,54
2016,4,N-8F NTC,21
2016,4,N-8F ORDR,18
2016,4,N-8F/A,19
2016,4,N-CR,6
2016,4,N-CSR,881
2016,4,N-CSR/A,33
2016,4,N-CSRS,455
2016,4,N-CSRS/A,8
2016,4,N-MFP1,484
2016,4,N-MFP1/A,156
2016,4,N-MFP2,935
2016,4,N-MFP2/A,199
2016,4,N-PX,12
2016,4,N-PX/A,20
2016,4,N-Q,1568
2016,4,N-Q/A,11
2016,4,NO ACT,50
2016,4,NRSRO-CE/A,2
2016,4,NRSRO-UPD,10
2016,4,NSAR-A,494
2016,4,NSAR-A/A,21
2016,4,NSAR-B,890
2016,4,NSAR-B/A,66
2016,4,NSAR-BT,1
2016,4,NSAR-U/A,9
2016,4,NT 10-K,109
2016,4,NT 10-K/A,2
2016,4,NT 10-Q,659
2016,4,NT 10-Q/A,2
2016,4,NT 11-K,2
2016,4,NT 20-F,2
2016,4,NT N-MFP1,4
2016,4,NT N-MFP2,10
2016,4,NT-NCSR,2
2016,4,NT-NSAR,4
2016,4,NT-NSAR/A,1
2016,4,NTN 10K,3
2016,4,NTN 10Q,1
2016,4,POS 8C,32
2016,4,POS AM,233
2016,4,POS AMI,50
2016,4,POS EX,96
2016,4,POS462B,1
2016,4,POSASR,148
2016,4,PRE 14A,197
2016,4,PRE 14C,85
2016,4,PREC14A,23
2016,4,PREM14A,38
2016,4,PREM14C,1
2016,4,PRER14A,71
2016,4,PRER14C,12
2016,4,PRRN14A,26
2016,4,PX14A6G,14
2016,4,QRTLYRPT,1
2016,4,QUALIF,30
2016,4,REVOKED,69
2016,4,RW,124
2016,4,RW WD,5
2016,4,S-1,176
2016,4,S-1/A,484
2016,4,S-11,10
2016,4,S-11/A,11
2016,4,S-1MEF,18
2016,4,S-3,327
2016,4,S-3/A,163
2016,4,S-3ASR,318
2016,4,S-3D,3
2016,4,S-3DPOS,8
2016,4,S-3MEF,8
2016,4,S-4,792
2016,4,S-4 POS,1
2016,4,S-4/A,391
2016,4,S-4MEF,1
2016,4,S-6,274
2016,4,S-6/A,179
2016,4,S-8,376
2016,4,S-8 POS,522
2016,4,S-B,9
2016,4,S-B/A,2
2016,4,SC 13D,668
2016,4,SC 13D/A,2077
2016,4,SC 13E3,15
2016,4,SC 13E3/A,83
2016,4,SC 13G,1171
2016,4,SC 13G/A,1761
2016,4,SC 14D9,21
2016,4,SC 14D9/A,86
2016,4,SC 14F1,8
2016,4,SC 14F1/A,1
2016,4,SC 14N,4
2016,4,SC 14N/A,2
2016,4,SC TO-C,59
2016,4,SC TO-I,131
2016,4,SC TO-I/A,166
2016,4,SC TO-T,36
2016,4,SC TO-T/A,210
2016,4,SC14D9C,15
2016,4,SE,2
2016,4,SF-3,3
2016,4,SF-3/A,13
2016,4,STOP ORDER,1
2016,4,SUPPL,18
2016,4,T-3,143
2016,4,T-3/A,94
2016,4,TA-1,2
2016,4,TA-1/A,34
2016,4,TA-2,1
2016,4,TA-2/A,2
2016,4,TA-W,3
2016,4,TH,1
2016,4,UPLOAD,2516
2016,4,X-17A-5,183
2016,4,X-17A-5/A,15
2017,1,1-A,31
2017,1,1-A POS,31
2017,1,1-A-W,6
2017,1,1-A/A,99
2017,1,1-E/A,1
2017,1,1-K,1
2017,1,1-SA,8
2017,1,1-SA/A,1
2017,1,1-U,42
2017,1,1-Z,8
2017,1,1/A,43
2017,1,10-12B,2
2017,1,10-12B/A,7
2017,1,10-12G,22
2017,1,10-12G/A,27
2017,1,10-D,1943
2017,1,10-D/A,19
2017,1,10-K,5275
2017,1,10-K/A,251
2017,1,10-KT,11
2017,1,10-KT/A,1
2017,1,10-Q,1544
2017,1,10-Q/A,150
2017,1,10-QT,5
2017,1,11-K,45
2017,1,11-KT,1
2017,1,13F-HR,4420
2017,1,13F-HR/A,238
2017,1,13F-NT,1540
2017,1,13F-NT/A,12
2017,1,144,132
2017,1,144/A,2
2017,1,15-12B,67
2017,1,15-12B/A,7
2017,1,15-12G,96
2017,1,15-12G/A,5
2017,1,15-15D,173
2017,1,15F-12B,3
2017,1,15F-12G,2
2017,1,18-K,5
2017,1,18-K/A,43
2017,1,19B-4E,383
2017,1,20-F,227
2017,1,20-F/A,17
2017,1,20FR12B,1
2017,1,24F-2NT,3576
2017,1,24F-2NT/A,39
2017,1,25,17
2017,1,25-NSE,332
2017,1,25-NSE/A,6
2017,1,253G2,40
2017,1,3,8264
2017,1,3/A,505
2017,1,305B2,37
2017,1,305B2/A,2
2017,1,4,128181
2017,1,4/A,2980
2017,1,40-17F1,14
2017,1,40-17F2,111
2017,1,40-17G,880
2017,1,40-17G/A,267
2017,1,40-202A,1
2017,1,40-202A/A,2
2017,1,40-24B2,49
2017,1,40-33,10
2017,1,40-6B/A,1
2017,1,40-8B25,2
2017,1,40-APP,287
2017,1,40-APP/A,461
2017,1,40-F,107
2017,1,40-F/A,5
2017,1,40FR12B,1
2017,1,424B1,18
2017,1,424B2,9028
2017,1,424B3,2283
2017,1,424B4,70
2017,1,424B5,1778
2017,1,424B7,52
2017,1,424B8,26
2017,1,424H,107
2017,1,424H/A,12
2017,1,425,1137
2017,1,485APOS,444
2017,1,485BPOS,2139
2017,1,485BXT,555
2017,1,486APOS,4
2017,1,486BPOS,25
2017,1,487,264
2017,1,497,4450
2017,1,497AD,29
2017,1,497J,1287
2017,1,497K,6045
2017,1,5,5256
2017,1,5/A,100
2017,1,6-K,5216
2017,1,6-K/A,59
2017,1,8-A12B,175
2017,1,8-A12B/A,16
2017,1,8-A12G,18
2017,1,8-A12G/A,4
2017,1,8-K,17914
2017,1,8-K/A,583
2017,1,8-K12B,6
2017,1,8-K12B/A,2
2017,1,8-K12G3,3
2017,1,ABS-15G,816
2017,1,ABS-15G/A,105
2017,1,ABS-EE,84
2017,1,ABS-EE/A,10
2017,1,ADV-NR,19
2017,1,ANNLRPT,1
2017,1,APP NTC,24
2017,1,APP ORDR,25
2017,1,APP WD,27
2017,1,APP WDG,1
2017,1,ARS,7
2017,1,AW,39
2017,1,C,83
2017,1,C-U,19
2017,1,C-W,11
2017,1,C/A,87
2017,1,CB,25
2017,1,CB/A,6
2017,1,CERTARCA,1
2017,1,CERTBATS,5
2017,1,CERTNAS,55
2017,1,CERTNYS,90
2017,1,CFPORTAL,3
2017,1,CFPORTAL/A,17
2017,1,CORRESP,3215
2017,1,CT ORDER,323
2017,1,D,6490
2017,1,D/A,5761
2017,1,DEF 14A,1679
2017,1,DEF 14C,126
2017,1,DEFA14A,1550
2017,1,DEFA14C,3
2017,1,DEFC14A,32
2017,1,DEFM14A,49
2017,1,DEFM14C,1
2017,1,DEFN14A,4
2017,1,DEFR14A,23
2017,1,DEFR14C,4
2017,1,DEL AM,14
2017,1,DFAN14A,272
2017,1,DFRN14A,2
2017,1,DOS,9
2017,1,DOS/A,11
2017,1,DOSLTR,11
2017,1,DRS,54
2017,1,DRS/A,89
2017,1,DRSLTR,89
2017,1,DSTRBRPT,30
2017,1,EFFECT,1419
2017,1,F-1,10
2017,1,F-1/A,42
2017,1,F-10,16
2017,1,F-10/A,23
2017,1,F-1MEF,2
2017,1,F-3,22
2017,1,F-3/A,11
2017,1,F-3ASR,3
2017,1,F-3D,1
2017,1,F-4,4
2017,1,F-4/A,5
2017,1,F-6,30
2017,1,F-6 POS,68
2017,1,F-6/A,2
2017,1,F-6EF,150
2017,1,F-8 POS,1
2017,1,F-80,1
2017,1,F-80POS,3
2017,1,F-N,6
2017,1,F-N/A,1
2017,1,F-X,49
2017,1,F-X/A,2
2017,1,FOCUSN,1246
2017,1,FOCUSN/A,37
2017,1,FWP,2349
2017,1,G-FIN/A,1
2017,1,G-FINW,1
2017,1,IRANNOTICE,151
2017,1,MA,12
2017,1,MA-A,198
2017,1,MA-I,147
2017,1,MA-I/A,430
2017,1,MA-W,14
2017,1,MA/A,70
2017,1,MSD/A,4
2017,1,MSDW,2
2017,1,N-14,27
2017,1,N-14 8C,1
2017,1,N-14 8C/A,3
2017,1,N-14/A,29
2017,1,N-18F1,10
2017,1,N-1A,14
2017,1,N-1A/A,22
2017,1,N-2,29
2017,1,N-2/A,37
2017,1,N-23C-2,10
2017,1,N-23C3A,32
2017,1,N-23C3A/A,1
2017,1,N-23C3B,1
2017,1,N-2MEF,4
2017,1,N-30B-2,149
2017,1,N-30D,187
2017,1,N-4,8
2017,1,N-54A,2
2017,1,N-54C,2
2017,1,N-6,3
2017,1,N-6/A,2
2017,1,N-6F,1
2017,1,N-8A,18
2017,1,N-8A/A,2
2017,1,N-8F,40
2017,1,N-8F NTC,60
2017,1,N-8F ORDR,62
2017,1,N-8F/A,13
2017,1,N-CSR,1396
2017,1,N-CSR/A,42
2017,1,N-CSRS,544
2017,1,N-CSRS/A,4
2017,1,N-MFP1/A,25
2017,1,N-MFP2,1400
2017,1,N-MFP2/A,109
2017,1,N-PX,9
2017,1,N-PX/A,4
2017,1,N-Q,1541
2017,1,N-Q/A,2
2017,1,NO ACT,247
2017,1,NRSRO-CE,10
2017,1,NRSRO-UPD,4
2017,1,NSAR-A,451
2017,1,NSAR-A/A,33
2017,1,NSAR-B,963
2017,1,NSAR-B/A,76
2017,1,NSAR-BT,6
2017,1,NSAR-U,722
2017,1,NSAR-U/A,4
2017,1,NT 10-K,579
2017,1,NT 10-K/A,4
2017,1,NT 10-Q,220
2017,1,NT 11-K,1
2017,1,NT 20-F,4
2017,1,NT-NCSR,1
2017,1,NT-NSAR,2
2017,1,OIP NTC,5
2017,1,OIP ORDR,1
2017,1,POS 8C,38
2017,1,POS AM,253
2017,1,POS AMI,70
2017,1,POS EX,77
2017,1,POSASR,1744
2017,1,PRE 14A,399
2017,1,PRE 14C,82
2017,1,PREC14A,44
2017,1,PREM14A,29
2017,1,PREM14C,4
2017,1,PREN14A,2
2017,1,PRER14A,61
2017,1,PRER14C,17
2017,1,PRRN14A,34
2017,1,PX14A6G,46
2017,1,PX14A6N,2
2017,1,QRTLYRPT,2
2017,1,QUALIF,44
2017,1,REVOKED,47
2017,1,RW,95
2017,1,RW WD,4
2017,1,S-1,192
2017,1,S-1/A,391
2017,1,S-11,2
2017,1,S-11/A,18
2017,1,S-1MEF,17
2017,1,S-3,270
2017,1,S-3/A,109
2017,1,S-3ASR,497
2017,1,S-3D,2
2017,1,S-3DPOS,2
2017,1,S-3MEF,6
2017,1,S-4,649
2017,1,S-4/A,191
2017,1,S-4MEF,2
2017,1,S-6,327
2017,1,S-6/A,175
2017,1,S-8,521
2017,1,S-8 POS,552
2017,1,S-B,4
2017,1,S-B/A,3
2017,1,SC 13D,739
2017,1,SC 13D/A,2262
2017,1,SC 13E3,9
2017,1,SC 13E3/A,45
2017,1,SC 13G,8256
2017,1,SC 13G/A,27741
2017,1,SC 14D9,22
2017,1,SC 14D9/A,69
2017,1,SC 14F1,11
2017,1,SC 14F1/A,2
2017,1,SC 14N,7
2017,1,SC 14N/A,9
2017,1,SC TO-C,65
2017,1,SC TO-I,127
2017,1,SC TO-I/A,158
2017,1,SC TO-T,36
2017,1,SC TO-T/A,152
2017,1,SC14D9C,29
2017,1,SC14D9F,1
2017,1,SD,1
2017,1,SE,3
2017,1,SF-3,2
2017,1,SF-3/A,2
2017,1,SP 15D2,1
2017,1,STOP ORDER,1
2017,1,SUPPL,22
2017,1,T-3,28
2017,1,T-3/A,102
2017,1,TA-1,1
2017,1,TA-1/A,51
2017,1,TA-2,267
2017,1,TA-2/A,13
2017,1,TA-W,8
2017,1,TH,1
2017,1,UPLOAD,2048
2017,1,X-17A-5,3051
2017,1,X-17A-5/A,107
2017,2,1-A,26
2017,2,1-A POS,37
2017,2,1-A-W,7
2017,2,1-A/A,59
2017,2,1-K,47
2017,2,1-K/A,3
2017,2,1-SA,6
2017,2,1-SA/A,1
2017,2,1-U,48
2017,2,1-U/A,1
2017,2,1-Z,3
2017,2,1-Z-W,1
2017,2,1-Z/A,1
2017,2,1/A,58
2017,2,10-12B,3
2017,2,10-12B/A,14
2017,2,10-12G,23
2017,2,10-12G/A,28
2017,2,10-D,1875
2017,2,10-D/A,24
2017,2,10-K,945
2017,2,10-K/A,420
2017,2,10-KT,4
2017,2,10-KT/A,2
2017,2,10-Q,6184
2017,2,10-Q/A,174
2017,2,10-QT,2
2017,2,10-QT/A,2
2017,2,11-K,1130
2017,2,11-K/A,10
2017,2,11-KT,1
2017,2,13F-HR,4436
2017,2,13F-HR/A,252
2017,2,13F-NT,1527
2017,2,13F-NT/A,3
2017,2,144,209
2017,2,144/A,5
2017,2,15-12B,66
2017,2,15-12B/A,1
2017,2,15-12G,66
2017,2,15-12G/A,1
2017,2,15-15D,81
2017,2,15F-12B,2
2017,2,15F-12G,3
2017,2,18-K,16
2017,2,18-K/A,25
2017,2,19B-4E,390
2017,2,20-F,355
2017,2,20-F/A,34
2017,2,20FR12B,1
2017,2,20FR12B/A,4
2017,2,24F-2NT,995
2017,2,24F-2NT/A,4
2017,2,25,24
2017,2,25-NSE,332
2017,2,25-NSE/A,2
2017,2,253G2,50
2017,2,253G3,1
2017,2,253G4,1
2017,2,3,8058
2017,2,3/A,368
2017,2,305B2,29
2017,2,34-12H,1
2017,2,4,102229
2017,2,4/A,2117
2017,2,40-17F1,3
2017,2,40-17F2,103
2017,2,40-17G,539
2017,2,40-17G/A,40
2017,2,40-17GCS,1
2017,2,40-206A,2
2017,2,40-206A/A,1
2017,2,40-24B2,45
2017,2,40-33,3
2017,2,40-33/A,1
2017,2,40-6B,2
2017,2,40-6B/A,6
2017,2,40-8B25,2
2017,2,40-APP,260
2017,2,40-APP/A,401
2017,2,40-F,13
2017,2,40-F/A,3
2017,2,40-OIP/A,8
2017,2,40FR12B,1
2017,2,424B1,37
2017,2,424B2,9321
2017,2,424B3,3195
2017,2,424B4,102
2017,2,424B5,2414
2017,2,424B7,51
2017,2,424B8,24
2017,2,424H,92
2017,2,424H/A,8
2017,2,425,1094
2017,2,485APOS,274
2017,2,485BPOS,3421
2017,2,485BXT,611
2017,2,486APOS,9
2017,2,486BPOS,22
2017,2,487,302
2017,2,497,7159
2017,2,497AD,80
2017,2,497J,2348
2017,2,497K,8723
2017,2,5,356
2017,2,5/A,22
2017,2,6-K,5755
2017,2,6-K/A,67
2017,2,8-A12B,214
2017,2,8-A12B/A,25
2017,2,8-A12G,23
2017,2,8-A12G/A,5
2017,2,8-K,19861
2017,2,8-K/A,580
2017,2,8-K12B,2
2017,2,8-K15D5,1
2017,2,8-M,1
2017,2,ABS-15G,244
2017,2,ABS-15G/A,99
2017,2,ABS-EE,197
2017,2,ABS-EE/A,8
2017,2,ADV-NR,9
2017,2,ANNLRPT,1
2017,2,APP NTC,14
2017,2,APP ORDR,16
2017,2,APP WD,80
2017,2,ARS,19
2017,2,ARS/A,1
2017,2,AW,60
2017,2,AW WD,1
2017,2,C,134
2017,2,C-AR,56
2017,2,C-AR/A,9
2017,2,C-TR,1
2017,2,C-U,43
2017,2,C-W,16
2017,2,C/A,119
2017,2,C/A-W,1
2017,2,CB,31
2017,2,CB/A,20
2017,2,CERTARCA,1
2017,2,CERTBATS,11
2017,2,CERTNAS,69
2017,2,CERTNYS,108
2017,2,CFPORTAL,4
2017,2,CFPORTAL/A,8
2017,2,CORRESP,3998
2017,2,CT ORDER,412
2017,2,D,6117
2017,2,D/A,4241
2017,2,DEF 14A,2537
2017,2,DEF 14C,129
2017,2,DEFA14A,2446
2017,2,DEFA14C,3
2017,2,DEFC14A,54
2017,2,DEFM14A,61
2017,2,DEFM14C,4
2017,2,DEFN14A,2
2017,2,DEFR14A,71
2017,2,DEFR14C,3
2017,2,DEL AM,11
2017,2,DFAN14A,459
2017,2,DFRN14A,4
2017,2,DOS,8
2017,2,DOS/A,14
2017,2,DOSLTR,11
2017,2,DRS,60
2017,2,DRS/A,85
2017,2,DRSLTR,85
2017,2,DSTRBRPT,16
2017,2,EFFECT,2428
2017,2,F-1,20
2017,2,F-1/A,47
2017,2,F-10,23
2017,2,F-10/A,8
2017,2,F-10EF,1
2017,2,F-10POS,2
2017,2,F-1MEF,4
2017,2,F-3,26
2017,2,F-3/A,21
2017,2,F-3ASR,19
2017,2,F-3D,2
2017,2,F-4,15
2017,2,F-4/A,48
2017,2,F-6,22
2017,2,F-6 POS,74
2017,2,F-6/A,6
2017,2,F-6EF,246
2017,2,F-80,1
2017,2,F-80POS,3
2017,2,F-N,17
2017,2,F-N/A,3
2017,2,F-X,26
2017,2,F-X/A,8
2017,2,FOCUSN,85
2017,2,FOCUSN/A,11
2017,2,FWP,2554
2017,2,G-FIN/A,6
2017,2,IRANNOTICE,98
2017,2,MA,9
2017,2,MA-A,58
2017,2,MA-I,143
2017,2,MA-I/A,418
2017,2,MA-W,22
2017,2,MA/A,67
2017,2,MSD/A,9
2017,2,N-14,43
2017,2,N-14 8C,2
2017,2,N-14 8C/A,2
2017,2,N-14/A,36
2017,2,N-18F1,2
2017,2,N-1A,8
2017,2,N-1A/A,18
2017,2,N-2,42
2017,2,N-2/A,62
2017,2,N-23C-2,12
2017,2,N-23C3A,32
2017,2,N-23C3B,1
2017,2,N-23C3C/A,1
2017,2,N-30B-2,89
2017,2,N-30D,8
2017,2,N-4,6
2017,2,N-4/A,10
2017,2,N-54A,1
2017,2,N-54C,2
2017,2,N-6,1
2017,2,N-6/A,8
2017,2,N-8A,22
2017,2,N-8A/A,1
2017,2,N-8F,39
2017,2,N-8F NTC,44
2017,2,N-8F ORDR,15
2017,2,N-8F/A,19
2017,2,N-CR,1
2017,2,N-CSR,468
2017,2,N-CSR/A,22
2017,2,N-CSRS,905
2017,2,N-CSRS/A,5
2017,2,N-MFP2,1397
2017,2,N-MFP2/A,60
2017,2,N-PX,6
2017,2,N-Q,1594
2017,2,N-Q/A,13
2017,2,NO ACT,14
2017,2,NRSRO-UPD,6
2017,2,NSAR-A,880
2017,2,NSAR-A/A,43
2017,2,NSAR-B,496
2017,2,NSAR-B/A,66
2017,2,NSAR-U/A,5
2017,2,NT 10-D,1
2017,2,NT 10-K,248
2017,2,NT 10-K/A,7
2017,2,NT 10-Q,585
2017,2,NT 10-Q/A,5
2017,2,NT 11-K,15
2017,2,NT 20-F,50
2017,2,NT 20-F/A,1
2017,2,NT-NCSR,5
2017,2,NT-NSAR,5
2017,2,POS 8C,63
2017,2,POS AM,340
2017,2,POS AMI,63
2017,2,POS EX,88
2017,2,POSASR,1181
2017,2,PRE 14A,311
2017,2,PRE 14C,97
2017,2,PREC14A,44
2017,2,PREM14A,38
2017,2,PREM14C,2
2017,2,PREN14A,4
2017,2,PRER14A,67
2017,2,PRER14C,19
2017,2,PRRN14A,32
2017,2,PX14A6G,194
2017,2,PX14A6N,10
2017,2,QRTLYRPT,4
2017,2,QUALIF,35
2017,2,REVOKED,23
2017,2,RW,207
2017,2,RW WD,4
2017,2,S-1,239
2017,2,S-1/A,518
2017,2,S-11,14
2017,2,S-11/A,30
2017,2,S-11MEF,1
2017,2,S-1MEF,26
2017,2,S-3,334
2017,2,S-3/A,194
2017,2,S-3ASR,281
2017,2,S-3D,7
2017,2,S-3DPOS,9
2017,2,S-3MEF,4
2017,2,S-4,1259
2017,2,S-4/A,1013
2017,2,S-6,311
2017,2,S-6/A,246
2017,2,S-8,717
2017,2,S-8 POS,521
2017,2,S-B,8
2017,2,S-B/A,12
2017,2,SC 13D,663
2017,2,SC 13D/A,2049
2017,2,SC 13E3,16
2017,2,SC 13E3/A,64
2017,2,SC 13G,1159
2017,2,SC 13G/A,1785
2017,2,SC 14D9,25
2017,2,SC 14D9/A,83
2017,2,SC 14F1,16
2017,2,SC TO-C,100
2017,2,SC TO-I,130
2017,2,SC TO-I/A,200
2017,2,SC TO-T,50
2017,2,SC TO-T/A,214
2017,2,SC14D9C,20
2017,2,SD,1159
2017,2,SD/A,4
2017,2,SDR/A,1
2017,2,SE,4
2017,2,SF-3,2
2017,2,SF-3/A,7
2017,2,SP 15D2,1
2017,2,STOP ORDER,5
2017,2,SUPPL,16
2017,2,T-3,96
2017,2,T-3/A,55
2017,2,TA-1,1
2017,2,TA-1/A,46
2017,2,TA-2,12
2017,2,TA-2/A,15
2017,2,TA-W,7
2017,2,TACO,1
2017,2,TH,1
2017,2,UPLOAD,2898
2017,2,X-17A-5,294
2017,2,X-17A-5/A,65
2017,3,1-A,32
2017,3,1-A POS,41
2017,3,1-A-W,4
2017,3,1-A-W/A,1
2017,3,1-A/A,92
2017,3,1-K,7
2017,3,1-K/A,3
2017,3,1-SA,50
2017,3,1-SA/A,2
2017,3,1-U,55
2017,3,1-U/A,1
2017,3,1-Z,6
2017,3,1/A,36
2017,3,10-12B,3
2017,3,10-12B/A,6
2017,3,10-12G,26
2017,3,10-12G/A,56
2017,3,10-D,1820
2017,3,10-D/A,16
2017,3,10-K,513
2017,3,10-K/A,135
2017,3,10-KT,1
2017,3,10-Q,6036
2017,3,10-Q/A,192
2017,3,10-QT,1
2017,3,11-K,34
2017,3,11-K/A,4
2017,3,13F-HR,4402
2017,3,13F-HR/A,277
2017,3,13F-NT,1513
2017,3,13F-NT/A,15
2017,3,144,102
2017,3,144/A,4
2017,3,15-12B,64
2017,3,15-12G,71
2017,3,15-12G/A,1
2017,3,15-15D,129
2017,3,15F-12B,1
2017,3,15F-12G,1
2017,3,18-K,10
2017,3,18-K/A,29
2017,3,19B-4E,452
2017,3,20-F,43
2017,3,20-F/A,21
2017,3,20FR12B/A,1
2017,3,20FR12G,1
2017,3,24F-2NT,1218
2017,3,24F-2NT/A,19
2017,3,25,20
2017,3,25-NSE,396
2017,3,25-NSE/A,6
2017,3,25/A,1
2017,3,253G1,3
2017,3,253G2,74
2017,3,3,6821
2017,3,3/A,300
2017,3,305B2,33
2017,3,4,69313
2017,3,4/A,1456
2017,3,40-17F1,18
2017,3,40-17F2,201
2017,3,40-17G,468
2017,3,40-17G/A,124
2017,3,40-17GCS,6
2017,3,40-206A,1
2017,3,40-24B2,47
2017,3,40-24B2/A,1
2017,3,40-33,9
2017,3,40-6B,2
2017,3,40-6B/A,10
2017,3,40-8B25,1
2017,3,40-APP,179
2017,3,40-APP/A,419
2017,3,40-F,2
2017,3,40-F/A,2
2017,3,40-OIP,1
2017,3,40-OIP/A,8
2017,3,40FR12B,2
2017,3,40FR12B/A,4
2017,3,424B1,3
2017,3,424B2,9415
2017,3,424B3,1926
2017,3,424B4,85
2017,3,424B5,2116
2017,3,424B7,60
2017,3,424B8,27
2017,3,424H,111
2017,3,424H/A,4
2017,3,425,1065
2017,3,485APOS,272
2017,3,485BPOS,1376
2017,3,485BXT,590
2017,3,486APOS,4
2017,3,486BPOS,9
2017,3,487,248
2017,3,497,5777
2017,3,497AD,54
2017,3,497J,920
2017,3,497K,4545
2017,3,5,342
2017,3,5/A,10
2017,3,6-K,5002
2017,3,6-K/A,51
2017,3,6B NTC,2
2017,3,6B ORDR,2
2017,3,8-A12B,194
2017,3,8-A12B/A,19
2017,3,8-A12G,19
2017,3,8-A12G/A,4
2017,3,8-K,15939
2017,3,8-K/A,662
2017,3,8-K12B,6
2017,3,8-K12G3,1
2017,3,8-K15D5,3
2017,3,8-M,1
2017,3,ABS-15G,346
2017,3,ABS-15G/A,105
2017,3,ABS-EE,281
2017,3,ABS-EE/A,14
2017,3,ADV-H-C,2
2017,3,ADV-NR,8
2017,3,ANNLRPT,4
2017,3,APP NTC,24
2017,3,APP ORDR,21
2017,3,APP WD,8
2017,3,APP WDG,1
2017,3,ARS,2
2017,3,AW,35
2017,3,AW WD,1
2017,3,C,124
2017,3,C-U,56
2017,3,C-W,7
2017,3,C/A,137
2017,3,CB,19
2017,3,CB/A,59
2017,3,CERTARCA,4
2017,3,CERTBATS,17
2017,3,CERTNAS,68
2017,3,CERTNYS,94
2017,3,CFPORTAL,3
2017,3,CFPORTAL/A,15
2017,3,CORRESP,2921
2017,3,CT ORDER,278
2017,3,D,5900
2017,3,D/A,3901
2017,3,DEF 14A,701
2017,3,DEF 14C,141
2017,3,DEFA14A,1153
2017,3,DEFA14C,2
2017,3,DEFC14A,14
2017,3,DEFM14A,57
2017,3,DEFM14C,4
2017,3,DEFN14A,2
2017,3,DEFR14A,60
2017,3,DEFR14C,3
2017,3,DEL AM,18
2017,3,DFAN14A,262
2017,3,DFRN14A,4
2017,3,DOS,9
2017,3,DOS/A,6
2017,3,DOSLTR,4
2017,3,DRS,80
2017,3,DRS/A,131
2017,3,DRSLTR,135
2017,3,DSTRBRPT,34
2017,3,DSTRBRPT/A,1
2017,3,EFFECT,1410
2017,3,F-1,22
2017,3,F-1/A,50
2017,3,F-10,10
2017,3,F-10/A,6
2017,3,F-10POS,1
2017,3,F-1MEF,3
2017,3,F-3,143
2017,3,F-3/A,10
2017,3,F-3ASR,16
2017,3,F-3D,3
2017,3,F-4,11
2017,3,F-4/A,12
2017,3,F-6,64
2017,3,F-6 POS,1496
2017,3,F-6/A,6
2017,3,F-6EF,180
2017,3,F-7,2
2017,3,F-N,6
2017,3,F-X,29
2017,3,F-X/A,2
2017,3,FOCUSN,106
2017,3,FOCUSN/A,1
2017,3,FWP,2287
2017,3,G-FIN/A,5
2017,3,IRANNOTICE,62
2017,3,MA,12
2017,3,MA-A,32
2017,3,MA-I,226
2017,3,MA-I/A,937
2017,3,MA-W,56
2017,3,MA/A,83
2017,3,MSD/A,5
2017,3,N-14,35
2017,3,N-14 8C/A,3
2017,3,N-14/A,26
2017,3,N-18F1,1
2017,3,N-1A,12
2017,3,N-1A/A,18
2017,3,N-2,37
2017,3,N-2/A,60
2017,3,N-23C-2,13
2017,3,N-23C3A,32
2017,3,N-23C3B,1
2017,3,N-2MEF,1
2017,3,N-30B-2,144
2017,3,N-30D,144
2017,3,N-4,6
2017,3,N-4/A,2
2017,3,N-54A,1
2017,3,N-54C,1
2017,3,N-6/A,3
2017,3,N-8A,24
2017,3,N-8A/A,1
2017,3,N-8B-2/A,1
2017,3,N-8F,32
2017,3,N-8F NTC,30
2017,3,N-8F ORDR,53
2017,3,N-8F/A,12
2017,3,N-CSR,553
2017,3,N-CSR/A,15
2017,3,N-CSRS,1359
2017,3,N-CSRS/A,13
2017,3,N-MFP2,1370
2017,3,N-MFP2/A,17
2017,3,N-PX,2795
2017,3,N-PX/A,42
2017,3,N-Q,1547
2017,3,N-Q/A,18
2017,3,NO ACT,9
2017,3,NRSRO-CE/A,5
2017,3,NRSRO-UPD,8
2017,3,NSAR-A,971
2017,3,NSAR-A/A,41
2017,3,NSAR-AT,1
2017,3,NSAR-B,468
2017,3,NSAR-B/A,47
2017,3,NSAR-BT,4
2017,3,NSAR-U,3
2017,3,NSAR-U/A,5
2017,3,NT 10-D,1
2017,3,NT 10-K,136
2017,3,NT 10-K/A,4
2017,3,NT 10-Q,527
2017,3,NT 10-Q/A,2
2017,3,NT 11-K,1
2017,3,NT 20-F,4
2017,3,NT N-MFP2,8
2017,3,NT-NCSR/A,1
2017,3,NT-NSAR,4
2017,3,NTFNCSR,1
2017,3,POS 8C,50
2017,3,POS AM,299
2017,3,POS AMI,41
2017,3,POS EX,144
2017,3,POS462B,2
2017,3,POSASR,1038
2017,3,PRE 14A,248
2017,3,PRE 14C,100
2017,3,PREC14A,18
2017,3,PREM14A,37
2017,3,PREM14C,6
2017,3,PREN14A,4
2017,3,PRER14A,42
2017,3,PRER14C,16
2017,3,PRRN14A,8
2017,3,PX14A6G,28
2017,3,QRTLYRPT,4
2017,3,QUALIF,41
2017,3,REG-NR,1
2017,3,REVOKED,49
2017,3,RW,344
2017,3,RW WD,1
2017,3,S-1,165
2017,3,S-1/A,358
2017,3,S-11,9
2017,3,S-11/A,21
2017,3,S-1MEF,16
2017,3,S-3,325
2017,3,S-3/A,185
2017,3,S-3ASR,914
2017,3,S-3D,7
2017,3,S-3DPOS,6
2017,3,S-3MEF,3
2017,3,S-4,317
2017,3,S-4/A,188
2017,3,S-6,305
2017,3,S-6/A,189
2017,3,S-8,424
2017,3,S-8 POS,510
2017,3,S-B,3
2017,3,SC 13D,646
2017,3,SC 13D/A,1878
2017,3,SC 13E3,4
2017,3,SC 13E3/A,22
2017,3,SC 13G,1047
2017,3,SC 13G/A,1708
2017,3,SC 14D9,20
2017,3,SC 14D9/A,92
2017,3,SC 14F1,8
2017,3,SC 14F1/A,1
2017,3,SC TO-C,75
2017,3,SC TO-I,124
2017,3,SC TO-I/A,181
2017,3,SC TO-T,36
2017,3,SC TO-T/A,200
2017,3,SC14D9C,24
2017,3,SD,6
2017,3,SDR/A,1
2017,3,SE,7
2017,3,SF-3,1
2017,3,SF-3/A,4
2017,3,STOP ORDER,3
2017,3,SUPPL,16
2017,3,T-3,16
2017,3,T-3/A,165
2017,3,TA-1,2
2017,3,TA-1/A,47
2017,3,TA-2,2
2017,3,TA-2/A,6
2017,3,TA-W,1
2017,3,UPLOAD,2455
2017,3,X-17A-5,317
2017,3,X-17A-5/A,15
2017,4,1-A,36
2017,4,1-A POS,39
2017,4,1-A-W,5
2017,4,1-A/A,103
2017,4,1-K,4
2017,4,1-K/A,1
2017,4,1-SA,12
2017,4,1-SA/A,2
2017,4,1-U,63
2017,4,1-Z,7
2017,4,1/A,45
2017,4,10-12B,2
2017,4,10-12B/A,11
2017,4,10-12G,20
2017,4,10-12G/A,25
2017,4,10-D,1948
2017,4,10-D/A,66
2017,4,10-K,515
2017,4,10-K/A,125
2017,4,10-KT,3
2017,4,10-Q,6046
2017,4,10-Q/A,217
2017,4,10-QT,1
2017,4,11-K,16
2017,4,13F-HR,4367
2017,4,13F-HR/A,259
2017,4,13F-NT,1507
2017,4,13F-NT/A,41
2017,4,144,107
2017,4,144/A,8
2017,4,15-12B,75
2017,4,15-12B/A,2
2017,4,15-12G,50
2017,4,15-12G/A,3
2017,4,15-15D,91
2017,4,15F-12B/A,1
2017,4,15F-12G,2
2017,4,15F-12G/A,1
2017,4,15F-15D,3
2017,4,18-K,9
2017,4,18-K/A,38
2017,4,19B-4E,790
2017,4,2-E,1
2017,4,20-F,41
2017,4,20-F/A,16
2017,4,20FR12B,1
2017,4,20FR12B/A,1
2017,4,20FR12G/A,2
2017,4,24F-2NT,1076
2017,4,24F-2NT/A,4
2017,4,25,39
2017,4,25-NSE,444
2017,4,25-NSE/A,4
2017,4,25/A,1
2017,4,253G1,6
2017,4,253G2,83
2017,4,253G3,1
2017,4,3,7384
2017,4,3/A,345
2017,4,305B2,129
2017,4,305B2/A,1
2017,4,4,76849
2017,4,4/A,1590
2017,4,40-17F1,3
2017,4,40-17F2,333
2017,4,40-17G,764
2017,4,40-17G/A,49
2017,4,40-17GCS,6
2017,4,40-206A,1
2017,4,40-24B2,74
2017,4,40-33,2
2017,4,40-6B,3
2017,4,40-6B/A,2
2017,4,40-8B25,2
2017,4,40-APP,223
2017,4,40-APP/A,359
2017,4,40-F,7
2017,4,40-F/A,2
2017,4,40-OIP,7
2017,4,424B1,23
2017,4,424B2,9698
2017,4,424B3,2388
2017,4,424B4,126
2017,4,424B5,2441
2017,4,424B7,50
2017,4,424B8,40
2017,4,424H,75
2017,4,424H/A,18
2017,4,425,1278
2017,4,485APOS,330
2017,4,485BPOS,1687
2017,4,485BXT,560
2017,4,486APOS,7
2017,4,486BPOS,16
2017,4,487,241
2017,4,497,4741
2017,4,497AD,61
2017,4,497H2,1
2017,4,497J,1136
2017,4,497K,4967
2017,4,5,263
2017,4,5/A,6
2017,4,6-K,5261
2017,4,6-K/A,56
2017,4,8-A12B,259
2017,4,8-A12B/A,17
2017,4,8-A12G,18
2017,4,8-A12G/A,4
2017,4,8-K,17071
2017,4,8-K/A,601
2017,4,8-K12B,6
2017,4,8-K12G3,2
2017,4,ABS-15G,371
2017,4,ABS-15G/A,121
2017,4,ABS-EE,420
2017,4,ABS-EE/A,10
2017,4,ADV-NR,21
2017,4,ANNLRPT,1
2017,4,APP NTC,12
2017,4,APP ORDR,8
2017,4,APP WD,6
2017,4,APP WD/A,3
2017,4,APP WDG,1
2017,4,ARS,3
2017,4,AW,62
2017,4,AW WD,1
2017,4,C,183
2017,4,C-AR,3
2017,4,C-U,80
2017,4,C-U-W,1
2017,4,C-W,11
2017,4,C/A,153
2017,4,C/A-W,2
2017,4,CB,20
2017,4,CB/A,77
2017,4,CERT,64
2017,4,CERTBATS,2
2017,4,CERTNAS,62
2017,4,CERTNYS,88
2017,4,CFPORTAL,4
2017,4,CFPORTAL/A,9
2017,4,CORRESP,3014
2017,4,CT ORDER,269
2017,4,D,6367
2017,4,D/A,3691
2017,4,DEF 14A,526
2017,4,DEF 14C,117
2017,4,DEFA14A,1166
2017,4,DEFA14C,4
2017,4,DEFC14A,9
2017,4,DEFM14A,57
2017,4,DEFM14C,3
2017,4,DEFN14A,2
2017,4,DEFR14A,24
2017,4,DEFR14C,2
2017,4,DEL AM,11
2017,4,DFAN14A,215
2017,4,DFRN14A,4
2017,4,DOS,9
2017,4,DOS/A,15
2017,4,DOSLTR,11
2017,4,DRS,104
2017,4,DRS/A,93
2017,4,DRSLTR,101
2017,4,DSTRBRPT,18
2017,4,DSTRBRPT/A,1
2017,4,EFFECT,1654
2017,4,F-1,28
2017,4,F-1/A,87
2017,4,F-10,8
2017,4,F-10/A,5
2017,4,F-1MEF,4
2017,4,F-3,34
2017,4,F-3/A,3
2017,4,F-3ASR,16
2017,4,F-3MEF,1
2017,4,F-4,3
2017,4,F-4/A,12
2017,4,F-6,30
2017,4,F-6 POS,134
2017,4,F-6/A,6
2017,4,F-6EF,136
2017,4,F-7,2
2017,4,F-8,1
2017,4,F-8 POS,2
2017,4,F-N,7
2017,4,F-N/A,1
2017,4,F-X,21
2017,4,FOCUSN,69
2017,4,FOCUSN/A,3
2017,4,FWP,2537
2017,4,G-FIN/A,1
2017,4,IRANNOTICE,64
2017,4,MA,6
2017,4,MA-A,28
2017,4,MA-I,103
2017,4,MA-I/A,293
2017,4,MA-W,24
2017,4,MA/A,61
2017,4,MSD/A,4
2017,4,N-14,32
2017,4,N-14 8C,10
2017,4,N-14/A,12
2017,4,N-18F1,7
2017,4,N-1A,9
2017,4,N-1A/A,19
2017,4,N-2,24
2017,4,N-2/A,38
2017,4,N-23C-2,8
2017,4,N-23C3A,45
2017,4,N-23C3B,1
2017,4,N-2MEF,3
2017,4,N-30B-2,43
2017,4,N-30D,4
2017,4,N-4,6
2017,4,N-4/A,9
2017,4,N-54A,4
2017,4,N-54C,2
2017,4,N-6,2
2017,4,N-6/A,1
2017,4,N-6F,1
2017,4,N-8A,26
2017,4,N-8A/A,6
2017,4,N-8B-2/A,1
2017,4,N-8F,42
2017,4,N-8F NTC,24
2017,4,N-8F ORDR,24
2017,4,N-8F/A,23
2017,4,N-CR,4
2017,4,N-CSR,874
2017,4,N-CSR/A,40
2017,4,N-CSRS,480
2017,4,N-CSRS/A,7
2017,4,N-MFP2,1338
2017,4,N-MFP2/A,168
2017,4,N-PX,9
2017,4,N-PX/A,4
2017,4,N-Q,1566
2017,4,N-Q/A,6
2017,4,NO ACT,3
2017,4,NRSRO-CE/A,1
2017,4,NRSRO-UPD,10
2017,4,NSAR-A,469
2017,4,NSAR-A/A,16
2017,4,NSAR-B,835
2017,4,NSAR-B/A,33
2017,4,NSAR-BT,4
2017,4,NSAR-U,6
2017,4,NT 10-K,107
2017,4,NT 10-K/A,2
2017,4,NT 10-Q,542
2017,4,NT 10-Q/A,3
2017,4,NT 11-K,1
2017,4,NT 20-F,4
2017,4,NT 20-F/A,1
2017,4,NT N-MFP2,2
2017,4,NT-NCSR,5
2017,4,NT-NSAR,6
2017,4,NT-NSAR/A,2
2017,4,NTFNSAR,1
2017,4,POS 8C,29
2017,4,POS AM,244
2017,4,POS AMI,38
2017,4,POS EX,96
2017,4,POSASR,243
2017,4,PRE 14A,158
2017,4,PRE 14C,73
2017,4,PREC14A,16
2017,4,PREM14A,33
2017,4,PREM14C,3
2017,4,PREN14A,2
2017,4,PRER14A,40
2017,4,PRER14C,17
2017,4,PRRN14A,12
2017,4,PX14A6G,46
2017,4,QRTLYRPT,9
2017,4,QUALIF,49
2017,4,REVOKED,36
2017,4,RW,59
2017,4,RW WD,3
2017,4,S-1,196
2017,4,S-1/A,399
2017,4,S-11,9
2017,4,S-11/A,26
2017,4,S-1MEF,24
2017,4,S-3,250
2017,4,S-3/A,186
2017,4,S-3ASR,633
2017,4,S-3D,2
2017,4,S-3DPOS,6
2017,4,S-3MEF,5
2017,4,S-4,792
2017,4,S-4 POS,1
2017,4,S-4/A,178
2017,4,S-4MEF,3
2017,4,S-6,278
2017,4,S-6/A,166
2017,4,S-8,383
2017,4,S-8 POS,488
2017,4,S-B,4
2017,4,S-B/A,1
2017,4,SC 13D,608
2017,4,SC 13D/A,2084
2017,4,SC 13E3,10
2017,4,SC 13E3/A,24
2017,4,SC 13G,1140
2017,4,SC 13G/A,1456
2017,4,SC 14D9,19
2017,4,SC 14D9/A,52
2017,4,SC 14F1,10
2017,4,SC 14F1/A,1
2017,4,SC TO-C,48
2017,4,SC TO-I,123
2017,4,SC TO-I/A,183
2017,4,SC TO-T,32
2017,4,SC TO-T/A,116
2017,4,SC14D9C,22
2017,4,SE,3
2017,4,SF-3,1
2017,4,SF-3/A,4
2017,4,STOP ORDER,6
2017,4,SUPPL,11
2017,4,T-3,24
2017,4,T-3/A,34
2017,4,TA-1,4
2017,4,TA-1/A,35
2017,4,TA-2,5
2017,4,TA-2/A,7
2017,4,TA-W,5
2017,4,UPLOAD,2427
2017,4,X-17A-5,183
2017,4,X-17A-5/A,5
2018,1,1-A,39
2018,1,1-A POS,50
2018,1,1-A-W,8
2018,1,1-A-W/A,2
2018,1,1-A/A,106
2018,1,1-K,5
2018,1,1-SA,8
2018,1,1-SA/A,2
2018,1,1-U,83
2018,1,1-Z,6
2018,1,1-Z-W,1
2018,1,1-Z/A,1
2018,1,1/A,52
2018,1,10-12B,7
2018,1,10-12B/A,8
2018,1,10-12G,29
2018,1,10-12G/A,45
2018,1,10-D,1945
2018,1,10-D/A,29
2018,1,10-K,4868
2018,1,10-K/A,252
2018,1,10-KT,10
2018,1,10-Q,1399
2018,1,10-Q/A,154
2018,1,10-QT,1
2018,1,11-K,41
2018,1,13F-HR,4714
2018,1,13F-HR/A,285
2018,1,13F-NT,1563
2018,1,13F-NT/A,8
2018,1,144,150
2018,1,144/A,4
2018,1,15-12B,70
2018,1,15-12B/A,1
2018,1,15-12G,77
2018,1,15-12G/A,4
2018,1,15-15D,250
2018,1,15-15D/A,1
2018,1,15F-12B,2
2018,1,15F-12G,2
2018,1,15F-15D,2
2018,1,18-K,6
2018,1,18-K/A,44
2018,1,19B-4E,605
2018,1,20-F,225
2018,1,20-F/A,34
2018,1,20FR12B,2
2018,1,20FR12G/A,1
2018,1,24F-2NT,3501
2018,1,24F-2NT/A,22
2018,1,25,16
2018,1,25-NSE,318
2018,1,253G1,7
2018,1,253G2,87
2018,1,253G3,1
2018,1,3,8028
2018,1,3/A,567
2018,1,305B2,33
2018,1,4,124344
2018,1,4/A,2901
2018,1,40-17F1,10
2018,1,40-17F2,186
2018,1,40-17F2/A,1
2018,1,40-17G,965
2018,1,40-17G/A,160
2018,1,40-206A,2
2018,1,40-24B2,69
2018,1,40-33,5
2018,1,40-8B25,5
2018,1,40-8F-2,1
2018,1,40-APP,197
2018,1,40-APP/A,281
2018,1,40-F,108
2018,1,40-F/A,10
2018,1,40-OIP/A,6
2018,1,40FR12B,3
2018,1,40FR12B/A,1
2018,1,424B1,11
2018,1,424B2,12003
2018,1,424B3,1880
2018,1,424B4,88
2018,1,424B5,1219
2018,1,424B7,50
2018,1,424B8,64
2018,1,424H,88
2018,1,424H/A,14
2018,1,425,1443
2018,1,485APOS,277
2018,1,485BPOS,1979
2018,1,485BXT,550
2018,1,486APOS,2
2018,1,486BPOS,21
2018,1,487,249
2018,1,497,4579
2018,1,497AD,57
2018,1,497J,1235
2018,1,497K,5545
2018,1,5,5369
2018,1,5/A,104
2018,1,6-K,5348
2018,1,6-K/A,47
2018,1,8-A12B,207
2018,1,8-A12B/A,33
2018,1,8-A12G,22
2018,1,8-A12G/A,4
2018,1,8-K,17367
2018,1,8-K/A,511
2018,1,8-K12B,4
2018,1,8-K12G3,3
2018,1,8-K15D5,1
2018,1,8-M,1
2018,1,ABS-15G,983
2018,1,ABS-15G/A,114
2018,1,ABS-EE,512
2018,1,ABS-EE/A,10
2018,1,ADV-NR,24
2018,1,APP NTC,7
2018,1,APP ORDR,8
2018,1,APP WD,8
2018,1,ARS,6
2018,1,AW,42
2018,1,C,152
2018,1,C-AR,4
2018,1,C-TR,5
2018,1,C-U,90
2018,1,C-W,15
2018,1,C/A,143
2018,1,CB,13
2018,1,CB/A,46
2018,1,CERT,159
2018,1,CERTCBO,6
2018,1,CERTNAS,12
2018,1,CFPORTAL,2
2018,1,CFPORTAL-W,1
2018,1,CFPORTAL/A,14
2018,1,CORRESP,2318
2018,1,CT ORDER,222
2018,1,D,7073
2018,1,D/A,5609
2018,1,DEF 14A,1503
2018,1,DEF 14C,131
2018,1,DEFA14A,1365
2018,1,DEFA14C,3
2018,1,DEFC14A,19
2018,1,DEFM14A,52
2018,1,DEFM14C,6
2018,1,DEFR14A,33
2018,1,DEFR14C,2
2018,1,DEL AM,6
2018,1,DFAN14A,318
2018,1,DFRN14A,4
2018,1,DOS,5
2018,1,DOS/A,3
2018,1,DRS,110
2018,1,DRS/A,130
2018,1,DRSLTR,130
2018,1,DSTRBRPT,33
2018,1,EFFECT,894
2018,1,F-1,27
2018,1,F-1/A,79
2018,1,F-10,24
2018,1,F-10/A,18
2018,1,F-1MEF,3
2018,1,F-3,16
2018,1,F-3/A,12
2018,1,F-3ASR,18
2018,1,F-3MEF,1
2018,1,F-4,3
2018,1,F-4/A,16
2018,1,F-6,42
2018,1,F-6 POS,84
2018,1,F-6/A,4
2018,1,F-6EF,100
2018,1,F-7,1
2018,1,F-8 POS,1
2018,1,F-80,1
2018,1,F-80/A,1
2018,1,F-N,6
2018,1,F-X,45
2018,1,F-X/A,4
2018,1,FOCUSN,1067
2018,1,FOCUSN/A,19
2018,1,FWP,2623
2018,1,IRANNOTICE,131
2018,1,MA,12
2018,1,MA-A,261
2018,1,MA-I,144
2018,1,MA-I/A,381
2018,1,MA-W,9
2018,1,MA/A,56
2018,1,MSD/A,1
2018,1,N-14,28
2018,1,N-14 8C,3
2018,1,N-14 8C/A,4
2018,1,N-14/A,11
2018,1,N-18F1,2
2018,1,N-1A,5
2018,1,N-1A/A,11
2018,1,N-2,38
2018,1,N-2/A,28
2018,1,N-23C-2,32
2018,1,N-23C3A,39
2018,1,N-23C3A/A,1
2018,1,N-23C3B,1
2018,1,N-30B-2,142
2018,1,N-30D,183
2018,1,N-4,3
2018,1,N-4/A,1
2018,1,N-54C,1
2018,1,N-6,2
2018,1,N-6F,2
2018,1,N-8A,11
2018,1,N-8A/A,2
2018,1,N-8B-2/A,1
2018,1,N-8F,12
2018,1,N-8F NTC,42
2018,1,N-8F ORDR,46
2018,1,N-8F/A,16
2018,1,N-CSR,1390
2018,1,N-CSR/A,44
2018,1,N-CSRS,530
2018,1,N-CSRS/A,5
2018,1,N-MFP2,1292
2018,1,N-MFP2/A,31
2018,1,N-PX,11
2018,1,N-Q,1477
2018,1,N-Q/A,5
2018,1,NRSRO-CE,10
2018,1,NRSRO-UPD,6
2018,1,NSAR-A,461
2018,1,NSAR-A/A,36
2018,1,NSAR-B,979
2018,1,NSAR-B/A,59
2018,1,NSAR-BT,4
2018,1,NSAR-U,721
2018,1,NSAR-U/A,3
2018,1,NT 10-K,271
2018,1,NT 10-K/A,2
2018,1,NT 10-Q,171
2018,1,NT 10-Q/A,2
2018,1,NT 20-F,6
2018,1,NT-NCSR,2
2018,1,NT-NCSR/A,2
2018,1,NT-NSAR,4
2018,1,NT-NSAR/A,1
2018,1,NTFNCSR,2
2018,1,POS 8C,38
2018,1,POS AM,206
2018,1,POS AMI,67
2018,1,POS EX,95
2018,1,POS462B,2
2018,1,POSASR,723
2018,1,PRE 14A,428
2018,1,PRE 14C,83
2018,1,PREC14A,34
2018,1,PREM14A,31
2018,1,PREM14C,5
2018,1,PRER14A,30
2018,1,PRER14C,22
2018,1,PRRN14A,16
2018,1,PX14A6G,68
2018,1,QRTLYRPT,2
2018,1,QUALIF,77
2018,1,REG-NR,2
2018,1,REVOKED,9
2018,1,RW,67
2018,1,RW WD,4
2018,1,S-1,169
2018,1,S-1/A,361
2018,1,S-11,6
2018,1,S-11/A,16
2018,1,S-11MEF,2
2018,1,S-1MEF,19
2018,1,S-3,208
2018,1,S-3/A,95
2018,1,S-3ASR,967
2018,1,S-3D,2
2018,1,S-3DPOS,9
2018,1,S-3MEF,3
2018,1,S-4,255
2018,1,S-4 POS,1
2018,1,S-4/A,99
2018,1,S-6,283
2018,1,S-6/A,174
2018,1,S-8,549
2018,1,S-8 POS,425
2018,1,S-B,8
2018,1,S-B/A,1
2018,1,SC 13D,767
2018,1,SC 13D/A,2330
2018,1,SC 13E3,11
2018,1,SC 13E3/A,47
2018,1,SC 13G,8171
2018,1,SC 13G/A,26900
2018,1,SC 14D9,21
2018,1,SC 14D9/A,87
2018,1,SC 14F1,7
2018,1,SC TO-C,78
2018,1,SC TO-I,121
2018,1,SC TO-I/A,166
2018,1,SC TO-T,38
2018,1,SC TO-T/A,170
2018,1,SC14D9C,28
2018,1,SD,4
2018,1,SDR/A,2
2018,1,SE,1
2018,1,SF-1,2
2018,1,SF-1/A,2
2018,1,SUPPL,23
2018,1,T-3,5
2018,1,T-3/A,83
2018,1,TA-1,3
2018,1,TA-1/A,59
2018,1,TA-2,252
2018,1,TA-2/A,12
2018,1,TA-W,6
2018,1,UPLOAD,1575
2018,1,X-17A-5,2973
2018,1,X-17A-5/A,118
2018,2,1-A,37
2018,2,1-A POS,50
2018,2,1-A-W,6
2018,2,1-A/A,80
2018,2,1-K,69
2018,2,1-K/A,3
2018,2,1-SA,8
2018,2,1-SA/A,1
2018,2,1-U,80
2018,2,1-U/A,2
2018,2,1-Z,6
2018,2,1/A,51
2018,2,10-12B,7
2018,2,10-12B/A,17
2018,2,10-12G,30
2018,2,10-12G/A,31
2018,2,10-D,1960
2018,2,10-D/A,6
2018,2,10-K,1270
2018,2,10-K/A,500
2018,2,10-KT,12
2018,2,10-KT/A,1
2018,2,10-Q,6016
2018,2,10-Q/A,159
2018,2,10-QT,2
2018,2,11-K,1051
2018,2,11-K/A,14
2018,2,13F-HR,4802
2018,2,13F-HR/A,258
2018,2,13F-NT,1554
2018,2,13F-NT/A,8
2018,2,144,132
2018,2,15-12B,64
2018,2,15-12G,47
2018,2,15-12G/A,2
2018,2,15-15D,44
2018,2,15-15D/A,2
2018,2,15F-12B,4
2018,2,18-K,13
2018,2,18-K/A,27
2018,2,19B-4E,450
2018,2,20-F,369
2018,2,20-F/A,91
2018,2,20FR12B/A,4
2018,2,24F-2NT,963
2018,2,24F-2NT/A,6
2018,2,25,29
2018,2,25-NSE,588
2018,2,25-NSE/A,2
2018,2,253G1,2
2018,2,253G2,80
2018,2,3,9004
2018,2,3/A,367
2018,2,305B2,24
2018,2,4,100934
2018,2,4/A,2007
2018,2,40-17F1,3
2018,2,40-17F1/A,1
2018,2,40-17F2,113
2018,2,40-17F2/A,2
2018,2,40-17G,430
2018,2,40-17G/A,54
2018,2,40-202A,2
2018,2,40-24B2,100
2018,2,40-33,3
2018,2,40-6B/A,2
2018,2,40-8B25,6
2018,2,40-8F-2/A,2
2018,2,40-APP,198
2018,2,40-APP/A,263
2018,2,40-F,11
2018,2,40-F/A,10
2018,2,40-OIP,5
2018,2,40FR12B,3
2018,2,40FR12B/A,3
2018,2,424B1,42
2018,2,424B2,11736
2018,2,424B3,2325
2018,2,424B4,131
2018,2,424B5,790
2018,2,424B7,72
2018,2,424B8,56
2018,2,424H,84
2018,2,424H/A,6
2018,2,425,1595
2018,2,485APOS,234
2018,2,485BPOS,3212
2018,2,485BXT,522
2018,2,486APOS,4
2018,2,486BPOS,13
2018,2,486BXT,5
2018,2,487,248
2018,2,497,5848
2018,2,497AD,55
2018,2,497J,2279
2018,2,497K,7161
2018,2,5,294
2018,2,5/A,26
2018,2,6-K,6097
2018,2,6-K/A,103
2018,2,8-A12B,265
2018,2,8-A12B/A,34
2018,2,8-A12G,20
2018,2,8-A12G/A,1
2018,2,8-K,19050
2018,2,8-K/A,464
2018,2,8-K12B,10
2018,2,8-K12G3,3
2018,2,8-M,5
2018,2,9-M,1
2018,2,ABS-15G,411
2018,2,ABS-15G/A,108
2018,2,ABS-EE,580
2018,2,ABS-EE/A,9
2018,2,ADV-H-T,3
2018,2,ADV-NR,20
2018,2,ANNLRPT,3
2018,2,APP NTC,25
2018,2,APP ORDR,21
2018,2,APP WD,3
2018,2,ARS,16
2018,2,AW,57
2018,2,AW WD,1
2018,2,C,201
2018,2,C-AR,203
2018,2,C-AR-W,2
2018,2,C-AR/A,14
2018,2,C-TR,8
2018,2,C-U,107
2018,2,C-U-W,1
2018,2,C-W,12
2018,2,C/A,209
2018,2,C/A-W,1
2018,2,CB,28
2018,2,CB/A,14
2018,2,CERT,241
2018,2,CERTCBO,11
2018,2,CFPORTAL,3
2018,2,CFPORTAL/A,15
2018,2,CORRESP,3323
2018,2,CT ORDER,416
2018,2,D,6967
2018,2,D/A,4177
2018,2,DEF 14A,2890
2018,2,DEF 14C,109
2018,2,DEFA14A,2360
2018,2,DEFA14C,7
2018,2,DEFC14A,46
2018,2,DEFM14A,59
2018,2,DEFM14C,2
2018,2,DEFN14A,2
2018,2,DEFR14A,56
2018,2,DEFR14C,5
2018,2,DEL AM,15
2018,2,DFAN14A,462
2018,2,DFRN14A,2
2018,2,DOS,9
2018,2,DOS/A,5
2018,2,DOSLTR,4
2018,2,DRS,108
2018,2,DRS/A,148
2018,2,DRSLTR,139
2018,2,DSTRBRPT,23
2018,2,EFFECT,1382
2018,2,F-1,27
2018,2,F-1/A,58
2018,2,F-10,25
2018,2,F-10/A,17
2018,2,F-10EF,1
2018,2,F-1MEF,3
2018,2,F-3,27
2018,2,F-3/A,8
2018,2,F-3ASR,38
2018,2,F-3D,2
2018,2,F-4,21
2018,2,F-4/A,19
2018,2,F-6,36
2018,2,F-6 POS,74
2018,2,F-6/A,14
2018,2,F-6EF,78
2018,2,F-8 POS,1
2018,2,F-N,7
2018,2,F-X,61
2018,2,F-X/A,5
2018,2,FOCUSN,119
2018,2,FOCUSN/A,6
2018,2,FWP,2822
2018,2,G-405,1
2018,2,G-FIN/A,4
2018,2,IRANNOTICE,85
2018,2,MA,8
2018,2,MA-A,32
2018,2,MA-I,102
2018,2,MA-I/A,321
2018,2,MA-W,11
2018,2,MA/A,68
2018,2,MSD/A,4
2018,2,N-14,56
2018,2,N-14 8C,2
2018,2,N-14 8C/A,7
2018,2,N-14/A,33
2018,2,N-14MEF,1
2018,2,N-18F1,17
2018,2,N-1A,11
2018,2,N-1A/A,6
2018,2,N-2,48
2018,2,N-2/A,80
2018,2,N-23C-2,21
2018,2,N-23C3A,46
2018,2,N-23C3B,1
2018,2,N-23C3C/A,1
2018,2,N-30B-2,98
2018,2,N-30D,9
2018,2,N-30D/A,3
2018,2,N-4,4
2018,2,N-4/A,9
2018,2,N-54A,1
2018,2,N-54C,2
2018,2,N-6,4
2018,2,N-6/A,4
2018,2,N-6F,1
2018,2,N-8A,25
2018,2,N-8A/A,1
2018,2,N-8B-2/A,1
2018,2,N-8F,26
2018,2,N-8F NTC,13
2018,2,N-8F ORDR,7
2018,2,N-8F/A,12
2018,2,N-CSR,477
2018,2,N-CSR/A,30
2018,2,N-CSRS,910
2018,2,N-CSRS/A,15
2018,2,N-MFP2,1294
2018,2,N-MFP2/A,28
2018,2,N-PX,4
2018,2,N-PX/A,5
2018,2,N-Q,1633
2018,2,N-Q/A,12
2018,2,NRSRO-CE/A,1
2018,2,NRSRO-UPD,8
2018,2,NSAR-A,489
2018,2,NSAR-A/A,35
2018,2,NSAR-B,483
2018,2,NSAR-B/A,44
2018,2,NSAR-BT,2
2018,2,NSAR-U,2
2018,2,NSAR-U/A,7
2018,2,NT 10-K,474
2018,2,NT 10-K/A,8
2018,2,NT 10-Q,524
2018,2,NT 10-Q/A,2
2018,2,NT 11-K,5
2018,2,NT 20-F,63
2018,2,NT 20-F/A,1
2018,2,NT N-MFP2,2
2018,2,NT-NCSR,1
2018,2,NT-NSAR,1
2018,2,OIP NTC,1
2018,2,OIP ORDR,1
2018,2,POS 8C,60
2018,2,POS AM,288
2018,2,POS AMI,50
2018,2,POS EX,138
2018,2,POS462B,1
2018,2,POSASR,87
2018,2,PRE 14A,318
2018,2,PRE 14C,77
2018,2,PREC14A,64
2018,2,PREM14A,38
2018,2,PREM14C,2
2018,2,PREN14A,6
2018,2,PRER14A,59
2018,2,PRER14C,15
2018,2,PRRN14A,62
2018,2,PX14A6G,212
2018,2,PX14A6N,2
2018,2,QRTLYRPT,5
2018,2,QUALIF,54
2018,2,REG-NR,5
2018,2,REVOKED,36
2018,2,RW,69
2018,2,RW WD,1
2018,2,S-1,253
2018,2,S-1/A,463
2018,2,S-11,4
2018,2,S-11/A,12
2018,2,S-1MEF,45
2018,2,S-3,224
2018,2,S-3/A,144
2018,2,S-3ASR,360
2018,2,S-3D,2
2018,2,S-3DPOS,1
2018,2,S-3MEF,10
2018,2,S-4,701
2018,2,S-4 POS,2
2018,2,S-4/A,168
2018,2,S-6,266
2018,2,S-6/A,129
2018,2,S-8,662
2018,2,S-8 POS,466
2018,2,S-B,5
2018,2,S-B/A,4
2018,2,SC 13D,586
2018,2,SC 13D/A,2228
2018,2,SC 13E3,10
2018,2,SC 13E3/A,35
2018,2,SC 13G,1097
2018,2,SC 13G/A,1538
2018,2,SC 14D9,19
2018,2,SC 14D9/A,61
2018,2,SC 14F1,17
2018,2,SC 14F1/A,1
2018,2,SC TO-C,43
2018,2,SC TO-I,128
2018,2,SC TO-I/A,172
2018,2,SC TO-T,36
2018,2,SC TO-T/A,154
2018,2,SC14D9C,11
2018,2,SD,1113
2018,2,SD/A,3
2018,2,SE,3
2018,2,SEC STAFF LETTER,1
2018,2,SF-1/A,6
2018,2,SF-3,7
2018,2,SF-3/A,6
2018,2,SUPPL,26
2018,2,T-3,6
2018,2,T-3/A,2
2018,2,TA-1,1
2018,2,TA-1/A,45
2018,2,TA-2,10
2018,2,TA-2/A,6
2018,2,TA-W,5
2018,2,TACO,36
2018,2,UPLOAD,2311
2018,2,X-17A-5,318
2018,2,X-17A-5/A,41
2018,3,1,2
2018,3,1-A,40
2018,3,1-A POS,51
2018,3,1-A-W,7
2018,3,1-A/A,110
2018,3,1-K,9
2018,3,1-K/A,1
2018,3,1-SA,60
2018,3,1-SA/A,3
2018,3,1-U,89
2018,3,1-U/A,3
2018,3,1-Z,7
2018,3,1/A,63
2018,3,10-12B,7
2018,3,10-12B/A,16
2018,3,10-12G,18
2018,3,10-12G/A,47
2018,3,10-D,1937
2018,3,10-D/A,23
2018,3,10-K,464
2018,3,10-K/A,149
2018,3,10-KT,3
2018,3,10-Q,5925
2018,3,10-Q/A,162
2018,3,10-QT,3
2018,3,11-K,33
2018,3,11-K/A,7
2018,3,13F-HR,4819
2018,3,13F-HR/A,249
2018,3,13F-NT,1575
2018,3,13F-NT/A,4
2018,3,13FCONP,1
2018,3,144,120
2018,3,144/A,4
2018,3,15-12B,60
2018,3,15-12G,59
2018,3,15-12G/A,5
2018,3,15-15D,88
2018,3,15-15D/A,1
2018,3,18-K,12
2018,3,18-K/A,21
2018,3,19B-4E,616
2018,3,20-F,48
2018,3,20-F/A,19
2018,3,20FR12B,2
2018,3,20FR12B/A,4
2018,3,20FR12G,1
2018,3,20FR12G/A,2
2018,3,24F-2NT,922
2018,3,24F-2NT/A,2
2018,3,25,33
2018,3,25-NSE,304
2018,3,25-NSE/A,4
2018,3,253G1,7
2018,3,253G2,90
2018,3,3,7246
2018,3,3/A,239
2018,3,305B2,35
2018,3,4,72402
2018,3,4/A,1411
2018,3,40-17F1,29
2018,3,40-17F2,299
2018,3,40-17F2/A,1
2018,3,40-17G,487
2018,3,40-17G/A,75
2018,3,40-206A/A,1
2018,3,40-24B2,79
2018,3,40-24B2/A,1
2018,3,40-33,1
2018,3,40-6B,2
2018,3,40-8B25,2
2018,3,40-APP,244
2018,3,40-APP/A,406
2018,3,40-F,1
2018,3,40-F/A,1
2018,3,40-OIP/A,3
2018,3,40FR12B,1
2018,3,40FR12G,1
2018,3,424A,1
2018,3,424B1,12
2018,3,424B2,11454
2018,3,424B3,1978
2018,3,424B4,114
2018,3,424B5,707
2018,3,424B7,43
2018,3,424B8,53
2018,3,424H,90
2018,3,424H/A,6
2018,3,425,1349
2018,3,485APOS,246
2018,3,485BPOS,1371
2018,3,485BXT,351
2018,3,486APOS,5
2018,3,486BPOS,12
2018,3,486BXT,10
2018,3,487,236
2018,3,497,4354
2018,3,497AD,57
2018,3,497J,849
2018,3,497K,4181
2018,3,5,222
2018,3,5/A,22
2018,3,6-K,5095
2018,3,6-K/A,70
2018,3,8-A12B,205
2018,3,8-A12B/A,29
2018,3,8-A12G,20
2018,3,8-A12G/A,4
2018,3,8-K,15471
2018,3,8-K/A,402
2018,3,8-K12B,4
2018,3,8-K12B/A,2
2018,3,8-K12G3,1
2018,3,ABS-15G,306
2018,3,ABS-15G/A,114
2018,3,ABS-EE,677
2018,3,ABS-EE/A,6
2018,3,ADV-H-T,1
2018,3,ADV-NR,18
2018,3,ANNLRPT,4
2018,3,APP NTC,11
2018,3,APP ORDR,8
2018,3,APP WD,15
2018,3,ARS,5
2018,3,AW,37
2018,3,AW WD,1
2018,3,C,202
2018,3,C-AR,6
2018,3,C-AR-W,1
2018,3,C-AR/A,2
2018,3,C-TR,1
2018,3,C-TR-W,1
2018,3,C-U,101
2018,3,C-W,14
2018,3,C/A,173
2018,3,CB,13
2018,3,CB/A,10
2018,3,CERT,193
2018,3,CERTCBO,10
2018,3,CFPORTAL,3
2018,3,CFPORTAL-W,1
2018,3,CFPORTAL/A,3
2018,3,CORRESP,2664
2018,3,CT ORDER,328
2018,3,D,6678
2018,3,D/A,3910
2018,3,DEF 14A,885
2018,3,DEF 14C,113
2018,3,DEFA14A,757
2018,3,DEFA14C,2
2018,3,DEFC14A,20
2018,3,DEFM14A,66
2018,3,DEFR14A,16
2018,3,DEFR14C,2
2018,3,DEL AM,15
2018,3,DFAN14A,128
2018,3,DFRN14A,2
2018,3,DOS,11
2018,3,DOS/A,11
2018,3,DOSLTR,9
2018,3,DRS,95
2018,3,DRS/A,137
2018,3,DRSLTR,132
2018,3,DSTRBRPT,17
2018,3,EFFECT,1113
2018,3,F-1,35
2018,3,F-1/A,94
2018,3,F-10,5
2018,3,F-10/A,12
2018,3,F-1MEF,3
2018,3,F-3,190
2018,3,F-3/A,14
2018,3,F-3ASR,15
2018,3,F-3D,1
2018,3,F-4,13
2018,3,F-4/A,13
2018,3,F-6,46
2018,3,F-6 POS,66
2018,3,F-6/A,12
2018,3,F-6EF,82
2018,3,F-7,2
2018,3,F-N,7
2018,3,F-X,21
2018,3,FOCUSN,78
2018,3,FOCUSN/A,4
2018,3,FWP,2686
2018,3,G-FIN,1
2018,3,G-FIN/A,4
2018,3,IRANNOTICE,61
2018,3,MA,8
2018,3,MA-A,23
2018,3,MA-I,112
2018,3,MA-I/A,359
2018,3,MA-W,14
2018,3,MA/A,71
2018,3,MSD/A,4
2018,3,N-14,32
2018,3,N-14 8C,8
2018,3,N-14 8C/A,9
2018,3,N-14/A,20
2018,3,N-18F1,4
2018,3,N-1A,9
2018,3,N-1A/A,15
2018,3,N-2,28
2018,3,N-2/A,64
2018,3,N-23C-2,40
2018,3,N-23C3A,49
2018,3,N-23C3A/A,2
2018,3,N-23C3B,1
2018,3,N-2MEF,1
2018,3,N-30B-2,145
2018,3,N-30D,147
2018,3,N-4,9
2018,3,N-4/A,1
2018,3,N-54A,2
2018,3,N-54C,5
2018,3,N-6,2
2018,3,N-6/A,3
2018,3,N-8A,24
2018,3,N-8A/A,3
2018,3,N-8B-2/A,1
2018,3,N-8F,28
2018,3,N-8F NTC,29
2018,3,N-8F ORDR,32
2018,3,N-8F/A,17
2018,3,N-CEN,139
2018,3,N-CEN/A,12
2018,3,N-CR,1
2018,3,N-CSR,533
2018,3,N-CSR/A,33
2018,3,N-CSRS,1343
2018,3,N-CSRS/A,18
2018,3,N-MFP2,1292
2018,3,N-MFP2/A,61
2018,3,N-PX,2770
2018,3,N-PX/A,27
2018,3,N-Q,1461
2018,3,N-Q/A,8
2018,3,NRSRO-CE/A,4
2018,3,NRSRO-UPD,9
2018,3,NSAR-A,37
2018,3,NSAR-B,149
2018,3,NSAR-B/A,12
2018,3,NT 10-K,114
2018,3,NT 10-Q,482
2018,3,NT 10-Q/A,2
2018,3,NT 11-K,8
2018,3,NT 20-F,5
2018,3,NT N-CEN,7
2018,3,NT N-MFP2,5
2018,3,NT-NCEN,3
2018,3,NT-NCSR,3
2018,3,NT-NCSR/A,1
2018,3,NTFNCSR,1
2018,3,OIP ORDR,1
2018,3,POS 8C,44
2018,3,POS AM,269
2018,3,POS AMI,40
2018,3,POS EX,87
2018,3,POSASR,377
2018,3,PRE 14A,193
2018,3,PRE 14C,67
2018,3,PREC14A,18
2018,3,PREM14A,43
2018,3,PREM14C,1
2018,3,PREN14A,4
2018,3,PRER14A,46
2018,3,PRER14C,14
2018,3,PRRN14A,8
2018,3,PX14A6G,28
2018,3,QRTLYRPT,5
2018,3,QUALIF,84
2018,3,REVOCATION-MA,1
2018,3,REVOKED,3
2018,3,RW,109
2018,3,RW WD,7
2018,3,S-1,201
2018,3,S-1/A,407
2018,3,S-11,2
2018,3,S-11/A,5
2018,3,S-11MEF,1
2018,3,S-1MEF,30
2018,3,S-3,171
2018,3,S-3/A,87
2018,3,S-3ASR,798
2018,3,S-3D,4
2018,3,S-3DPOS,4
2018,3,S-3MEF,5
2018,3,S-4,446
2018,3,S-4 POS,1
2018,3,S-4/A,229
2018,3,S-4MEF,1
2018,3,S-6,272
2018,3,S-6/A,65
2018,3,S-8,456
2018,3,S-8 POS,318
2018,3,S-B,2
2018,3,S-B/A,3
2018,3,SC 13D,600
2018,3,SC 13D/A,1676
2018,3,SC 13E3,7
2018,3,SC 13E3/A,38
2018,3,SC 13G,1071
2018,3,SC 13G/A,1651
2018,3,SC 14D9,11
2018,3,SC 14D9/A,36
2018,3,SC 14F1,16
2018,3,SC TO-C,44
2018,3,SC TO-I,125
2018,3,SC TO-I/A,173
2018,3,SC TO-T,24
2018,3,SC TO-T/A,90
2018,3,SC13E4F,1
2018,3,SC14D1F,4
2018,3,SC14D9C,15
2018,3,SC14D9F,2
2018,3,SD,5
2018,3,SE,8
2018,3,SEC STAFF ACTION,12
2018,3,SF-3,8
2018,3,SF-3/A,7
2018,3,SUPPL,11
2018,3,T-3,86
2018,3,T-3/A,32
2018,3,TA-1,1
2018,3,TA-1/A,26
2018,3,TA-2,4
2018,3,TA-2/A,8
2018,3,TA-W,1
2018,3,UPLOAD,1982
2018,3,X-17A-5,219
2018,3,X-17A-5/A,16
2018,4,1-A,28
2018,4,1-A POS,45
2018,4,1-A-W,10
2018,4,1-A/A,88
2018,4,1-K,4
2018,4,1-SA,26
2018,4,1-SA/A,1
2018,4,1-U,104
2018,4,1-Z,5
2018,4,1/A,48
2018,4,10-12B,4
2018,4,10-12B/A,12
2018,4,10-12G,12
2018,4,10-12G/A,33
2018,4,10-D,2169
2018,4,10-D/A,10
2018,4,10-K,490
2018,4,10-K/A,102
2018,4,10-KT,3
2018,4,10-KT/A,5
2018,4,10-Q,5876
2018,4,10-Q/A,191
2018,4,11-K,18
2018,4,11-K/A,1
2018,4,13F-HR,4844
2018,4,13F-HR/A,249
2018,4,13F-NT,1561
2018,4,13F-NT/A,5
2018,4,144,54
2018,4,15-12B,79
2018,4,15-12G,86
2018,4,15-12G/A,13
2018,4,15-15D,45
2018,4,15-15D/A,5
2018,4,15F-12B,1
2018,4,18-K,7
2018,4,18-K/A,39
2018,4,19B-4E,491
2018,4,20-F,42
2018,4,20-F/A,18
2018,4,20FR12B,5
2018,4,20FR12B/A,2
2018,4,20FR12G,2
2018,4,20FR12G/A,3
2018,4,24F-2NT,1362
2018,4,24F-2NT/A,3
2018,4,25,27
2018,4,25-NSE,440
2018,4,25-NSE/A,2
2018,4,253G1,1
2018,4,253G2,98
2018,4,3,6577
2018,4,3/A,232
2018,4,305B2,26
2018,4,4,77562
2018,4,4/A,1488
2018,4,40-17F1,7
2018,4,40-17F2,83
2018,4,40-17G,890
2018,4,40-17G/A,46
2018,4,40-24B2,76
2018,4,40-33,7
2018,4,40-6B/A,4
2018,4,40-8B25,3
2018,4,40-8F-2/A,1
2018,4,40-APP,459
2018,4,40-APP/A,265
2018,4,40-F,7
2018,4,40-OIP/A,10
2018,4,40FR12B,3
2018,4,40FR12B/A,2
2018,4,424A,1
2018,4,424B1,11
2018,4,424B2,11624
2018,4,424B3,2218
2018,4,424B4,96
2018,4,424B5,516
2018,4,424B7,33
2018,4,424B8,59
2018,4,424H,75
2018,4,424H/A,4
2018,4,425,1291
2018,4,485APOS,250
2018,4,485BPOS,1631
2018,4,485BXT,343
2018,4,486APOS,8
2018,4,486BPOS,17
2018,4,486BXT,6
2018,4,487,240
2018,4,497,4917
2018,4,497AD,60
2018,4,497J,1153
2018,4,497K,5160
2018,4,5,272
2018,4,5/A,14
2018,4,6-K,5396
2018,4,6-K/A,55
2018,4,8-A12B,208
2018,4,8-A12B/A,22
2018,4,8-A12G,19
2018,4,8-A12G/A,2
2018,4,8-K,16293
2018,4,8-K/A,440
2018,4,8-K12B,12
2018,4,8-K12B/A,1
2018,4,8-K12G3,4
2018,4,8-M,5
2018,4,ABS-15G,314
2018,4,ABS-15G/A,122
2018,4,ABS-EE,823
2018,4,ABS-EE/A,14
2018,4,ADV-NR,27
2018,4,ANNLRPT,1
2018,4,APP NTC,23
2018,4,APP ORDR,17
2018,4,APP WD,164
2018,4,ARS,1
2018,4,AW,37
2018,4,AW WD,1
2018,4,C,208
2018,4,C-AR,5
2018,4,C-TR,2
2018,4,C-U,68
2018,4,C-U-W,1
2018,4,C-W,13
2018,4,C/A,193
2018,4,CB,14
2018,4,CB/A,2
2018,4,CERT,199
2018,4,CERTCBO,12
2018,4,CFPORTAL,2
2018,4,CFPORTAL-W,1
2018,4,CFPORTAL/A,16
2018,4,CORRESP,2299
2018,4,CT ORDER,311
2018,4,D,6967
2018,4,D/A,3937
2018,4,DEF 14A,605
2018,4,DEF 14C,113
2018,4,DEFA14A,743
2018,4,DEFA14C,3
2018,4,DEFC14A,28
2018,4,DEFM14A,69
2018,4,DEFM14C,4
2018,4,DEFR14A,13
2018,4,DEL AM,12
2018,4,DFAN14A,177
2018,4,DFRN14A,8
2018,4,DOS,11
2018,4,DOS/A,15
2018,4,DOSLTR,14
2018,4,DRS,112
2018,4,DRS/A,123
2018,4,DRSLTR,102
2018,4,DSTRBRPT,23
2018,4,DSTRBRPT/A,2
2018,4,EFFECT,1174
2018,4,F-1,24
2018,4,F-1/A,71
2018,4,F-10,9
2018,4,F-10/A,7
2018,4,F-1MEF,3
2018,4,F-3,19
2018,4,F-3/A,6
2018,4,F-3ASR,5
2018,4,F-4,14
2018,4,F-4/A,20
2018,4,F-6,50
2018,4,F-6 POS,64
2018,4,F-6/A,12
2018,4,F-6EF,76
2018,4,F-7/A,2
2018,4,F-8/A,1
2018,4,F-80,1
2018,4,F-80POS,4
2018,4,F-N,8
2018,4,F-X,23
2018,4,F-X/A,2
2018,4,FOCUSN,60
2018,4,FOCUSN/A,1
2018,4,FWP,2985
2018,4,G-FIN,1
2018,4,G-FIN/A,3
2018,4,IRANNOTICE,57
2018,4,MA,6
2018,4,MA-A,17
2018,4,MA-I,110
2018,4,MA-I/A,342
2018,4,MA-W,13
2018,4,MA/A,49
2018,4,MSD/A,10
2018,4,N-14,39
2018,4,N-14 8C,5
2018,4,N-14 8C/A,4
2018,4,N-14/A,16
2018,4,N-18F1,5
2018,4,N-1A,11
2018,4,N-1A/A,9
2018,4,N-2,27
2018,4,N-2/A,45
2018,4,N-23C-2,20
2018,4,N-23C3A,50
2018,4,N-23C3A/A,1
2018,4,N-23C3B,1
2018,4,N-2MEF,2
2018,4,N-30B-2,56
2018,4,N-30D,4
2018,4,N-4,6
2018,4,N-4/A,3
2018,4,N-54A,2
2018,4,N-6/A,2
2018,4,N-8A,27
2018,4,N-8A/A,9
2018,4,N-8B-2/A,1
2018,4,N-8F,32
2018,4,N-8F NTC,14
2018,4,N-8F ORDR,11
2018,4,N-8F/A,26
2018,4,N-CEN,603
2018,4,N-CEN/A,41
2018,4,N-CR,5
2018,4,N-CSR,888
2018,4,N-CSR/A,23
2018,4,N-CSRS,464
2018,4,N-CSRS/A,8
2018,4,N-MFP2,1248
2018,4,N-MFP2/A,79
2018,4,N-PX,7
2018,4,N-Q,1613
2018,4,N-Q/A,4
2018,4,NRSRO-CE/A,1
2018,4,NRSRO-UPD,9
2018,4,NSAR-A,2
2018,4,NSAR-B,1
2018,4,NSAR-B/A,3
2018,4,NT 10-K,109
2018,4,NT 10-K/A,2
2018,4,NT 10-Q,494
2018,4,NT 10-Q/A,1
2018,4,NT 11-K,1
2018,4,NT 20-F,3
2018,4,NT 20-F/A,1
2018,4,NT N-CEN,5
2018,4,NT N-MFP2,47
2018,4,NT-NCEN,2
2018,4,NT-NCSR,3
2018,4,OIP NTC,1
2018,4,POS 8C,22
2018,4,POS AM,185
2018,4,POS AMI,33
2018,4,POS EX,99
2018,4,POS462B,4
2018,4,POSASR,54
2018,4,PRE 14A,139
2018,4,PRE 14C,62
2018,4,PREC14A,30
2018,4,PREM14A,35
2018,4,PREM14C,3
2018,4,PREN14A,2
2018,4,PRER14A,36
2018,4,PRER14C,14
2018,4,PRRN14A,24
2018,4,PX14A6G,30
2018,4,QRTLYRPT,4
2018,4,QRTLYRPT/A,1
2018,4,QUALIF,45
2018,4,REG-NR,3
2018,4,REVOKED,51
2018,4,RW,86
2018,4,RW WD,2
2018,4,S-1,179
2018,4,S-1/A,349
2018,4,S-11,1
2018,4,S-11/A,5
2018,4,S-1MEF,17
2018,4,S-3,235
2018,4,S-3/A,60
2018,4,S-3ASR,180
2018,4,S-3D,3
2018,4,S-3DPOS,7
2018,4,S-3MEF,3
2018,4,S-4,227
2018,4,S-4 POS,1
2018,4,S-4/A,123
2018,4,S-4MEF,4
2018,4,S-6,292
2018,4,S-6/A,73
2018,4,S-8,374
2018,4,S-8 POS,562
2018,4,S-B,2
2018,4,S-B/A,3
2018,4,SC 13D,613
2018,4,SC 13D/A,2132
2018,4,SC 13E3,16
2018,4,SC 13E3/A,40
2018,4,SC 13G,1070
2018,4,SC 13G/A,1444
2018,4,SC 14D9,26
2018,4,SC 14D9/A,64
2018,4,SC 14F1,8
2018,4,SC 14F1/A,3
2018,4,SC 14N,2
2018,4,SC TO-C,43
2018,4,SC TO-I,114
2018,4,SC TO-I/A,137
2018,4,SC TO-T,36
2018,4,SC TO-T/A,136
2018,4,SC13E4F/A,2
2018,4,SC14D1F/A,8
2018,4,SC14D9C,10
2018,4,SD,2
2018,4,SD/A,1
2018,4,SE,2
2018,4,SEC STAFF ACTION,24
2018,4,SF-3,34
2018,4,SF-3/A,19
2018,4,SUPPL,14
2018,4,T-3,62
2018,4,T-3/A,120
2018,4,TA-1,1
2018,4,TA-1/A,28
2018,4,TA-2/A,1
2018,4,TA-W,1
2018,4,UPLOAD,1834
2018,4,X-17A-5,173
2018,4,X-17A-5/A,8
2019,1,1-A,45
2019,1,1-A POS,36
2019,1,1-A-W,10
2019,1,1-A/A,77
2019,1,1-K,9
2019,1,1-SA,8
2019,1,1-U,117
2019,1,1-Z,5
2019,1,1/A,65
2019,1,10-12B,6
2019,1,10-12B/A,13
2019,1,10-12G,21
2019,1,10-12G/A,13
2019,1,10-D,2185
2019,1,10-D/A,46
2019,1,10-K,4870
2019,1,10-K/A,154
2019,1,10-KT,21
2019,1,10-KT/A,2
2019,1,10-Q,1269
2019,1,10-Q/A,95
2019,1,10-QT,4
2019,1,11-K,36
2019,1,11-K/A,1
2019,1,13F-HR,5085
2019,1,13F-HR/A,224
2019,1,13F-NT,1570
2019,1,13F-NT/A,8
2019,1,144,112
2019,1,15-12B,79
2019,1,15-12B/A,2
2019,1,15-12G,68
2019,1,15-12G/A,6
2019,1,15-15D,77
2019,1,15-15D/A,3
2019,1,15F-12B,2
2019,1,15F-12G,2
2019,1,15F-15D,1
2019,1,18-K,5
2019,1,18-K/A,39
2019,1,19B-4E,138
2019,1,20-F,232
2019,1,20-F/A,14
2019,1,20FR12B,1
2019,1,20FR12B/A,7
2019,1,20FR12G,1
2019,1,24F-2NT,3448
2019,1,24F-2NT/A,5
2019,1,25,20
2019,1,25-NSE,406
2019,1,25-NSE/A,16
2019,1,253G2,96
2019,1,3,7739
2019,1,3/A,349
2019,1,305B2,38
2019,1,4,122931
2019,1,4/A,3151
2019,1,40-17F1,18
2019,1,40-17F2,73
2019,1,40-17G,535
2019,1,40-17G/A,41
2019,1,40-206A/A,2
2019,1,40-24B2,91
2019,1,40-24B2/A,3
2019,1,40-6B,3
2019,1,40-8B25,2
2019,1,40-APP,110
2019,1,40-APP/A,254
2019,1,40-F,102
2019,1,40-F/A,5
2019,1,40-OIP/A,7
2019,1,40FR12B,4
2019,1,40FR12B/A,1
2019,1,40FR12G,1
2019,1,424A,1
2019,1,424B1,5
2019,1,424B2,11143
2019,1,424B3,1676
2019,1,424B4,69
2019,1,424B5,894
2019,1,424B7,37
2019,1,424B8,49
2019,1,424H,85
2019,1,424H/A,10
2019,1,425,1398
2019,1,485APOS,259
2019,1,485BPOS,1921
2019,1,485BXT,332
2019,1,486APOS,4
2019,1,486BPOS,23
2019,1,486BXT,1
2019,1,487,234
2019,1,497,4622
2019,1,497AD,58
2019,1,497J,1167
2019,1,497K,6248
2019,1,5,4511
2019,1,5/A,74
2019,1,6-K,5346
2019,1,6-K/A,86
2019,1,8-A12B,193
2019,1,8-A12B/A,19
2019,1,8-A12G,17
2019,1,8-A12G/A,2
2019,1,8-K,16449
2019,1,8-K/A,460
2019,1,8-K12B,6
2019,1,8-K12B/A,2
2019,1,8-K12G3,2
2019,1,8-M,1
2019,1,ABS-15G,985
2019,1,ABS-15G/A,136
2019,1,ABS-EE,941
2019,1,ABS-EE/A,10
2019,1,ADV-NR,5
2019,1,APP NTC,23
2019,1,APP ORDR,21
2019,1,APP WD,7
2019,1,ARS,6
2019,1,AW,41
2019,1,C,156
2019,1,C-AR,18
2019,1,C-TR,6
2019,1,C-U,88
2019,1,C-W,13
2019,1,C/A,199
2019,1,CB,3
2019,1,CERT,179
2019,1,CERTCBO,11
2019,1,CFPORTAL,3
2019,1,CFPORTAL-W,2
2019,1,CFPORTAL/A,16
2019,1,CORRESP,1479
2019,1,CT ORDER,302
2019,1,D,6792
2019,1,D/A,5577
2019,1,DEF 14A,1532
2019,1,DEF 14C,123
2019,1,DEFA14A,1321
2019,1,DEFA14C,5
2019,1,DEFC14A,11
2019,1,DEFM14A,51
2019,1,DEFM14C,1
2019,1,DEFN14A,2
2019,1,DEFR14A,33
2019,1,DEFR14C,2
2019,1,DEL AM,17
2019,1,DFAN14A,186
2019,1,DFRN14A,10
2019,1,DOS,5
2019,1,DOS/A,10
2019,1,DOSLTR,11
2019,1,DRS,89
2019,1,DRS/A,102
2019,1,DRSLTR,90
2019,1,DSTRBRPT,19
2019,1,EFFECT,649
2019,1,F-1,23
2019,1,F-1/A,63
2019,1,F-10,17
2019,1,F-10/A,17
2019,1,F-10POS,2
2019,1,F-1MEF,3
2019,1,F-3,16
2019,1,F-3/A,2
2019,1,F-3ASR,11
2019,1,F-3DPOS,2
2019,1,F-4,5
2019,1,F-4/A,4
2019,1,F-6,32
2019,1,F-6 POS,42
2019,1,F-6/A,12
2019,1,F-6EF,78
2019,1,F-7,1
2019,1,F-N,2
2019,1,F-X,40
2019,1,F-X/A,45
2019,1,FOCUSN,985
2019,1,FOCUSN/A,13
2019,1,FWP,3466
2019,1,G-405,2
2019,1,G-405N,2
2019,1,IRANNOTICE,125
2019,1,MA,13
2019,1,MA-A,258
2019,1,MA-I,173
2019,1,MA-I/A,545
2019,1,MA-W,8
2019,1,MA/A,53
2019,1,MSDW,1
2019,1,N-14,45
2019,1,N-14 8C,3
2019,1,N-14 8C/A,1
2019,1,N-14/A,18
2019,1,N-18F1,6
2019,1,N-1A,4
2019,1,N-1A/A,15
2019,1,N-2,32
2019,1,N-2/A,35
2019,1,N-23C-2,14
2019,1,N-23C3A,61
2019,1,N-23C3A/A,2
2019,1,N-23C3B,1
2019,1,N-2MEF,1
2019,1,N-30B-2,173
2019,1,N-30D,145
2019,1,N-4,9
2019,1,N-4/A,7
2019,1,N-54A,1
2019,1,N-6,15
2019,1,N-8A,25
2019,1,N-8A/A,3
2019,1,N-8F,26
2019,1,N-8F NTC,29
2019,1,N-8F ORDR,26
2019,1,N-8F/A,5
2019,1,N-CEN,1943
2019,1,N-CEN/A,229
2019,1,N-CR,1
2019,1,N-CSR,1356
2019,1,N-CSR/A,45
2019,1,N-CSRS,527
2019,1,N-CSRS/A,3
2019,1,N-MFP2,1249
2019,1,N-MFP2/A,24
2019,1,N-PX,10
2019,1,N-PX/A,1
2019,1,N-Q,1441
2019,1,N-Q/A,4
2019,1,NRSRO-CE,10
2019,1,NRSRO-UPD,3
2019,1,NSAR-B,1
2019,1,NSAR-B/A,2
2019,1,NSAR-U,11
2019,1,NT 10-K,236
2019,1,NT 10-K/A,2
2019,1,NT 10-Q,156
2019,1,NT 20-F,6
2019,1,NT N-CEN,65
2019,1,NT N-MFP2,1
2019,1,NT-NCEN,45
2019,1,NT-NCSR,8
2019,1,NT-NCSR/A,1
2019,1,NTFNCEN,10
2019,1,POS 8C,31
2019,1,POS AM,218
2019,1,POS AMI,60
2019,1,POS EX,90
2019,1,POS462B,1
2019,1,POSASR,188
2019,1,PRE 14A,309
2019,1,PRE 14C,74
2019,1,PREC14A,26
2019,1,PREM14A,27
2019,1,PREM14C,1
2019,1,PREN14A,2
2019,1,PRER14A,19
2019,1,PRER14C,6
2019,1,PRRN14A,8
2019,1,PX14A6G,78
2019,1,QRTLYRPT,5
2019,1,QUALIF,39
2019,1,REG-NR,1
2019,1,REVOKED,93
2019,1,RW,57
2019,1,RW WD,1
2019,1,S-1,139
2019,1,S-1/A,258
2019,1,S-11,4
2019,1,S-11/A,1
2019,1,S-11MEF,1
2019,1,S-1MEF,10
2019,1,S-3,179
2019,1,S-3/A,47
2019,1,S-3ASR,985
2019,1,S-3D,8
2019,1,S-3DPOS,7
2019,1,S-3MEF,3
2019,1,S-4,384
2019,1,S-4/A,141
2019,1,S-4MEF,2
2019,1,S-6,244
2019,1,S-6/A,76
2019,1,S-8,559
2019,1,S-8 POS,519
2019,1,S-B/A,3
2019,1,SC 13D,618
2019,1,SC 13D/A,2077
2019,1,SC 13E3,6
2019,1,SC 13E3/A,40
2019,1,SC 13G,8499
2019,1,SC 13G/A,27015
2019,1,SC 14D9,12
2019,1,SC 14D9/A,33
2019,1,SC 14F1,4
2019,1,SC TO-C,28
2019,1,SC TO-I,112
2019,1,SC TO-I/A,156
2019,1,SC TO-T,22
2019,1,SC TO-T/A,96
2019,1,SC14D1F,2
2019,1,SC14D1F/A,8
2019,1,SC14D9C,9
2019,1,SC14D9F,1
2019,1,SD,9
2019,1,SE,1
2019,1,SEC ACTION,1
2019,1,SEC STAFF ACTION,36
2019,1,SF-3,17
2019,1,SF-3/A,17
2019,1,SUPPL,27
2019,1,T-3/A,20
2019,1,TA-1,5
2019,1,TA-1/A,45
2019,1,TA-2,240
2019,1,TA-2/A,9
2019,1,TA-W,4
2019,1,UPLOAD,985
2019,1,X-17A-5,2885
2019,1,X-17A-5/A,78
2019,2,1-A,53
2019,2,1-A POS,59
2019,2,1-A-W,9
2019,2,1-A/A,104
2019,2,1-K,81
2019,2,1-K/A,6
2019,2,1-SA,9
2019,2,1-U,120
2019,2,1-U/A,4
2019,2,1-Z,7
2019,2,1/A,81
2019,2,10-12B,5
2019,2,10-12B/A,14
2019,2,10-12G,25
2019,2,10-12G/A,43
2019,2,10-D,2087
2019,2,10-D/A,48
2019,2,10-K,1116
2019,2,10-K/A,439
2019,2,10-KT,3
2019,2,10-Q,5803
2019,2,10-Q/A,184
2019,2,10-QT,1
2019,2,11-K,973
2019,2,11-K/A,4
2019,2,11-KT,1
2019,2,13F-HR,5168
2019,2,13F-HR/A,345
2019,2,13F-NT,1601
2019,2,13F-NT/A,30
2019,2,144,117
2019,2,144/A,23
2019,2,15-12B,63
2019,2,15-12G,47
2019,2,15-12G/A,8
2019,2,15-15D,58
2019,2,15-15D/A,2
2019,2,15F-12B,2
2019,2,15F-12B/A,1
2019,2,15F-12G,1
2019,2,15F-15D,1
2019,2,18-K,14
2019,2,18-K/A,27
2019,2,19B-4E,178
2019,2,20-F,384
2019,2,20-F/A,50
2019,2,20FR12B,1
2019,2,20FR12B/A,2
2019,2,24F-2NT,949
2019,2,24F-2NT/A,1
2019,2,25,21
2019,2,25-NSE,392
2019,2,25-NSE/A,22
2019,2,25/A,3
2019,2,253G1,4
2019,2,253G2,110
2019,2,3,8772
2019,2,3/A,344
2019,2,305B2,29
2019,2,4,99600
2019,2,4/A,2089
2019,2,40-17F1,3
2019,2,40-17F2,54
2019,2,40-17G,741
2019,2,40-17G/A,18
2019,2,40-202A,2
2019,2,40-206A,2
2019,2,40-24B2,94
2019,2,40-33,1
2019,2,40-6B/A,8
2019,2,40-8B25,4
2019,2,40-8F-2/A,1
2019,2,40-APP,313
2019,2,40-APP/A,455
2019,2,40-F,20
2019,2,40-F/A,10
2019,2,40-OIP,8
2019,2,40-OIP/A,8
2019,2,40FR12B,2
2019,2,40FR12B/A,3
2019,2,40FR12G,1
2019,2,424B1,40
2019,2,424B2,12804
2019,2,424B3,2465
2019,2,424B4,135
2019,2,424B5,1082
2019,2,424B7,23
2019,2,424B8,56
2019,2,424H,66
2019,2,424H/A,6
2019,2,425,1033
2019,2,485APOS,214
2019,2,485BPOS,2987
2019,2,485BXT,356
2019,2,486APOS,4
2019,2,486BPOS,29
2019,2,486BXT,1
2019,2,487,221
2019,2,497,5677
2019,2,497AD,67
2019,2,497J,2060
2019,2,497K,6870
2019,2,5,329
2019,2,5/A,4
2019,2,6-K,6239
2019,2,6-K/A,85
2019,2,6B ORDR,1
2019,2,8-A12B,246
2019,2,8-A12B/A,27
2019,2,8-A12G,16
2019,2,8-A12G/A,2
2019,2,8-K,18635
2019,2,8-K/A,462
2019,2,8-K12B,5
2019,2,8-K12B/A,1
2019,2,8-K12G3,1
2019,2,8-K12G3/A,1
2019,2,8-M,2
2019,2,ABS-15G,319
2019,2,ABS-15G/A,125
2019,2,ABS-EE,1015
2019,2,ABS-EE/A,36
2019,2,ADV-H-T,13
2019,2,ADV-NR,17
2019,2,ANNLRPT,1
2019,2,APP NTC,11
2019,2,APP ORDR,13
2019,2,APP WD,50
2019,2,APP WDG,6
2019,2,ARS,12
2019,2,ATS-N,1
2019,2,ATS-N-C,3
2019,2,ATS-N/UA,1
2019,2,AW,46
2019,2,AW WD,1
2019,2,C,147
2019,2,C-AR,284
2019,2,C-AR/A,8
2019,2,C-TR,24
2019,2,C-U,94
2019,2,C-W,16
2019,2,C/A,167
2019,2,CB,30
2019,2,CB/A,50
2019,2,CERT,237
2019,2,CERTCBO,23
2019,2,CFPORTAL,1
2019,2,CFPORTAL/A,20
2019,2,CORRESP,2889
2019,2,CT ORDER,218
2019,2,D,7109
2019,2,D/A,4691
2019,2,DEF 14A,2532
2019,2,DEF 14C,140
2019,2,DEFA14A,2549
2019,2,DEFA14C,2
2019,2,DEFC14A,65
2019,2,DEFM14A,50
2019,2,DEFM14C,4
2019,2,DEFN14A,6
2019,2,DEFR14A,73
2019,2,DEFR14C,2
2019,2,DEL AM,11
2019,2,DFAN14A,528
2019,2,DFRN14A,18
2019,2,DOS,3
2019,2,DOS/A,9
2019,2,DOSLTR,7
2019,2,DRS,113
2019,2,DRS/A,137
2019,2,DRSLTR,141
2019,2,DSTRBRPT,19
2019,2,EFFECT,1669
2019,2,F-1,38
2019,2,F-1/A,69
2019,2,F-10,13
2019,2,F-10/A,13
2019,2,F-10POS,2
2019,2,F-1MEF,8
2019,2,F-3,197
2019,2,F-3/A,8
2019,2,F-3ASR,18
2019,2,F-3DPOS,1
2019,2,F-3MEF,1
2019,2,F-4,29
2019,2,F-4/A,7
2019,2,F-6,39
2019,2,F-6 POS,32
2019,2,F-6/A,14
2019,2,F-6EF,84
2019,2,F-7,1
2019,2,F-N,9
2019,2,F-X,49
2019,2,F-X/A,52
2019,2,FOCUSN,88
2019,2,FOCUSN/A,6
2019,2,FWP,3600
2019,2,G-FIN,1
2019,2,G-FIN/A,4
2019,2,IRANNOTICE,69
2019,2,MA,7
2019,2,MA-A,43
2019,2,MA-I,190
2019,2,MA-I/A,311
2019,2,MA-W,15
2019,2,MA/A,70
2019,2,MSD/A,7
2019,2,N-14,35
2019,2,N-14 8C,4
2019,2,N-14 8C/A,1
2019,2,N-14/A,19
2019,2,N-18F1,5
2019,2,N-18F1/A,1
2019,2,N-1A,4
2019,2,N-1A/A,12
2019,2,N-2,48
2019,2,N-2/A,56
2019,2,N-23C-2,3
2019,2,N-23C3A,58
2019,2,N-23C3B,1
2019,2,N-2MEF,3
2019,2,N-30B-2,99
2019,2,N-30D,7
2019,2,N-30D/A,1
2019,2,N-4,4
2019,2,N-4/A,15
2019,2,N-54A,1
2019,2,N-54C,1
2019,2,N-6,6
2019,2,N-6/A,7
2019,2,N-6F,2
2019,2,N-8A,16
2019,2,N-8A/A,2
2019,2,N-8F,29
2019,2,N-8F NTC,31
2019,2,N-8F ORDR,34
2019,2,N-8F/A,22
2019,2,N-CEN,406
2019,2,N-CEN/A,223
2019,2,N-CR,1
2019,2,N-CSR,461
2019,2,N-CSR/A,19
2019,2,N-CSRS,854
2019,2,N-CSRS/A,8
2019,2,N-MFP2,1243
2019,2,N-MFP2/A,40
2019,2,N-PX,6
2019,2,N-Q,774
2019,2,N-Q/A,9
2019,2,NPORT-EX,2924
2019,2,NPORT-EX/A,5
2019,2,NRSRO-UPD,6
2019,2,NSAR-B/A,2
2019,2,NT 10-K,425
2019,2,NT 10-K/A,5
2019,2,NT 10-Q,498
2019,2,NT 10-Q/A,3
2019,2,NT 11-K,2
2019,2,NT 20-F,64
2019,2,NT N-CEN,17
2019,2,NT N-MFP2,6
2019,2,NT NPORT-EX,7
2019,2,NT-NCEN,1
2019,2,NT-NCEN/A,1
2019,2,NT-NCSR,2
2019,2,NT-NCSR/A,1
2019,2,OIP ORDR,1
2019,2,POS 8C,61
2019,2,POS AM,267
2019,2,POS AMI,50
2019,2,POS EX,86
2019,2,POS462B,6
2019,2,POSASR,221
2019,2,PRE 14A,299
2019,2,PRE 14C,78
2019,2,PREC14A,54
2019,2,PREM14A,26
2019,2,PREM14C,4
2019,2,PREN14A,8
2019,2,PRER14A,49
2019,2,PRER14C,10
2019,2,PRRN14A,46
2019,2,PX14A6G,262
2019,2,PX14A6N,10
2019,2,QRTLYRPT,3
2019,2,QUALIF,50
2019,2,REG-NR,2
2019,2,REVOKED,245
2019,2,RW,99
2019,2,RW WD,2
2019,2,S-1,235
2019,2,S-1/A,369
2019,2,S-11,10
2019,2,S-11/A,12
2019,2,S-1MEF,30
2019,2,S-3,189
2019,2,S-3/A,100
2019,2,S-3ASR,236
2019,2,S-3D,3
2019,2,S-3DPOS,5
2019,2,S-3MEF,5
2019,2,S-4,249
2019,2,S-4/A,194
2019,2,S-4MEF,1
2019,2,S-6,256
2019,2,S-6/A,59
2019,2,S-8,692
2019,2,S-8 POS,362
2019,2,S-B,1
2019,2,S-B/A,2
2019,2,SC 13D,577
2019,2,SC 13D/A,1867
2019,2,SC 13E3,9
2019,2,SC 13E3/A,15
2019,2,SC 13G,1144
2019,2,SC 13G/A,1471
2019,2,SC 14D9,7
2019,2,SC 14D9/A,36
2019,2,SC 14F1,8
2019,2,SC 14N,3
2019,2,SC 14N/A,2
2019,2,SC TO-C,80
2019,2,SC TO-I,124
2019,2,SC TO-I/A,151
2019,2,SC TO-T,14
2019,2,SC TO-T/A,84
2019,2,SC13E4F,1
2019,2,SC14D1F/A,4
2019,2,SC14D9C,11
2019,2,SD,1075
2019,2,SD/A,2
2019,2,SE,3
2019,2,SEC ACTION,1
2019,2,SEC STAFF ACTION,44
2019,2,SEC STAFF LETTER,63
2019,2,SF-1,2
2019,2,SF-3,11
2019,2,SF-3/A,3
2019,2,STOP ORDER,1
2019,2,SUPPL,21
2019,2,T-3,168
2019,2,T-3/A,116
2019,2,TA-1,10
2019,2,TA-1/A,46
2019,2,TA-2,18
2019,2,TA-2/A,7
2019,2,TA-W,4
2019,2,UPLOAD,2015
2019,2,X-17A-5,260
2019,2,X-17A-5/A,40
2019,3,1,1
2019,3,1-A,57
2019,3,1-A POS,45
2019,3,1-A-W,18
2019,3,1-A-W/A,3
2019,3,1-A/A,135
2019,3,1-K,11
2019,3,1-K/A,1
2019,3,1-SA,79
2019,3,1-SA/A,2
2019,3,1-U,122
2019,3,1-U/A,2
2019,3,1-Z,6
2019,3,1/A,60
2019,3,10-12B,16
2019,3,10-12B/A,7
2019,3,10-12G,23
2019,3,10-12G/A,30
2019,3,10-D,2210
2019,3,10-D/A,26
2019,3,10-K,488
2019,3,10-K/A,107
2019,3,10-KT,1
2019,3,10-Q,5699
2019,3,10-Q/A,138
2019,3,10-QT,1
2019,3,11-K,53
2019,3,11-K/A,6
2019,3,13F-HR,5058
2019,3,13F-HR/A,301
2019,3,13F-NT,1553
2019,3,13F-NT/A,21
2019,3,13FCONP,1
2019,3,144,73
2019,3,144/A,6
2019,3,15-12B,59
2019,3,15-12B/A,1
2019,3,15-12G,48
2019,3,15-15D,226
2019,3,15F-12B,3
2019,3,15F-12G,2
2019,3,15F-15D,4
2019,3,15F-15D/A,1
2019,3,18-K,11
2019,3,18-K/A,34
2019,3,19B-4E,108
2019,3,20-F,54
2019,3,20-F/A,27
2019,3,20FR12B,2
2019,3,20FR12B/A,2
2019,3,24F-2NT,1218
2019,3,24F-2NT/A,7
2019,3,25,25
2019,3,25-NSE,372
2019,3,25-NSE/A,4
2019,3,25/A,1
2019,3,253G1,4
2019,3,253G2,115
2019,3,3,7045
2019,3,3/A,180
2019,3,305B2,45
2019,3,4,70321
2019,3,4/A,1420
2019,3,40-17F1,44
2019,3,40-17F2,235
2019,3,40-17G,463
2019,3,40-17G/A,75
2019,3,40-202A/A,2
2019,3,40-24B2,86
2019,3,40-33,2
2019,3,40-6B,6
2019,3,40-6B/A,4
2019,3,40-8F-2/A,1
2019,3,40-APP,138
2019,3,40-APP/A,660
2019,3,40-F,4
2019,3,40-F/A,5
2019,3,40-OIP/A,24
2019,3,40FR12B,2
2019,3,40FR12B/A,1
2019,3,40FR12G,1
2019,3,424B1,12
2019,3,424B2,12941
2019,3,424B3,1772
2019,3,424B4,93
2019,3,424B5,1854
2019,3,424B7,40
2019,3,424B8,61
2019,3,424H,96
2019,3,424H/A,6
2019,3,425,1009
2019,3,485APOS,202
2019,3,485BPOS,1271
2019,3,485BXT,288
2019,3,486APOS,12
2019,3,486BPOS,15
2019,3,486BXT,4
2019,3,487,235
2019,3,497,4185
2019,3,497AD,60
2019,3,497J,812
2019,3,497K,4248
2019,3,5,228
2019,3,5/A,8
2019,3,6-K,5368
2019,3,6-K/A,50
2019,3,8-A12B,191
2019,3,8-A12B/A,18
2019,3,8-A12G,10
2019,3,8-A12G/A,4
2019,3,8-K,15346
2019,3,8-K/A,415
2019,3,8-K12B,8
2019,3,8-K12B/A,1
2019,3,8-K12G3,1
2019,3,ABS-15G,355
2019,3,ABS-15G/A,120
2019,3,ABS-EE,1131
2019,3,ABS-EE/A,21
2019,3,ADV-H-C,1
2019,3,ADV-NR,16
2019,3,ANNLRPT,4
2019,3,APP NTC,14
2019,3,APP ORDR,12
2019,3,APP WD,6
2019,3,ARS,4
2019,3,ATS-N,1
2019,3,ATS-N-C,2
2019,3,ATS-N/CA,2
2019,3,ATS-N/MA,6
2019,3,ATS-N/UA,21
2019,3,AW,36
2019,3,C,175
2019,3,C-AR,9
2019,3,C-AR/A,1
2019,3,C-TR,9
2019,3,C-U,84
2019,3,C-U-W,1
2019,3,C-W,13
2019,3,C/A,192
2019,3,CB,9
2019,3,CB/A,82
2019,3,CERT,185
2019,3,CERTBATS,2
2019,3,CFPORTAL,2
2019,3,CFPORTAL-W,2
2019,3,CFPORTAL/A,18
2019,3,CORRESP,2185
2019,3,CT ORDER,111
2019,3,D,6930
2019,3,D/A,4096
2019,3,DEF 14A,543
2019,3,DEF 14C,128
2019,3,DEFA14A,707
2019,3,DEFA14C,3
2019,3,DEFC14A,21
2019,3,DEFM14A,63
2019,3,DEFM14C,5
2019,3,DEFR14A,28
2019,3,DEFR14C,2
2019,3,DEL AM,15
2019,3,DFAN14A,94
2019,3,DFRN14A,4
2019,3,DOS,3
2019,3,DOS/A,6
2019,3,DOSLTR,9
2019,3,DRS,93
2019,3,DRS/A,132
2019,3,DRSLTR,135
2019,3,DSTRBRPT,23
2019,3,EFFECT,916
2019,3,F-1,35
2019,3,F-1/A,68
2019,3,F-10,20
2019,3,F-10/A,15
2019,3,F-10POS,2
2019,3,F-1MEF,4
2019,3,F-3,34
2019,3,F-3/A,12
2019,3,F-3ASR,11
2019,3,F-3D,1
2019,3,F-4,4
2019,3,F-4/A,5
2019,3,F-6,32
2019,3,F-6 POS,66
2019,3,F-6EF,70
2019,3,F-7,1
2019,3,F-N,4
2019,3,F-X,43
2019,3,FOCUSN,69
2019,3,FOCUSN/A,1
2019,3,FWP,3958
2019,3,IRANNOTICE,48
2019,3,MA,4
2019,3,MA-A,40
2019,3,MA-I,165
2019,3,MA-I/A,373
2019,3,MA-W,5
2019,3,MA/A,67
2019,3,MSD/A,3
2019,3,MSDW,1
2019,3,N-14,41
2019,3,N-14 8C,5
2019,3,N-14 8C/A,9
2019,3,N-14/A,26
2019,3,N-18F1,2
2019,3,N-1A,12
2019,3,N-1A/A,4
2019,3,N-2,35
2019,3,N-2/A,82
2019,3,N-23C-2,10
2019,3,N-23C3A,61
2019,3,N-23C3B,1
2019,3,N-23C3C,3
2019,3,N-2MEF,3
2019,3,N-30B-2,142
2019,3,N-30D,140
2019,3,N-30D/A,1
2019,3,N-4,25
2019,3,N-4/A,3
2019,3,N-54A,3
2019,3,N-54C,1
2019,3,N-6,24
2019,3,N-6/A,15
2019,3,N-6F,1
2019,3,N-8A,25
2019,3,N-8A/A,23
2019,3,N-8B-4,2
2019,3,N-8F,52
2019,3,N-8F NTC,34
2019,3,N-8F ORDR,25
2019,3,N-8F/A,21
2019,3,N-CEN,410
2019,3,N-CEN/A,187
2019,3,N-CR,1
2019,3,N-CSR,532
2019,3,N-CSR/A,17
2019,3,N-CSRS,1361
2019,3,N-CSRS/A,13
2019,3,N-MFP2,1246
2019,3,N-MFP2/A,29
2019,3,N-PX,2629
2019,3,N-PX/A,79
2019,3,N-Q,360
2019,3,N-Q/A,1
2019,3,NPORT-EX,3667
2019,3,NPORT-EX/A,1
2019,3,NRSRO-CE/A,2
2019,3,NRSRO-UPD,9
2019,3,NT 10-K,112
2019,3,NT 10-K/A,1
2019,3,NT 10-Q,455
2019,3,NT 11-K,1
2019,3,NT 20-F,8
2019,3,NT N-CEN,7
2019,3,NT N-MFP2,2
2019,3,NT NPORT-EX,8
2019,3,NT-NCEN,1
2019,3,NT-NCSR,2
2019,3,NTFNCEN,1
2019,3,OIP NTC,1
2019,3,OIP ORDR,1
2019,3,POS 8C,21
2019,3,POS AM,153
2019,3,POS AMI,39
2019,3,POS EX,74
2019,3,POSASR,562
2019,3,PRE 14A,146
2019,3,PRE 14C,78
2019,3,PREC14A,34
2019,3,PREM14A,45
2019,3,PREM14C,6
2019,3,PRER14A,49
2019,3,PRER14C,10
2019,3,PRRN14A,24
2019,3,PX14A6G,18
2019,3,QRTLYRPT,3
2019,3,QUALIF,64
2019,3,REVOKED,112
2019,3,RW,81
2019,3,RW WD,3
2019,3,S-1,187
2019,3,S-1/A,310
2019,3,S-11,1
2019,3,S-11/A,4
2019,3,S-1MEF,13
2019,3,S-3,232
2019,3,S-3/A,84
2019,3,S-3ASR,204
2019,3,S-3DPOS,2
2019,3,S-3MEF,5
2019,3,S-4,279
2019,3,S-4/A,82
2019,3,S-6,269
2019,3,S-6/A,51
2019,3,S-8,462
2019,3,S-8 POS,450
2019,3,S-B,2
2019,3,S-B/A,1
2019,3,SC 13D,503
2019,3,SC 13D/A,1784
2019,3,SC 13E3,8
2019,3,SC 13E3/A,43
2019,3,SC 13G,999
2019,3,SC 13G/A,1395
2019,3,SC 14D9,14
2019,3,SC 14D9/A,47
2019,3,SC 14F1,7
2019,3,SC TO-C,51
2019,3,SC TO-I,122
2019,3,SC TO-I/A,184
2019,3,SC TO-T,28
2019,3,SC TO-T/A,102
2019,3,SC13E4F/A,2
2019,3,SC14D9C,14
2019,3,SD,4
2019,3,SE,9
2019,3,SEC ACTION,1
2019,3,SEC STAFF ACTION,25
2019,3,SEC STAFF LETTER,145
2019,3,SF-1/A,4
2019,3,SF-3,4
2019,3,SF-3/A,1
2019,3,SUPPL,25
2019,3,T-3,15
2019,3,T-3/A,396
2019,3,TA-1,7
2019,3,TA-1/A,34
2019,3,TA-2,5
2019,3,TA-2/A,2
2019,3,TA-W,1
2019,3,UPLOAD,1839
2019,3,X-17A-5,224
2019,3,X-17A-5/A,13
2019,4,1-A,49
2019,4,1-A POS,57
2019,4,1-A-W,4
2019,4,1-A-W/A,1
2019,4,1-A/A,127
2019,4,1-K,8
2019,4,1-K/A,2
2019,4,1-SA,24
2019,4,1-SA/A,1
2019,4,1-U,153
2019,4,1-Z,4
2019,4,1/A,83
2019,4,10-12B,9
2019,4,10-12B/A,8
2019,4,10-12G,31
2019,4,10-12G/A,26
2019,4,10-D,2401
2019,4,10-D/A,35
2019,4,10-K,449
2019,4,10-K/A,291
2019,4,10-KT,3
2019,4,10-Q,5714
2019,4,10-Q/A,162
2019,4,11-K,16
2019,4,13F-HR,5102
2019,4,13F-HR/A,232
2019,4,13F-NT,1584
2019,4,13F-NT/A,63
2019,4,144,122
2019,4,144/A,2
2019,4,15-12B,69
2019,4,15-12B/A,2
2019,4,15-12G,54
2019,4,15-12G/A,4
2019,4,15-15D,55
2019,4,15F-12B,2
2019,4,15F-15D,3
2019,4,18-K,9
2019,4,18-K/A,39
2019,4,19B-4E,182
2019,4,20-F,50
2019,4,20-F/A,8
2019,4,20FR12B,3
2019,4,20FR12B/A,2
2019,4,24F-2NT,995
2019,4,25,41
2019,4,25-NSE,444
2019,4,25-NSE/A,2
2019,4,253G1,5
2019,4,253G2,176
2019,4,253G3,1
2019,4,3,6647
2019,4,3/A,223
2019,4,305B2,21
2019,4,4,71861
2019,4,4/A,1213
2019,4,40-17F1,25
2019,4,40-17F2,259
2019,4,40-17F2/A,1
2019,4,40-17G,720
2019,4,40-17G/A,18
2019,4,40-17GCS,3
2019,4,40-202A,1
2019,4,40-202A/A,2
2019,4,40-24B2,80
2019,4,40-33,6
2019,4,40-6B,1
2019,4,40-6B/A,4
2019,4,40-8F-2,1
2019,4,40-8F-2/A,1
2019,4,40-APP,51
2019,4,40-APP/A,422
2019,4,40-F,9
2019,4,40-F/A,3
2019,4,40FR12B,2
2019,4,424B1,7
2019,4,424B2,14970
2019,4,424B3,1728
2019,4,424B4,115
2019,4,424B5,872
2019,4,424B7,27
2019,4,424B8,85
2019,4,424H,63
2019,4,424H/A,2
2019,4,425,1260
2019,4,485APOS,280
2019,4,485BPOS,1547
2019,4,485BXT,336
2019,4,486APOS,7
2019,4,486BPOS,19
2019,4,486BXT,7
2019,4,487,219
2019,4,497,4280
2019,4,497AD,77
2019,4,497J,1093
2019,4,497K,4471
2019,4,5,206
2019,4,5/A,4
2019,4,6-K,5311
2019,4,6-K/A,71
2019,4,6B NTC,1
2019,4,8-A12B,256
2019,4,8-A12B/A,13
2019,4,8-A12G,13
2019,4,8-K,15997
2019,4,8-K/A,397
2019,4,8-K12B,8
2019,4,8-K12B/A,1
2019,4,8-M,2
2019,4,ABS-15G,362
2019,4,ABS-15G/A,132
2019,4,ABS-EE,1308
2019,4,ABS-EE/A,18
2019,4,ADV-H-T,2
2019,4,ADV-NR,15
2019,4,ANNLRPT,1
2019,4,APP NTC,11
2019,4,APP ORDR,11
2019,4,APP WD,28
2019,4,APP WDG,8
2019,4,ARS,4
2019,4,ATS-N/CA,6
2019,4,ATS-N/MA,19
2019,4,ATS-N/UA,39
2019,4,AW,45
2019,4,AW WD,1
2019,4,C,237
2019,4,C-AR,13
2019,4,C-AR-W,1
2019,4,C-AR/A,2
2019,4,C-TR,8
2019,4,C-U,79
2019,4,C-W,25
2019,4,C/A,227
2019,4,CB,18
2019,4,CB/A,33
2019,4,CERT,248
2019,4,CERTBATS,4
2019,4,CFPORTAL,4
2019,4,CFPORTAL/A,20
2019,4,CORRESP,2336
2019,4,CT ORDER,113
2019,4,D,6915
2019,4,D/A,4189
2019,4,DEF 14A,545
2019,4,DEF 14C,115
2019,4,DEFA14A,795
2019,4,DEFA14C,2
2019,4,DEFC14A,47
2019,4,DEFM14A,57
2019,4,DEFM14C,2
2019,4,DEFN14A,4
2019,4,DEFR14A,25
2019,4,DEFR14C,7
2019,4,DEL AM,18
2019,4,DFAN14A,226
2019,4,DFRN14A,6
2019,4,DOS,7
2019,4,DOS/A,6
2019,4,DOSLTR,13
2019,4,DRS,99
2019,4,DRS/A,104
2019,4,DRSLTR,96
2019,4,DSTRBRPT,22
2019,4,EFFECT,995
2019,4,F-1,41
2019,4,F-1/A,87
2019,4,F-10,13
2019,4,F-10/A,17
2019,4,F-1MEF,4
2019,4,F-3,26
2019,4,F-3/A,8
2019,4,F-3ASR,21
2019,4,F-3DPOS,1
2019,4,F-4,6
2019,4,F-4/A,14
2019,4,F-6,53
2019,4,F-6 POS,58
2019,4,F-6/A,7
2019,4,F-6EF,879
2019,4,F-N,2
2019,4,F-X,28
2019,4,FOCUSN,61
2019,4,FOCUSN/A,1
2019,4,FWP,4269
2019,4,G-FIN/A,2
2019,4,IRANNOTICE,48
2019,4,MA,6
2019,4,MA-A,24
2019,4,MA-I,96
2019,4,MA-I/A,216
2019,4,MA-W,18
2019,4,MA/A,66
2019,4,MSD/A,3
2019,4,N-14,43
2019,4,N-14 8C,4
2019,4,N-14 8C/A,6
2019,4,N-14/A,42
2019,4,N-18F1,5
2019,4,N-1A,9
2019,4,N-1A/A,21
2019,4,N-2,32
2019,4,N-2/A,42
2019,4,N-23C-2,14
2019,4,N-23C3A,60
2019,4,N-23C3B,1
2019,4,N-2MEF,1
2019,4,N-30B-2,61
2019,4,N-30D,2
2019,4,N-4,20
2019,4,N-4/A,29
2019,4,N-54A,2
2019,4,N-54C,6
2019,4,N-6,14
2019,4,N-6/A,29
2019,4,N-6F,3
2019,4,N-8A,28
2019,4,N-8B-2,1
2019,4,N-8F,88
2019,4,N-8F NTC,70
2019,4,N-8F ORDR,43
2019,4,N-8F/A,20
2019,4,N-CEN,619
2019,4,N-CEN/A,58
2019,4,N-CR,3
2019,4,N-CSR,860
2019,4,N-CSR/A,18
2019,4,N-CSRS,464
2019,4,N-CSRS/A,1
2019,4,N-MFP2,1229
2019,4,N-MFP2/A,38
2019,4,N-PX,10
2019,4,N-Q,315
2019,4,N-Q/A,2
2019,4,NPORT-EX,619
2019,4,NPORT-EX/A,4
2019,4,NPORT-P,8998
2019,4,NPORT-P/A,119
2019,4,NRSRO-UPD,8
2019,4,NT 10-K,101
2019,4,NT 10-K/A,1
2019,4,NT 10-Q,446
2019,4,NT 10-Q/A,3
2019,4,NT 20-F,5
2019,4,NT N-CEN,4
2019,4,NT N-MFP2,19
2019,4,NT NPORT-EX,12
2019,4,NT-NCSR,2
2019,4,NTFNCEN,1
2019,4,OIP NTC,1
2019,4,OIP ORDR,1
2019,4,POS 8C,15
2019,4,POS AM,214
2019,4,POS AMI,36
2019,4,POS EX,86
2019,4,POSASR,27
2019,4,PRE 14A,178
2019,4,PRE 14C,77
2019,4,PREC14A,49
2019,4,PREM14A,42
2019,4,PREM14C,1
2019,4,PREN14A,2
2019,4,PRER14A,57
2019,4,PRER14C,8
2019,4,PRRN14A,40
2019,4,PX14A6G,14
2019,4,QRTLYRPT,6
2019,4,QRTLYRPT/A,1
2019,4,QUALIF,72
2019,4,REVOKED,36
2019,4,RW,57
2019,4,RW WD,2
2019,4,S-1,140
2019,4,S-1/A,280
2019,4,S-11,6
2019,4,S-11/A,14
2019,4,S-1MEF,27
2019,4,S-3,216
2019,4,S-3/A,66
2019,4,S-3ASR,701
2019,4,S-3D,5
2019,4,S-3DPOS,9
2019,4,S-3MEF,3
2019,4,S-4,468
2019,4,S-4 POS,4
2019,4,S-4/A,276
2019,4,S-4MEF,3
2019,4,S-6,241
2019,4,S-6/A,43
2019,4,S-8,293
2019,4,S-8 POS,416
2019,4,S-B,4
2019,4,S-B/A,1
2019,4,SC 13D,522
2019,4,SC 13D/A,1868
2019,4,SC 13E3,6
2019,4,SC 13E3/A,24
2019,4,SC 13G,1157
2019,4,SC 13G/A,1284
2019,4,SC 14D9,13
2019,4,SC 14D9/A,31
2019,4,SC 14F1,7
2019,4,SC 14F1/A,1
2019,4,SC TO-C,62
2019,4,SC TO-I,107
2019,4,SC TO-I/A,168
2019,4,SC TO-T,24
2019,4,SC TO-T/A,74
2019,4,SC14D9C,21
2019,4,SD,1
2019,4,SE,3
2019,4,SEC ACTION,1
2019,4,SEC STAFF ACTION,18
2019,4,SEC STAFF LETTER,61
2019,4,SF-3,2
2019,4,SF-3/A,3
2019,4,SUPPL,19
2019,4,T-3,30
2019,4,T-3/A,210
2019,4,TA-1,9
2019,4,TA-1/A,35
2019,4,TA-2,10
2019,4,TA-2/A,4
2019,4,TA-W,6
2019,4,UPLOAD,1754
2019,4,X-17A-5,177
2019,4,X-17A-5/A,15
2020,1,1-A,48
2020,1,1-A POS,51
2020,1,1-A-W,8
2020,1,1-A/A,137
2020,1,1-K,7
2020,1,1-K/A,1
2020,1,1-SA,11
2020,1,1-SA/A,1
2020,1,1-U,134
2020,1,1-Z,6
2020,1,1/A,72
2020,1,10-12B,6
2020,1,10-12B/A,7
2020,1,10-12G,16
2020,1,10-12G/A,27
2020,1,10-D,2251
2020,1,10-D/A,36
2020,1,10-K,5088
2020,1,10-K/A,193
2020,1,10-KT,7
2020,1,10-Q,1224
2020,1,10-Q/A,59
2020,1,11-K,34
2020,1,11-KT,1
2020,1,13F-HR,5488
2020,1,13F-HR/A,224
2020,1,13F-NT,1555
2020,1,13F-NT/A,18
2020,1,144,118
2020,1,144/A,6
2020,1,15-12B,77
2020,1,15-12B/A,1
2020,1,15-12G,41
2020,1,15-15D,47
2020,1,15-15D/A,13
2020,1,15F-12B,34
2020,1,15F-12G,1
2020,1,15F-15D,1
2020,1,18-K,6
2020,1,18-K/A,48
2020,1,19B-4E,141
2020,1,20-F,224
2020,1,20-F/A,18
2020,1,20FR12B,2
2020,1,20FR12G,3
2020,1,24F-2NT,3491
2020,1,24F-2NT/A,10
2020,1,25,56
2020,1,25-NSE,404
2020,1,25-NSE/A,2
2020,1,25/A,3
2020,1,253G1,5
2020,1,253G2,140
2020,1,253G3,1
2020,1,253G4,1
2020,1,3,7748
2020,1,3/A,429
2020,1,305B2,23
2020,1,4,127601
2020,1,4/A,2714
2020,1,40-17F1,18
2020,1,40-17F2,140
2020,1,40-17G,620
2020,1,40-17G/A,148
2020,1,40-206A,1
2020,1,40-206A/A,1
2020,1,40-24B2,83
2020,1,40-33,2
2020,1,40-8B25,4
2020,1,40-8F-2/A,2
2020,1,40-APP,163
2020,1,40-APP/A,391
2020,1,40-F,104
2020,1,40-F/A,6
2020,1,424A,3
2020,1,424B1,6
2020,1,424B2,17539
2020,1,424B3,2291
2020,1,424B4,85
2020,1,424B5,1079
2020,1,424B7,19
2020,1,424B8,146
2020,1,424H,57
2020,1,424H/A,2
2020,1,425,1161
2020,1,485APOS,233
2020,1,485BPOS,1824
2020,1,485BXT,316
2020,1,486APOS,5
2020,1,486BPOS,38
2020,1,486BXT,6
2020,1,487,238
2020,1,497,5612
2020,1,497AD,80
2020,1,497J,1111
2020,1,497K,7037
2020,1,5,4508
2020,1,5/A,92
2020,1,6-K,5579
2020,1,6-K/A,68
2020,1,6B ORDR,1
2020,1,8-A12B,197
2020,1,8-A12B/A,16
2020,1,8-A12G,16
2020,1,8-A12G/A,1
2020,1,8-K,17631
2020,1,8-K/A,493
2020,1,8-K12B,6
2020,1,8-K12B/A,1
2020,1,8-K12G3,1
2020,1,ABS-15G,1081
2020,1,ABS-15G/A,140
2020,1,ABS-EE,1318
2020,1,ABS-EE/A,14
2020,1,ADV-NR,2
2020,1,APP NTC,3
2020,1,APP WD,13
2020,1,APP WDG,2
2020,1,ARS,6
2020,1,ATS-N/CA,4
2020,1,ATS-N/MA,12
2020,1,ATS-N/UA,36
2020,1,AW,39
2020,1,AW WD,2
2020,1,C,227
2020,1,C-AR,18
2020,1,C-AR/A,2
2020,1,C-TR,19
2020,1,C-U,79
2020,1,C-U-W,1
2020,1,C-W,29
2020,1,C/A,279
2020,1,CB,5
2020,1,CB/A,29
2020,1,CERT,178
2020,1,CFPORTAL,4
2020,1,CFPORTAL/A,17
2020,1,CORRESP,2096
2020,1,CT ORDER,98
2020,1,D,7276
2020,1,D/A,5594
2020,1,DEF 14A,1379
2020,1,DEF 14C,116
2020,1,DEFA14A,1472
2020,1,DEFA14C,4
2020,1,DEFC14A,15
2020,1,DEFM14A,50
2020,1,DEFM14C,2
2020,1,DEFN14A,2
2020,1,DEFR14A,21
2020,1,DEFR14C,2
2020,1,DEL AM,15
2020,1,DFAN14A,270
2020,1,DFRN14A,10
2020,1,DOS,6
2020,1,DOS/A,9
2020,1,DOSLTR,6
2020,1,DRS,110
2020,1,DRS/A,122
2020,1,DRSLTR,122
2020,1,DSTRBRPT,35
2020,1,EFFECT,1084
2020,1,F-1,21
2020,1,F-1/A,90
2020,1,F-10,11
2020,1,F-10/A,10
2020,1,F-1MEF,7
2020,1,F-3,20
2020,1,F-3/A,13
2020,1,F-3ASR,6
2020,1,F-3DPOS,10
2020,1,F-3MEF,1
2020,1,F-4,5
2020,1,F-4/A,16
2020,1,F-6,16
2020,1,F-6 POS,42
2020,1,F-6/A,2
2020,1,F-6EF,114
2020,1,F-N,5
2020,1,F-N/A,1
2020,1,F-X,32
2020,1,F-X/A,5
2020,1,FOCUSN,885
2020,1,FOCUSN/A,1
2020,1,FWP,4669
2020,1,IRANNOTICE,98
2020,1,MA,8
2020,1,MA-A,291
2020,1,MA-I,114
2020,1,MA-I/A,230
2020,1,MA-W,6
2020,1,MA/A,59
2020,1,MSD/A,2
2020,1,N-14,40
2020,1,N-14 8C,3
2020,1,N-14 8C/A,3
2020,1,N-14/A,24
2020,1,N-18F1,1
2020,1,N-1A,2
2020,1,N-1A/A,9
2020,1,N-2,81
2020,1,N-2/A,44
2020,1,N-23C-2,26
2020,1,N-23C-2/A,4
2020,1,N-23C3A,65
2020,1,N-23C3A/A,1
2020,1,N-23C3B,1
2020,1,N-2MEF,4
2020,1,N-30B-2,151
2020,1,N-30D,144
2020,1,N-4,9
2020,1,N-54A,3
2020,1,N-54A/A,1
2020,1,N-54C,1
2020,1,N-6,5
2020,1,N-6/A,1
2020,1,N-8A,55
2020,1,N-8A/A,2
2020,1,N-8F,25
2020,1,N-8F NTC,9
2020,1,N-8F ORDR,51
2020,1,N-8F/A,9
2020,1,N-CEN,1972
2020,1,N-CEN/A,102
2020,1,N-CR,9
2020,1,N-CR/A,7
2020,1,N-CSR,1317
2020,1,N-CSR/A,38
2020,1,N-CSRS,479
2020,1,N-CSRS/A,4
2020,1,N-MFP2,1246
2020,1,N-MFP2/A,15
2020,1,N-PX,12
2020,1,N-PX/A,3
2020,1,N-Q,313
2020,1,N-Q/A,3
2020,1,NPORT-P,11077
2020,1,NPORT-P/A,178
2020,1,NRSRO-CE,9
2020,1,NRSRO-UPD,2
2020,1,NT 10-K,352
2020,1,NT 10-K/A,6
2020,1,NT 10-Q,140
2020,1,NT 10-Q/A,3
2020,1,NT 11-K,1
2020,1,NT 20-F,5
2020,1,NT N-CEN,9
2020,1,NT N-MFP2,1
2020,1,NT NPORT-P,5
2020,1,NT-NCEN,2
2020,1,NT-NCSR,3
2020,1,NT-NCSR/A,1
2020,1,NTFNCEN,4
2020,1,NTFNCSR,3
2020,1,OIP NTC,1
2020,1,POS 8C,14
2020,1,POS AM,240
2020,1,POS AMI,62
2020,1,POS EX,88
2020,1,POSASR,88
2020,1,PRE 14A,378
2020,1,PRE 14C,67
2020,1,PREC14A,37
2020,1,PREM14A,30
2020,1,PREM14C,2
2020,1,PREN14A,4
2020,1,PRER14A,50
2020,1,PRER14C,10
2020,1,PRRN14A,18
2020,1,PX14A6G,60
2020,1,QRTLYRPT,6
2020,1,QUALIF,72
2020,1,REVOKED,29
2020,1,RW,61
2020,1,RW WD,1
2020,1,S-1,184
2020,1,S-1/A,240
2020,1,S-11,6
2020,1,S-11/A,11
2020,1,S-1MEF,26
2020,1,S-3,164
2020,1,S-3/A,62
2020,1,S-3ASR,364
2020,1,S-3D,2
2020,1,S-3DPOS,3
2020,1,S-3MEF,3
2020,1,S-4,274
2020,1,S-4 POS,1
2020,1,S-4/A,145
2020,1,S-6,291
2020,1,S-6/A,56
2020,1,S-8,598
2020,1,S-8 POS,451
2020,1,S-B,5
2020,1,S-B/A,1
2020,1,SC 13D,540
2020,1,SC 13D/A,2101
2020,1,SC 13E3,9
2020,1,SC 13E3/A,30
2020,1,SC 13G,8285
2020,1,SC 13G/A,26579
2020,1,SC 14D9,22
2020,1,SC 14D9/A,60
2020,1,SC 14F1,5
2020,1,SC 14F1/A,1
2020,1,SC 14N,2
2020,1,SC TO-C,49
2020,1,SC TO-I,100
2020,1,SC TO-I/A,158
2020,1,SC TO-T,34
2020,1,SC TO-T/A,118
2020,1,SC14D9C,19
2020,1,SD,5
2020,1,SEC ACTION,1
2020,1,SEC STAFF ACTION,26
2020,1,SEC STAFF LETTER,329
2020,1,SF-3,1
2020,1,SF-3/A,3
2020,1,SUPPL,39
2020,1,T-3,20
2020,1,T-3/A,1
2020,1,TA-1,7
2020,1,TA-1/A,56
2020,1,TA-2,241
2020,1,TA-2/A,10
2020,1,TA-W,3
2020,1,UPLOAD,1406
2020,1,X-17A-5,2725
2020,1,X-17A-5/A,52
2020,2,1-A,64
2020,2,1-A POS,61
2020,2,1-A-W,10
2020,2,1-A-W/A,2
2020,2,1-A/A,119
2020,2,1-K,114
2020,2,1-K/A,7
2020,2,1-SA,3
2020,2,1-SA/A,1
2020,2,1-U,216
2020,2,1-U/A,1
2020,2,1-Z,4
2020,2,1/A,90
2020,2,10-12B,1
2020,2,10-12B/A,1
2020,2,10-12G,21
2020,2,10-12G/A,21
2020,2,10-D,2196
2020,2,10-D/A,39
2020,2,10-K,790
2020,2,10-K/A,521
2020,2,10-KT,4
2020,2,10-KT/A,1
2020,2,10-Q,5423
2020,2,10-Q/A,138
2020,2,11-K,956
2020,2,11-K/A,5
2020,2,13F-HR,5455
2020,2,13F-HR/A,285
2020,2,13F-NT,1532
2020,2,13F-NT/A,24
2020,2,144,83
2020,2,144/A,10
2020,2,15-12B,66
2020,2,15-12B/A,1
2020,2,15-12G,41
2020,2,15-12G/A,2
2020,2,15-15D,42
2020,2,15-15D/A,3
2020,2,15F-12B,2
2020,2,15F-12G,3
2020,2,18-K,14
2020,2,18-K/A,48
2020,2,19B-4E,175
2020,2,20-F,408
2020,2,20-F/A,49
2020,2,20FR12B,1
2020,2,20FR12G,2
2020,2,20FR12G/A,5
2020,2,24F-2NT,885
2020,2,24F-2NT/A,9
2020,2,25,19
2020,2,25-NSE,394
2020,2,25-NSE/A,2
2020,2,253G1,4
2020,2,253G2,171
2020,2,253G3,2
2020,2,3,7462
2020,2,3/A,262
2020,2,305B2,44
2020,2,4,97346
2020,2,4/A,1929
2020,2,40-17F1,5
2020,2,40-17F2,81
2020,2,40-17G,451
2020,2,40-17G/A,38
2020,2,40-206A/A,1
2020,2,40-24B2,99
2020,2,40-6B/A,7
2020,2,40-8B25,1
2020,2,40-8F-2,1
2020,2,40-APP,252
2020,2,40-APP/A,1402
2020,2,40-F,7
2020,2,40-F/A,8
2020,2,40-OIP,9
2020,2,40FR12B,1
2020,2,424B1,14
2020,2,424B2,15891
2020,2,424B3,2278
2020,2,424B4,124
2020,2,424B5,2509
2020,2,424B7,32
2020,2,424B8,99
2020,2,424H,42
2020,2,424H/A,4
2020,2,425,664
2020,2,485APOS,214
2020,2,485BPOS,2659
2020,2,485BXT,349
2020,2,486APOS,5
2020,2,486BPOS,31
2020,2,486BXT,7
2020,2,487,207
2020,2,497,7264
2020,2,497AD,53
2020,2,497J,1736
2020,2,497K,7967
2020,2,5,259
2020,2,5/A,14
2020,2,6-K,6274
2020,2,6-K/A,75
2020,2,8-A12B,283
2020,2,8-A12B/A,31
2020,2,8-A12G,10
2020,2,8-A12G/A,3
2020,2,8-K,21647
2020,2,8-K/A,488
2020,2,8-K12B,9
2020,2,8-K12B/A,2
2020,2,8-K12G3,1
2020,2,ABS-15G,258
2020,2,ABS-15G/A,140
2020,2,ABS-EE,1357
2020,2,ABS-EE/A,19
2020,2,ADV-NR,2
2020,2,ANNLRPT,1
2020,2,APP NTC,6
2020,2,APP ORDR,8
2020,2,APP WD,31
2020,2,APP WDG,9
2020,2,ARS,9
2020,2,ARS/A,1
2020,2,ATS-N,2
2020,2,ATS-N-C,1
2020,2,ATS-N/CA,4
2020,2,ATS-N/MA,8
2020,2,ATS-N/UA,22
2020,2,AW,43
2020,2,C,238
2020,2,C-AR,372
2020,2,C-AR-W,1
2020,2,C-AR/A,9
2020,2,C-TR,74
2020,2,C-TR-W,1
2020,2,C-U,104
2020,2,C-W,29
2020,2,C/A,361
2020,2,C/A-W,1
2020,2,CB,10
2020,2,CB/A,12
2020,2,CERT,233
2020,2,CERTCBO,1
2020,2,CFPORTAL,7
2020,2,CFPORTAL-W,1
2020,2,CFPORTAL/A,15
2020,2,CORRESP,2605
2020,2,CT ORDER,88
2020,2,D,6014
2020,2,D/A,4318
2020,2,DEF 14A,2643
2020,2,DEF 14C,104
2020,2,DEFA14A,4681
2020,2,DEFA14C,6
2020,2,DEFC14A,37
2020,2,DEFM14A,37
2020,2,DEFM14C,2
2020,2,DEFR14A,72
2020,2,DEFR14C,2
2020,2,DEL AM,54
2020,2,DFAN14A,306
2020,2,DFRN14A,16
2020,2,DOS,8
2020,2,DOS/A,3
2020,2,DOSLTR,2
2020,2,DRS,139
2020,2,DRS/A,143
2020,2,DRSLTR,145
2020,2,DSTRBRPT,30
2020,2,EFFECT,1482
2020,2,F-1,35
2020,2,F-1/A,85
2020,2,F-10,26
2020,2,F-10/A,23
2020,2,F-10POS,1
2020,2,F-1MEF,8
2020,2,F-3,37
2020,2,F-3/A,19
2020,2,F-3ASR,21
2020,2,F-3D,1
2020,2,F-4,2
2020,2,F-4 POS,2
2020,2,F-4/A,8
2020,2,F-6,42
2020,2,F-6 POS,74
2020,2,F-6/A,4
2020,2,F-6EF,38
2020,2,F-N,8
2020,2,F-X,37
2020,2,FOCUSN,49
2020,2,FOCUSN/A,1
2020,2,FWP,5196
2020,2,IRANNOTICE,55
2020,2,MA,4
2020,2,MA-A,35
2020,2,MA-I,47
2020,2,MA-I/A,198
2020,2,MA-W,9
2020,2,MA/A,43
2020,2,MSD/A,1
2020,2,N-14,33
2020,2,N-14 8C,2
2020,2,N-14 8C/A,1
2020,2,N-14/A,16
2020,2,N-1A,7
2020,2,N-1A/A,8
2020,2,N-2,40
2020,2,N-2/A,41
2020,2,N-23C-2,24
2020,2,N-23C3A,65
2020,2,N-23C3B,1
2020,2,N-2MEF,2
2020,2,N-30B-2,94
2020,2,N-30D,2
2020,2,N-4,8
2020,2,N-4/A,21
2020,2,N-54A,3
2020,2,N-54C,1
2020,2,N-6,4
2020,2,N-6/A,6
2020,2,N-6F,1
2020,2,N-8A,25
2020,2,N-8A/A,1
2020,2,N-8F,40
2020,2,N-8F NTC,52
2020,2,N-8F ORDR,26
2020,2,N-8F/A,21
2020,2,N-CEN,395
2020,2,N-CEN/A,81
2020,2,N-CSR,452
2020,2,N-CSR/A,9
2020,2,N-CSRS,823
2020,2,N-CSRS/A,11
2020,2,N-MFP2,1220
2020,2,N-MFP2/A,14
2020,2,N-PX,5
2020,2,N-PX/A,1
2020,2,N-Q,76
2020,2,N-Q/A,2
2020,2,NPORT-P,12038
2020,2,NPORT-P/A,197
2020,2,NRSRO-CE/A,1
2020,2,NRSRO-UPD,9
2020,2,NT 10-K,194
2020,2,NT 10-K/A,17
2020,2,NT 10-Q,308
2020,2,NT 10-Q/A,6
2020,2,NT 11-K,6
2020,2,NT 20-F,44
2020,2,NT N-CEN,16
2020,2,NT N-MFP2,7
2020,2,NT NPORT-EX,38
2020,2,NT NPORT-P,18
2020,2,NT-NCEN,2
2020,2,NT-NCSR,2
2020,2,POS 8C,28
2020,2,POS AM,221
2020,2,POS AMI,58
2020,2,POS EX,121
2020,2,POS462B,1
2020,2,POSASR,588
2020,2,PRE 14A,384
2020,2,PRE 14C,55
2020,2,PREC14A,70
2020,2,PREM14A,11
2020,2,PREM14C,1
2020,2,PREN14A,2
2020,2,PRER14A,75
2020,2,PRER14C,8
2020,2,PRRN14A,18
2020,2,PX14A6G,304
2020,2,QRTLYRPT,4
2020,2,QUALIF,47
2020,2,REVOKED,5
2020,2,RW,56
2020,2,RW WD,3
2020,2,S-1,240
2020,2,S-1/A,316
2020,2,S-11/A,9
2020,2,S-1MEF,50
2020,2,S-3,377
2020,2,S-3/A,146
2020,2,S-3ASR,526
2020,2,S-3D,1
2020,2,S-3DPOS,8
2020,2,S-3MEF,11
2020,2,S-4,361
2020,2,S-4 POS,4
2020,2,S-4/A,266
2020,2,S-4MEF,2
2020,2,S-6,208
2020,2,S-6/A,54
2020,2,S-8,663
2020,2,S-8 POS,529
2020,2,S-B,7
2020,2,S-B/A,9
2020,2,SC 13D,531
2020,2,SC 13D/A,2071
2020,2,SC 13E3,9
2020,2,SC 13E3/A,26
2020,2,SC 13G,1355
2020,2,SC 13G/A,1737
2020,2,SC 14D9,12
2020,2,SC 14D9/A,32
2020,2,SC 14F1,8
2020,2,SC 14F1/A,2
2020,2,SC TO-C,38
2020,2,SC TO-I,91
2020,2,SC TO-I/A,117
2020,2,SC TO-T,22
2020,2,SC TO-T/A,80
2020,2,SC14D9C,9
2020,2,SD,1046
2020,2,SD/A,1
2020,2,SE,1
2020,2,SEC STAFF ACTION,14
2020,2,SEC STAFF LETTER,10
2020,2,SF-3,1
2020,2,SUPPL,61
2020,2,T-3,2
2020,2,T-3/A,43
2020,2,TA-1,10
2020,2,TA-1/A,33
2020,2,TA-2,13
2020,2,TA-2/A,9
2020,2,TA-W,6
2020,2,UPLOAD,1913
2020,2,X-17A-5,178
2020,2,X-17A-5/A,9
2020,3,1-A,74
2020,3,1-A POS,78
2020,3,1-A-W,11
2020,3,1-A-W/A,1
2020,3,1-A/A,169
2020,3,1-K,26
2020,3,1-K/A,1
2020,3,1-SA,131
2020,3,1-SA/A,4
2020,3,1-U,148
2020,3,1-Z,3
2020,3,1/A,94
2020,3,10-12B,5
2020,3,10-12B/A,4
2020,3,10-12G,24
2020,3,10-12G/A,33
2020,3,10-D,2429
2020,3,10-D/A,17
2020,3,10-K,455
2020,3,10-K/A,112
2020,3,10-KT,2
2020,3,10-KT/A,2
2020,3,10-Q,5663
2020,3,10-Q/A,192
2020,3,10-QT,1
2020,3,11-K,43
2020,3,11-K/A,10
2020,3,13F-HR,5410
2020,3,13F-HR/A,224
2020,3,13F-NT,1517
2020,3,13F-NT/A,7
2020,3,144,66
2020,3,15-12B,55
2020,3,15-12G,27
2020,3,15-12G/A,4
2020,3,15-15D,40
2020,3,15F-12B,1
2020,3,18-K,10
2020,3,18-K/A,40
2020,3,19B-4E,223
2020,3,20-F,61
2020,3,20-F/A,29
2020,3,20FR12B,2
2020,3,20FR12B/A,2
2020,3,20FR12G,1
2020,3,20FR12G/A,1
2020,3,24F-2NT,898
2020,3,24F-2NT/A,1
2020,3,25,29
2020,3,25-NSE,356
2020,3,25-NSE/A,2
2020,3,253G1,12
2020,3,253G2,164
2020,3,253G4,1
2020,3,3,9169
2020,3,3/A,284
2020,3,305B2,38
2020,3,4,71621
2020,3,4/A,1522
2020,3,40-17F1,25
2020,3,40-17F2,223
2020,3,40-17G,461
2020,3,40-17G/A,66
2020,3,40-202A/A,1
2020,3,40-206A/A,1
2020,3,40-24B2,98
2020,3,40-33,1
2020,3,40-6B/A,4
2020,3,40-8B25,3
2020,3,40-8F-2/A,1
2020,3,40-APP,253
2020,3,40-APP/A,416
2020,3,40-F,4
2020,3,40-F/A,3
2020,3,40-OIP,7
2020,3,40-OIP/A,9
2020,3,40FR12B,7
2020,3,40FR12B/A,2
2020,3,40FR12G,1
2020,3,424A,4
2020,3,424B1,27
2020,3,424B2,16386
2020,3,424B3,2006
2020,3,424B4,247
2020,3,424B5,2366
2020,3,424B7,56
2020,3,424B8,108
2020,3,424H,59
2020,3,425,1054
2020,3,485APOS,277
2020,3,485BPOS,1271
2020,3,485BXT,361
2020,3,486APOS,3
2020,3,486BPOS,18
2020,3,486BXT,3
2020,3,487,195
2020,3,497,4340
2020,3,497AD,84
2020,3,497J,856
2020,3,497K,4241
2020,3,5,245
2020,3,5/A,6
2020,3,6-K,5566
2020,3,6-K/A,59
2020,3,8-A12B,367
2020,3,8-A12B/A,20
2020,3,8-A12G,18
2020,3,8-A12G/A,2
2020,3,8-K,16248
2020,3,8-K/A,398
2020,3,8-K12B,9
2020,3,8-K12B/A,2
2020,3,8-K12G3,1
2020,3,ABS-15G,315
2020,3,ABS-15G/A,139
2020,3,ABS-EE,1532
2020,3,ABS-EE/A,9
2020,3,ADV-H-T,1
2020,3,ADV-NR,1
2020,3,ANNLRPT,4
2020,3,APP NTC,8
2020,3,APP ORDR,5
2020,3,APP WD,1
2020,3,ARS,4
2020,3,ATS-N/CA,2
2020,3,ATS-N/MA,9
2020,3,ATS-N/UA,21
2020,3,AW,24
2020,3,C,333
2020,3,C-AR,30
2020,3,C-AR/A,3
2020,3,C-TR,5
2020,3,C-U,97
2020,3,C-U-W,1
2020,3,C-W,44
2020,3,C/A,391
2020,3,C/A-W,1
2020,3,CB,19
2020,3,CB/A,18
2020,3,CERT,361
2020,3,CFPORTAL,5
2020,3,CFPORTAL/A,16
2020,3,CORRESP,3096
2020,3,CT ORDER,68
2020,3,D,6825
2020,3,D/A,4171
2020,3,DEF 14A,607
2020,3,DEF 14C,101
2020,3,DEFA14A,968
2020,3,DEFA14C,2
2020,3,DEFC14A,18
2020,3,DEFM14A,34
2020,3,DEFM14C,1
2020,3,DEFN14A,2
2020,3,DEFR14A,26
2020,3,DEFR14C,1
2020,3,DEL AM,13
2020,3,DFAN14A,70
2020,3,DFRN14A,2
2020,3,DOS,12
2020,3,DOS/A,12
2020,3,DOSLTR,9
2020,3,DRS,307
2020,3,DRS/A,161
2020,3,DRSLTR,153
2020,3,DSTRBRPT,24
2020,3,EFFECT,1447
2020,3,F-1,67
2020,3,F-1/A,109
2020,3,F-10,21
2020,3,F-10/A,12
2020,3,F-1MEF,11
2020,3,F-3,63
2020,3,F-3/A,32
2020,3,F-3ASR,24
2020,3,F-3D,1
2020,3,F-3MEF,2
2020,3,F-4,13
2020,3,F-4/A,13
2020,3,F-4EF,2
2020,3,F-6,40
2020,3,F-6 POS,76
2020,3,F-6/A,16
2020,3,F-6EF,74
2020,3,F-7,1
2020,3,F-N,5
2020,3,F-X,70
2020,3,FOCUSN,64
2020,3,FWP,4858
2020,3,G-FIN/A,2
2020,3,IRANNOTICE,35
2020,3,MA,4
2020,3,MA-A,47
2020,3,MA-I,86
2020,3,MA-I/A,303
2020,3,MA-W,8
2020,3,MA/A,55
2020,3,N-14,47
2020,3,N-14 8C,11
2020,3,N-14 8C/A,4
2020,3,N-14/A,22
2020,3,N-18F1,3
2020,3,N-1A,7
2020,3,N-1A/A,17
2020,3,N-2,28
2020,3,N-2/A,42
2020,3,N-23C-2,10
2020,3,N-23C3A,64
2020,3,N-23C3A/A,1
2020,3,N-23C3B,1
2020,3,N-2MEF,2
2020,3,N-30B-2,157
2020,3,N-30D,129
2020,3,N-4,36
2020,3,N-4/A,9
2020,3,N-54A,2
2020,3,N-6,17
2020,3,N-6/A,6
2020,3,N-6F,3
2020,3,N-8A,26
2020,3,N-8A/A,1
2020,3,N-8B-2,1
2020,3,N-8F,22
2020,3,N-8F NTC,42
2020,3,N-8F ORDR,53
2020,3,N-8F/A,24
2020,3,N-CEN,405
2020,3,N-CEN/A,83
2020,3,N-CSR,524
2020,3,N-CSR/A,13
2020,3,N-CSRS,1331
2020,3,N-CSRS/A,16
2020,3,N-MFP2,1216
2020,3,N-MFP2/A,27
2020,3,N-PX,2556
2020,3,N-PX/A,26
2020,3,N-Q,1
2020,3,NPORT-EX/A,4
2020,3,NPORT-P,12226
2020,3,NPORT-P/A,190
2020,3,NRSRO-CE/A,1
2020,3,NRSRO-UPD,6
2020,3,NT 10-K,95
2020,3,NT 10-K/A,2
2020,3,NT 10-Q,318
2020,3,NT 10-Q/A,6
2020,3,NT 20-F,16
2020,3,NT N-CEN,6
2020,3,NT N-MFP2,3
2020,3,NT NPORT-EX,20
2020,3,NT NPORT-P,21
2020,3,NT-NCEN,1
2020,3,NT-NCEN/A,1
2020,3,NT-NCSR,1
2020,3,NT-NCSR/A,1
2020,3,POS 8C,21
2020,3,POS AM,308
2020,3,POS AMI,48
2020,3,POS EX,78
2020,3,POSASR,128
2020,3,PRE 14A,210
2020,3,PRE 14C,60
2020,3,PREC14A,29
2020,3,PREM14A,31
2020,3,PREM14C,1
2020,3,PRER14A,47
2020,3,PRER14C,8
2020,3,PRRN14A,18
2020,3,PX14A6G,36
2020,3,QRTLYRPT,2
2020,3,QRTLYRPT/A,1
2020,3,QUALIF,96
2020,3,REVOKED,87
2020,3,RW,57
2020,3,RW WD,3
2020,3,S-1,358
2020,3,S-1/A,551
2020,3,S-11,9
2020,3,S-11/A,18
2020,3,S-1MEF,75
2020,3,S-3,271
2020,3,S-3/A,113
2020,3,S-3ASR,889
2020,3,S-3D,6
2020,3,S-3DPOS,2
2020,3,S-3MEF,33
2020,3,S-4,421
2020,3,S-4 POS,1
2020,3,S-4/A,349
2020,3,S-4EF,1
2020,3,S-6,259
2020,3,S-6/A,48
2020,3,S-8,556
2020,3,S-8 POS,347
2020,3,S-B,4
2020,3,S-B/A,1
2020,3,SC 13D,529
2020,3,SC 13D/A,1896
2020,3,SC 13E3,18
2020,3,SC 13E3/A,45
2020,3,SC 13G,1345
2020,3,SC 13G/A,1490
2020,3,SC 14D9,18
2020,3,SC 14D9/A,56
2020,3,SC 14F1,9
2020,3,SC 14N,2
2020,3,SC TO-C,71
2020,3,SC TO-I,95
2020,3,SC TO-I/A,155
2020,3,SC TO-T,32
2020,3,SC TO-T/A,146
2020,3,SC14D1F,2
2020,3,SC14D9C,16
2020,3,SD,5
2020,3,SD/A,1
2020,3,SE,5
2020,3,SEC STAFF ACTION,23
2020,3,SEC STAFF LETTER,53
2020,3,SF-3,3
2020,3,SF-3/A,6
2020,3,SUPPL,40
2020,3,T-3,22
2020,3,T-3/A,39
2020,3,TA-1,7
2020,3,TA-1/A,41
2020,3,TA-2,3
2020,3,TA-2/A,9
2020,3,TA-W,2
2020,3,UPLOAD,2176
2020,3,X-17A-5,198
2020,3,X-17A-5/A,5
2020,4,1-A,70
2020,4,1-A POS,102
2020,4,1-A-W,16
2020,4,1-A-W/A,1
2020,4,1-A/A,186
2020,4,1-K,8
2020,4,1-K/A,2
2020,4,1-SA,40
2020,4,1-SA/A,3
2020,4,1-U,208
2020,4,1-U/A,1
2020,4,1-Z,12
2020,4,1/A,82
2020,4,10-12B,4
2020,4,10-12B/A,7
2020,4,10-12G,23
2020,4,10-12G/A,44
2020,4,10-D,2505
2020,4,10-D/A,70
2020,4,10-K,436
2020,4,10-K/A,88
2020,4,10-KT/A,4
2020,4,10-Q,5669
2020,4,10-Q/A,110
2020,4,10-QT,2
2020,4,11-K,13
2020,4,11-K/A,2
2020,4,13F-HR,5445
2020,4,13F-HR/A,241
2020,4,13F-NT,1544
2020,4,13F-NT/A,7
2020,4,144,111
2020,4,144/A,2
2020,4,15-12B,54
2020,4,15-12G,30
2020,4,15-12G/A,1
2020,4,15-15D,84
2020,4,15-15D/A,1
2020,4,15F-12B,4
2020,4,18-K,11
2020,4,18-K/A,46
2020,4,19B-4E,363
2020,4,20-F,48
2020,4,20-F/A,8
2020,4,20FR12B,7
2020,4,20FR12B/A,1
2020,4,20FR12G/A,2
2020,4,24F-2NT,1134
2020,4,24F-2NT/A,2
2020,4,25,33
2020,4,25-NSE,636
2020,4,25-NSE/A,8
2020,4,25/A,1
2020,4,253G1,3
2020,4,253G2,184
2020,4,3,10656
2020,4,3/A,416
2020,4,305B2,14
2020,4,4,79706
2020,4,4/A,1662
2020,4,40-17F1,5
2020,4,40-17F2,164
2020,4,40-17G,1027
2020,4,40-17G/A,92
2020,4,40-17GCS,1
2020,4,40-202A/A,1
2020,4,40-24B2,74
2020,4,40-6B/A,3
2020,4,40-8F-2,1
2020,4,40-8F-2/A,2
2020,4,40-APP,232
2020,4,40-APP/A,420
2020,4,40-F,9
2020,4,40-OIP/A,34
2020,4,40FR12B,2
2020,4,40FR12B/A,4
2020,4,40FR12G,1
2020,4,40FR12G/A,1
2020,4,424A,1
2020,4,424B1,18
2020,4,424B2,17800
2020,4,424B3,2084
2020,4,424B4,296
2020,4,424B5,1264
2020,4,424B7,47
2020,4,424B8,51
2020,4,424H,39
2020,4,424H/A,2
2020,4,425,1825
2020,4,485APOS,291
2020,4,485BPOS,996
2020,4,485BXT,394
2020,4,486APOS,6
2020,4,486BPOS,18
2020,4,486BXT,4
2020,4,487,197
2020,4,497,4536
2020,4,497AD,63
2020,4,497J,988
2020,4,497K,4472
2020,4,5,202
2020,4,6-K,5698
2020,4,6-K/A,55
2020,4,6B NTC,1
2020,4,8-A12B,406
2020,4,8-A12B/A,26
2020,4,8-A12G,13
2020,4,8-A12G/A,4
2020,4,8-K,16803
2020,4,8-K/A,390
2020,4,8-K12B,7
2020,4,8-K12G3,2
2020,4,ABS-15G,255
2020,4,ABS-15G/A,139
2020,4,ABS-EE,1603
2020,4,ABS-EE/A,24
2020,4,ANNLRPT,1
2020,4,APP NTC,2
2020,4,APP ORDR,6
2020,4,APP WD,6
2020,4,APP WDG,1
2020,4,ARS,3
2020,4,ATS-N/CA,4
2020,4,ATS-N/MA,15
2020,4,ATS-N/UA,24
2020,4,AW,20
2020,4,C,367
2020,4,C-AR,16
2020,4,C-TR,4
2020,4,C-U,122
2020,4,C-W,33
2020,4,C/A,472
2020,4,CB,16
2020,4,CB/A,48
2020,4,CERT,411
2020,4,CFPORTAL-W,1
2020,4,CFPORTAL/A,19
2020,4,CORRESP,3032
2020,4,CT ORDER,18
2020,4,D,8300
2020,4,D/A,4238
2020,4,DEF 14A,649
2020,4,DEF 14C,120
2020,4,DEFA14A,1526
2020,4,DEFA14C,3
2020,4,DEFC14A,24
2020,4,DEFM14A,58
2020,4,DEFM14C,3
2020,4,DEFR14A,30
2020,4,DEFR14C,5
2020,4,DEL AM,22
2020,4,DFAN14A,180
2020,4,DFRN14A,6
2020,4,DOS,10
2020,4,DOS/A,13
2020,4,DOSLTR,10
2020,4,DRS,330
2020,4,DRS/A,158
2020,4,DRSLTR,174
2020,4,DSTRBRPT,26
2020,4,EFFECT,1420
2020,4,F-1,43
2020,4,F-1/A,104
2020,4,F-10,26
2020,4,F-10/A,24
2020,4,F-1MEF,12
2020,4,F-3,40
2020,4,F-3/A,14
2020,4,F-3ASR,14
2020,4,F-3D,1
2020,4,F-3DPOS,1
2020,4,F-3MEF,2
2020,4,F-4,11
2020,4,F-4/A,17
2020,4,F-6,41
2020,4,F-6 POS,132
2020,4,F-6/A,6
2020,4,F-6EF,108
2020,4,F-7,1
2020,4,F-N,2
2020,4,F-X,64
2020,4,FOCUSN,40
2020,4,FWP,4476
2020,4,G-FIN,1
2020,4,IRANNOTICE,32
2020,4,MA,5
2020,4,MA-A,15
2020,4,MA-I,46
2020,4,MA-I/A,349
2020,4,MA-W,5
2020,4,MA/A,59
2020,4,N-14,55
2020,4,N-14 8C,7
2020,4,N-14 8C/A,16
2020,4,N-14/A,25
2020,4,N-14MEF,1
2020,4,N-18F1,1
2020,4,N-1A,8
2020,4,N-1A/A,16
2020,4,N-2,28
2020,4,N-2/A,41
2020,4,N-23C-2,22
2020,4,N-23C-2/A,2
2020,4,N-23C3A,71
2020,4,N-23C3A/A,1
2020,4,N-23C3B,1
2020,4,N-2ASR,1
2020,4,N-2MEF,2
2020,4,N-30B-2,44
2020,4,N-30D,2
2020,4,N-4,2
2020,4,N-4/A,20
2020,4,N-54A,7
2020,4,N-54C,6
2020,4,N-6,12
2020,4,N-6/A,9
2020,4,N-6F,1
2020,4,N-6F/A,1
2020,4,N-8A,17
2020,4,N-8F,50
2020,4,N-8F NTC,29
2020,4,N-8F ORDR,40
2020,4,N-8F/A,15
2020,4,N-CEN,558
2020,4,N-CEN/A,40
2020,4,N-CR,1
2020,4,N-CSR,823
2020,4,N-CSR/A,23
2020,4,N-CSRS,452
2020,4,N-CSRS/A,12
2020,4,N-MFP2,1191
2020,4,N-MFP2/A,56
2020,4,N-PX,6
2020,4,N-PX/A,19
2020,4,N-Q,3
2020,4,NPORT-P,12069
2020,4,NPORT-P/A,416
2020,4,NRSRO-CE/A,1
2020,4,NRSRO-UPD,12
2020,4,NT 10-K,73
2020,4,NT 10-Q,302
2020,4,NT 10-Q/A,2
2020,4,NT 20-F,7
2020,4,NT N-CEN,2
2020,4,NT N-MFP2,3
2020,4,NT NPORT-P,46
2020,4,NT-NCEN,1
2020,4,NT-NCSR,2
2020,4,NT-NCSR/A,1
2020,4,OIP NTC,1
2020,4,OIP ORDR,1
2020,4,POS 8C,5
2020,4,POS AM,194
2020,4,POS AMI,32
2020,4,POS EX,71
2020,4,POS462B,2
2020,4,POSASR,96
2020,4,PRE 14A,253
2020,4,PRE 14C,72
2020,4,PREC14A,19
2020,4,PREM14A,31
2020,4,PREM14C,4
2020,4,PRER14A,62
2020,4,PRER14C,14
2020,4,PRRN14A,16
2020,4,PX14A6G,38
2020,4,QRTLYRPT,8
2020,4,QUALIF,95
2020,4,REVOKED,48
2020,4,RW,67
2020,4,RW WD,3
2020,4,S-1,391
2020,4,S-1/A,640
2020,4,S-11,9
2020,4,S-11/A,11
2020,4,S-1MEF,95
2020,4,S-3,225
2020,4,S-3/A,99
2020,4,S-3ASR,463
2020,4,S-3D,5
2020,4,S-3DPOS,3
2020,4,S-3MEF,9
2020,4,S-4,155
2020,4,S-4 POS,1
2020,4,S-4/A,190
2020,4,S-4MEF,3
2020,4,S-6,261
2020,4,S-6/A,55
2020,4,S-8,436
2020,4,S-8 POS,539
2020,4,S-B,7
2020,4,S-B/A,5
2020,4,SC 13D,688
2020,4,SC 13D/A,2186
2020,4,SC 13E3,20
2020,4,SC 13E3/A,64
2020,4,SC 13G,1853
2020,4,SC 13G/A,1415
2020,4,SC 14D9,15
2020,4,SC 14D9/A,55
2020,4,SC 14F1,9
2020,4,SC 14F1/A,3
2020,4,SC 14N/A,2
2020,4,SC TO-C,62
2020,4,SC TO-I,113
2020,4,SC TO-I/A,161
2020,4,SC TO-T,28
2020,4,SC TO-T/A,126
2020,4,SC14D1F/A,2
2020,4,SC14D9C,21
2020,4,SD,2
2020,4,SE,2
2020,4,SEC STAFF ACTION,19
2020,4,SEC STAFF LETTER,96
2020,4,SF-1,2
2020,4,SF-3,7
2020,4,SF-3/A,1
2020,4,SUPPL,55
2020,4,T-3,8
2020,4,T-6,1
2020,4,TA-1,8
2020,4,TA-1/A,37
2020,4,TA-2,1
2020,4,TA-2/A,1
2020,4,TA-W,3
2020,4,UPLOAD,1885
2020,4,X-17A-5,154
2020,4,X-17A-5/A,4
2021,1,1-A,94
2021,1,1-A POS,88
2021,1,1-A-W,14
2021,1,1-A-W/A,1
2021,1,1-A/A,187
2021,1,1-K,11
2021,1,1-K/A,2
2021,1,1-SA,6
2021,1,1-SA/A,2
2021,1,1-U,218
2021,1,1-U/A,3
2021,1,1-Z,7
2021,1,1-Z/A,1
2021,1,1/A,55
2021,1,10-12B,4
2021,1,10-12G,31
2021,1,10-12G/A,55
2021,1,10-D,2372
2021,1,10-D/A,17
2021,1,10-K,5519
2021,1,10-K/A,163
2021,1,10-KT,8
2021,1,10-Q,1176
2021,1,10-Q/A,64
2021,1,10-QT,1
2021,1,11-K,25
2021,1,13F-HR,5970
2021,1,13F-HR/A,325
2021,1,13F-NT,1578
2021,1,13F-NT/A,10
2021,1,144,132
2021,1,144/A,4
2021,1,15-12B,71
2021,1,15-12B/A,1
2021,1,15-12G,35
2021,1,15-12G/A,1
2021,1,15-15D,52
2021,1,15-15D/A,1
2021,1,15F-12B,3
2021,1,15F-15D,1
2021,1,18-K,2
2021,1,18-K/A,42
2021,1,19B-4E,182
2021,1,20-F,278
2021,1,20-F/A,24
2021,1,20FR12B,4
2021,1,20FR12B/A,3
2021,1,20FR12G,1
2021,1,24F-2NT,3162
2021,1,24F-2NT/A,6
2021,1,25,21
2021,1,25-NSE,450
2021,1,25-NSE/A,10
2021,1,253G1,12
2021,1,253G2,169
2021,1,253G3,1
2021,1,253G4,1
2021,1,3,14643
2021,1,3/A,542
2021,1,305B2,27
2021,1,4,133902
2021,1,4/A,2780
2021,1,40-17F1,22
2021,1,40-17F2,100
2021,1,40-17G,688
2021,1,40-17G/A,203
2021,1,40-17GCS,1
2021,1,40-24B2,90
2021,1,40-33,6
2021,1,40-6B,1
2021,1,40-8F-2,2
2021,1,40-8F-2/A,1
2021,1,40-APP,370
2021,1,40-APP/A,708
2021,1,40-F,118
2021,1,40-F/A,7
2021,1,40-OIP,4
2021,1,40-OIP/A,14
2021,1,40FR12B,4
2021,1,40FR12B/A,1
2021,1,40FR12G,2
2021,1,40FR12G/A,1
2021,1,424A,4
2021,1,424B1,21
2021,1,424B2,23001
2021,1,424B3,1704
2021,1,424B4,498
2021,1,424B5,3076
2021,1,424B7,56
2021,1,424B8,85
2021,1,424H,50
2021,1,424H/A,6
2021,1,425,2286
2021,1,485APOS,318
2021,1,485BPOS,1025
2021,1,485BXT,501
2021,1,486APOS,8
2021,1,486BPOS,31
2021,1,486BXT,5
2021,1,487,235
2021,1,497,3976
2021,1,497AD,115
2021,1,497J,1012
2021,1,497K,5387
2021,1,5,4055
2021,1,5/A,63
2021,1,6-K,5862
2021,1,6-K/A,66
2021,1,6B ORDR,1
2021,1,8-A12B,604
2021,1,8-A12B/A,28
2021,1,8-A12G,11
2021,1,8-A12G/A,2
2021,1,8-K,18499
2021,1,8-K/A,475
2021,1,8-K12B,7
2021,1,8-K12B/A,2
2021,1,8-K12G3,1
2021,1,8F-2 NTC,1
2021,1,8F-2 ORDR,1
2021,1,ABS-15G,1086
2021,1,ABS-15G/A,158
2021,1,ABS-EE,1587
2021,1,ABS-EE/A,7
2021,1,ADV-NR,3
2021,1,APP NTC,5
2021,1,APP ORDR,6
2021,1,APP WD,5
2021,1,APP WDG,1
2021,1,ARS,6
2021,1,ATS-N-W,1
2021,1,ATS-N/CA,3
2021,1,ATS-N/MA,10
2021,1,ATS-N/UA,22
2021,1,AW,19
2021,1,C,350
2021,1,C-AR,18
2021,1,C-TR,14
2021,1,C-U,145
2021,1,C-U-W,1
2021,1,C-W,49
2021,1,C/A,507
2021,1,C/A-W,2
2021,1,CB,33
2021,1,CB/A,11
2021,1,CERT,599
2021,1,CFPORTAL,4
2021,1,CFPORTAL/A,20
2021,1,CORRESP,3455
2021,1,CT ORDER,15
2021,1,D,9384
2021,1,D/A,5691
2021,1,DEF 14A,1389
2021,1,DEF 14C,98
2021,1,DEFA14A,2826
2021,1,DEFA14C,2
2021,1,DEFC14A,33
2021,1,DEFM14A,70
2021,1,DEFM14C,1
2021,1,DEFR14A,74
2021,1,DEFR14C,1
2021,1,DEL AM,18
2021,1,DFAN14A,308
2021,1,DFRN14A,2
2021,1,DOS,5
2021,1,DOS/A,7
2021,1,DOSLTR,7
2021,1,DRS,400
2021,1,DRS/A,180
2021,1,DRSLTR,201
2021,1,DSTRBRPT,49
2021,1,EFFECT,1360
2021,1,F-1,71
2021,1,F-1/A,139
2021,1,F-10,23
2021,1,F-10/A,17
2021,1,F-1MEF,11
2021,1,F-3,47
2021,1,F-3/A,7
2021,1,F-3ASR,36
2021,1,F-3DPOS,1
2021,1,F-3MEF,8
2021,1,F-4,14
2021,1,F-4/A,24
2021,1,F-6,58
2021,1,F-6 POS,34
2021,1,F-6/A,14
2021,1,F-6EF,156
2021,1,F-N,19
2021,1,F-N/A,3
2021,1,F-X,62
2021,1,F-X/A,9
2021,1,FOCUSN,663
2021,1,FOCUSN/A,5
2021,1,FWP,5428
2021,1,G-405,1
2021,1,IRANNOTICE,80
2021,1,MA,7
2021,1,MA-A,322
2021,1,MA-I,103
2021,1,MA-I/A,392
2021,1,MA-W,6
2021,1,MA/A,72
2021,1,MSD/A,1
2021,1,N-14,41
2021,1,N-14 8C,2
2021,1,N-14 8C/A,6
2021,1,N-14/A,36
2021,1,N-18F1,1
2021,1,N-1A,10
2021,1,N-1A/A,15
2021,1,N-2,31
2021,1,N-2 POSASR,1
2021,1,N-2/A,43
2021,1,N-23C-2,30
2021,1,N-23C-2/A,1
2021,1,N-23C3A,70
2021,1,N-23C3B,1
2021,1,N-2ASR,6
2021,1,N-2MEF,6
2021,1,N-30B-2,135
2021,1,N-30D,127
2021,1,N-4,15
2021,1,N-4/A,2
2021,1,N-54A,2
2021,1,N-54C,2
2021,1,N-6,10
2021,1,N-6/A,4
2021,1,N-6F,1
2021,1,N-8A,22
2021,1,N-8A/A,2
2021,1,N-8B-4,1
2021,1,N-8F,27
2021,1,N-8F NTC,21
2021,1,N-8F ORDR,20
2021,1,N-8F/A,38
2021,1,N-CEN,1929
2021,1,N-CEN/A,50
2021,1,N-CR,4
2021,1,N-CSR,1281
2021,1,N-CSR/A,27
2021,1,N-CSRS,518
2021,1,N-CSRS/A,9
2021,1,N-MFP2,1163
2021,1,N-MFP2/A,27
2021,1,N-PX,1
2021,1,N-PX/A,3
2021,1,N-VPFS,8
2021,1,NPORT-P,11804
2021,1,NPORT-P/A,101
2021,1,NRSRO-CE,9
2021,1,NRSRO-UPD,5
2021,1,NT 10-K,340
2021,1,NT 10-K/A,2
2021,1,NT 10-Q,116
2021,1,NT 10-Q/A,1
2021,1,NT 20-F,5
2021,1,NT N-CEN,5
2021,1,NT NPORT-P,15
2021,1,NT-NCEN,1
2021,1,NT-NCSR,1
2021,1,POS 8C,8
2021,1,POS AM,237
2021,1,POS AMI,57
2021,1,POS EX,94
2021,1,POS462C,1
2021,1,POSASR,588
2021,1,PRE 14A,331
2021,1,PRE 14C,45
2021,1,PREC14A,46
2021,1,PREM14A,46
2021,1,PREM14C,1
2021,1,PREN14A,2
2021,1,PRER14A,37
2021,1,PRER14C,7
2021,1,PRRN14A,28
2021,1,PX14A6G,104
2021,1,QRTLYRPT,4
2021,1,QUALIF,105
2021,1,REVOKED,69
2021,1,RW,65
2021,1,RW WD,4
2021,1,S-1,779
2021,1,S-1/A,1001
2021,1,S-11,7
2021,1,S-11/A,8
2021,1,S-1MEF,203
2021,1,S-3,389
2021,1,S-3/A,80
2021,1,S-3ASR,930
2021,1,S-3D,1
2021,1,S-3DPOS,8
2021,1,S-3MEF,36
2021,1,S-4,280
2021,1,S-4/A,143
2021,1,S-4MEF,1
2021,1,S-6,250
2021,1,S-6/A,51
2021,1,S-8,789
2021,1,S-8 POS,491
2021,1,S-B,2
2021,1,S-B/A,1
2021,1,SC 13D,747
2021,1,SC 13D/A,2433
2021,1,SC 13E3,12
2021,1,SC 13E3/A,61
2021,1,SC 13G,11026
2021,1,SC 13G/A,27474
2021,1,SC 14D9,18
2021,1,SC 14D9/A,56
2021,1,SC 14F1,6
2021,1,SC 14N,4
2021,1,SC TO-C,68
2021,1,SC TO-I,82
2021,1,SC TO-I/A,144
2021,1,SC TO-T,25
2021,1,SC TO-T/A,115
2021,1,SC14D9C,24
2021,1,SD,5
2021,1,SEC STAFF ACTION,30
2021,1,SEC STAFF LETTER,268
2021,1,SF-1,2
2021,1,SF-1/A,8
2021,1,SF-3,2
2021,1,SF-3/A,2
2021,1,SUPPL,39
2021,1,T-3,1
2021,1,TA-1,7
2021,1,TA-1/A,53
2021,1,TA-2,250
2021,1,TA-2/A,9
2021,1,TA-W,6
2021,1,UPLOAD,2140
2021,1,X-17A-5,2570
2021,1,X-17A-5/A,64
2021,2,1-A,71
2021,2,1-A POS,63
2021,2,1-A-W,9
2021,2,1-A/A,177
2021,2,1-K,194
2021,2,1-K/A,4
2021,2,1-SA,6
2021,2,1-SA/A,1
2021,2,1-U,223
2021,2,1-U/A,2
2021,2,1-Z,4
2021,2,1-Z/A,1
2021,2,1/A,78
2021,2,10-12B,3
2021,2,10-12B/A,12
2021,2,10-12G,38
2021,2,10-12G/A,64
2021,2,10-D,2363
2021,2,10-D/A,31
2021,2,10-K,745
2021,2,10-K/A,643
2021,2,10-KT,9
2021,2,10-KT/A,1
2021,2,10-Q,6163
2021,2,10-Q/A,118
2021,2,10-QT,1
2021,2,11-K,916
2021,2,11-K/A,10
2021,2,13F-HR,6103
2021,2,13F-HR/A,204
2021,2,13F-NT,1600
2021,2,13F-NT/A,20
2021,2,144,123
2021,2,144/A,2
2021,2,15-12B,88
2021,2,15-12G,38
2021,2,15-12G/A,2
2021,2,15-15D,35
2021,2,15F-12B,1
2021,2,15F-12G,1
2021,2,18-K,14
2021,2,18-K/A,36
2021,2,19B-4E,199
2021,2,20-F,432
2021,2,20-F/A,38
2021,2,20FR12B/A,3
2021,2,20FR12G,3
2021,2,20FR12G/A,3
2021,2,24F-2NT,799
2021,2,24F-2NT/A,2
2021,2,25,19
2021,2,25-NSE,522
2021,2,253G1,6
2021,2,253G2,177
2021,2,253G3,5
2021,2,3,11755
2021,2,3/A,466
2021,2,305B2,30
2021,2,4,110413
2021,2,4/A,1929
2021,2,40-17F1,5
2021,2,40-17F2,57
2021,2,40-17F2/A,2
2021,2,40-17G,654
2021,2,40-17G/A,53
2021,2,40-24B2,117
2021,2,40-33,6
2021,2,40-6B,2
2021,2,40-6B/A,8
2021,2,40-8B25,2
2021,2,40-8F-2/A,1
2021,2,40-APP,237
2021,2,40-APP/A,788
2021,2,40-F,17
2021,2,40-F/A,7
2021,2,40FR12B,16
2021,2,40FR12B/A,13
2021,2,424B1,21
2021,2,424B2,22072
2021,2,424B3,2419
2021,2,424B4,257
2021,2,424B5,1887
2021,2,424B7,69
2021,2,424B8,185
2021,2,424H,51
2021,2,425,3232
2021,2,485APOS,263
2021,2,485BPOS,2132
2021,2,485BXT,472
2021,2,486APOS,6
2021,2,486BPOS,82
2021,2,486BXT,9
2021,2,487,208
2021,2,497,4557
2021,2,497AD,95
2021,2,497J,1853
2021,2,497K,6063
2021,2,497VPI,224
2021,2,497VPU,417
2021,2,5,244
2021,2,5/A,16
2021,2,6-K,6560
2021,2,6-K/A,66
2021,2,8-A12B,451
2021,2,8-A12B/A,44
2021,2,8-A12G,15
2021,2,8-A12G/A,2
2021,2,8-K,20514
2021,2,8-K/A,451
2021,2,8-K12B,6
2021,2,8-K12G3,2
2021,2,8-K15D5,1
2021,2,ABS-15G,399
2021,2,ABS-15G/A,156
2021,2,ABS-EE,1603
2021,2,ABS-EE/A,4
2021,2,ADV-H-T,1
2021,2,ANNLRPT,1
2021,2,APP NTC,7
2021,2,APP ORDR,5
2021,2,APP WD,155
2021,2,APP WD/A,124
2021,2,APP WDG,3
2021,2,ARS,7
2021,2,ATS-N-C,2
2021,2,ATS-N/CA,2
2021,2,ATS-N/MA,10
2021,2,ATS-N/UA,15
2021,2,AW,34
2021,2,AW WD,2
2021,2,C,357
2021,2,C-AR,443
2021,2,C-AR/A,50
2021,2,C-TR,66
2021,2,C-TR-W,1
2021,2,C-U,217
2021,2,C-W,39
2021,2,C/A,502
2021,2,C/A-W,1
2021,2,CB,52
2021,2,CB/A,30
2021,2,CERT,457
2021,2,CFPORTAL,5
2021,2,CFPORTAL/A,8
2021,2,CORRESP,3518
2021,2,CT ORDER,33
2021,2,D,10635
2021,2,D/A,4637
2021,2,DEF 14A,2768
2021,2,DEF 14C,98
2021,2,DEFA14A,3335
2021,2,DEFA14C,1
2021,2,DEFC14A,28
2021,2,DEFM14A,75
2021,2,DEFM14C,3
2021,2,DEFN14A,2
2021,2,DEFR14A,57
2021,2,DEFR14C,5
2021,2,DEL AM,19
2021,2,DFAN14A,354
2021,2,DFRN14A,6
2021,2,DOS,3
2021,2,DOS/A,7
2021,2,DOSLTR,3
2021,2,DRS,357
2021,2,DRS/A,279
2021,2,DRSLTR,238
2021,2,DSTRBRPT,34
2021,2,EFFECT,1770
2021,2,F-1,73
2021,2,F-1/A,147
2021,2,F-10,29
2021,2,F-10/A,28
2021,2,F-10POS,1
2021,2,F-1MEF,12
2021,2,F-3,37
2021,2,F-3/A,13
2021,2,F-3ASR,31
2021,2,F-3D,1
2021,2,F-3MEF,2
2021,2,F-4,31
2021,2,F-4/A,58
2021,2,F-4MEF,1
2021,2,F-6,64
2021,2,F-6 POS,66
2021,2,F-6/A,8
2021,2,F-6EF,166
2021,2,F-7,1
2021,2,F-N,5
2021,2,F-X,78
2021,2,F-X/A,2
2021,2,FOCUSN,84
2021,2,FOCUSN/A,3
2021,2,FWP,5093
2021,2,IRANNOTICE,55
2021,2,MA,3
2021,2,MA-A,54
2021,2,MA-I,85
2021,2,MA-I/A,232
2021,2,MA-W,6
2021,2,MA/A,52
2021,2,N-14,46
2021,2,N-14 8C,5
2021,2,N-14 8C/A,9
2021,2,N-14/A,23
2021,2,N-18F1,5
2021,2,N-1A,7
2021,2,N-1A/A,16
2021,2,N-2,61
2021,2,N-2 POSASR,2
2021,2,N-2/A,66
2021,2,N-23C-2,16
2021,2,N-23C-2/A,1
2021,2,N-23C3A,67
2021,2,N-23C3B,1
2021,2,N-23C3C,1
2021,2,N-2ASR,6
2021,2,N-2MEF,3
2021,2,N-30B-2,84
2021,2,N-30D,3
2021,2,N-4,5
2021,2,N-4/A,10
2021,2,N-54A,7
2021,2,N-54C,2
2021,2,N-6,5
2021,2,N-6/A,6
2021,2,N-6F,2
2021,2,N-6F/A,1
2021,2,N-8A,61
2021,2,N-8A/A,8
2021,2,N-8B-4,1
2021,2,N-8F,15
2021,2,N-8F NTC,31
2021,2,N-8F ORDR,29
2021,2,N-8F/A,9
2021,2,N-CEN,385
2021,2,N-CEN/A,45
2021,2,N-CSR,437
2021,2,N-CSR/A,22
2021,2,N-CSRS,805
2021,2,N-CSRS/A,12
2021,2,N-MFP2,1087
2021,2,N-MFP2/A,7
2021,2,N-PX,10
2021,2,N-PX/A,3
2021,2,N-Q,1
2021,2,N-VP,59
2021,2,N-VPFS,602
2021,2,N-VPFS/A,9
2021,2,NPORT-P,12317
2021,2,NPORT-P/A,200
2021,2,NRSRO-CE/A,1
2021,2,NRSRO-UPD,8
2021,2,NT 10-K,196
2021,2,NT 10-K/A,3
2021,2,NT 10-Q,846
2021,2,NT 10-Q/A,4
2021,2,NT 11-K,9
2021,2,NT 20-F,83
2021,2,NT 20-F/A,1
2021,2,NT N-CEN,10
2021,2,NT N-MFP2,31
2021,2,NT NPORT-P,50
2021,2,NT-NCSR,3
2021,2,POS AM,323
2021,2,POS AMI,41
2021,2,POS EX,117
2021,2,POS462C,1
2021,2,POSASR,522
2021,2,PRE 14A,382
2021,2,PRE 14C,58
2021,2,PREC14A,32
2021,2,PREM14A,46
2021,2,PREM14C,3
2021,2,PRER14A,58
2021,2,PRER14C,5
2021,2,PRRN14A,26
2021,2,PX14A6G,338
2021,2,PX14A6N,2
2021,2,QRTLYRPT,4
2021,2,QUALIF,78
2021,2,REVOKED,81
2021,2,RW,51
2021,2,S-1,564
2021,2,S-1/A,1794
2021,2,S-11,22
2021,2,S-11/A,19
2021,2,S-11MEF,5
2021,2,S-1MEF,61
2021,2,S-3,317
2021,2,S-3/A,127
2021,2,S-3ASR,522
2021,2,S-3D,2
2021,2,S-3DPOS,3
2021,2,S-3MEF,7
2021,2,S-4,261
2021,2,S-4/A,425
2021,2,S-4MEF,1
2021,2,S-6,267
2021,2,S-6/A,53
2021,2,S-8,852
2021,2,S-8 POS,551
2021,2,S-B,5
2021,2,S-B/A,1
2021,2,S-BMEF,1
2021,2,SC 13D,623
2021,2,SC 13D/A,1932
2021,2,SC 13E3,8
2021,2,SC 13E3/A,32
2021,2,SC 13G,1758
2021,2,SC 13G/A,1625
2021,2,SC 14D9,13
2021,2,SC 14D9/A,25
2021,2,SC 14F1,8
2021,2,SC 14N,2
2021,2,SC TO-C,64
2021,2,SC TO-I,104
2021,2,SC TO-I/A,114
2021,2,SC TO-T,18
2021,2,SC TO-T/A,64
2021,2,SC13E4F,1
2021,2,SC13E4F/A,1
2021,2,SC14D9C,17
2021,2,SD,1016
2021,2,SD/A,6
2021,2,SE,1
2021,2,SEC STAFF ACTION,25
2021,2,SEC STAFF LETTER,143
2021,2,SF-1,2
2021,2,SF-1/A,6
2021,2,SF-3,6
2021,2,SF-3/A,7
2021,2,SP 15D2,2
2021,2,SUPPL,43
2021,2,T-3,45
2021,2,T-3/A,33
2021,2,TA-1,8
2021,2,TA-1/A,34
2021,2,TA-2,13
2021,2,TA-2/A,4
2021,2,TA-W,6
2021,2,UPLOAD,2660
2021,2,X-17A-5,258
2021,2,X-17A-5/A,30
2021,3,1-A,98
2021,3,1-A POS,81
2021,3,1-A-W,15
2021,3,1-A/A,160
2021,3,1-K,32
2021,3,1-K/A,1
2021,3,1-SA,241
2021,3,1-SA/A,2
2021,3,1-U,255
2021,3,1-U/A,1
2021,3,1-Z,7
2021,3,1/A,62
2021,3,10-12B,6
2021,3,10-12B/A,16
2021,3,10-12G,52
2021,3,10-12G/A,80
2021,3,10-D,2396
2021,3,10-D/A,60
2021,3,10-K,471
2021,3,10-K/A,138
2021,3,10-KT,1
2021,3,10-Q,6584
2021,3,10-Q/A,137
2021,3,10-QT,1
2021,3,11-K,23
2021,3,11-K/A,3
2021,3,13F-HR,6126
2021,3,13F-HR/A,288
2021,3,13F-NT,1666
2021,3,13F-NT/A,16
2021,3,144,71
2021,3,144/A,2
2021,3,15-12B,68
2021,3,15-12B/A,1
2021,3,15-12G,38
2021,3,15-12G/A,1
2021,3,15-15D,212
2021,3,15F-12B,1
2021,3,18-K,10
2021,3,18-K/A,38
2021,3,19B-4E,234
2021,3,20-F,64
2021,3,20-F/A,16
2021,3,20FR12B,4
2021,3,20FR12B/A,2
2021,3,20FR12G,2
2021,3,20FR12G/A,9
2021,3,24F-2NT,968
2021,3,24F-2NT/A,6
2021,3,25,22
2021,3,25-NSE,520
2021,3,25-NSE/A,8
2021,3,253G1,5
2021,3,253G2,226
2021,3,253G3,3
2021,3,3,12602
2021,3,3/A,482
2021,3,305B2,34
2021,3,305B2/A,2
2021,3,4,80058
2021,3,4/A,1469
2021,3,40-17F1,36
2021,3,40-17F2,143
2021,3,40-17G,561
2021,3,40-17G/A,80
2021,3,40-17GCS,1
2021,3,40-24B2,45
2021,3,40-6B,2
2021,3,40-6B/A,1
2021,3,40-8F-2/A,1
2021,3,40-APP,399
2021,3,40-APP/A,1031
2021,3,40-F,7
2021,3,40-F/A,4
2021,3,40FR12B,7
2021,3,40FR12B/A,2
2021,3,424B1,11
2021,3,424B2,22694
2021,3,424B3,2469
2021,3,424B4,276
2021,3,424B5,1355
2021,3,424B7,64
2021,3,424B8,85
2021,3,424H,72
2021,3,424H/A,2
2021,3,425,3036
2021,3,485APOS,261
2021,3,485BPOS,810
2021,3,485BXT,476
2021,3,486APOS,6
2021,3,486BPOS,33
2021,3,487,235
2021,3,497,3509
2021,3,497AD,92
2021,3,497J,826
2021,3,497K,3976
2021,3,497VPI,119
2021,3,497VPU,108
2021,3,5,207
2021,3,5/A,6
2021,3,6-K,5899
2021,3,6-K/A,59
2021,3,6B NTC,1
2021,3,6B ORDR,1
2021,3,8-A12B,483
2021,3,8-A12B/A,29
2021,3,8-A12G,11
2021,3,8-A12G/A,1
2021,3,8-K,17080
2021,3,8-K/A,467
2021,3,8-K12B,4
2021,3,ABS-15G,399
2021,3,ABS-15G/A,167
2021,3,ABS-EE,1672
2021,3,ABS-EE/A,10
2021,3,ADV-NR,1
2021,3,ANNLRPT,5
2021,3,APP NTC,21
2021,3,APP ORDR,15
2021,3,APP WD,21
2021,3,APP WD/A,10
2021,3,APP WDG,4
2021,3,ARS,5
2021,3,ATS-N-C,2
2021,3,ATS-N-W,1
2021,3,ATS-N/CA,6
2021,3,ATS-N/MA,12
2021,3,ATS-N/UA,26
2021,3,AW,37
2021,3,C,433
2021,3,C-AR,37
2021,3,C-AR/A,14
2021,3,C-TR,6
2021,3,C-TR-W,1
2021,3,C-U,191
2021,3,C-U-W,2
2021,3,C-W,51
2021,3,C/A,427
2021,3,CB,18
2021,3,CB/A,26
2021,3,CERT,482
2021,3,CFPORTAL,6
2021,3,CFPORTAL-W,1
2021,3,CFPORTAL/A,24
2021,3,CORRESP,3426
2021,3,CT ORDER,25
2021,3,D,10569
2021,3,D/A,4424
2021,3,DEF 14A,618
2021,3,DEF 14C,101
2021,3,DEFA14A,1206
2021,3,DEFA14C,3
2021,3,DEFC14A,27
2021,3,DEFM14A,100
2021,3,DEFM14C,3
2021,3,DEFR14A,73
2021,3,DEFR14C,3
2021,3,DEL AM,17
2021,3,DFAN14A,291
2021,3,DFRN14A,20
2021,3,DOS,11
2021,3,DOS/A,4
2021,3,DOSLTR,2
2021,3,DRS,256
2021,3,DRS/A,286
2021,3,DRSLTR,244
2021,3,DSTRBRPT,27
2021,3,EFFECT,1597
2021,3,F-1,62
2021,3,F-1/A,106
2021,3,F-10,20
2021,3,F-10/A,18
2021,3,F-10POS,1
2021,3,F-1MEF,5
2021,3,F-3,49
2021,3,F-3/A,20
2021,3,F-3ASR,21
2021,3,F-3D,1
2021,3,F-3DPOS,4
2021,3,F-3MEF,1
2021,3,F-4,26
2021,3,F-4/A,63
2021,3,F-6,32
2021,3,F-6 POS,48
2021,3,F-6/A,6
2021,3,F-6EF,124
2021,3,F-7,1
2021,3,F-N,5
2021,3,F-N/A,3
2021,3,F-X,39
2021,3,F-X/A,1
2021,3,FOCUSN,52
2021,3,FOCUSN/A,3
2021,3,FWP,5190
2021,3,IRANNOTICE,54
2021,3,MA,4
2021,3,MA-A,29
2021,3,MA-I,84
2021,3,MA-I/A,207
2021,3,MA-W,6
2021,3,MA/A,61
2021,3,MSD/A,1
2021,3,N-14,29
2021,3,N-14 8C,1
2021,3,N-14 8C/A,5
2021,3,N-14/A,13
2021,3,N-18F1,3
2021,3,N-1A,24
2021,3,N-1A/A,7
2021,3,N-2,44
2021,3,N-2 POSASR,2
2021,3,N-2/A,53
2021,3,N-23C-2,15
2021,3,N-23C-2/A,1
2021,3,N-23C3A,67
2021,3,N-23C3A/A,2
2021,3,N-23C3B,1
2021,3,N-2ASR,4
2021,3,N-2MEF,2
2021,3,N-3,1
2021,3,N-3/A,1
2021,3,N-30B-2,200
2021,3,N-30D,134
2021,3,N-4,5
2021,3,N-4/A,7
2021,3,N-54A,5
2021,3,N-54C,1
2021,3,N-6,6
2021,3,N-6/A,11
2021,3,N-6F,2
2021,3,N-6F/A,1
2021,3,N-8A,31
2021,3,N-8A/A,1
2021,3,N-8B-2/A,1
2021,3,N-8F,16
2021,3,N-8F NTC,8
2021,3,N-8F ORDR,12
2021,3,N-8F/A,10
2021,3,N-CEN,408
2021,3,N-CEN/A,24
2021,3,N-CSR,538
2021,3,N-CSR/A,19
2021,3,N-CSRS,1293
2021,3,N-CSRS/A,21
2021,3,N-MFP2,1086
2021,3,N-MFP2/A,22
2021,3,N-PX,2606
2021,3,N-PX/A,19
2021,3,N-VP/A,36
2021,3,N-VPFS,16
2021,3,N-VPFS/A,16
2021,3,NPORT-P,12146
2021,3,NPORT-P/A,122
2021,3,NRSRO-CE/A,1
2021,3,NRSRO-UPD,8
2021,3,NT 10-K,98
2021,3,NT 10-K/A,2
2021,3,NT 10-Q,407
2021,3,NT 10-Q/A,6
2021,3,NT 11-K,1
2021,3,NT 20-F,6
2021,3,NT N-CEN,3
2021,3,NT NPORT-P,18
2021,3,NT-NCEN,1
2021,3,NT-NCSR,1
2021,3,NT-NCSR/A,1
2021,3,OIP NTC,1
2021,3,OIP ORDR,1
2021,3,POS 8C,2
2021,3,POS AM,163
2021,3,POS AMI,25
2021,3,POS EX,81
2021,3,POS462B,1
2021,3,POS462C,1
2021,3,POSASR,44
2021,3,PRE 14A,165
2021,3,PRE 14C,50
2021,3,PREC14A,37
2021,3,PREM14A,54
2021,3,PREM14C,5
2021,3,PREN14A,2
2021,3,PRER14A,43
2021,3,PRER14C,4
2021,3,PRRN14A,12
2021,3,PX14A6G,34
2021,3,QRTLYRPT,6
2021,3,QRTLYRPT/A,1
2021,3,QUALIF,144
2021,3,REVOKED,110
2021,3,RW,60
2021,3,RW WD,2
2021,3,S-1,450
2021,3,S-1/A,994
2021,3,S-11,10
2021,3,S-11/A,30
2021,3,S-11MEF,2
2021,3,S-1MEF,48
2021,3,S-3,243
2021,3,S-3/A,88
2021,3,S-3ASR,449
2021,3,S-3MEF,9
2021,3,S-4,526
2021,3,S-4/A,325
2021,3,S-4MEF,4
2021,3,S-6,272
2021,3,S-6/A,49
2021,3,S-8,671
2021,3,S-8 POS,369
2021,3,S-B,3
2021,3,S-B/A,1
2021,3,SC 13D,936
2021,3,SC 13D/A,1671
2021,3,SC 13E3,8
2021,3,SC 13E3/A,33
2021,3,SC 13G,2163
2021,3,SC 13G/A,1645
2021,3,SC 14D9,9
2021,3,SC 14D9/A,25
2021,3,SC 14F1,8
2021,3,SC 14N,2
2021,3,SC TO-C,46
2021,3,SC TO-I,99
2021,3,SC TO-I/A,134
2021,3,SC TO-T,14
2021,3,SC TO-T/A,58
2021,3,SC13E4F,1
2021,3,SC13E4F/A,2
2021,3,SC14D9C,11
2021,3,SD,2
2021,3,SE,3
2021,3,SEC STAFF ACTION,32
2021,3,SEC STAFF LETTER,85
2021,3,SF-1,5
2021,3,SF-1/A,4
2021,3,SF-3,9
2021,3,SF-3/A,7
2021,3,SUPPL,38
2021,3,T-3/A,11
2021,3,TA-1,4
2021,3,TA-1/A,45
2021,3,TA-2,9
2021,3,TA-2/A,1
2021,3,TA-W,3
2021,3,UPLOAD,2554
2021,3,X-17A-5,191
2021,3,X-17A-5/A,8
2021,4,1-A,97
2021,4,1-A POS,92
2021,4,1-A-W,17
2021,4,1-A-W/A,1
2021,4,1-A/A,164
2021,4,1-K,8
2021,4,1-SA,51
2021,4,1-SA/A,3
2021,4,1-U,283
2021,4,1-U/A,2
2021,4,1-Z,12
2021,4,1-Z/A,2
2021,4,1/A,46
2021,4,10-12B,7
2021,4,10-12B/A,5
2021,4,10-12G,35
2021,4,10-12G/A,87
2021,4,10-D,2539
2021,4,10-D/A,135
2021,4,10-K,446
2021,4,10-K/A,155
2021,4,10-KT,4
2021,4,10-KT/A,1
2021,4,10-Q,6470
2021,4,10-Q/A,301
2021,4,11-K,15
2021,4,11-K/A,1
2021,4,13F-HR,6016
2021,4,13F-HR/A,329
2021,4,13F-NT,1614
2021,4,13F-NT/A,26
2021,4,144,110
2021,4,144/A,4
2021,4,15-12B,85
2021,4,15-12G,28
2021,4,15-12G/A,2
2021,4,15-15D,29
2021,4,15F-12B,3
2021,4,15F-15D,6
2021,4,15F-15D/A,1
2021,4,18-K,12
2021,4,18-K/A,35
2021,4,19B-4E,263
2021,4,20-F,49
2021,4,20-F/A,20
2021,4,20FR12B,2
2021,4,20FR12B/A,3
2021,4,20FR12G,2
2021,4,20FR12G/A,1
2021,4,24F-2NT,1039
2021,4,24F-2NT/A,3
2021,4,25,38
2021,4,25-NSE,532
2021,4,25-NSE/A,8
2021,4,253G1,10
2021,4,253G2,220
2021,4,253G3,28
2021,4,3,12340
2021,4,3/A,422
2021,4,305B2,29
2021,4,4,84790
2021,4,4/A,1607
2021,4,40-17F1,10
2021,4,40-17F2,178
2021,4,40-17G,580
2021,4,40-17G/A,54
2021,4,40-24B2,38
2021,4,40-33,2
2021,4,40-6B,9
2021,4,40-6B/A,2
2021,4,40-8F-2/A,3
2021,4,40-APP,328
2021,4,40-APP/A,1323
2021,4,40-F,12
2021,4,40-F/A,9
2021,4,40FR12B,4
2021,4,40FR12B/A,7
2021,4,40FR12G,1
2021,4,424A,2
2021,4,424B1,39
2021,4,424B2,23713
2021,4,424B3,2399
2021,4,424B4,329
2021,4,424B5,1009
2021,4,424B7,53
2021,4,424B8,56
2021,4,424H,53
2021,4,424H/A,2
2021,4,425,2583
2021,4,485APOS,324
2021,4,485BPOS,938
2021,4,485BXT,496
2021,4,486APOS,3
2021,4,486BPOS,9
2021,4,486BXT,3
2021,4,487,214
2021,4,497,3849
2021,4,497AD,97
2021,4,497J,991
2021,4,497K,4786
2021,4,497VPI,56
2021,4,497VPU,80
2021,4,5,340
2021,4,5/A,4
2021,4,6-K,6473
2021,4,6-K/A,62
2021,4,8-A12B,545
2021,4,8-A12B/A,32
2021,4,8-A12G,12
2021,4,8-A12G/A,2
2021,4,8-K,18470
2021,4,8-K/A,478
2021,4,8-K12B,9
2021,4,8-K12G3,1
2021,4,8-M,1
2021,4,ABS-15G,439
2021,4,ABS-15G/A,178
2021,4,ABS-EE,1749
2021,4,ABS-EE/A,78
2021,4,ANNLRPT,2
2021,4,APP NTC,14
2021,4,APP ORDR,13
2021,4,APP WD,10
2021,4,APP WD/A,3
2021,4,APP WDG,3
2021,4,ATS-N/CA,4
2021,4,ATS-N/MA,6
2021,4,ATS-N/UA,14
2021,4,AW,46
2021,4,AW WD,3
2021,4,C,446
2021,4,C-AR,15
2021,4,C-AR/A,37
2021,4,C-TR,4
2021,4,C-U,219
2021,4,C-W,59
2021,4,C/A,398
2021,4,C/A-W,4
2021,4,CANCELLATION-MA,18
2021,4,CB,20
2021,4,CB/A,9
2021,4,CERT,545
2021,4,CFPORTAL,6
2021,4,CFPORTAL-W,1
2021,4,CFPORTAL/A,20
2021,4,CORRESP,3187
2021,4,CT ORDER,33
2021,4,D,12286
2021,4,D/A,4477
2021,4,DEF 14A,611
2021,4,DEF 14C,83
2021,4,DEFA14A,950
2021,4,DEFA14C,5
2021,4,DEFC14A,20
2021,4,DEFM14A,66
2021,4,DEFM14C,2
2021,4,DEFR14A,59
2021,4,DEFR14C,3
2021,4,DEL AM,18
2021,4,DFAN14A,213
2021,4,DFRN14A,36
2021,4,DOS,4
2021,4,DOS/A,3
2021,4,DRS,163
2021,4,DRS/A,190
2021,4,DRSLTR,117
2021,4,DSTRBRPT,17
2021,4,EFFECT,1318
2021,4,F-1,48
2021,4,F-1/A,149
2021,4,F-10,26
2021,4,F-10/A,19
2021,4,F-10POS,1
2021,4,F-1MEF,5
2021,4,F-3,27
2021,4,F-3/A,32
2021,4,F-3ASR,20
2021,4,F-3D,1
2021,4,F-4,18
2021,4,F-4/A,68
2021,4,F-6,44
2021,4,F-6 POS,30
2021,4,F-6/A,2
2021,4,F-6EF,90
2021,4,F-7,1
2021,4,F-N,8
2021,4,F-X,42
2021,4,F-X/A,1
2021,4,FOCUSN,54
2021,4,FOCUSN/A,1
2021,4,FWP,5795
2021,4,IRANNOTICE,49
2021,4,MA,2
2021,4,MA-A,24
2021,4,MA-I,91
2021,4,MA-I/A,332
2021,4,MA-W,28
2021,4,MA/A,65
2021,4,N-14,34
2021,4,N-14 8C,8
2021,4,N-14 8C/A,8
2021,4,N-14/A,20
2021,4,N-14MEF,1
2021,4,N-18F1,3
2021,4,N-1A,9
2021,4,N-1A/A,40
2021,4,N-2,63
2021,4,N-2/A,64
2021,4,N-23C-2,20
2021,4,N-23C3A,68
2021,4,N-23C3B,1
2021,4,N-2ASR,6
2021,4,N-2MEF,5
2021,4,N-3/A,2
2021,4,N-30B-2,35
2021,4,N-30D,3
2021,4,N-4,21
2021,4,N-4/A,6
2021,4,N-54A,12
2021,4,N-54C,1
2021,4,N-6,11
2021,4,N-6/A,6
2021,4,N-6F,4
2021,4,N-8A,30
2021,4,N-8A/A,5
2021,4,N-8B-4,1
2021,4,N-8F,19
2021,4,N-8F NTC,13
2021,4,N-8F ORDR,10
2021,4,N-8F/A,8
2021,4,N-CEN,553
2021,4,N-CEN/A,27
2021,4,N-CSR,802
2021,4,N-CSR/A,21
2021,4,N-CSRS,454
2021,4,N-CSRS/A,9
2021,4,N-MFP2,1065
2021,4,N-MFP2/A,4
2021,4,N-PX,13
2021,4,N-PX/A,2
2021,4,N-VP/A,13
2021,4,NPORT-P,12214
2021,4,NPORT-P/A,281
2021,4,NRSRO-UPD,5
2021,4,NT 10-K,73
2021,4,NT 10-K/A,3
2021,4,NT 10-Q,511
2021,4,NT 10-Q/A,11
2021,4,NT 11-K,1
2021,4,NT 20-F,10
2021,4,NT N-CEN,5
2021,4,NT NPORT-P,22
2021,4,NT-NCEN,1
2021,4,NT-NCSR,3
2021,4,NT-NCSR/A,1
2021,4,NTFNCEN,1
2021,4,POS 8C,5
2021,4,POS AM,210
2021,4,POS AMI,40
2021,4,POS EX,98
2021,4,POSASR,330
2021,4,PRE 14A,150
2021,4,PRE 14C,53
2021,4,PREC14A,18
2021,4,PREM14A,35
2021,4,PREM14C,1
2021,4,PRER14A,50
2021,4,PRER14C,3
2021,4,PRRN14A,6
2021,4,PX14A6G,24
2021,4,QRTLYRPT,5
2021,4,QRTLYRPT/A,1
2021,4,QUALIF,120
2021,4,REVOKED,18
2021,4,RW,96
2021,4,RW WD,2
2021,4,S-1,443
2021,4,S-1/A,841
2021,4,S-11,8
2021,4,S-11/A,14
2021,4,S-11MEF,1
2021,4,S-1MEF,88
2021,4,S-3,194
2021,4,S-3/A,62
2021,4,S-3ASR,264
2021,4,S-3D,3
2021,4,S-3DPOS,7
2021,4,S-3MEF,2
2021,4,S-4,130
2021,4,S-4 POS,2
2021,4,S-4/A,230
2021,4,S-4MEF,1
2021,4,S-6,244
2021,4,S-6/A,49
2021,4,S-8,494
2021,4,S-8 POS,415
2021,4,S-B,5
2021,4,S-B/A,1
2021,4,SBSE,2
2021,4,SBSE-A,35
2021,4,SBSE-A/A,15
2021,4,SBSE-BD,6
2021,4,SBSE-C,43
2021,4,SBSE/A,1
2021,4,SC 13D,795
2021,4,SC 13D/A,1716
2021,4,SC 13E3,11
2021,4,SC 13E3/A,43
2021,4,SC 13G,2355
2021,4,SC 13G/A,1581
2021,4,SC 14D9,26
2021,4,SC 14D9/A,59
2021,4,SC 14F1,11
2021,4,SC 14F1/A,2
2021,4,SC TO-C,50
2021,4,SC TO-I,89
2021,4,SC TO-I/A,132
2021,4,SC TO-T,32
2021,4,SC TO-T/A,130
2021,4,SC13E4F,1
2021,4,SC14D9C,19
2021,4,SD,1
2021,4,SEC STAFF ACTION,32
2021,4,SEC STAFF LETTER,75
2021,4,SF-1,4
2021,4,SF-1/A,10
2021,4,SF-3,26
2021,4,SF-3/A,14
2021,4,STOP ORDER,1
2021,4,SUPPL,34
2021,4,T-3,1
2021,4,T-3/A,270
2021,4,TA-1,7
2021,4,TA-1/A,38
2021,4,TA-2,4
2021,4,TA-2/A,5
2021,4,TA-W,3
2021,4,UPLOAD,1965
2021,4,X-17A-5,159
2021,4,X-17A-5/A,9
2022,1,1,1
2022,1,1-A,82
2022,1,1-A POS,86
2022,1,1-A-W,14
2022,1,1-A-W/A,4
2022,1,1-A/A,114
2022,1,1-K,16
2022,1,1-K/A,2
2022,1,1-SA,12
2022,1,1-SA/A,3
2022,1,1-U,305
2022,1,1-U/A,6
2022,1,1-Z,11
2022,1,1/A,69
2022,1,10-12B,5
2022,1,10-12B/A,7
2022,1,10-12G,22
2022,1,10-12G/A,78
2022,1,10-D,2444
2022,1,10-D/A,47
2022,1,10-K,6016
2022,1,10-K/A,211
2022,1,10-KT,15
2022,1,10-KT/A,1
2022,1,10-Q,1176
2022,1,10-Q/A,265
2022,1,10-QT,5
2022,1,11-K,25
2022,1,11-K/A,2
2022,1,13F-HR,6882
2022,1,13F-HR/A,277
2022,1,13F-NT,1744
2022,1,13F-NT/A,18
2022,1,144,87
2022,1,144/A,4
2022,1,15-12B,72
2022,1,15-12G,31
2022,1,15-12G/A,3
2022,1,15-15D,46
2022,1,15F-12B,2
2022,1,15F-12G,1
2022,1,18-K,5
2022,1,18-K/A,42
2022,1,19B-4E,233
2022,1,20-F,300
2022,1,20-F/A,16
2022,1,20FR12B,3
2022,1,20FR12B/A,5
2022,1,20FR12G,1
2022,1,20FR12G/A,5
2022,1,24F-2NT,2399
2022,1,24F-2NT/A,5
2022,1,25,22
2022,1,25-NSE,430
2022,1,25-NSE/A,12
2022,1,253G1,14
2022,1,253G2,193
2022,1,3,9486
2022,1,3/A,443
2022,1,305B2,39
2022,1,4,130389
2022,1,4/A,2724
2022,1,40-17F1,5
2022,1,40-17F2,142
2022,1,40-17F2/A,14
2022,1,40-17G,659
2022,1,40-17G/A,16
2022,1,40-24B2,83
2022,1,40-33,8
2022,1,40-6B,4
2022,1,40-8F-2/A,1
2022,1,40-APP,125
2022,1,40-APP/A,953
2022,1,40-F,130
2022,1,40-F/A,7
2022,1,40FR12B,5
2022,1,40FR12B/A,4
2022,1,424B1,16
2022,1,424B2,25154
2022,1,424B3,2149
2022,1,424B4,113
2022,1,424B5,816
2022,1,424B7,37
2022,1,424B8,61
2022,1,424H,71
2022,1,424H/A,8
2022,1,424I,7
2022,1,425,1755
2022,1,485APOS,277
2022,1,485BPOS,898
2022,1,485BXT,561
2022,1,486APOS,5
2022,1,486BPOS,21
2022,1,487,205
2022,1,497,3825
2022,1,497AD,70
2022,1,497J,1011
2022,1,497K,5773
2022,1,497VPI,66
2022,1,497VPSUB,30
2022,1,497VPU,106
2022,1,5,4460
2022,1,5/A,141
2022,1,6-K,6428
2022,1,6-K/A,77
2022,1,8-A12B,292
2022,1,8-A12B/A,28
2022,1,8-A12G,16
2022,1,8-K,17222
2022,1,8-K/A,552
2022,1,8-K12B,6
2022,1,8-K12B/A,3
2022,1,8-K12G3,1
2022,1,8F-2 NTC,1
2022,1,8F-2 ORDR,1
2022,1,ABS-15G,1278
2022,1,ABS-15G/A,111
2022,1,ABS-EE,1733
2022,1,ABS-EE/A,8
2022,1,ADV-NR,1
2022,1,APP NTC,19
2022,1,APP ORDR,19
2022,1,APP WD,9
2022,1,APP WDG,2
2022,1,ARS,5
2022,1,ATS-N,1
2022,1,ATS-N-C,3
2022,1,ATS-N/CA,3
2022,1,ATS-N/MA,13
2022,1,ATS-N/UA,28
2022,1,AW,28
2022,1,C,396
2022,1,C-AR,35
2022,1,C-AR/A,2
2022,1,C-TR,9
2022,1,C-U,214
2022,1,C-W,44
2022,1,C/A,424
2022,1,C/A-W,5
2022,1,CB,8
2022,1,CB/A,7
2022,1,CERT,285
2022,1,CFPORTAL,3
2022,1,CFPORTAL-W,1
2022,1,CFPORTAL/A,13
2022,1,CORRESP,2071
2022,1,CT ORDER,20
2022,1,D,12675
2022,1,D/A,6164
2022,1,DEF 14A,1384
2022,1,DEF 14C,130
2022,1,DEFA14A,1653
2022,1,DEFA14C,4
2022,1,DEFC14A,29
2022,1,DEFM14A,57
2022,1,DEFR14A,49
2022,1,DEFR14C,1
2022,1,DEL AM,16
2022,1,DFAN14A,410
2022,1,DFRN14A,48
2022,1,DOS,5
2022,1,DOS/A,1
2022,1,DOSLTR,1
2022,1,DRS,102
2022,1,DRS/A,143
2022,1,DRSLTR,120
2022,1,DSTRBRPT,42
2022,1,DSTRBRPT/A,1
2022,1,EFFECT,918
2022,1,F-1,47
2022,1,F-1/A,108
2022,1,F-10,9
2022,1,F-10/A,6
2022,1,F-10POS,4
2022,1,F-1MEF,4
2022,1,F-3,25
2022,1,F-3/A,36
2022,1,F-3ASR,16
2022,1,F-3D,1
2022,1,F-4,10
2022,1,F-4/A,46
2022,1,F-6,30
2022,1,F-6 POS,44
2022,1,F-6/A,2
2022,1,F-6EF,122
2022,1,F-7,1
2022,1,F-N,3
2022,1,F-N/A,1
2022,1,F-X,31
2022,1,F-X/A,10
2022,1,FOCUSN,668
2022,1,FOCUSN/A,8
2022,1,FWP,6381
2022,1,G-405,1
2022,1,G-405N,1
2022,1,G-FIN/A,3
2022,1,IRANNOTICE,99
2022,1,MA,2
2022,1,MA-A,273
2022,1,MA-I,103
2022,1,MA-I/A,322
2022,1,MA-W,10
2022,1,MA/A,53
2022,1,MSD/A,5
2022,1,N-14,19
2022,1,N-14 8C,4
2022,1,N-14 8C/A,4
2022,1,N-14/A,12
2022,1,N-14MEF,1
2022,1,N-18F1,1
2022,1,N-1A,4
2022,1,N-1A/A,23
2022,1,N-2,38
2022,1,N-2 POSASR,2
2022,1,N-2/A,57
2022,1,N-23C-2,12
2022,1,N-23C-2/A,4
2022,1,N-23C3A,78
2022,1,N-23C3B,1
2022,1,N-2ASR,10
2022,1,N-30B-2,152
2022,1,N-30D,135
2022,1,N-4,7
2022,1,N-4/A,2
2022,1,N-54A,7
2022,1,N-54C,1
2022,1,N-6,3
2022,1,N-6/A,1
2022,1,N-6F,2
2022,1,N-8A,16
2022,1,N-8A/A,1
2022,1,N-8B-2/A,2
2022,1,N-8F,30
2022,1,N-8F NTC,18
2022,1,N-8F ORDR,21
2022,1,N-8F/A,11
2022,1,N-CEN,1916
2022,1,N-CEN/A,65
2022,1,N-CSR,1290
2022,1,N-CSR/A,52
2022,1,N-CSRS,536
2022,1,N-CSRS/A,8
2022,1,N-MFP2,1060
2022,1,N-MFP2/A,11
2022,1,N-PX,9
2022,1,N-PX/A,3
2022,1,N-VP/A,8
2022,1,N-VPFS,9
2022,1,NPORT-EX/A,1
2022,1,NPORT-P,12109
2022,1,NPORT-P/A,201
2022,1,NRSRO-CE,9
2022,1,NRSRO-CE/A,1
2022,1,NRSRO-UPD,4
2022,1,NT 10-K,500
2022,1,NT 10-K/A,2
2022,1,NT 10-Q,156
2022,1,NT 10-Q/A,4
2022,1,NT 20-F,13
2022,1,NT N-CEN,8
2022,1,NT N-MFP2,1
2022,1,NT NPORT-P,11
2022,1,NT-NCEN,3
2022,1,NT-NCSR,2
2022,1,NT-NCSR/A,1
2022,1,POS 8C,10
2022,1,POS AM,434
2022,1,POS AMI,66
2022,1,POS EX,129
2022,1,POSASR,167
2022,1,PRE 14A,295
2022,1,PRE 14C,64
2022,1,PREC14A,53
2022,1,PREM14A,41
2022,1,PREN14A,4
2022,1,PRER14A,38
2022,1,PRER14C,4
2022,1,PRRN14A,24
2022,1,PX14A6G,154
2022,1,PX14A6N,8
2022,1,QRTLYRPT,5
2022,1,QUALIF,137
2022,1,REVOKED,43
2022,1,RW,123
2022,1,RW WD,9
2022,1,S-1,226
2022,1,S-1/A,567
2022,1,S-11,3
2022,1,S-11/A,9
2022,1,S-1MEF,16
2022,1,S-3,191
2022,1,S-3/A,59
2022,1,S-3ASR,481
2022,1,S-3DPOS,25
2022,1,S-3MEF,2
2022,1,S-4,104
2022,1,S-4/A,147
2022,1,S-4EF,1
2022,1,S-4MEF,3
2022,1,S-6,248
2022,1,S-6/A,63
2022,1,S-8,900
2022,1,S-8 POS,353
2022,1,S-B,4
2022,1,S-B/A,6
2022,1,SBSE-A,4
2022,1,SBSE-A/A,32
2022,1,SBSE-C,4
2022,1,SBSE/A,1
2022,1,SC 13D,637
2022,1,SC 13D/A,2070
2022,1,SC 13E3,7
2022,1,SC 13E3/A,23
2022,1,SC 13G,12354
2022,1,SC 13G/A,31646
2022,1,SC 14D9,15
2022,1,SC 14D9/A,50
2022,1,SC 14F1,7
2022,1,SC 14N,2
2022,1,SC TO-C,29
2022,1,SC TO-I,73
2022,1,SC TO-I/A,100
2022,1,SC TO-T,30
2022,1,SC TO-T/A,100
2022,1,SC13E4F,1
2022,1,SC14D9C,14
2022,1,SD,5
2022,1,SEC STAFF ACTION,49
2022,1,SEC STAFF LETTER,30
2022,1,SF-1,2
2022,1,SF-1/A,12
2022,1,SF-3,12
2022,1,SF-3/A,18
2022,1,SUPPL,27
2022,1,T-3,4
2022,1,T-3/A,11
2022,1,TA-1,4
2022,1,TA-1/A,60
2022,1,TA-2,249
2022,1,TA-2/A,5
2022,1,TA-W,5
2022,1,UPLOAD,1539
2022,1,X-17A-5,2646
2022,1,X-17A-5/A,85
2022,2,1-A,82
2022,2,1-A POS,108
2022,2,1-A-W,14
2022,2,1-A/A,95
2022,2,1-K,304
2022,2,1-K/A,14
2022,2,1-SA,8
2022,2,1-SA/A,5
2022,2,1-U,277
2022,2,1-U/A,4
2022,2,1-Z,16
2022,2,1-Z-W,1
2022,2,1/A,80
2022,2,10-12B,4
2022,2,10-12B/A,10
2022,2,10-12G,34
2022,2,10-12G/A,55
2022,2,10-D,2425
2022,2,10-D/A,12
2022,2,10-K,935
2022,2,10-K/A,425
2022,2,10-KT,4
2022,2,10-KT/A,1
2022,2,10-M,1
2022,2,10-Q,6610
2022,2,10-Q/A,128
2022,2,10-QT,2
2022,2,11-K,875
2022,2,11-K/A,5
2022,2,11-KT,1
2022,2,13F-HR,6841
2022,2,13F-HR/A,346
2022,2,13F-NT,1701
2022,2,13F-NT/A,18
2022,2,144,81
2022,2,144/A,2
2022,2,15-12B,53
2022,2,15-12B/A,1
2022,2,15-12G,36
2022,2,15-15D,22
2022,2,15F-12B,1
2022,2,15F-12G,1
2022,2,18-K,13
2022,2,18-K/A,25
2022,2,19B-4E,204
2022,2,20-F,512
2022,2,20-F/A,41
2022,2,20FR12B,4
2022,2,20FR12B/A,6
2022,2,20FR12G,2
2022,2,20FR12G/A,2
2022,2,24F-2NT,777
2022,2,25,25
2022,2,25-NSE,344
2022,2,253G1,16
2022,2,253G2,183
2022,2,253G3,1
2022,2,3,7736
2022,2,3/A,401
2022,2,305B2,28
2022,2,4,105830
2022,2,4/A,1900
2022,2,40-17F1,23
2022,2,40-17F2,76
2022,2,40-17G,609
2022,2,40-17G/A,9
2022,2,40-24B2,99
2022,2,40-33,3
2022,2,40-6B,3
2022,2,40-6B/A,7
2022,2,40-8F-2/A,1
2022,2,40-APP,1364
2022,2,40-APP/A,1413
2022,2,40-F,18
2022,2,40-F/A,9
2022,2,40FR12B,4
2022,2,40FR12B/A,5
2022,2,424B1,8
2022,2,424B2,24753
2022,2,424B3,3035
2022,2,424B4,83
2022,2,424B5,829
2022,2,424B7,47
2022,2,424B8,99
2022,2,424H,68
2022,2,424I,2
2022,2,425,1562
2022,2,485APOS,207
2022,2,485BPOS,1980
2022,2,485BXT,494
2022,2,486APOS,6
2022,2,486BPOS,71
2022,2,486BXT,1
2022,2,487,189
2022,2,497,4016
2022,2,497AD,64
2022,2,497J,1818
2022,2,497K,5805
2022,2,497VPI,475
2022,2,497VPSUB,16
2022,2,497VPU,1164
2022,2,5,150
2022,2,5/A,8
2022,2,6-K,7430
2022,2,6-K/A,93
2022,2,6B NTC,1
2022,2,8-A12B,225
2022,2,8-A12B/A,13
2022,2,8-A12G,24
2022,2,8-A12G/A,3
2022,2,8-K,19320
2022,2,8-K/A,444
2022,2,8-K12B,9
2022,2,8-K12B/A,2
2022,2,8-K12G3,2
2022,2,8F-2 NTC,1
2022,2,ABS-15G,330
2022,2,ABS-15G/A,192
2022,2,ABS-EE,1767
2022,2,ABS-EE/A,1
2022,2,ADV-H-T,1
2022,2,ADV-NR,1
2022,2,ANNLRPT,1
2022,2,APP NTC,8
2022,2,APP ORDR,9
2022,2,APP WD,7
2022,2,APP WDG,1
2022,2,ARS,8
2022,2,ATS-N-C,1
2022,2,ATS-N/CA,5
2022,2,ATS-N/MA,8
2022,2,ATS-N/UA,31
2022,2,AW,37
2022,2,C,382
2022,2,C-AR,669
2022,2,C-AR-W,1
2022,2,C-AR/A,15
2022,2,C-TR,112
2022,2,C-TR-W,2
2022,2,C-U,276
2022,2,C-U-W,3
2022,2,C-W,44
2022,2,C/A,495
2022,2,CANCELLATION-MA,1
2022,2,CB,39
2022,2,CB/A,4
2022,2,CERT,214
2022,2,CFPORTAL,4
2022,2,CFPORTAL-W,1
2022,2,CFPORTAL/A,16
2022,2,CORRESP,2807
2022,2,CT ORDER,16
2022,2,D,11029
2022,2,D/A,5290
2022,2,DEF 14A,3017
2022,2,DEF 14C,89
2022,2,DEFA14A,3271
2022,2,DEFA14C,6
2022,2,DEFC14A,60
2022,2,DEFC14C,1
2022,2,DEFM14A,71
2022,2,DEFM14C,2
2022,2,DEFN14A,3
2022,2,DEFR14A,101
2022,2,DEFR14C,2
2022,2,DEL AM,31
2022,2,DFAN14A,645
2022,2,DFRN14A,46
2022,2,DOS,5
2022,2,DOS/A,1
2022,2,DOSLTR,1
2022,2,DRS,83
2022,2,DRS/A,129
2022,2,DRSLTR,99
2022,2,DSTRBRPT,18
2022,2,EFFECT,1385
2022,2,F-1,41
2022,2,F-1/A,131
2022,2,F-10,15
2022,2,F-10/A,8
2022,2,F-3,46
2022,2,F-3/A,55
2022,2,F-3ASR,21
2022,2,F-3D,1
2022,2,F-4,9
2022,2,F-4/A,41
2022,2,F-4MEF,1
2022,2,F-6,28
2022,2,F-6 POS,68
2022,2,F-6/A,10
2022,2,F-6EF,85
2022,2,F-7,1
2022,2,F-7/A,1
2022,2,F-N,7
2022,2,F-X,35
2022,2,FOCUSN,73
2022,2,FWP,5827
2022,2,G-FIN/A,1
2022,2,IRANNOTICE,59
2022,2,MA-A,47
2022,2,MA-I,73
2022,2,MA-I/A,274
2022,2,MA-W,7
2022,2,MA/A,73
2022,2,MSD/A,2
2022,2,N-14,20
2022,2,N-14 8C,5
2022,2,N-14 8C/A,5
2022,2,N-14/A,17
2022,2,N-18F1,3
2022,2,N-1A,8
2022,2,N-1A/A,17
2022,2,N-2,31
2022,2,N-2/A,67
2022,2,N-23C-2,3
2022,2,N-23C3A,83
2022,2,N-2ASR,8
2022,2,N-30B-2,78
2022,2,N-30D,3
2022,2,N-4,8
2022,2,N-4/A,10
2022,2,N-54A,8
2022,2,N-54C,4
2022,2,N-6,3
2022,2,N-6/A,3
2022,2,N-6F,4
2022,2,N-8A,21
2022,2,N-8A/A,1
2022,2,N-8F,29
2022,2,N-8F NTC,31
2022,2,N-8F ORDR,28
2022,2,N-8F/A,8
2022,2,N-CEN,422
2022,2,N-CEN/A,33
2022,2,N-CR,1
2022,2,N-CSR,475
2022,2,N-CSR/A,81
2022,2,N-CSRS,821
2022,2,N-MFP2,1051
2022,2,N-MFP2/A,11
2022,2,N-PX,4
2022,2,N-VP,213
2022,2,N-VP/A,32
2022,2,N-VPFS,610
2022,2,N-VPFS/A,7
2022,2,NPORT-EX/A,1
2022,2,NPORT-P,12676
2022,2,NPORT-P/A,158
2022,2,NRSRO-CE/A,1
2022,2,NRSRO-UPD,6
2022,2,NT 10-K,297
2022,2,NT 10-K/A,6
2022,2,NT 10-Q,533
2022,2,NT 10-Q/A,3
2022,2,NT 11-K,14
2022,2,NT 20-F,110
2022,2,NT 20-F/A,5
2022,2,NT N-CEN,2
2022,2,NT N-MFP2,1
2022,2,NT NPORT-P,5
2022,2,POS 8C,1
2022,2,POS AM,422
2022,2,POS AMI,52
2022,2,POS EX,108
2022,2,POS462B,1
2022,2,POSASR,224
2022,2,PRE 14A,418
2022,2,PRE 14C,53
2022,2,PREC14A,67
2022,2,PREC14C,1
2022,2,PREM14A,40
2022,2,PREM14C,3
2022,2,PREN14A,2
2022,2,PRER14A,59
2022,2,PRER14C,4
2022,2,PRRN14A,46
2022,2,PX14A6G,424
2022,2,QRTLYRPT,4
2022,2,QUALIF,104
2022,2,REG-NR,1
2022,2,REVOKED,16
2022,2,RW,113
2022,2,RW WD,3
2022,2,S-1,237
2022,2,S-1/A,550
2022,2,S-11,8
2022,2,S-11/A,3
2022,2,S-1MEF,7
2022,2,S-3,256
2022,2,S-3/A,104
2022,2,S-3ASR,386
2022,2,S-3D,4
2022,2,S-3DPOS,3
2022,2,S-3MEF,1
2022,2,S-4,254
2022,2,S-4/A,327
2022,2,S-4MEF,2
2022,2,S-6,237
2022,2,S-6/A,46
2022,2,S-8,757
2022,2,S-8 POS,418
2022,2,S-B,4
2022,2,S-B/A,1
2022,2,SBSE-A/A,30
2022,2,SBSE/A,2
2022,2,SC 13D,528
2022,2,SC 13D/A,1963
2022,2,SC 13E3,13
2022,2,SC 13E3/A,21
2022,2,SC 13G,1668
2022,2,SC 13G/A,1520
2022,2,SC 14D9,12
2022,2,SC 14D9/A,59
2022,2,SC 14F1,6
2022,2,SC 14N,8
2022,2,SC TO-C,48
2022,2,SC TO-I,96
2022,2,SC TO-I/A,108
2022,2,SC TO-T,22
2022,2,SC TO-T/A,114
2022,2,SC13E4F,1
2022,2,SC13E4F/A,5
2022,2,SC14D9C,22
2022,2,SD,997
2022,2,SE,3
2022,2,SEC STAFF ACTION,59
2022,2,SEC STAFF LETTER,42
2022,2,SF-1,4
2022,2,SF-1/A,6
2022,2,SF-1MEF,2
2022,2,SF-3,15
2022,2,SF-3/A,4
2022,2,STOP ORDER,1
2022,2,SUPPL,13
2022,2,T-3,25
2022,2,T-3/A,32
2022,2,TA-1,6
2022,2,TA-1/A,37
2022,2,TA-2,16
2022,2,TA-2/A,9
2022,2,TA-W,2
2022,2,UPLOAD,2095
2022,2,X-17A-5,288
2022,2,X-17A-5/A,43
2022,3,1-A,85
2022,3,1-A POS,102
2022,3,1-A-W,15
2022,3,1-A-W/A,1
2022,3,1-A/A,110
2022,3,1-K,25
2022,3,1-K/A,7
2022,3,1-SA,337
2022,3,1-SA/A,2
2022,3,1-U,338
2022,3,1-U/A,1
2022,3,1-Z,15
2022,3,1/A,70
2022,3,10-12B,5
2022,3,10-12B/A,16
2022,3,10-12G,20
2022,3,10-12G/A,63
2022,3,10-D,2538
2022,3,10-D/A,20
2022,3,10-K,400
2022,3,10-K/A,136
2022,3,10-KT,4
2022,3,10-KT/A,1
2022,3,10-Q,6518
2022,3,10-Q/A,125
2022,3,10-QT,4
2022,3,11-K,27
2022,3,11-K/A,4
2022,3,11-KT,1
2022,3,13F-HR,6878
2022,3,13F-HR/A,336
2022,3,13F-NT,1731
2022,3,13F-NT/A,3
2022,3,144,83
2022,3,144/A,4
2022,3,15-12G,105
2022,3,15-12G/A,4
2022,3,15-15D,671
2022,3,15F-12B,2
2022,3,15F-15D,1
2022,3,18-K,13
2022,3,18-K/A,26
2022,3,19B-4E,204
2022,3,20-F,70
2022,3,20-F/A,35
2022,3,20FR12B,1
2022,3,20FR12B/A,2
2022,3,20FR12G,1
2022,3,20FR12G/A,1
2022,3,24F-2NT,1003
2022,3,24F-2NT/A,3
2022,3,25,29
2022,3,25-NSE,416
2022,3,25-NSE/A,4
2022,3,25/A,1
2022,3,253G1,12
2022,3,253G2,209
2022,3,253G3,2
2022,3,3,7171
2022,3,3/A,283
2022,3,305B2,61
2022,3,4,70823
2022,3,4/A,1440
2022,3,40-17F1,28
2022,3,40-17F2,97
2022,3,40-17G,474
2022,3,40-17G/A,21
2022,3,40-24B2,82
2022,3,40-33,4
2022,3,40-6B,5
2022,3,40-8B25,2
2022,3,40-APP,1325
2022,3,40-APP/A,1807
2022,3,40-F,9
2022,3,40-F/A,4
2022,3,40FR12B,2
2022,3,40FR12B/A,1
2022,3,424B1,9
2022,3,424B2,25290
2022,3,424B3,2720
2022,3,424B4,96
2022,3,424B5,1117
2022,3,424B7,43
2022,3,424B8,110
2022,3,424H,57
2022,3,424I,17
2022,3,425,1402
2022,3,485APOS,217
2022,3,485BPOS,740
2022,3,485BXT,457
2022,3,486APOS,4
2022,3,486BPOS,38
2022,3,487,191
2022,3,497,3711
2022,3,497AD,66
2022,3,497J,749
2022,3,497K,3964
2022,3,497VPI,325
2022,3,497VPSUB,72
2022,3,497VPU,497
2022,3,5,218
2022,3,5/A,4
2022,3,6-K,6456
2022,3,6-K/A,64
2022,3,6B ORDR,1
2022,3,8-A12B,226
2022,3,8-A12B/A,34
2022,3,8-A12G,19
2022,3,8-A12G/A,1
2022,3,8-K,15993
2022,3,8-K/A,382
2022,3,8-K12B,4
2022,3,8-K12B/A,1
2022,3,8-K12G3,2
2022,3,8F-2 ORDR,1
2022,3,ABS-15G,301
2022,3,ABS-15G/A,186
2022,3,ABS-EE,1792
2022,3,ABS-EE/A,2
2022,3,ADV-NR,1
2022,3,ANNLRPT,4
2022,3,APP NTC,20
2022,3,APP ORDR,17
2022,3,APP WD,6
2022,3,APP WDG,2
2022,3,ARS,3
2022,3,ATS-N-C,1
2022,3,ATS-N/CA,3
2022,3,ATS-N/MA,5
2022,3,ATS-N/OFA,1
2022,3,ATS-N/UA,17
2022,3,AW,27
2022,3,C,442
2022,3,C-AR,58
2022,3,C-AR/A,8
2022,3,C-TR,11
2022,3,C-U,225
2022,3,C-U-W,4
2022,3,C-W,71
2022,3,C/A,357
2022,3,C/A-W,1
2022,3,CANCELLATION-MA,8
2022,3,CB,11
2022,3,CERT,221
2022,3,CFPORTAL,7
2022,3,CFPORTAL-W,1
2022,3,CFPORTAL/A,35
2022,3,CORRESP,2852
2022,3,CT ORDER,15
2022,3,D,9678
2022,3,D/A,4710
2022,3,DEF 14A,685
2022,3,DEF 14C,96
2022,3,DEFA14A,1030
2022,3,DEFA14C,4
2022,3,DEFC14A,19
2022,3,DEFM14A,59
2022,3,DEFM14C,5
2022,3,DEFN14A,2
2022,3,DEFR14A,38
2022,3,DEFR14C,1
2022,3,DEL AM,51
2022,3,DFAN14A,164
2022,3,DFRN14A,32
2022,3,DOS,3
2022,3,DOS/A,2
2022,3,DOSLTR,1
2022,3,DRS,91
2022,3,DRS/A,175
2022,3,DRSLTR,130
2022,3,DSTRBRPT,28
2022,3,EFFECT,1059
2022,3,F-1,59
2022,3,F-1/A,161
2022,3,F-10,19
2022,3,F-10/A,8
2022,3,F-10EF,2
2022,3,F-10POS,3
2022,3,F-1MEF,3
2022,3,F-3,51
2022,3,F-3/A,64
2022,3,F-3ASR,23
2022,3,F-3DPOS,1
2022,3,F-3MEF,1
2022,3,F-4,25
2022,3,F-4/A,45
2022,3,F-6,12
2022,3,F-6 POS,32
2022,3,F-6EF,82
2022,3,F-N,6
2022,3,F-X,61
2022,3,F-X/A,10
2022,3,FOCUSN,48
2022,3,FWP,5934
2022,3,G-FIN/A,2
2022,3,IRANNOTICE,31
2022,3,MA,2
2022,3,MA-A,28
2022,3,MA-I,76
2022,3,MA-I/A,326
2022,3,MA-W,6
2022,3,MA/A,67
2022,3,MSD/A,7
2022,3,N-14,35
2022,3,N-14 8C,4
2022,3,N-14 8C/A,5
2022,3,N-14/A,25
2022,3,N-14MEF,1
2022,3,N-18F1,1
2022,3,N-1A,6
2022,3,N-1A/A,20
2022,3,N-2,35
2022,3,N-2/A,46
2022,3,N-23C-2,14
2022,3,N-23C3A,80
2022,3,N-23C3A/A,1
2022,3,N-2ASR,3
2022,3,N-30B-2,230
2022,3,N-30D,103
2022,3,N-4,6
2022,3,N-4/A,16
2022,3,N-54A,3
2022,3,N-54C,3
2022,3,N-6,5
2022,3,N-6/A,8
2022,3,N-6F,3
2022,3,N-8A,18
2022,3,N-8B-2/A,1
2022,3,N-8F,24
2022,3,N-8F NTC,16
2022,3,N-8F ORDR,3
2022,3,N-8F/A,11
2022,3,N-CEN,407
2022,3,N-CEN/A,38
2022,3,N-CR,2
2022,3,N-CSR,561
2022,3,N-CSR/A,42
2022,3,N-CSRS,1287
2022,3,N-CSRS/A,25
2022,3,N-MFP2,1043
2022,3,N-MFP2/A,22
2022,3,N-PX,2627
2022,3,N-PX/A,15
2022,3,N-VP/A,171
2022,3,N-VPFS,3
2022,3,NPORT-P,12465
2022,3,NPORT-P/A,191
2022,3,NRSRO-UPD,5
2022,3,NT 10-K,113
2022,3,NT 10-K/A,2
2022,3,NT 10-Q,463
2022,3,NT 10-Q/A,1
2022,3,NT 20-F,18
2022,3,NT 20-F/A,1
2022,3,NT N-CEN,2
2022,3,NT NPORT-P,50
2022,3,NT-NCEN,1
2022,3,NT-NCSR,2
2022,3,POS 8C,1
2022,3,POS AM,264
2022,3,POS AMI,37
2022,3,POS EX,97
2022,3,POS462B,4
2022,3,POSASR,541
2022,3,PRE 14A,283
2022,3,PRE 14C,55
2022,3,PREC14A,31
2022,3,PREM14A,42
2022,3,PREM14C,4
2022,3,PREN14A,2
2022,3,PRER14A,78
2022,3,PRER14C,6
2022,3,PRRN14A,12
2022,3,PX14A6G,32
2022,3,QRTLYRPT,4
2022,3,QRTLYRPT/A,1
2022,3,QUALIF,142
2022,3,REVOKED,39
2022,3,RW,100
2022,3,RW WD,3
2022,3,S-1,236
2022,3,S-1/A,432
2022,3,S-11,1
2022,3,S-11/A,3
2022,3,S-1MEF,10
2022,3,S-3,279
2022,3,S-3/A,61
2022,3,S-3ASR,255
2022,3,S-3D,1
2022,3,S-3DPOS,4
2022,3,S-3MEF,2
2022,3,S-4,123
2022,3,S-4/A,210
2022,3,S-4MEF,1
2022,3,S-6,222
2022,3,S-6/A,45
2022,3,S-8,542
2022,3,S-8 POS,410
2022,3,S-B,3
2022,3,S-B/A,4
2022,3,SBSE,1
2022,3,SBSE-A/A,21
2022,3,SBSE-C,1
2022,3,SC 13D,647
2022,3,SC 13D/A,1958
2022,3,SC 13E3,15
2022,3,SC 13E3/A,45
2022,3,SC 13G,1644
2022,3,SC 13G/A,1408
2022,3,SC 14D9,17
2022,3,SC 14D9/A,39
2022,3,SC 14F1,4
2022,3,SC TO-C,53
2022,3,SC TO-I,102
2022,3,SC TO-I/A,147
2022,3,SC TO-T,24
2022,3,SC TO-T/A,106
2022,3,SC14D9C,15
2022,3,SD,3
2022,3,SE,4
2022,3,SEC STAFF ACTION,61
2022,3,SEC STAFF LETTER,34
2022,3,SF-1,4
2022,3,SF-1/A,2
2022,3,SF-1MEF,2
2022,3,SF-3,1
2022,3,SF-3/A,5
2022,3,SUPPL,29
2022,3,TA-1,7
2022,3,TA-1/A,45
2022,3,TA-2,4
2022,3,TA-2/A,8
2022,3,TA-W,7
2022,3,UPLOAD,2409
2022,3,X-17A-5,199
2022,3,X-17A-5/A,5
2022,4,1-A,106
2022,4,1-A POS,72
2022,4,1-A-W,12
2022,4,1-A-W/A,1
2022,4,1-A/A,147
2022,4,1-K,14
2022,4,1-K/A,10
2022,4,1-SA,44
2022,4,1-SA/A,2
2022,4,1-U,600
2022,4,1-U/A,1
2022,4,1-Z,22
2022,4,1-Z-W,1
2022,4,1/A,57
2022,4,10-12B,6
2022,4,10-12B/A,12
2022,4,10-12G,17
2022,4,10-12G/A,35
2022,4,10-D,2487
2022,4,10-D/A,49
2022,4,10-K,441
2022,4,10-K/A,97
2022,4,10-Q,6454
2022,4,10-Q/A,177
2022,4,11-K,15
2022,4,13F-HR,6900
2022,4,13F-HR/A,306
2022,4,13F-NT,1797
2022,4,13F-NT/A,7
2022,4,144,176
2022,4,144/A,2
2022,4,15-12G,173
2022,4,15-12G/A,3
2022,4,15-15D,38
2022,4,15F-12B,5
2022,4,15F-15D,5
2022,4,18-K,8
2022,4,18-K/A,44
2022,4,19B-4E,269
2022,4,20-F,50
2022,4,20-F/A,27
2022,4,20FR12B,2
2022,4,20FR12B/A,2
2022,4,20FR12G,1
2022,4,24F-2NT,937
2022,4,24F-2NT/A,2
2022,4,25,41
2022,4,25-NSE,780
2022,4,25-NSE/A,2
2022,4,253G1,11
2022,4,253G2,214
2022,4,253G3,1
2022,4,3,5467
2022,4,3/A,274
2022,4,305B2,19
2022,4,4,74009
2022,4,4/A,1287
2022,4,40-17F1,9
2022,4,40-17F2,167
2022,4,40-17F2/A,1
2022,4,40-17G,844
2022,4,40-17G/A,9
2022,4,40-206A,1
2022,4,40-24B2,78
2022,4,40-33,2
2022,4,40-6B,2
2022,4,40-6B/A,12
2022,4,40-APP,528
2022,4,40-APP/A,1099
2022,4,40-F,13
2022,4,40-F/A,2
2022,4,40FR12B,1
2022,4,424B1,8
2022,4,424B2,23107
2022,4,424B3,2839
2022,4,424B4,68
2022,4,424B5,600
2022,4,424B7,48
2022,4,424B8,155
2022,4,424H,50
2022,4,424H/A,4
2022,4,425,1224
2022,4,485APOS,186
2022,4,485BPOS,841
2022,4,485BXT,442
2022,4,486APOS,6
2022,4,486BPOS,12
2022,4,486BXT,12
2022,4,487,208
2022,4,497,2623
2022,4,497AD,76
2022,4,497J,883
2022,4,497K,3814
2022,4,497VPI,142
2022,4,497VPU,285
2022,4,5,223
2022,4,5/A,8
2022,4,6-K,6681
2022,4,6-K/A,67
2022,4,8-A12B,205
2022,4,8-A12B/A,26
2022,4,8-A12G,17
2022,4,8-A12G/A,3
2022,4,8-K,17150
2022,4,8-K/A,442
2022,4,8-K12B,4
2022,4,8-K12G3,1
2022,4,ABS-15G,216
2022,4,ABS-15G/A,187
2022,4,ABS-EE,1758
2022,4,ABS-EE/A,5
2022,4,ANNLRPT,1
2022,4,APP NTC,11
2022,4,APP ORDR,11
2022,4,APP WD,65
2022,4,APP WDG,4
2022,4,ARS,2
2022,4,ATS-N/CA,1
2022,4,ATS-N/MA,7
2022,4,ATS-N/OFA,3
2022,4,ATS-N/UA,16
2022,4,AW,31
2022,4,C,399
2022,4,C-AR,23
2022,4,C-AR/A,3
2022,4,C-TR,4
2022,4,C-U,316
2022,4,C-U-W,3
2022,4,C-W,59
2022,4,C/A,334
2022,4,CB,15
2022,4,CERT,206
2022,4,CFPORTAL,1
2022,4,CFPORTAL/A,23
2022,4,CORRESP,3018
2022,4,CT ORDER,23
2022,4,D,9153
2022,4,D/A,4781
2022,4,DEF 14A,767
2022,4,DEF 14C,78
2022,4,DEFA14A,933
2022,4,DEFA14C,1
2022,4,DEFC14A,16
2022,4,DEFM14A,59
2022,4,DEFM14C,1
2022,4,DEFR14A,46
2022,4,DEFR14C,1
2022,4,DEL AM,29
2022,4,DFAN14A,124
2022,4,DFRN14A,20
2022,4,DOS,2
2022,4,DOS/A,2
2022,4,DOSLTR,2
2022,4,DRS,106
2022,4,DRS/A,175
2022,4,DRSLTR,129
2022,4,DSTRBRPT,11
2022,4,EFFECT,1147
2022,4,F-1,58
2022,4,F-1/A,171
2022,4,F-10,9
2022,4,F-10/A,5
2022,4,F-10EF,1
2022,4,F-10POS,2
2022,4,F-1MEF,1
2022,4,F-3,41
2022,4,F-3/A,45
2022,4,F-3ASR,5
2022,4,F-4,20
2022,4,F-4/A,52
2022,4,F-6,14
2022,4,F-6 POS,84
2022,4,F-6/A,2
2022,4,F-6EF,58
2022,4,F-7,2
2022,4,F-N,2
2022,4,F-X,27
2022,4,F-X/A,1
2022,4,FOCUSN,37
2022,4,FOCUSN/A,1
2022,4,FWP,6543
2022,4,G-FIN/A,1
2022,4,IRANNOTICE,29
2022,4,MA,4
2022,4,MA-A,28
2022,4,MA-I,80
2022,4,MA-I/A,266
2022,4,MA-W,7
2022,4,MA/A,56
2022,4,MSD/A,2
2022,4,MSDW,1
2022,4,N-14,31
2022,4,N-14 8C,4
2022,4,N-14 8C/A,5
2022,4,N-14/A,16
2022,4,N-18F1,2
2022,4,N-1A,3
2022,4,N-1A/A,14
2022,4,N-2,25
2022,4,N-2/A,54
2022,4,N-23C-2,23
2022,4,N-23C3A,86
2022,4,N-2MEF,1
2022,4,N-30B-2,35
2022,4,N-30D,3
2022,4,N-4,4
2022,4,N-4/A,11
2022,4,N-54A,5
2022,4,N-6/A,6
2022,4,N-6F,3
2022,4,N-6F/A,1
2022,4,N-8A,21
2022,4,N-8A/A,1
2022,4,N-8F,41
2022,4,N-8F NTC,19
2022,4,N-8F ORDR,17
2022,4,N-8F/A,3
2022,4,N-CEN,565
2022,4,N-CEN/A,24
2022,4,N-CSR,844
2022,4,N-CSR/A,49
2022,4,N-CSRS,489
2022,4,N-CSRS/A,5
2022,4,N-MFP2,1024
2022,4,N-MFP2/A,30
2022,4,N-PX,3
2022,4,N-PX/A,4
2022,4,N-VP/A,73
2022,4,NPORT-P,12510
2022,4,NPORT-P/A,116
2022,4,NRSRO-CE/A,3
2022,4,NRSRO-UPD,2
2022,4,NT 10-D,1
2022,4,NT 10-K,82
2022,4,NT 10-K/A,2
2022,4,NT 10-Q,480
2022,4,NT 10-Q/A,6
2022,4,NT 11-K,1
2022,4,NT 20-F,9
2022,4,NT N-CEN,8
2022,4,NT N-MFP2,1
2022,4,NT NPORT-P,22
2022,4,NT-NCEN,3
2022,4,NT-NCSR,9
2022,4,NT-NCSR/A,2
2022,4,POS AM,233
2022,4,POS AMI,44
2022,4,POS EX,78
2022,4,POSASR,33
2022,4,PRE 14A,410
2022,4,PRE 14C,57
2022,4,PREC14A,13
2022,4,PREM14A,32
2022,4,PREM14C,2
2022,4,PRER14A,95
2022,4,PRER14C,1
2022,4,PRRN14A,16
2022,4,PX14A6G,40
2022,4,QRTLYRPT,5
2022,4,QRTLYRPT/A,1
2022,4,QUALIF,130
2022,4,REVOKED,11
2022,4,RW,107
2022,4,RW WD,1
2022,4,S-1,194
2022,4,S-1/A,383
2022,4,S-11,1
2022,4,S-11/A,3
2022,4,S-1MEF,9
2022,4,S-3,269
2022,4,S-3/A,120
2022,4,S-3ASR,386
2022,4,S-3D,1
2022,4,S-3DPOS,3
2022,4,S-3MEF,2
2022,4,S-4,352
2022,4,S-4/A,154
2022,4,S-4MEF,4
2022,4,S-6,257
2022,4,S-6/A,44
2022,4,S-8,328
2022,4,S-8 POS,401
2022,4,S-B,2
2022,4,S-B/A,2
2022,4,S-BMEF,1
2022,4,SBSE-A/A,25
2022,4,SBSE-BD,1
2022,4,SBSE-BD/A,1
2022,4,SBSE-C,1
2022,4,SBSE/A,4
2022,4,SC 13D,507
2022,4,SC 13D/A,2011
2022,4,SC 13E3,14
2022,4,SC 13E3/A,50
2022,4,SC 13G,1131
2022,4,SC 13G/A,1512
2022,4,SC 14D9,19
2022,4,SC 14D9/A,42
2022,4,SC 14F1,3
2022,4,SC TO-C,58
2022,4,SC TO-I,115
2022,4,SC TO-I/A,176
2022,4,SC TO-T,36
2022,4,SC TO-T/A,102
2022,4,SC14D9C,27
2022,4,SEC STAFF ACTION,44
2022,4,SEC STAFF LETTER,29
2022,4,SF-1,2
2022,4,SF-1/A,10
2022,4,SF-3,2
2022,4,SUPPL,23
2022,4,TA-1,4
2022,4,TA-1/A,45
2022,4,TA-2,1
2022,4,TA-2/A,6
2022,4,TA-W,4
2022,4,TACO,52
2022,4,UPLOAD,2409
2022,4,X-17A-5,161
2022,4,X-17A-5/A,10
2023,1,1-A,87
2023,1,1-A POS,90
2023,1,1-A-W,21
2023,1,1-A-W/A,2
2023,1,1-A/A,140
2023,1,1-K,23
2023,1,1-K/A,3
2023,1,1-SA,18
2023,1,1-SA/A,3
2023,1,1-U,339
2023,1,1-U/A,2
2023,1,1-Z,10
2023,1,1-Z-W,1
2023,1,1/A,65
2023,1,10-12B,5
2023,1,10-12B/A,8
2023,1,10-12G,20
2023,1,10-12G/A,29
2023,1,10-D,2481
2023,1,10-D/A,22
2023,1,10-K,5731
2023,1,10-K/A,167
2023,1,10-KT,7
2023,1,10-KT/A,3
2023,1,10-Q,1130
2023,1,10-Q/A,106
2023,1,10-QT,1
2023,1,11-K,19
2023,1,11-KT,1
2023,1,13F-HR,7090
2023,1,13F-HR/A,432
2023,1,13F-NT,1668
2023,1,13F-NT/A,11
2023,1,144,1228
2023,1,144/A,14
2023,1,15-12G,205
2023,1,15-15D,66
2023,1,15F-12B,6
2023,1,15F-12G,2
2023,1,15F-15D,2
2023,1,18-K,4
2023,1,18-K/A,38
2023,1,19B-4E,217
2023,1,20-F,329
2023,1,20-F/A,35
2023,1,20FR12B,5
2023,1,20FR12B/A,6
2023,1,24F-2NT,2356
2023,1,24F-2NT/A,4
2023,1,25,36
2023,1,25-NSE,582
2023,1,25-NSE/A,4
2023,1,253G1,14
2023,1,253G2,171
2023,1,3,7457
2023,1,3/A,338
2023,1,305B2,38
2023,1,4,128774
2023,1,4/A,2647
2023,1,40-17F1,4
2023,1,40-17F2,59
2023,1,40-17F2/A,2
2023,1,40-17G,540
2023,1,40-17G/A,57
2023,1,40-24B2,99
2023,1,40-33,5
2023,1,40-6B/A,7
2023,1,40-APP,536
2023,1,40-APP/A,479
2023,1,40-F,117
2023,1,40-F/A,5
2023,1,40FR12B/A,2
2023,1,424B1,7
2023,1,424B2,25007
2023,1,424B3,2486
2023,1,424B4,95
2023,1,424B5,1399
2023,1,424B7,46
2023,1,424B8,120
2023,1,424H,57
2023,1,424H/A,2
2023,1,424I,46
2023,1,425,1441
2023,1,485APOS,227
2023,1,485BPOS,855
2023,1,485BXT,404
2023,1,486APOS,2
2023,1,486BPOS,31
2023,1,486BXT,8
2023,1,487,206
2023,1,497,3338
2023,1,497AD,49
2023,1,497J,991
2023,1,497K,5797
2023,1,497VPI,163
2023,1,497VPSUB,92
2023,1,497VPU,171
2023,1,5,3847
2023,1,5/A,64
2023,1,6-K,6376
2023,1,6-K/A,92
2023,1,8-A12B,229
2023,1,8-A12B/A,13
2023,1,8-A12G,18
2023,1,8-A12G/A,2
2023,1,8-K,18122
2023,1,8-K/A,474
2023,1,8-K12B,6
2023,1,ABS-15G,1116
2023,1,ABS-15G/A,201
2023,1,ABS-EE,1790
2023,1,ABS-EE/A,5
2023,1,ANNLRPT,1
2023,1,APP NTC,23
2023,1,APP ORDR,13
2023,1,APP WD,80
2023,1,APP WD/A,168
2023,1,APP WDG,9
2023,1,ARS,812
2023,1,ARS/A,4
2023,1,ATS-N/CA,2
2023,1,ATS-N/MA,4
2023,1,ATS-N/OFA,2
2023,1,ATS-N/UA,17
2023,1,AW,35
2023,1,AW WD,4
2023,1,C,385
2023,1,C-AR,78
2023,1,C-AR/A,5
2023,1,C-TR,29
2023,1,C-U,240
2023,1,C-W,53
2023,1,C/A,343
2023,1,C/A-W,1
2023,1,CB,9
2023,1,CB/A,22
2023,1,CERT,218
2023,1,CFPORTAL,3
2023,1,CFPORTAL/A,30
2023,1,CORRESP,2297
2023,1,CT ORDER,24
2023,1,D,8755
2023,1,D/A,6024
2023,1,DEF 14A,1552
2023,1,DEF 14C,83
2023,1,DEFA14A,1606
2023,1,DEFA14C,4
2023,1,DEFC14A,24
2023,1,DEFM14A,47
2023,1,DEFM14C,2
2023,1,DEFR14A,46
2023,1,DEFR14C,3
2023,1,DEL AM,25
2023,1,DFAN14A,386
2023,1,DFRN14A,22
2023,1,DOS,6
2023,1,DOS/A,3
2023,1,DOSLTR,4
2023,1,DRS,90
2023,1,DRS/A,151
2023,1,DRSLTR,128
2023,1,DSTRBRPT,44
2023,1,EFFECT,859
2023,1,F-1,62
2023,1,F-1/A,229
2023,1,F-10,12
2023,1,F-10/A,7
2023,1,F-10POS,3
2023,1,F-1MEF,2
2023,1,F-3,32
2023,1,F-3/A,24
2023,1,F-3ASR,12
2023,1,F-3D,1
2023,1,F-3DPOS,4
2023,1,F-4,15
2023,1,F-4/A,51
2023,1,F-6,22
2023,1,F-6 POS,52
2023,1,F-6/A,8
2023,1,F-6EF,92
2023,1,F-N,2
2023,1,F-X,17
2023,1,F-X/A,2
2023,1,FOCUSN,557
2023,1,FOCUSN/A,2
2023,1,FWP,6445
2023,1,G-FIN/A,1
2023,1,IRANNOTICE,106
2023,1,MA,3
2023,1,MA-A,322
2023,1,MA-I,101
2023,1,MA-I/A,406
2023,1,MA-W,8
2023,1,MA/A,61
2023,1,MSD,1
2023,1,MSD/A,4
2023,1,MSDW,1
2023,1,N-14,31
2023,1,N-14 8C,5
2023,1,N-14 8C/A,4
2023,1,N-14/A,15
2023,1,N-18F1,2
2023,1,N-1A,5
2023,1,N-1A/A,8
2023,1,N-2,19
2023,1,N-2/A,37
2023,1,N-23C-2,31
2023,1,N-23C3A,86
2023,1,N-23C3A/A,3
2023,1,N-2ASR,5
2023,1,N-30B-2,192
2023,1,N-30D,102
2023,1,N-54A,5
2023,1,N-54C,4
2023,1,N-6,3
2023,1,N-6/A,2
2023,1,N-6F,1
2023,1,N-6F/A,2
2023,1,N-8A,10
2023,1,N-8B-2/A,1
2023,1,N-8F,13
2023,1,N-8F NTC,15
2023,1,N-8F ORDR,22
2023,1,N-8F/A,8
2023,1,N-CEN,1876
2023,1,N-CEN/A,103
2023,1,N-CSR,1267
2023,1,N-CSR/A,120
2023,1,N-CSRS,544
2023,1,N-CSRS/A,22
2023,1,N-MFP2,985
2023,1,N-MFP2/A,119
2023,1,N-PX,7
2023,1,N-PX/A,3
2023,1,N-VP/A,101
2023,1,N-VPFS,56
2023,1,N-VPFS/A,22
2023,1,NPORT-P,12388
2023,1,NPORT-P/A,120
2023,1,NRSRO-CE,10
2023,1,NRSRO-UPD,4
2023,1,NT 10-K,546
2023,1,NT 10-K/A,5
2023,1,NT 10-Q,139
2023,1,NT 10-Q/A,1
2023,1,NT 11-K,1
2023,1,NT 20-F,15
2023,1,NT N-CEN,18
2023,1,NT N-MFP2,12
2023,1,NT NPORT-P,11
2023,1,NT-NCEN,7
2023,1,NT-NCSR,4
2023,1,NT-NCSR/A,3
2023,1,POS AM,389
2023,1,POS AMI,54
2023,1,POS EX,194
2023,1,POSASR,458
2023,1,PRE 14A,543
2023,1,PRE 14C,48
2023,1,PREC14A,49
2023,1,PREM14A,26
2023,1,PREM14C,5
2023,1,PREN14A,2
2023,1,PRER14A,74
2023,1,PRER14C,7
2023,1,PRRN14A,32
2023,1,PX14A6G,146
2023,1,PX14A6N,6
2023,1,QRTLYRPT,4
2023,1,QUALIF,141
2023,1,REVOKED,58
2023,1,RW,113
2023,1,RW WD,3
2023,1,S-1,173
2023,1,S-1/A,398
2023,1,S-11,2
2023,1,S-11/A,2
2023,1,S-1MEF,11
2023,1,S-3,214
2023,1,S-3/A,62
2023,1,S-3ASR,625
2023,1,S-3D,1
2023,1,S-3DPOS,1
2023,1,S-3MEF,1
2023,1,S-4,91
2023,1,S-4/A,140
2023,1,S-4MEF,3
2023,1,S-6,245
2023,1,S-6/A,40
2023,1,S-8,879
2023,1,S-8 POS,444
2023,1,S-B,2
2023,1,S-B/A,2
2023,1,SBSE,1
2023,1,SBSE-A/A,34
2023,1,SBSE-C,1
2023,1,SBSE/A,2
2023,1,SC 13D,586
2023,1,SC 13D/A,2305
2023,1,SC 13E3,11
2023,1,SC 13E3/A,34
2023,1,SC 13G,8960
2023,1,SC 13G/A,31297
2023,1,SC 14D9,13
2023,1,SC 14D9/A,42
2023,1,SC TO-C,44
2023,1,SC TO-I,99
2023,1,SC TO-I/A,129
2023,1,SC TO-T,24
2023,1,SC TO-T/A,84
2023,1,SC14D9C,13
2023,1,SD,5
2023,1,SE,1
2023,1,SEC STAFF ACTION,48
2023,1,SEC STAFF LETTER,30
2023,1,SF-1,6
2023,1,SF-3,3
2023,1,SF-3/A,1
2023,1,SUPPL,15
2023,1,T-3,1
2023,1,T-3/A,1
2023,1,TA-1,3
2023,1,TA-1/A,56
2023,1,TA-2,245
2023,1,TA-2/A,11
2023,1,TA-W,1
2023,1,UPLOAD,1836
2023,1,X-17A-5,2491
2023,1,X-17A-5/A,55
2023,2,1-A,87
2023,2,1-A POS,90
2023,2,1-A-W,18
2023,2,1-A-W/A,4
2023,2,1-A/A,80
2023,2,1-K,394
2023,2,1-K/A,11
2023,2,1-SA,9
2023,2,1-SA/A,2
2023,2,1-U,433
2023,2,1-U/A,5
2023,2,1-Z,24
2023,2,1/A,90
2023,2,10-12B,5
2023,2,10-12B/A,17
2023,2,10-12G,31
2023,2,10-12G/A,42
2023,2,10-D,2452
2023,2,10-D/A,24
2023,2,10-K,862
2023,2,10-K/A,468
2023,2,10-KT,5
2023,2,10-KT/A,2
2023,2,10-Q,6116
2023,2,10-Q/A,109
2023,2,10-QT,2
2023,2,11-K,846
2023,2,11-K/A,14
2023,2,13F-HR,7040
2023,2,13F-HR/A,370
2023,2,13F-NT,1693
2023,2,13F-NT/A,10
2023,2,144,14418
2023,2,144/A,240
2023,2,15-12G,146
2023,2,15-12G/A,1
2023,2,15-15D,46
2023,2,15F-12B,3
2023,2,15F-12G,1
2023,2,15F-15D,10
2023,2,18-K,14
2023,2,18-K/A,20
2023,2,19B-4E,219
2023,2,20-F,509
2023,2,20-F/A,46
2023,2,20FR12B,2
2023,2,20FR12B/A,3
2023,2,20FR12G,1
2023,2,24F-2NT,933
2023,2,24F-2NT/A,5
2023,2,25,30
2023,2,25-NSE,524
2023,2,25-NSE/A,8
2023,2,253G1,5
2023,2,253G2,169
2023,2,3,6806
2023,2,3/A,300
2023,2,305B2,70
2023,2,4,105977
2023,2,4/A,1988
2023,2,40-17F1,15
2023,2,40-17F2,181
2023,2,40-17G,601
2023,2,40-17G/A,13
2023,2,40-24B2,118
2023,2,40-33,5
2023,2,40-6B/A,1
2023,2,40-APP,758
2023,2,40-APP/A,862
2023,2,40-F,20
2023,2,40-F/A,9
2023,2,40FR12B,3
2023,2,424B1,12
2023,2,424B2,26193
2023,2,424B3,2670
2023,2,424B4,113
2023,2,424B5,920
2023,2,424B7,65
2023,2,424B8,92
2023,2,424H,73
2023,2,424H/A,2
2023,2,424I,8
2023,2,425,1570
2023,2,485APOS,223
2023,2,485BPOS,2159
2023,2,485BXT,385
2023,2,486APOS,5
2023,2,486BPOS,89
2023,2,486BXT,5
2023,2,487,208
2023,2,497,3763
2023,2,497AD,50
2023,2,497J,1853
2023,2,497K,5777
2023,2,497VPI,542
2023,2,497VPU,1166
2023,2,5,172
2023,2,5/A,10
2023,2,6-K,7240
2023,2,6-K/A,68
2023,2,8-A12B,272
2023,2,8-A12B/A,29
2023,2,8-A12G,14
2023,2,8-A12G/A,3
2023,2,8-K,20496
2023,2,8-K/A,449
2023,2,8-K12B,1
2023,2,8-K12G3,4
2023,2,ABS-15G,298
2023,2,ABS-15G/A,192
2023,2,ABS-EE,1807
2023,2,ABS-EE/A,12
2023,2,ADV-H-T,2
2023,2,ANNLRPT,1
2023,2,ANNLRPT/A,2
2023,2,APP NTC,13
2023,2,APP ORDR,17
2023,2,APP WD,80
2023,2,APP WDG,7
2023,2,ARS,1904
2023,2,ARS/A,13
2023,2,ATS-N-W,1
2023,2,ATS-N/CA,3
2023,2,ATS-N/MA,14
2023,2,ATS-N/UA,24
2023,2,AW,45
2023,2,C,370
2023,2,C-AR,660
2023,2,C-AR-W,2
2023,2,C-AR/A,19
2023,2,C-TR,134
2023,2,C-TR-W,5
2023,2,C-U,186
2023,2,C-W,39
2023,2,C/A,403
2023,2,CB,34
2023,2,CB/A,17
2023,2,CERT,194
2023,2,CFPORTAL,1
2023,2,CFPORTAL-W,3
2023,2,CFPORTAL/A,13
2023,2,CORRESP,2586
2023,2,CT ORDER,22
2023,2,D,8507
2023,2,D/A,5839
2023,2,DEF 14A,3213
2023,2,DEF 14C,92
2023,2,DEFA14A,3328
2023,2,DEFA14C,4
2023,2,DEFC14A,70
2023,2,DEFM14A,57
2023,2,DEFM14C,4
2023,2,DEFR14A,107
2023,2,DEFR14C,4
2023,2,DEL AM,21
2023,2,DFAN14A,500
2023,2,DFRN14A,26
2023,2,DOS,6
2023,2,DOS/A,7
2023,2,DOSLTR,7
2023,2,DRS,72
2023,2,DRS/A,164
2023,2,DRSLTR,123
2023,2,DSTRBRPT,24
2023,2,EFFECT,1269
2023,2,F-1,54
2023,2,F-1/A,134
2023,2,F-10,24
2023,2,F-10/A,11
2023,2,F-10EF,2
2023,2,F-10POS,6
2023,2,F-1MEF,1
2023,2,F-3,62
2023,2,F-3/A,24
2023,2,F-3ASR,19
2023,2,F-3D,1
2023,2,F-4,31
2023,2,F-4/A,49
2023,2,F-4MEF,1
2023,2,F-6,8
2023,2,F-6 POS,98
2023,2,F-6EF,64
2023,2,F-7,1
2023,2,F-N,8
2023,2,F-N/A,1
2023,2,F-X,43
2023,2,F-X/A,1
2023,2,FOCUSN,104
2023,2,FOCUSN/A,3
2023,2,FWP,6160
2023,2,G-FIN/A,1
2023,2,IRANNOTICE,50
2023,2,MA,4
2023,2,MA-A,313
2023,2,MA-I,104
2023,2,MA-I/A,286
2023,2,MA-W,3
2023,2,MA/A,51
2023,2,MSD/A,2
2023,2,N-14,25
2023,2,N-14 8C,3
2023,2,N-14 8C/A,5
2023,2,N-14/A,21
2023,2,N-18F1,3
2023,2,N-1A,11
2023,2,N-1A/A,9
2023,2,N-2,37
2023,2,N-2/A,43
2023,2,N-23C-2,9
2023,2,N-23C3A,87
2023,2,N-2ASR,3
2023,2,N-30B-2,73
2023,2,N-30D,2
2023,2,N-4,2
2023,2,N-4/A,3
2023,2,N-54A,11
2023,2,N-6,4
2023,2,N-6/A,3
2023,2,N-8A,28
2023,2,N-8B-2/A,1
2023,2,N-8F,18
2023,2,N-8F NTC,21
2023,2,N-8F ORDR,21
2023,2,N-8F/A,9
2023,2,N-CEN,417
2023,2,N-CEN/A,66
2023,2,N-CSR,495
2023,2,N-CSR/A,48
2023,2,N-CSRS,868
2023,2,N-CSRS/A,20
2023,2,N-MFP2,969
2023,2,N-MFP2/A,124
2023,2,N-PX,6
2023,2,N-VP,233
2023,2,N-VP/A,66
2023,2,N-VPFS,588
2023,2,N-VPFS/A,71
2023,2,NPORT-P,12885
2023,2,NPORT-P/A,278
2023,2,NRSRO-UPD,9
2023,2,NT 10-K,250
2023,2,NT 10-K/A,17
2023,2,NT 10-Q,650
2023,2,NT 10-Q/A,3
2023,2,NT 11-K,12
2023,2,NT 11-K/A,1
2023,2,NT 15D2,1
2023,2,NT 20-F,107
2023,2,NT N-CEN,9
2023,2,NT N-MFP2,14
2023,2,NT NPORT-P,9
2023,2,NT-NCEN,1
2023,2,NT-NCSR,1
2023,2,NT-NCSR/A,1
2023,2,POS AM,487
2023,2,POS AMI,50
2023,2,POS EX,98
2023,2,POSASR,27
2023,2,PRE 14A,664
2023,2,PRE 14C,52
2023,2,PREC14A,58
2023,2,PREC14C,1
2023,2,PREM14A,44
2023,2,PREM14C,1
2023,2,PRER14A,91
2023,2,PRER14C,7
2023,2,PRRN14A,58
2023,2,PX14A6G,564
2023,2,PX14A6N,22
2023,2,QRTLYRPT,5
2023,2,QRTLYRPT/A,1
2023,2,QUALIF,100
2023,2,REG-NR,1
2023,2,REVOKED,21
2023,2,RW,83
2023,2,RW WD,1
2023,2,S-1,216
2023,2,S-1/A,485
2023,2,S-11,3
2023,2,S-11/A,5
2023,2,S-1MEF,15
2023,2,S-3,317
2023,2,S-3/A,126
2023,2,S-3ASR,355
2023,2,S-3D,1
2023,2,S-3DPOS,3
2023,2,S-3MEF,1
2023,2,S-4,65
2023,2,S-4 POS,1
2023,2,S-4/A,161
2023,2,S-4MEF,1
2023,2,S-6,250
2023,2,S-6/A,45
2023,2,S-8,803
2023,2,S-8 POS,493
2023,2,S-B,3
2023,2,S-B/A,1
2023,2,SBSE-A/A,30
2023,2,SBSE-BD/A,1
2023,2,SBSE/A,2
2023,2,SC 13D,619
2023,2,SC 13D/A,2235
2023,2,SC 13E3,16
2023,2,SC 13E3/A,48
2023,2,SC 13G,1203
2023,2,SC 13G/A,1523
2023,2,SC 14D9,13
2023,2,SC 14D9/A,40
2023,2,SC 14F1,8
2023,2,SC 14F1/A,2
2023,2,SC TO-C,51
2023,2,SC TO-I,115
2023,2,SC TO-I/A,143
2023,2,SC TO-T,26
2023,2,SC TO-T/A,90
2023,2,SC14D9C,18
2023,2,SD,1009
2023,2,SD/A,2
2023,2,SEC STAFF ACTION,29
2023,2,SEC STAFF LETTER,28
2023,2,SF-1/A,8
2023,2,SF-3,3
2023,2,SF-3/A,3
2023,2,SP 15D2,1
2023,2,SUPPL,31
2023,2,TA-1,1
2023,2,TA-1/A,49
2023,2,TA-2,25
2023,2,TA-2/A,6
2023,2,TA-W,6
2023,2,UPLOAD,2002
2023,2,X-17A-5,363
2023,2,X-17A-5/A,46
2023,3,1,1
2023,3,1-A,43
2023,3,1-A POS,113
2023,3,1-A-W,15
2023,3,1-A/A,89
2023,3,1-K,25
2023,3,1-K/A,3
2023,3,1-SA,445
2023,3,1-SA/A,2
2023,3,1-U,602
2023,3,1-U/A,6
2023,3,1-Z,15
2023,3,1/A,89
2023,3,10-12B,7
2023,3,10-12B/A,14
2023,3,10-12G,25
2023,3,10-12G/A,36
2023,3,10-D,2455
2023,3,10-D/A,20
2023,3,10-K,369
2023,3,10-K/A,151
2023,3,10-KT,2
2023,3,10-Q,5941
2023,3,10-Q/A,120
2023,3,11-K,26
2023,3,11-K/A,6
2023,3,11-KT,1
2023,3,13F-HR,7107
2023,3,13F-HR/A,306
2023,3,13F-NT,1683
2023,3,13F-NT/A,12
2023,3,144,16250
2023,3,144/A,254
2023,3,15-12G,145
2023,3,15-12G/A,2
2023,3,15-15D,39
2023,3,15F-12B,3
2023,3,18-K,10
2023,3,18-K/A,34
2023,3,19B-4E,270
2023,3,20-F,65
2023,3,20-F/A,44
2023,3,20FR12B,5
2023,3,20FR12B/A,4
2023,3,20FR12G,1
2023,3,20FR12G/A,1
2023,3,24F-2NT,990
2023,3,24F-2NT/A,28
2023,3,25,25
2023,3,25-NSE,522
2023,3,25-NSE/A,10
2023,3,25/A,1
2023,3,253G1,4
2023,3,253G2,119
2023,3,253G3,1
2023,3,3,6474
2023,3,3/A,283
2023,3,305B2,49
2023,3,4,70041
2023,3,4/A,1312
2023,3,40-17F1,21
2023,3,40-17F1/A,1
2023,3,40-17F2,71
2023,3,40-17F2/A,3
2023,3,40-17G,465
2023,3,40-17G/A,21
2023,3,40-24B2,106
2023,3,40-33,2
2023,3,40-6B/A,6
2023,3,40-8B25,1
2023,3,40-APP,923
2023,3,40-APP/A,1420
2023,3,40-F,7
2023,3,40-F/A,4
2023,3,40FR12B,2
2023,3,40FR12B/A,1
2023,3,424B1,11
2023,3,424B2,28754
2023,3,424B3,2377
2023,3,424B4,100
2023,3,424B5,1058
2023,3,424B7,50
2023,3,424B8,114
2023,3,424H,72
2023,3,424I,1
2023,3,425,1675
2023,3,485APOS,269
2023,3,485BPOS,775
2023,3,485BXT,480
2023,3,486APOS,3
2023,3,486BPOS,56
2023,3,486BXT,3
2023,3,487,200
2023,3,497,2940
2023,3,497AD,70
2023,3,497J,791
2023,3,497K,3744
2023,3,497VPI,169
2023,3,497VPSUB,55
2023,3,497VPU,277
2023,3,5,154
2023,3,5/A,10
2023,3,6-K,6312
2023,3,6-K/A,82
2023,3,6B NTC,1
2023,3,6B ORDR,1
2023,3,8-A12B,243
2023,3,8-A12B/A,18
2023,3,8-A12G,18
2023,3,8-A12G/A,1
2023,3,8-K,16367
2023,3,8-K/A,471
2023,3,8-K12B,5
2023,3,8-K12G3,2
2023,3,ABS-15G,332
2023,3,ABS-15G/A,186
2023,3,ABS-EE,1831
2023,3,ABS-EE/A,5
2023,3,ADV-NR,2
2023,3,ANNLRPT,3
2023,3,APP NTC,12
2023,3,APP ORDR,6
2023,3,APP WD,158
2023,3,APP WD/A,56
2023,3,APP WDG,8
2023,3,ARS,216
2023,3,ARS/A,1
2023,3,ATS-N-C,1
2023,3,ATS-N/CA,7
2023,3,ATS-N/MA,10
2023,3,ATS-N/OFA,1
2023,3,ATS-N/UA,18
2023,3,AW,31
2023,3,C,334
2023,3,C-AR,63
2023,3,C-AR-W,1
2023,3,C-AR/A,8
2023,3,C-TR,15
2023,3,C-U,192
2023,3,C-W,29
2023,3,C/A,300
2023,3,CB,8
2023,3,CB/A,9
2023,3,CERT,241
2023,3,CFPORTAL,2
2023,3,CFPORTAL-W,2
2023,3,CFPORTAL/A,14
2023,3,CORRESP,2777
2023,3,CT ORDER,16
2023,3,D,8084
2023,3,D/A,5043
2023,3,DEF 14A,831
2023,3,DEF 14C,71
2023,3,DEFA14A,1177
2023,3,DEFA14C,1
2023,3,DEFC14A,12
2023,3,DEFM14A,62
2023,3,DEFM14C,1
2023,3,DEFR14A,33
2023,3,DEFR14C,4
2023,3,DEL AM,26
2023,3,DFAN14A,172
2023,3,DFRN14A,16
2023,3,DOS,4
2023,3,DOS/A,4
2023,3,DOSLTR,5
2023,3,DRS,89
2023,3,DRS/A,157
2023,3,DRSLTR,114
2023,3,DSTRBRPT,34
2023,3,EFFECT,1046
2023,3,F-1,67
2023,3,F-1/A,195
2023,3,F-10,12
2023,3,F-10/A,6
2023,3,F-10EF,2
2023,3,F-10POS,5
2023,3,F-1MEF,1
2023,3,F-3,51
2023,3,F-3/A,41
2023,3,F-3ASR,16
2023,3,F-3D,1
2023,3,F-4,29
2023,3,F-4/A,70
2023,3,F-4MEF,1
2023,3,F-6,28
2023,3,F-6 POS,76
2023,3,F-6/A,4
2023,3,F-6EF,40
2023,3,F-7,1
2023,3,F-7 POS,1
2023,3,F-N,5
2023,3,F-X,27
2023,3,F-X/A,1
2023,3,FOCUSN,37
2023,3,FWP,6464
2023,3,G-FIN/A,1
2023,3,IRANNOTICE,45
2023,3,MA,2
2023,3,MA-A,41
2023,3,MA-I,78
2023,3,MA-I/A,210
2023,3,MA-W,6
2023,3,MA/A,62
2023,3,MSD/A,2
2023,3,N-14,27
2023,3,N-14 8C,3
2023,3,N-14 8C/A,4
2023,3,N-14/A,18
2023,3,N-1A,4
2023,3,N-1A/A,21
2023,3,N-2,30
2023,3,N-2/A,51
2023,3,N-23C-2,35
2023,3,N-23C3A,90
2023,3,N-2ASR,5
2023,3,N-30B-2,219
2023,3,N-30D,104
2023,3,N-4,24
2023,3,N-4/A,3
2023,3,N-54A,3
2023,3,N-54C,1
2023,3,N-6,9
2023,3,N-6/A,2
2023,3,N-8A,15
2023,3,N-8F,41
2023,3,N-8F NTC,30
2023,3,N-8F ORDR,30
2023,3,N-8F/A,3
2023,3,N-CEN,396
2023,3,N-CEN/A,39
2023,3,N-CSR,536
2023,3,N-CSR/A,36
2023,3,N-CSRS,1233
2023,3,N-CSRS/A,10
2023,3,N-MFP2,981
2023,3,N-MFP2/A,106
2023,3,N-PX,2611
2023,3,N-PX/A,37
2023,3,N-VP/A,74
2023,3,N-VPFS/A,4
2023,3,NPORT-P,12602
2023,3,NPORT-P/A,323
2023,3,NRSRO-UPD,3
2023,3,NT 10-K,99
2023,3,NT 10-K/A,2
2023,3,NT 10-Q,574
2023,3,NT 10-Q/A,7
2023,3,NT 11-K,1
2023,3,NT 20-F,17
2023,3,NT N-CEN,3
2023,3,NT NPORT-P,12
2023,3,NT-NCEN,1
2023,3,NT-NCSR,2
2023,3,NT-NCSR/A,1
2023,3,POS 8C,1
2023,3,POS AM,241
2023,3,POS AMI,39
2023,3,POS EX,87
2023,3,POSASR,82
2023,3,PRE 14A,371
2023,3,PRE 14C,45
2023,3,PREC14A,17
2023,3,PREM14A,29
2023,3,PREM14C,1
2023,3,PREN14A,2
2023,3,PRER14A,94
2023,3,PRER14C,2
2023,3,PRRN14A,8
2023,3,PX14A6G,66
2023,3,QRTLYRPT,4
2023,3,QUALIF,90
2023,3,REVOKED,10
2023,3,RW,82
2023,3,RW WD,4
2023,3,S-1,185
2023,3,S-1/A,444
2023,3,S-11,7
2023,3,S-11/A,8
2023,3,S-1MEF,9
2023,3,S-3,217
2023,3,S-3/A,84
2023,3,S-3ASR,365
2023,3,S-3D,1
2023,3,S-3DPOS,6
2023,3,S-3MEF,5
2023,3,S-4,116
2023,3,S-4/A,170
2023,3,S-4MEF,1
2023,3,S-6,250
2023,3,S-6/A,48
2023,3,S-8,532
2023,3,S-8 POS,435
2023,3,S-B,3
2023,3,S-B/A,3
2023,3,SBSE,1
2023,3,SBSE-A/A,28
2023,3,SBSE-BD/A,1
2023,3,SBSE-C,1
2023,3,SBSE/A,5
2023,3,SC 13D,604
2023,3,SC 13D/A,2083
2023,3,SC 13E3,17
2023,3,SC 13E3/A,55
2023,3,SC 13G,1105
2023,3,SC 13G/A,1566
2023,3,SC 14D9,12
2023,3,SC 14D9/A,38
2023,3,SC 14F1,4
2023,3,SC TO-C,63
2023,3,SC TO-I,123
2023,3,SC TO-I/A,167
2023,3,SC TO-T,30
2023,3,SC TO-T/A,90
2023,3,SC14D9C,17
2023,3,SD,4
2023,3,SEC STAFF ACTION,36
2023,3,SEC STAFF LETTER,43
2023,3,SF-1,8
2023,3,SF-3,1
2023,3,SF-3/A,3
2023,3,SPDSCL,9
2023,3,SUPPL,10
2023,3,T-3,44
2023,3,TA-1,1
2023,3,TA-1/A,48
2023,3,TA-2,5
2023,3,TA-2/A,5
2023,3,TA-W,2
2023,3,UPLOAD,2228
2023,3,X-17A-5,256
2023,3,X-17A-5/A,8
2023,4,1-A,45
2023,4,1-A POS,81
2023,4,1-A-W,11
2023,4,1-A/A,86
2023,4,1-E,1
2023,4,1-K,16
2023,4,1-K/A,3
2023,4,1-SA,46
2023,4,1-SA/A,13
2023,4,1-U,635
2023,4,1-U/A,4
2023,4,1-Z,12
2023,4,1/A,46
2023,4,10-12B,2
2023,4,10-12B/A,7
2023,4,10-12G,17
2023,4,10-12G/A,37
2023,4,10-D,2463
2023,4,10-D/A,19
2023,4,10-K,404
2023,4,10-K/A,98
2023,4,10-KT,1
2023,4,10-Q,5916
2023,4,10-Q/A,146
2023,4,11-K,15
2023,4,11-K/A,6
2023,4,13F-HR,7220
2023,4,13F-HR/A,299
2023,4,13F-NT,1664
2023,4,13F-NT/A,13
2023,4,144,16036
2023,4,144/A,258
2023,4,15-12G,153
2023,4,15-12G/A,1
2023,4,15-15D,32
2023,4,15F-12B,6
2023,4,18-K,9
2023,4,18-K/A,40
2023,4,19B-4E,111
2023,4,20-F,59
2023,4,20-F/A,31
2023,4,20FR12B,5
2023,4,20FR12B/A,4
2023,4,20FR12G,1
2023,4,24F-2NT,976
2023,4,24F-2NT/A,3
2023,4,25,37
2023,4,25-NSE,654
2023,4,25-NSE/A,4
2023,4,253G1,5
2023,4,253G2,106
2023,4,3,5607
2023,4,3/A,190
2023,4,305B2,47
2023,4,4,73418
2023,4,4/A,1112
2023,4,40-17F1,15
2023,4,40-17F2,140
2023,4,40-17G,791
2023,4,40-17G/A,51
2023,4,40-24B2,106
2023,4,40-33,7
2023,4,40-6B,63
2023,4,40-6B/A,2
2023,4,40-APP,271
2023,4,40-APP/A,2216
2023,4,40-F,11
2023,4,424B1,16
2023,4,424B2,27622
2023,4,424B3,2664
2023,4,424B4,102
2023,4,424B5,952
2023,4,424B7,54
2023,4,424B8,62
2023,4,424H,57
2023,4,424H/A,4
2023,4,424I,3
2023,4,425,1362
2023,4,485APOS,251
2023,4,485BPOS,981
2023,4,485BXT,452
2023,4,486APOS,3
2023,4,486BPOS,14
2023,4,487,201
2023,4,497,3312
2023,4,497AD,66
2023,4,497J,1013
2023,4,497K,3790
2023,4,497VPI,231
2023,4,497VPSUB,6
2023,4,497VPU,377
2023,4,5,158
2023,4,5/A,41
2023,4,6-K,6599
2023,4,6-K/A,65
2023,4,8-A12B,242
2023,4,8-A12B/A,22
2023,4,8-A12G,13
2023,4,8-K,17043
2023,4,8-K/A,402
2023,4,8-K12B,4
2023,4,8-K12G3,4
2023,4,ABS-15G,274
2023,4,ABS-15G/A,178
2023,4,ABS-EE,1849
2023,4,ABS-EE/A,7
2023,4,ANNLRPT,3
2023,4,APP NTC,11
2023,4,APP ORDR,16
2023,4,APP WD,18
2023,4,APP WD/A,3
2023,4,APP WDG,9
2023,4,ARS,184
2023,4,ATS-N-C,1
2023,4,ATS-N/CA,8
2023,4,ATS-N/MA,11
2023,4,ATS-N/OFA,1
2023,4,ATS-N/UA,17
2023,4,AW,57
2023,4,AW WD,3
2023,4,C,387
2023,4,C-AR,41
2023,4,C-AR/A,3
2023,4,C-TR,8
2023,4,C-U,181
2023,4,C-W,18
2023,4,C/A,381
2023,4,CANCELLATION-MA,8
2023,4,CB,7
2023,4,CB/A,4
2023,4,CERT,232
2023,4,CFPORTAL,3
2023,4,CFPORTAL-W,4
2023,4,CFPORTAL/A,9
2023,4,CORRESP,2351
2023,4,CT ORDER,6
2023,4,D,7951
2023,4,D/A,4668
2023,4,DEF 14A,734
2023,4,DEF 14C,60
2023,4,DEFA14A,1109
2023,4,DEFA14C,6
2023,4,DEFC14A,23
2023,4,DEFM14A,49
2023,4,DEFM14C,6
2023,4,DEFR14A,37
2023,4,DEFR14C,2
2023,4,DEL AM,20
2023,4,DFAN14A,138
2023,4,DFRN14A,14
2023,4,DOS/A,3
2023,4,DOSLTR,3
2023,4,DRS,101
2023,4,DRS/A,157
2023,4,DRSLTR,94
2023,4,DSTRBRPT,18
2023,4,EFFECT,908
2023,4,F-1,72
2023,4,F-1/A,214
2023,4,F-10,9
2023,4,F-10/A,6
2023,4,F-10POS,1
2023,4,F-1MEF,4
2023,4,F-3,39
2023,4,F-3/A,16
2023,4,F-3ASR,9
2023,4,F-3DPOS,1
2023,4,F-4,16
2023,4,F-4/A,60
2023,4,F-6,32
2023,4,F-6 POS,68
2023,4,F-6EF,44
2023,4,F-N,4
2023,4,F-X,14
2023,4,F-X/A,3
2023,4,FOCUSN,32
2023,4,FWP,6314
2023,4,IRANNOTICE,41
2023,4,MA,2
2023,4,MA-A,24
2023,4,MA-I,62
2023,4,MA-I/A,332
2023,4,MA-W,4
2023,4,MA/A,47
2023,4,MSD/A,2
2023,4,N-14,27
2023,4,N-14 8C,7
2023,4,N-14 8C/A,7
2023,4,N-14/A,12
2023,4,N-18F1,2
2023,4,N-1A,4
2023,4,N-1A/A,18
2023,4,N-2,35
2023,4,N-2/A,38
2023,4,N-23C-2,37
2023,4,N-23C3A,96
2023,4,N-23C3A/A,1
2023,4,N-23C3C,1
2023,4,N-2ASR,2
2023,4,N-30B-2,38
2023,4,N-30D,3
2023,4,N-4,23
2023,4,N-4/A,3
2023,4,N-54A,10
2023,4,N-54C,1
2023,4,N-6,1
2023,4,N-6/A,6
2023,4,N-8A,23
2023,4,N-8A/A,4
2023,4,N-8B-4,1
2023,4,N-8F,30
2023,4,N-8F NTC,12
2023,4,N-8F ORDR,7
2023,4,N-8F/A,10
2023,4,N-CEN,565
2023,4,N-CEN/A,179
2023,4,N-CSR,833
2023,4,N-CSR/A,28
2023,4,N-CSRS,498
2023,4,N-CSRS/A,8
2023,4,N-MFP2,974
2023,4,N-MFP2/A,55
2023,4,N-PX,9
2023,4,N-PX/A,28
2023,4,N-VP/A,174
2023,4,N-VPFS/A,25
2023,4,NPORT-P,12480
2023,4,NPORT-P/A,384
2023,4,NRSRO-UPD,7
2023,4,NT 10-K,73
2023,4,NT 10-K/A,1
2023,4,NT 10-Q,577
2023,4,NT 10-Q/A,7
2023,4,NT 20-F,12
2023,4,NT 20-F/A,1
2023,4,NT N-CEN,1
2023,4,NT NPORT-P,26
2023,4,NT-NCEN,2
2023,4,NT-NCSR,2
2023,4,NTFNCSR,4
2023,4,POS 8C,13
2023,4,POS AM,293
2023,4,POS AMI,34
2023,4,POS EX,94
2023,4,POS462B,1
2023,4,POS462C,2
2023,4,POSASR,200
2023,4,PRE 14A,333
2023,4,PRE 14C,41
2023,4,PREC14A,40
2023,4,PREM14A,27
2023,4,PREM14C,6
2023,4,PRER14A,57
2023,4,PRER14C,4
2023,4,PRRN14A,16
2023,4,PX14A6G,44
2023,4,QRTLYRPT,4
2023,4,QUALIF,54
2023,4,REVOKED,49
2023,4,RW,76
2023,4,RW WD,5
2023,4,S-1,228
2023,4,S-1/A,429
2023,4,S-11,2
2023,4,S-11/A,6
2023,4,S-1MEF,15
2023,4,S-3,212
2023,4,S-3/A,83
2023,4,S-3ASR,748
2023,4,S-3D,3
2023,4,S-4,123
2023,4,S-4 POS,4
2023,4,S-4/A,170
2023,4,S-4MEF,4
2023,4,S-6,249
2023,4,S-6/A,54
2023,4,S-8,362
2023,4,S-8 POS,595
2023,4,S-B,3
2023,4,S-B/A,1
2023,4,SBSE-A/A,29
2023,4,SBSE/A,6
2023,4,SC 13D,692
2023,4,SC 13D/A,2556
2023,4,SC 13E3,11
2023,4,SC 13E3/A,50
2023,4,SC 13G,1188
2023,4,SC 13G/A,1393
2023,4,SC 14D9,20
2023,4,SC 14D9/A,64
2023,4,SC 14F1,10
2023,4,SC TO-C,57
2023,4,SC TO-I,124
2023,4,SC TO-I/A,170
2023,4,SC TO-T,28
2023,4,SC TO-T/A,144
2023,4,SC13E4F,1
2023,4,SC13E4F/A,1
2023,4,SC14D9C,35
2023,4,SCHEDULE 13G,2
2023,4,SCHEDULE 13G/A,2
2023,4,SD,2
2023,4,SEC STAFF ACTION,47
2023,4,SEC STAFF LETTER,42
2023,4,SF-1,2
2023,4,SF-1/A,10
2023,4,SF-3,3
2023,4,SPDSCL,2
2023,4,SUPPL,31
2023,4,T-3,65
2023,4,T-3/A,114
2023,4,T-6,1
2023,4,TA-1,8
2023,4,TA-1/A,43
2023,4,TA-2,2
2023,4,TA-2/A,4
2023,4,TA-W,5
2023,4,UPLOAD,1891
2023,4,X-17A-5,157
2023,4,X-17A-5/A,10
2024,1,1,1
2024,1,1-A,41
2024,1,1-A POS,70
2024,1,1-A-W,22
2024,1,1-A/A,81
2024,1,1-K,21
2024,1,1-SA,15
2024,1,1-SA/A,2
2024,1,1-U,615
2024,1,1-U/A,6
2024,1,1-Z,12
2024,1,1-Z-W,1
2024,1,1/A,61
2024,1,10-12B,4
2024,1,10-12B/A,7
2024,1,10-12G,20
2024,1,10-12G/A,18
2024,1,10-D,2494
2024,1,10-D/A,21
2024,1,10-K,4980
2024,1,10-K/A,169
2024,1,10-KT,5
2024,1,10-Q,1072
2024,1,10-Q/A,108
2024,1,10-QT,3
2024,1,11-K,20
2024,1,13F-HR,7591
2024,1,13F-HR/A,384
2024,1,13F-NT,1680
2024,1,13F-NT/A,11
2024,1,144,21542
2024,1,144/A,268
2024,1,15-12G,129
2024,1,15-15D,44
2024,1,15F-12B,10
2024,1,18-K,4
2024,1,18-K/A,36
2024,1,19B-4E,260
2024,1,20-F,328
2024,1,20-F/A,39
2024,1,20FR12B,4
2024,1,20FR12B/A,1
2024,1,20FR12G,1
2024,1,24F-2NT,2297
2024,1,24F-2NT/A,6
2024,1,25,36
2024,1,25-NSE,424
2024,1,25-NSE/A,4
2024,1,253G1,6
2024,1,253G2,110
2024,1,253G3,2
2024,1,3,8161
2024,1,3/A,331
2024,1,305B2,76
2024,1,4,126273
2024,1,4/A,2307
2024,1,40-17F1,8
2024,1,40-17F2,93
2024,1,40-17G,734
2024,1,40-17G/A,46
2024,1,40-24B2,106
2024,1,40-33,6
2024,1,40-6B,40
2024,1,40-6B/A,2
2024,1,40-APP,744
2024,1,40-APP/A,1225
2024,1,40-F,109
2024,1,40-F/A,2
2024,1,40FR12B,1
2024,1,40FR12B/A,2
2024,1,424B1,23
2024,1,424B2,33593
2024,1,424B3,2631
2024,1,424B4,101
2024,1,424B5,1391
2024,1,424B7,59
2024,1,424B8,64
2024,1,424H,68
2024,1,424H/A,2
2024,1,424I,47
2024,1,425,1283
2024,1,485APOS,243
2024,1,485BPOS,866
2024,1,485BXT,434
2024,1,486APOS,3
2024,1,486BPOS,28
2024,1,486BXT,6
2024,1,487,214
2024,1,497,3460
2024,1,497AD,101
2024,1,497J,1031
2024,1,497K,6077
2024,1,497VPI,225
2024,1,497VPSUB,17
2024,1,497VPU,368
2024,1,5,2294
2024,1,5/A,30
2024,1,6-K,6293
2024,1,6-K/A,82
2024,1,8-A12B,301
2024,1,8-A12B/A,24
2024,1,8-A12G,11
2024,1,8-K,16997
2024,1,8-K/A,445
2024,1,8-K12B,6
2024,1,8-K12B/A,1
2024,1,8-K12G3,1
2024,1,ABS-15G,1244
2024,1,ABS-15G/A,189
2024,1,ABS-EE,1907
2024,1,ABS-EE/A,2
2024,1,ANNLRPT,1
2024,1,APP NTC,24
2024,1,APP ORDR,19
2024,1,APP WD,2
2024,1,APP WDG,2
2024,1,ARS,776
2024,1,ARS/A,6
2024,1,ATS-N-W,1
2024,1,ATS-N/CA,4
2024,1,ATS-N/MA,8
2024,1,ATS-N/UA,11
2024,1,AW,32
2024,1,C,352
2024,1,C-AR,56
2024,1,C-AR/A,1
2024,1,C-TR,24
2024,1,C-TR-W,1
2024,1,C-U,129
2024,1,C-U-W,1
2024,1,C-W,34
2024,1,C/A,388
2024,1,CB,10
2024,1,CB/A,7
2024,1,CERT,291
2024,1,CFPORTAL,1
2024,1,CFPORTAL-W,2
2024,1,CFPORTAL/A,17
2024,1,CORRESP,2389
2024,1,CT ORDER,4
2024,1,D,8091
2024,1,D/A,6440
2024,1,DEF 14A,1347
2024,1,DEF 14C,91
2024,1,DEFA14A,1722
2024,1,DEFA14C,3
2024,1,DEFC14A,60
2024,1,DEFM14A,70
2024,1,DEFM14C,3
2024,1,DEFN14A,2
2024,1,DEFR14A,48
2024,1,DEFR14C,2
2024,1,DEL AM,23
2024,1,DFAN14A,616
2024,1,DFRN14A,24
2024,1,DOS,2
2024,1,DRS,78
2024,1,DRS/A,155
2024,1,DRSLTR,83
2024,1,DSTRBRPT,61
2024,1,DSTRBRPT/A,2
2024,1,EFFECT,908
2024,1,F-1,71
2024,1,F-1/A,249
2024,1,F-10,16
2024,1,F-10/A,7
2024,1,F-10EF,1
2024,1,F-1MEF,8
2024,1,F-3,44
2024,1,F-3/A,15
2024,1,F-3ASR,32
2024,1,F-4,23
2024,1,F-4/A,74
2024,1,F-4MEF,1
2024,1,F-6,8
2024,1,F-6 POS,76
2024,1,F-6/A,6
2024,1,F-6EF,62
2024,1,F-7,1
2024,1,F-N,6
2024,1,F-N/A,2
2024,1,F-X,40
2024,1,F-X/A,2
2024,1,FOCUSN,451
2024,1,FOCUSN/A,1
2024,1,FWP,6067
2024,1,G-FIN,1
2024,1,G-FIN/A,10
2024,1,IRANNOTICE,92
2024,1,MA,7
2024,1,MA-A,298
2024,1,MA-I,102
2024,1,MA-I/A,311
2024,1,MA-W,4
2024,1,MA/A,58
2024,1,MSD/A,8
2024,1,N-14,33
2024,1,N-14 8C,4
2024,1,N-14 8C/A,2
2024,1,N-14/A,18
2024,1,N-18F1,6
2024,1,N-1A,7
2024,1,N-1A/A,8
2024,1,N-2,40
2024,1,N-2/A,54
2024,1,N-23C-2,48
2024,1,N-23C3A,93
2024,1,N-23C3A/A,2
2024,1,N-23C3C,1
2024,1,N-23C3C/A,1
2024,1,N-2ASR,2
2024,1,N-30B-2,189
2024,1,N-30D,84
2024,1,N-54A,4
2024,1,N-54C,3
2024,1,N-6,2
2024,1,N-8A,25
2024,1,N-8A/A,2
2024,1,N-8F,7
2024,1,N-8F NTC,26
2024,1,N-8F ORDR,31
2024,1,N-8F/A,10
2024,1,N-CEN,1870
2024,1,N-CEN/A,180
2024,1,N-CSR,1245
2024,1,N-CSR/A,52
2024,1,N-CSRS,543
2024,1,N-CSRS/A,12
2024,1,N-MFP2,974
2024,1,N-MFP2/A,43
2024,1,N-PX,4
2024,1,N-PX/A,9
2024,1,N-VP/A,49
2024,1,N-VPFS,59
2024,1,NPORT-P,12277
2024,1,NPORT-P/A,224
2024,1,NRSRO-CE,10
2024,1,NRSRO-CE/A,1
2024,1,NRSRO-UPD,9
2024,1,NT 10-K,244
2024,1,NT 10-Q,145
2024,1,NT 10-Q/A,2
2024,1,NT 20-F,21
2024,1,NT N-CEN,10
2024,1,NT N-MFP2,2
2024,1,NT NPORT-P,75
2024,1,NT-NCEN,4
2024,1,NT-NCSR,2
2024,1,NT-NCSR/A,3
2024,1,POS 8C,8
2024,1,POS AM,320
2024,1,POS AMI,54
2024,1,POS EX,114
2024,1,POSASR,231
2024,1,PRE 14A,496
2024,1,PRE 14C,60
2024,1,PREC14A,63
2024,1,PREM14A,44
2024,1,PREM14C,5
2024,1,PREN14A,4
2024,1,PRER14A,51
2024,1,PRER14C,6
2024,1,PRRN14A,36
2024,1,PX14A6G,186
2024,1,QRTLYRPT,4
2024,1,QUALIF,47
2024,1,REVOKED,34
2024,1,RW,80
2024,1,RW WD,3
2024,1,S-1,186
2024,1,S-1/A,428
2024,1,S-11/A,6
2024,1,S-1MEF,7
2024,1,S-3,232
2024,1,S-3/A,72
2024,1,S-3ASR,801
2024,1,S-3D,5
2024,1,S-3DPOS,3
2024,1,S-3MEF,8
2024,1,S-4,120
2024,1,S-4 POS,1
2024,1,S-4/A,235
2024,1,S-4MEF,1
2024,1,S-6,259
2024,1,S-6/A,57
2024,1,S-8,834
2024,1,S-8 POS,399
2024,1,S-B,1
2024,1,S-B/A,1
2024,1,SBSE-A/A,21
2024,1,SBSE/A,2
2024,1,SC 13D,608
2024,1,SC 13D/A,2657
2024,1,SC 13E3,13
2024,1,SC 13E3/A,42
2024,1,SC 13G,7997
2024,1,SC 13G/A,28828
2024,1,SC 14D9,13
2024,1,SC 14D9/A,55
2024,1,SC 14F1,10
2024,1,SC 14N,2
2024,1,SC TO-C,37
2024,1,SC TO-I,149
2024,1,SC TO-I/A,152
2024,1,SC TO-T,26
2024,1,SC TO-T/A,118
2024,1,SC13E4F/A,1
2024,1,SC14D9C,26
2024,1,SCHEDULE 13D,10
2024,1,SCHEDULE 13D/A,12
2024,1,SCHEDULE 13G,108
2024,1,SCHEDULE 13G/A,96
2024,1,SD,7
2024,1,SEC STAFF ACTION,56
2024,1,SEC STAFF LETTER,32
2024,1,SF-1,2
2024,1,SF-1/A,14
2024,1,SF-3,2
2024,1,SF-3/A,6
2024,1,SP 15D2,2
2024,1,SPDSCL,1
2024,1,SUPPL,30
2024,1,T-3/A,152
2024,1,TA-1,6
2024,1,TA-1/A,53
2024,1,TA-2,233
2024,1,TA-2/A,11
2024,1,TA-W,1
2024,1,UPLOAD,1720
2024,1,X-17A-5,2230
2024,1,X-17A-5/A,55
2024,2,1,2
2024,2,1-A,36
2024,2,1-A POS,70
2024,2,1-A-W,21
2024,2,1-A-W/A,1
2024,2,1-A/A,98
2024,2,1-K,436
2024,2,1-K/A,5
2024,2,1-SA,7
2024,2,1-SA/A,2
2024,2,1-U,450
2024,2,1-U/A,5
2024,2,1-Z,24
2024,2,1/A,113
2024,2,10-12B,3
2024,2,10-12B/A,12
2024,2,10-12G,10
2024,2,10-12G/A,21
2024,2,10-D,2394
2024,2,10-D/A,15
2024,2,10-K,1104
2024,2,10-K/A,436
2024,2,10-KT,2
2024,2,10-KT/A,1
2024,2,10-Q,5590
2024,2,10-Q/A,114
2024,2,11-K,822
2024,2,11-K/A,7
2024,2,11-KT,1
2024,2,13F-HR,7679
2024,2,13F-HR/A,434
2024,2,13F-NT,1728
2024,2,13F-NT/A,35
2024,2,144,17222
2024,2,144/A,188
2024,2,15-12G,121
2024,2,15-12G/A,2
2024,2,15-15D,37
2024,2,15F-12B,6
2024,2,15F-15D,2
2024,2,18-K,12
2024,2,18-K/A,37
2024,2,19B-4E,235
2024,2,20-F,509
2024,2,20-F/A,42
2024,2,20FR12B,1
2024,2,20FR12B/A,3
2024,2,20FR12G,1
2024,2,20FR12G/A,1
2024,2,24F-2NT,858
2024,2,24F-2NT/A,2
2024,2,25,27
2024,2,25-NSE,418
2024,2,253G1,5
2024,2,253G2,85
2024,2,253G3,1
2024,2,3,6343
2024,2,3/A,168
2024,2,305B2,53
2024,2,4,101373
2024,2,4/A,1608
2024,2,40-17F1,15
2024,2,40-17F2,151
2024,2,40-17G,451
2024,2,40-17G/A,54
2024,2,40-17GCS,2
2024,2,40-24B2,77
2024,2,40-6B,1
2024,2,40-6B/A,6
2024,2,40-8B25,1
2024,2,40-APP,849
2024,2,40-APP/A,2093
2024,2,40-F,21
2024,2,40-F/A,5
2024,2,40FR12B,2
2024,2,424B1,9
2024,2,424B2,34307
2024,2,424B3,2643
2024,2,424B4,124
2024,2,424B5,1457
2024,2,424B7,58
2024,2,424B8,26
2024,2,424H,78
2024,2,424H/A,2
2024,2,424I,2
2024,2,425,1129
2024,2,485APOS,253
2024,2,485BPOS,2049
2024,2,485BXT,361
2024,2,486APOS,12
2024,2,486BPOS,63
2024,2,486BXT,7
2024,2,487,219
2024,2,497,3820
2024,2,497AD,69
2024,2,497J,1949
2024,2,497K,5814
2024,2,497VPI,600
2024,2,497VPSUB,2
2024,2,497VPU,1245
2024,2,5,117
2024,2,5/A,12
2024,2,6-K,7413
2024,2,6-K/A,105
2024,2,6B NTC,2
2024,2,6B ORDR,2
2024,2,8-A12B,362
2024,2,8-A12B/A,34
2024,2,8-A12G,11
2024,2,8-A12G/A,4
2024,2,8-K,19546
2024,2,8-K/A,432
2024,2,8-K12B,3
2024,2,ABS-15G,389
2024,2,ABS-15G/A,189
2024,2,ABS-EE,1867
2024,2,ABS-EE/A,2
2024,2,ANNLRPT,2
2024,2,ANNLRPT/A,2
2024,2,APP NTC,13
2024,2,APP ORDR,11
2024,2,APP WD,91
2024,2,APP WDG,13
2024,2,ARS,1960
2024,2,ARS/A,12
2024,2,ATS-N-C,1
2024,2,ATS-N-W,2
2024,2,ATS-N/CA,7
2024,2,ATS-N/MA,15
2024,2,ATS-N/UA,22
2024,2,AW,29
2024,2,C,361
2024,2,C-AR,587
2024,2,C-AR/A,25
2024,2,C-TR,118
2024,2,C-TR-W,5
2024,2,C-U,194
2024,2,C-U-W,1
2024,2,C-W,49
2024,2,C/A,445
2024,2,C/A-W,3
2024,2,CB,31
2024,2,CB/A,12
2024,2,CERT,299
2024,2,CFPORTAL,2
2024,2,CFPORTAL-W,2
2024,2,CFPORTAL/A,17
2024,2,CORRESP,3030
2024,2,CT ORDER,6
2024,2,D,8349
2024,2,D/A,5540
2024,2,DEF 14A,2907
2024,2,DEF 14C,75
2024,2,DEFA14A,3683
2024,2,DEFA14C,5
2024,2,DEFC14A,84
2024,2,DEFM14A,62
2024,2,DEFM14C,6
2024,2,DEFN14A,5
2024,2,DEFR14A,123
2024,2,DEFR14C,3
2024,2,DEL AM,226
2024,2,DFAN14A,1062
2024,2,DFRN14A,48
2024,2,DOS,7
2024,2,DOS/A,8
2024,2,DOSLTR,5
2024,2,DRS,88
2024,2,DRS/A,151
2024,2,DRSLTR,74
2024,2,DSTRBRPT,46
2024,2,EFFECT,1558
2024,2,F-1,80
2024,2,F-1/A,208
2024,2,F-10,20
2024,2,F-10/A,10
2024,2,F-10EF,1
2024,2,F-10POS,3
2024,2,F-1MEF,5
2024,2,F-3,71
2024,2,F-3/A,36
2024,2,F-3ASR,65
2024,2,F-3D,2
2024,2,F-4,9
2024,2,F-4/A,26
2024,2,F-4MEF,1
2024,2,F-6,22
2024,2,F-6 POS,70
2024,2,F-6/A,4
2024,2,F-6EF,98
2024,2,F-N,3
2024,2,F-X,50
2024,2,FOCUSN,104
2024,2,FWP,5323
2024,2,G-FIN,1
2024,2,G-FIN/A,3
2024,2,IRANNOTICE,47
2024,2,MA,4
2024,2,MA-A,183
2024,2,MA-I,71
2024,2,MA-I/A,230
2024,2,MA-W,10
2024,2,MA/A,60
2024,2,MSD/A,3
2024,2,MSDCO,8
2024,2,MSDW,1
2024,2,N-14,40
2024,2,N-14 8C,2
2024,2,N-14 8C/A,6
2024,2,N-14/A,10
2024,2,N-18F1,1
2024,2,N-1A,5
2024,2,N-1A/A,18
2024,2,N-2,50
2024,2,N-2/A,73
2024,2,N-23C-2,29
2024,2,N-23C3A,103
2024,2,N-2ASR,8
2024,2,N-2MEF,2
2024,2,N-30B-2,76
2024,2,N-30D,2
2024,2,N-4/A,6
2024,2,N-54A,5
2024,2,N-54C,1
2024,2,N-6,1
2024,2,N-6/A,2
2024,2,N-6F,3
2024,2,N-8A,27
2024,2,N-8B-2/A,2
2024,2,N-8F,59
2024,2,N-8F NTC,61
2024,2,N-8F ORDR,15
2024,2,N-8F/A,11
2024,2,N-CEN,425
2024,2,N-CEN/A,34
2024,2,N-CSR,480
2024,2,N-CSR/A,44
2024,2,N-CSRS,822
2024,2,N-CSRS/A,9
2024,2,N-MFP2,968
2024,2,N-MFP2/A,19
2024,2,N-PX,7
2024,2,N-PX/A,25
2024,2,N-VP,320
2024,2,N-VP/A,107
2024,2,N-VPFS,617
2024,2,N-VPFS/A,23
2024,2,NPORT-P,12955
2024,2,NPORT-P/A,272
2024,2,NRSRO-UPD,4
2024,2,NT 10-K,551
2024,2,NT 10-K/A,9
2024,2,NT 10-Q,592
2024,2,NT 10-Q/A,5
2024,2,NT 11-K,15
2024,2,NT 20-F,128
2024,2,NT 20-F/A,1
2024,2,NT NPORT-P,4
2024,2,NT-NCEN,6
2024,2,NT-NCSR,7
2024,2,NT-NCSR/A,5
2024,2,POS 8C,2
2024,2,POS AM,388
2024,2,POS AMI,52
2024,2,POS EX,102
2024,2,POSASR,188
2024,2,PRE 14A,561
2024,2,PRE 14C,47
2024,2,PREC14A,101
2024,2,PREM14A,34
2024,2,PREM14C,5
2024,2,PREN14A,2
2024,2,PRER14A,69
2024,2,PRER14C,11
2024,2,PRRN14A,38
2024,2,PX14A6G,564
2024,2,QRTLYRPT,4
2024,2,QUALIF,49
2024,2,REVOKED,27
2024,2,RW,96
2024,2,RW WD,5
2024,2,S-1,296
2024,2,S-1/A,467
2024,2,S-11,6
2024,2,S-11/A,4
2024,2,S-1MEF,9
2024,2,S-3,513
2024,2,S-3/A,134
2024,2,S-3ASR,427
2024,2,S-3D,2
2024,2,S-3DPOS,7
2024,2,S-3MEF,1
2024,2,S-4,115
2024,2,S-4/A,116
2024,2,S-4MEF,1
2024,2,S-6,249
2024,2,S-6/A,48
2024,2,S-8,799
2024,2,S-8 POS,532
2024,2,S-B,6
2024,2,S-B/A,1
2024,2,SBSE,1
2024,2,SBSE-A,1
2024,2,SBSE-A/A,39
2024,2,SBSE-BD/A,1
2024,2,SBSE-C,2
2024,2,SBSE/A,1
2024,2,SC 13D,520
2024,2,SC 13D/A,2223
2024,2,SC 13E3,12
2024,2,SC 13E3/A,50
2024,2,SC 13G,1076
2024,2,SC 13G/A,1746
2024,2,SC 14D9,14
2024,2,SC 14D9/A,26
2024,2,SC 14F1,6
2024,2,SC 14F1/A,2
2024,2,SC TO-C,53
2024,2,SC TO-I,140
2024,2,SC TO-I/A,195
2024,2,SC TO-T,26
2024,2,SC TO-T/A,94
2024,2,SC14D9C,13
2024,2,SCHEDULE 13D,10
2024,2,SCHEDULE 13D/A,16
2024,2,SCHEDULE 13G,48
2024,2,SCHEDULE 13G/A,42
2024,2,SD,1026
2024,2,SD/A,2
2024,2,SEC STAFF ACTION,41
2024,2,SEC STAFF LETTER,34
2024,2,SF-1,2
2024,2,SF-1/A,2
2024,2,SF-3,7
2024,2,SF-3/A,7
2024,2,SP 15D2,3
2024,2,SPDSCL,2
2024,2,STOP ORDER,1
2024,2,SUPPL,21
2024,2,T-3,63
2024,2,TA-1,4
2024,2,TA-1/A,41
2024,2,TA-2,26
2024,2,TA-2/A,5
2024,2,TA-W,3
2024,2,UPLOAD,2120
2024,2,X-17A-5,608
2024,2,X-17A-5/A,58
2024,3,1,1
2024,3,1-A,56
2024,3,1-A POS,60
2024,3,1-A-W,16
2024,3,1-A-W/A,3
2024,3,1-A/A,80
2024,3,1-K,16
2024,3,1-K/A,5
2024,3,1-SA,404
2024,3,1-SA/A,2
2024,3,1-U,468
2024,3,1-U/A,4
2024,3,1-Z,6
2024,3,1/A,72
2024,3,10-12B,5
2024,3,10-12B/A,9
2024,3,10-12G,26
2024,3,10-12G/A,26
2024,3,10-D,2556
2024,3,10-D/A,29
2024,3,10-K,413
2024,3,10-K/A,143
2024,3,10-KT,3
2024,3,10-KT/A,1
2024,3,10-Q,5568
2024,3,10-Q/A,118
2024,3,10-QT,1
2024,3,10-QT/A,1
2024,3,11-K,28
2024,3,11-K/A,3
2024,3,13F-HR,7736
2024,3,13F-HR/A,384
2024,3,13F-NT,1965
2024,3,13F-NT/A,19
2024,3,144,17934
2024,3,144/A,248
2024,3,15-12G,107
2024,3,15-12G/A,6
2024,3,15-15D,22
2024,3,15-15D/A,1
2024,3,15F-12B,4
2024,3,18-K,13
2024,3,18-K/A,36
2024,3,19B-4,1
2024,3,19B-4E,277
2024,3,20-F,92
2024,3,20-F/A,28
2024,3,20FR12B,1
2024,3,20FR12B/A,3
2024,3,20FR12G/A,3
2024,3,24F-2NT,900
2024,3,24F-2NT/A,6
2024,3,25,22
2024,3,25-NSE,426
2024,3,253G1,2
2024,3,253G2,102
2024,3,253G3,2
2024,3,253G4,1
2024,3,3,6110
2024,3,3/A,195
2024,3,305B2,26
2024,3,4,68366
2024,3,4/A,1136
2024,3,40-17F1,37
2024,3,40-17F2,252
2024,3,40-17G,636
2024,3,40-17G/A,40
2024,3,40-17GCS,2
2024,3,40-24B2,32
2024,3,40-33,2
2024,3,40-6B/A,3
2024,3,40-8B25,3
2024,3,40-APP,704
2024,3,40-APP/A,1259
2024,3,40-F,5
2024,3,40-F/A,5
2024,3,40FR12B,2
2024,3,40FR12B/A,1
2024,3,40FR12G,1
2024,3,424A,1
2024,3,424B1,16
2024,3,424B2,36131
2024,3,424B3,2652
2024,3,424B4,116
2024,3,424B5,2276
2024,3,424B7,46
2024,3,424B8,105
2024,3,424H,79
2024,3,424I,1
2024,3,425,908
2024,3,485APOS,245
2024,3,485BPOS,761
2024,3,485BXT,516
2024,3,486APOS,9
2024,3,486BPOS,67
2024,3,486BXT,7
2024,3,487,211
2024,3,497,3426
2024,3,497AD,71
2024,3,497J,775
2024,3,497K,4076
2024,3,497VPI,200
2024,3,497VPSUB,66
2024,3,497VPU,372
2024,3,5,124
2024,3,5/A,20
2024,3,6-K,6527
2024,3,6-K/A,78
2024,3,7-M,2
2024,3,8-A12B,435
2024,3,8-A12B/A,33
2024,3,8-A12G,13
2024,3,8-A12G/A,1
2024,3,8-K,15704
2024,3,8-K/A,332
2024,3,8-K12B,6
2024,3,8-K12B/A,1
2024,3,8-M,1
2024,3,ABS-15G,470
2024,3,ABS-15G/A,191
2024,3,ABS-EE,2012
2024,3,ABS-EE/A,6
2024,3,ANNLRPT,4
2024,3,APP NTC,27
2024,3,APP ORDR,21
2024,3,APP WD,256
2024,3,APP WDG,6
2024,3,ARS,218
2024,3,ATS-N-W,2
2024,3,ATS-N/CA,7
2024,3,ATS-N/MA,11
2024,3,ATS-N/UA,17
2024,3,AW,21
2024,3,C,351
2024,3,C-AR,49
2024,3,C-AR/A,5
2024,3,C-TR,8
2024,3,C-U,140
2024,3,C-W,12
2024,3,C/A,329
2024,3,CANCELLATION-MA,1
2024,3,CB,11
2024,3,CB/A,7
2024,3,CERT,419
2024,3,CFPORTAL-W,3
2024,3,CFPORTAL/A,6
2024,3,CORRESP,2505
2024,3,CT ORDER,8
2024,3,D,8125
2024,3,D/A,5314
2024,3,DEF 14A,728
2024,3,DEF 14C,73
2024,3,DEFA14A,1107
2024,3,DEFA14C,4
2024,3,DEFC14A,21
2024,3,DEFM14A,59
2024,3,DEFM14C,4
2024,3,DEFR14A,40
2024,3,DEFR14C,3
2024,3,DEL AM,22
2024,3,DFAN14A,166
2024,3,DFRN14A,24
2024,3,DOS,2
2024,3,DOS/A,8
2024,3,DOSLTR,5
2024,3,DRS,58
2024,3,DRS/A,136
2024,3,DRSLTR,31
2024,3,DSTRBRPT,42
2024,3,DSTRBRPT/A,1
2024,3,EFFECT,1053
2024,3,F-1,102
2024,3,F-1/A,293
2024,3,F-10,8
2024,3,F-10/A,6
2024,3,F-10EF,2
2024,3,F-1MEF,2
2024,3,F-3,72
2024,3,F-3/A,45
2024,3,F-3ASR,8
2024,3,F-3DPOS,2
2024,3,F-4,19
2024,3,F-4/A,54
2024,3,F-4MEF,1
2024,3,F-6,28
2024,3,F-6 POS,60
2024,3,F-6EF,76
2024,3,F-80,1
2024,3,F-N,3
2024,3,F-X,26
2024,3,F-X/A,24
2024,3,FOCUSN,39
2024,3,FWP,5870
2024,3,IRANNOTICE,41
2024,3,MA,4
2024,3,MA-A,26
2024,3,MA-I,107
2024,3,MA-I/A,225
2024,3,MA-W,3
2024,3,MA/A,65
2024,3,MSD/A,1
2024,3,N-14,42
2024,3,N-14 8C,6
2024,3,N-14 8C/A,7
2024,3,N-14/A,33
2024,3,N-1A,9
2024,3,N-1A/A,18
2024,3,N-2,55
2024,3,N-2/A,55
2024,3,N-23C-2,57
2024,3,N-23C3A,105
2024,3,N-23C3C,1
2024,3,N-2ASR,5
2024,3,N-2MEF,2
2024,3,N-30B-2,175
2024,3,N-30D,81
2024,3,N-4,4
2024,3,N-54A,6
2024,3,N-54C,1
2024,3,N-6,5
2024,3,N-6/A,2
2024,3,N-6F/A,2
2024,3,N-8A,28
2024,3,N-8A/A,1
2024,3,N-8B-2,1
2024,3,N-8B-2/A,1
2024,3,N-8F,17
2024,3,N-8F NTC,16
2024,3,N-8F ORDR,67
2024,3,N-8F/A,4
2024,3,N-CEN,398
2024,3,N-CEN/A,19
2024,3,N-CSR,547
2024,3,N-CSR/A,64
2024,3,N-CSRS,1315
2024,3,N-CSRS/A,40
2024,3,N-MFP2/A,53
2024,3,N-MFP3,965
2024,3,N-MFP3/A,143
2024,3,N-PX,10094
2024,3,N-PX/A,136
2024,3,N-VP/A,97
2024,3,NPORT-P,12884
2024,3,NPORT-P/A,289
2024,3,NRSRO-UPD,10
2024,3,NT 10-K,94
2024,3,NT 10-K/A,1
2024,3,NT 10-Q,491
2024,3,NT 10-Q/A,4
2024,3,NT 11-K,3
2024,3,NT 20-F,19
2024,3,NT 20-F/A,1
2024,3,NT N-CEN,3
2024,3,NT NPORT-P,18
2024,3,NT-NCSR,5
2024,3,NTFNCSR,1
2024,3,POS 8C,2
2024,3,POS AM,226
2024,3,POS AMI,51
2024,3,POS EX,107
2024,3,POSASR,435
2024,3,PRE 14A,324
2024,3,PRE 14C,58
2024,3,PREC14A,23
2024,3,PREM14A,40
2024,3,PREM14C,5
2024,3,PRER14A,48
2024,3,PRER14C,11
2024,3,PRRN14A,4
2024,3,PX14A6G,54
2024,3,QRTLYRPT,7
2024,3,QUALIF,65
2024,3,REVOKED,3
2024,3,RW,92
2024,3,RW WD,3
2024,3,S-1,212
2024,3,S-1/A,435
2024,3,S-11,2
2024,3,S-11/A,6
2024,3,S-11MEF,1
2024,3,S-1MEF,11
2024,3,S-3,238
2024,3,S-3/A,95
2024,3,S-3ASR,791
2024,3,S-3DPOS,5
2024,3,S-3MEF,2
2024,3,S-4,134
2024,3,S-4/A,102
2024,3,S-6,260
2024,3,S-6/A,57
2024,3,S-8,535
2024,3,S-8 POS,439
2024,3,S-B,3
2024,3,S-B/A,3
2024,3,SBSE-A/A,32
2024,3,SBSE-W,1
2024,3,SBSE/A,3
2024,3,SBSEF,8
2024,3,SBSEF/A,3
2024,3,SC 13D,459
2024,3,SC 13D/A,2205
2024,3,SC 13E3,19
2024,3,SC 13E3/A,59
2024,3,SC 13G,1130
2024,3,SC 13G/A,1844
2024,3,SC 14D9,10
2024,3,SC 14D9/A,30
2024,3,SC 14F1,1
2024,3,SC TO-C,43
2024,3,SC TO-I,146
2024,3,SC TO-I/A,206
2024,3,SC TO-T,21
2024,3,SC TO-T/A,90
2024,3,SC14D9C,8
2024,3,SCHEDULE 13D,18
2024,3,SCHEDULE 13D/A,18
2024,3,SCHEDULE 13G,68
2024,3,SCHEDULE 13G/A,64
2024,3,SD,159
2024,3,SD/A,2
2024,3,SEC STAFF ACTION,48
2024,3,SEC STAFF LETTER,35
2024,3,SF-1,2
2024,3,SF-1/A,2
2024,3,SF-3,5
2024,3,SF-3/A,15
2024,3,SPDSCL,1
2024,3,SUPPL,16
2024,3,T-3,108
2024,3,T-3/A,218
2024,3,TA-1,7
2024,3,TA-1/A,44
2024,3,TA-2,2
2024,3,TA-2/A,10
2024,3,TA-W,2
2024,3,UPLOAD,1582
2024,3,X-17A-5,315
2024,3,X-17A-5/A,7
2024,4,1-A,28
2024,4,1-A POS,38
2024,4,1-A-W,13
2024,4,1-A-W/A,2
2024,4,1-A/A,75
2024,4,1-K,9
2024,4,1-SA,40
2024,4,1-SA/A,2
2024,4,1-U,447
2024,4,1-U/A,2
2024,4,1-Z,4
2024,4,1-Z/A,1
2024,4,1/A,62
2024,4,10-12B,3
2024,4,10-12B/A,2
2024,4,10-12G,10
2024,4,10-12G/A,34
2024,4,10-D,1856
2024,4,10-D/A,17
2024,4,10-K,265
2024,4,10-K/A,84
2024,4,10-KT,2
2024,4,10-Q,5330
2024,4,10-Q/A,118
2024,4,10-QT,1
2024,4,11-K,10
2024,4,11-K/A,1
2024,4,13F-HR,7693
2024,4,13F-HR/A,290
2024,4,13F-NT,1750
2024,4,13F-NT/A,4
2024,4,144,15946
2024,4,144/A,164
2024,4,15-12G,86
2024,4,15-15D,19
2024,4,15F-12B,2
2024,4,15F-12G,1
2024,4,18-K,5
2024,4,18-K/A,20
2024,4,19B-4E,151
2024,4,20-F,66
2024,4,20-F/A,22
2024,4,20FR12B,2
2024,4,20FR12B/A,3
2024,4,24F-2NT,591
2024,4,24F-2NT/A,6
2024,4,25,20
2024,4,25-NSE,320
2024,4,25-NSE/A,6
2024,4,253G1,4
2024,4,253G2,95
2024,4,253G3,1
2024,4,3,4645
2024,4,3/A,113
2024,4,305B2,30
2024,4,4,54560
2024,4,4/A,685
2024,4,40-17F1,3
2024,4,40-17F2,160
2024,4,40-17G,712
2024,4,40-17G/A,43
2024,4,40-24B2,19
2024,4,40-33,1
2024,4,40-6B,2
2024,4,40-6B/A,1
2024,4,40-APP,405
2024,4,40-APP/A,1273
2024,4,40-F,8
2024,4,40FR12B,1
2024,4,424B1,8
2024,4,424B2,26922
2024,4,424B3,1951
2024,4,424B4,113
2024,4,424B5,635
2024,4,424B7,38
2024,4,424B8,90
2024,4,424H,46
2024,4,424I,2
2024,4,425,562
2024,4,485APOS,210
2024,4,485BPOS,669
2024,4,485BXT,360
2024,4,486APOS,1
2024,4,486BPOS,16
2024,4,486BXT,6
2024,4,487,177
2024,4,497,2360
2024,4,497AD,71
2024,4,497J,786
2024,4,497K,2926
2024,4,497VPI,193
2024,4,497VPSUB,47
2024,4,497VPU,337
2024,4,5,42
2024,4,5/A,2
2024,4,6-K,5213
2024,4,6-K/A,54
2024,4,6B NTC,1
2024,4,8-A12B,277
2024,4,8-A12B/A,20
2024,4,8-A12G,12
2024,4,8-A12G/A,4
2024,4,8-K,12817
2024,4,8-K/A,269
2024,4,8-K12B,2
2024,4,8-K12G3,4
2024,4,8-K12G3/A,1
2024,4,ABS-15G,320
2024,4,ABS-15G/A,199
2024,4,ABS-EE,1443
2024,4,ABS-EE/A,8
2024,4,ANNLRPT,1
2024,4,APP NTC,24
2024,4,APP ORDR,18
2024,4,APP WD,25
2024,4,APP WDG,9
2024,4,ARS,170
2024,4,ARS/A,1
2024,4,ATS-N/CA,6
2024,4,ATS-N/MA,6
2024,4,ATS-N/OFA,2
2024,4,ATS-N/UA,20
2024,4,AW,16
2024,4,C,299
2024,4,C-AR,33
2024,4,C-AR/A,6
2024,4,C-TR,8
2024,4,C-TR-W,1
2024,4,C-U,115
2024,4,C-W,8
2024,4,C/A,275
2024,4,C/A-W,1
2024,4,CB,22
2024,4,CB/A,14
2024,4,CERT,281
2024,4,CFPORTAL/A,11
2024,4,CORRESP,556
2024,4,CT ORDER,4
2024,4,D,6102
2024,4,D/A,3728
2024,4,DEF 14A,560
2024,4,DEF 14C,53
2024,4,DEFA14A,811
2024,4,DEFA14C,1
2024,4,DEFC14A,27
2024,4,DEFM14A,51
2024,4,DEFM14C,3
2024,4,DEFR14A,30
2024,4,DEFR14C,3
2024,4,DEL AM,17
2024,4,DFAN14A,114
2024,4,DFRN14A,28
2024,4,DRS,11
2024,4,DRS/A,39
2024,4,DSTRBRPT,23
2024,4,DSTRBRPT/A,1
2024,4,EFFECT,678
2024,4,F-1,73
2024,4,F-1/A,186
2024,4,F-10,15
2024,4,F-10/A,5
2024,4,F-10EF,1
2024,4,F-10POS,5
2024,4,F-1MEF,5
2024,4,F-3,38
2024,4,F-3/A,31
2024,4,F-3ASR,16
2024,4,F-3D,1
2024,4,F-4,11
2024,4,F-4/A,54
2024,4,F-6,16
2024,4,F-6 POS,52
2024,4,F-6/A,6
2024,4,F-6EF,42
2024,4,F-7,1
2024,4,F-N,5
2024,4,F-X,33
2024,4,FOCUSN,3
2024,4,FOCUSN/A,1
2024,4,FWP,4533
2024,4,IRANNOTICE,54
2024,4,MA,1
2024,4,MA-A,14
2024,4,MA-I,69
2024,4,MA-I/A,234
2024,4,MA-W,3
2024,4,MA/A,49
2024,4,N-14,19
2024,4,N-14 8C,7
2024,4,N-14 8C/A,7
2024,4,N-14/A,15
2024,4,N-18F1,3
2024,4,N-1A,6
2024,4,N-1A/A,15
2024,4,N-2,39
2024,4,N-2/A,46
2024,4,N-23C-2,28
2024,4,N-23C3A,84
2024,4,N-2ASR,4
2024,4,N-30B-2,21
2024,4,N-30D,2
2024,4,N-4,46
2024,4,N-4/A,1
2024,4,N-54A,7
2024,4,N-6,1
2024,4,N-6/A,2
2024,4,N-6F,2
2024,4,N-6F/A,1
2024,4,N-8A,26
2024,4,N-8A/A,1
2024,4,N-8F,9
2024,4,N-8F NTC,12
2024,4,N-8F ORDR,7
2024,4,N-8F/A,5
2024,4,N-CEN,356
2024,4,N-CEN/A,22
2024,4,N-CSR,635
2024,4,N-CSR/A,50
2024,4,N-CSRS,398
2024,4,N-CSRS/A,7
2024,4,N-MFP3,926
2024,4,N-MFP3/A,172
2024,4,N-PX,197
2024,4,N-PX/A,22
2024,4,N-VP,24
2024,4,N-VP/A,65
2024,4,NPORT-P,8987
2024,4,NPORT-P/A,35
2024,4,NRSRO-UPD,9
2024,4,NT 10-K,44
2024,4,NT 10-Q,427
2024,4,NT 10-Q/A,3
2024,4,NT 20-F,19
2024,4,NT N-CEN,2
2024,4,NT NPORT-P,13
2024,4,NT-NCSR,5
2024,4,NTFNCEN,1
2024,4,POS 8C,2
2024,4,POS AM,162
2024,4,POS AMI,15
2024,4,POS EX,81
2024,4,POSASR,34
2024,4,PRE 14A,235
2024,4,PRE 14C,25
2024,4,PREC14A,28
2024,4,PREM14A,28
2024,4,PREM14C,2
2024,4,PRER14A,67
2024,4,PRER14C,7
2024,4,PRRN14A,12
2024,4,PX14A6G,30
2024,4,QRTLYRPT,3
2024,4,QUALIF,41
2024,4,REVOKED,21
2024,4,RW,76
2024,4,RW WD,18
2024,4,S-1,171
2024,4,S-1/A,303
2024,4,S-11,3
2024,4,S-11/A,3
2024,4,S-1MEF,9
2024,4,S-3,179
2024,4,S-3/A,64
2024,4,S-3ASR,100
2024,4,S-3D,1
2024,4,S-3DPOS,3
2024,4,S-3MEF,4
2024,4,S-4,73
2024,4,S-4/A,112
2024,4,S-6,196
2024,4,S-6/A,33
2024,4,S-8,266
2024,4,S-8 POS,259
2024,4,SBSE-A/A,19
2024,4,SBSE/A,2
2024,4,SBSEF,1
2024,4,SBSEF-W,1
2024,4,SBSEF/A,3
2024,4,SC 13D,407
2024,4,SC 13D/A,1815
2024,4,SC 13E3,5
2024,4,SC 13E3/A,45
2024,4,SC 13G,5568
2024,4,SC 13G/A,12895
2024,4,SC 14D9,9
2024,4,SC 14D9/A,13
2024,4,SC 14F1,3
2024,4,SC 14F1/A,1
2024,4,SC TO-C,43
2024,4,SC TO-I,111
2024,4,SC TO-I/A,148
2024,4,SC TO-T,16
2024,4,SC TO-T/A,28
2024,4,SC14D9C,8
2024,4,SCHEDULE 13D,30
2024,4,SCHEDULE 13D/A,18
2024,4,SCHEDULE 13G,632
2024,4,SCHEDULE 13G/A,722
2024,4,SD,5
2024,4,SEC STAFF ACTION,48
2024,4,SEC STAFF LETTER,11
2024,4,SF-1,6
2024,4,SF-1/A,12
2024,4,SF-3,17
2024,4,SF-3/A,7
2024,4,SUPPL,19
2024,4,T-3,3
2024,4,T-3/A,3
2024,4,TA-1/A,29
2024,4,TA-2,1
2024,4,TA-2/A,5
2024,4,TA-W,2
2024,4,UPLOAD,378
2024,4,X-17A-5,68
2024,4,X-17A-5/A,7
