cik,first_filing_date,last_filing_date,n_annual_filings,n_filing_years
0000000020,2010-03-15,2010-03-15,1,1
0000001750,2010-07-16,2021-07-21,12,12
0000001800,2010-02-19,2021-02-19,12,12
0000001853,2010-05-14,2010-05-14,1,1
0000001923,2010-07-28,2011-07-29,2,2
0000001961,2010-04-15,2021-03-16,12,12
0000002034,2010-09-10,2018-09-28,9,9
0000002098,2010-03-09,2021-03-31,12,12
0000002178,2010-03-23,2021-03-05,12,12
0000002186,2010-03-04,2021-03-03,12,12
0000002488,2010-02-19,2021-01-29,12,12
0000002491,2010-08-26,2014-08-29,5,5
0000002601,2010-09-02,2010-09-02,1,1
0000002969,2010-11-23,2021-11-18,12,12
0000003116,2010-03-16,2020-02-26,11,11
0000003146,2010-02-25,2021-11-22,12,12
0000003153,2010-02-25,2021-02-18,12,12
0000003197,2010-03-29,2021-03-03,12,12
0000003202,2010-02-24,2010-02-24,1,1
0000003453,2010-02-26,2021-02-26,12,12
0000003499,2010-02-22,2021-02-16,12,12
0000003545,2010-12-14,2021-12-07,12,12
0000003570,2010-02-26,2021-02-24,12,12
0000003673,2010-03-01,2011-02-23,2,2
0000003906,2010-02-26,2010-02-26,1,1
0000003952,2010-04-07,2013-03-29,4,4
0000003982,2010-03-09,2011-03-15,2,2
0000004127,2010-11-29,2021-11-24,12,12
0000004187,2010-03-22,2019-03-13,10,10
0000004281,2010-02-18,2021-02-16,12,12
0000004447,2010-02-26,2021-03-01,12,12
0000004457,2010-06-09,2021-05-26,12,12
0000004515,2010-02-17,2021-02-17,12,12
0000004611,2010-03-31,2012-03-29,3,3
0000004811,2010-08-26,2010-08-26,1,1
0000004828,2010-11-03,2012-11-08,3,3
0000004904,2010-02-26,2021-02-25,12,12
0000004962,2010-02-26,2021-02-12,12,12
0000004969,2010-03-31,2021-02-25,12,12
0000004977,2010-02-26,2021-02-23,12,12
0000005117,2010-11-26,2012-12-14,3,3
0000005133,2010-04-29,2016-05-26,7,7
0000005272,2010-02-26,2021-02-19,12,12
0000005513,2010-02-26,2021-02-17,12,12
0000005656,2010-09-13,2018-09-14,10,7
0000005768,2010-06-09,2016-05-24,7,7
0000005981,2010-03-10,2021-03-31,12,12
0000006176,2010-03-16,2021-03-26,12,12
0000006201,2010-02-17,2021-02-17,12,12
0000006207,2010-07-21,2021-07-27,12,12
0000006281,2010-11-22,2021-12-03,12,12
0000006284,2010-09-23,2017-09-26,8,8
0000006292,2010-02-25,2013-02-21,4,4
0000006314,2010-08-13,2013-08-12,4,4
0000006494,2010-03-16,2021-03-31,12,12
0000006732,2010-03-17,2016-05-16,7,7
0000006769,2010-02-26,2021-02-26,12,12
0000006814,2010-03-25,2010-03-25,1,1
0000006845,2010-04-28,2021-04-22,12,12
0000006879,2010-02-26,2021-02-25,12,12
0000006885,2010-03-30,2019-04-05,10,10
0000006951,2010-12-10,2021-12-17,12,12
0000006955,2010-10-28,2021-10-25,12,12
0000007032,2010-12-16,2012-12-20,3,3
0000007039,2010-03-15,2021-03-09,12,12
0000007084,2010-08-30,2021-02-18,12,12
0000007286,2010-02-19,2021-02-24,12,12
0000007323,2010-02-26,2021-02-26,12,12
0000007332,2010-02-25,2021-03-01,12,12
0000007431,2010-02-26,2021-02-23,12,12
0000007536,2010-02-03,2021-02-11,12,12
0000007623,2010-02-23,2021-02-09,12,12
0000007789,2010-02-16,2021-02-09,12,12
0000007951,2010-12-29,2013-01-15,3,3
0000008063,2010-03-01,2021-03-01,12,12
0000008146,2010-04-09,2021-04-13,12,12
0000008177,2010-03-26,2021-03-23,12,12
0000008192,2010-02-26,2021-02-24,12,12
0000008328,2010-03-31,2021-04-15,12,12
0000008411,2010-11-23,2016-11-15,7,7
0000008497,2010-03-26,2012-04-16,3,3
0000008504,2010-07-15,2021-03-31,12,12
0000008670,2010-08-25,2021-08-04,12,12
0000008818,2010-03-01,2021-02-25,12,12
0000008855,2010-02-02,2014-04-10,6,5
0000008858,2010-08-13,2021-08-13,12,12
0000008868,2010-02-25,2021-03-05,12,12
0000008947,2010-05-12,2021-04-23,12,12
0000009092,2010-02-23,2021-02-24,12,12
0000009235,2010-03-31,2015-04-29,6,6
0000009263,2010-03-15,2013-03-05,4,4
0000009326,2010-03-12,2021-02-19,12,12
0000009342,2010-03-03,2010-03-03,1,1
0000009346,2010-03-11,2021-03-11,12,12
0000009389,2010-02-25,2021-02-17,12,12
0000009466,2010-02-26,2021-02-24,12,12
0000009631,2014-01-29,2021-01-29,7,7
0000009892,2010-02-25,2017-02-13,8,8
0000009984,2010-02-22,2021-02-22,12,12
0000010048,2010-12-15,2021-12-21,12,12
0000010254,2010-06-18,2021-03-10,12,12
0000010329,2010-02-12,2021-01-21,12,12
0000010456,2010-02-23,2021-02-11,12,12
0000010795,2010-11-24,2021-11-24,12,12
0000011199,2010-03-01,2019-02-15,10,10
0000011544,2010-02-26,2021-02-18,12,12
0000012040,2010-01-04,2021-01-15,12,11
0000012208,2010-02-26,2021-02-16,12,12
0000012239,2010-03-30,2021-03-25,12,12
0000012355,2010-02-19,2010-02-19,1,1
0000012400,2010-03-10,2020-02-18,11,11
0000012659,2010-06-29,2021-06-15,12,12
0000012779,2010-02-22,2014-01-29,5,5
0000012927,2010-02-08,2021-02-01,12,12
0000012978,2010-02-22,2013-02-25,4,4
0000013033,2010-07-29,2015-03-30,5,5
0000013055,2010-07-14,2011-08-05,2,2
0000013156,2010-04-13,2021-03-31,12,12
0000013239,2010-03-09,2021-03-10,12,12
0000013372,2010-02-11,2021-02-17,12,12
0000013547,2010-03-12,2011-03-31,2,2
0000013573,2010-09-24,2020-09-24,11,11
0000013610,2010-03-02,2010-03-02,1,1
0000014177,2010-01-28,2021-01-15,12,12
0000014195,2010-08-26,2019-08-27,10,10
0000014272,2010-02-19,2021-02-10,12,12
0000014280,2010-11-15,2010-11-15,1,1
0000014693,2010-06-25,2021-06-21,12,12
0000014707,2010-03-31,2021-03-30,12,12
0000014846,2010-12-13,2021-03-15,11,11
0000014930,2010-02-23,2021-02-16,12,12
0000015288,2010-07-16,2010-07-16,1,1
0000015357,2010-09-27,2021-10-13,12,12
0000015393,2010-03-24,2011-03-24,2,2
0000015511,2010-02-11,2018-02-26,9,9
0000015615,2010-02-25,2021-02-25,12,12
0000015847,2010-07-28,2021-07-16,12,12
0000016040,2010-11-29,2021-11-29,12,12
0000016058,2010-08-25,2021-08-17,12,12
0000016099,2010-11-08,2021-11-19,12,12
0000016104,2010-06-16,2011-06-08,2,2
0000016160,2010-08-02,2021-07-19,12,12
0000016614,2010-03-31,2013-03-19,4,4
0000016732,2010-09-29,2021-09-23,12,12
0000016873,2010-02-25,2010-02-25,1,1
0000016875,2016-02-29,2021-02-18,6,6
0000016918,2010-04-29,2021-04-20,12,12
0000017313,2010-05-28,2021-05-26,12,12
0000017485,2011-01-13,2015-12-14,6,5
0000017797,2010-02-26,2021-02-25,12,12
0000017843,2010-08-20,2021-08-19,12,12
0000017927,2010-03-09,2011-03-18,2,2
0000018061,2010-04-05,2012-04-04,3,3
0000018169,2010-03-25,2013-03-12,4,4
0000018172,2010-03-12,2021-03-04,12,12
0000018230,2010-02-19,2021-02-17,12,12
0000018255,2010-03-30,2021-03-29,12,12
0000018349,2010-03-01,2021-03-01,12,12
0000018396,2010-03-02,2017-03-08,8,8
0000018498,2010-03-31,2021-03-31,12,12
0000018647,2010-02-10,2013-02-25,4,4
0000018651,2010-02-26,2010-02-26,1,1
0000018654,2010-02-26,2021-02-22,12,12
0000018672,2010-02-25,2021-03-03,12,12
0000018808,2010-03-15,2012-03-14,3,3
0000018886,2012-05-24,2012-05-24,1,1
0000018926,2010-03-01,2021-02-25,12,12
0000018937,2010-02-23,2012-02-16,3,3
0000019002,2010-04-15,2014-04-15,5,5
0000019149,2010-01-29,2016-01-29,7,7
0000019353,2010-03-30,2012-03-27,3,3
0000019411,2010-02-26,2021-02-26,12,12
0000019446,2010-10-14,2020-09-25,11,11
0000019520,2010-01-28,2010-01-28,1,1
0000019584,2010-02-26,2021-02-26,12,12
0000019612,2010-02-25,2021-02-26,12,12
0000019617,2010-02-24,2021-02-23,12,12
0000019745,2010-03-08,2021-02-24,12,12
0000019871,2010-03-23,2021-03-19,12,12
0000020171,2010-02-26,2015-02-26,6,6
0000020212,2010-03-02,2021-02-24,12,12
0000020232,2010-03-29,2014-03-14,5,5
0000020286,2010-02-26,2021-02-25,12,12
0000020290,2010-03-12,2021-02-25,12,12
0000020520,2010-02-26,2021-03-03,12,12
0000020629,2010-06-01,2019-05-31,10,10
0000020639,2010-03-29,2021-03-24,12,12
0000020740,2010-01-22,2017-01-27,8,8
0000020947,2010-02-19,2021-03-31,11,11
0000021076,2010-08-26,2021-08-10,12,12
0000021175,2010-02-23,2021-02-09,12,12
0000021212,2010-03-29,2010-03-29,1,1
0000021239,2010-04-12,2014-10-15,5,3
0000021344,2010-02-26,2021-02-25,12,12
0000021510,2010-12-15,2021-11-30,12,12
0000021535,2010-02-23,2021-02-26,12,12
0000021665,2010-02-25,2021-02-18,12,12
0000021828,2010-03-31,2013-03-29,4,4
0000022198,2010-02-26,2011-02-25,2,2
0000022252,2010-05-03,2017-05-01,8,8
0000022356,2010-02-26,2021-02-24,12,12
0000022444,2010-10-29,2021-10-14,12,12
0000022551,2010-03-29,2012-04-16,3,3
0000022606,2010-02-05,2021-02-24,12,12
0000022701,2010-03-18,2021-03-31,12,12
0000022767,2010-03-01,2021-03-01,12,12
0000022872,2010-04-15,2020-04-09,8,7
0000023082,2010-05-21,2017-05-26,8,8
0000023111,2010-02-25,2021-03-12,12,12
0000023194,2010-02-26,2021-02-17,12,12
0000023197,2010-09-23,2021-10-04,12,12
0000023217,2010-07-22,2021-07-23,12,12
0000023341,2010-03-19,2010-03-19,1,1
0000023426,2010-02-26,2021-02-17,12,12
0000023503,2010-12-01,2013-01-07,3,3
0000023632,2010-02-22,2021-02-18,12,12
0000023666,2010-08-27,2014-08-22,5,5
0000023675,2010-02-26,2015-02-23,6,6
0000023795,2010-03-12,2021-03-05,12,12
0000024090,2010-03-12,2021-03-10,12,12
0000024104,2010-04-19,2020-03-23,11,11
0000024491,2010-03-02,2021-02-22,12,12
0000024545,2010-02-19,2021-02-11,12,12
0000024741,2010-02-10,2021-02-12,12,12
0000024751,2010-12-17,2012-12-28,3,3
0000025212,2010-11-24,2014-12-01,5,5
0000025232,2010-02-26,2021-02-11,12,12
0000025354,2010-04-22,2012-05-07,3,3
0000025445,2010-02-25,2021-02-23,12,12
0000025475,2010-03-05,2021-03-04,12,12
0000025598,2010-03-04,2021-02-09,12,12
0000025600,2010-03-04,2012-03-19,3,3
0000025743,2010-03-17,2021-03-04,12,12
0000025793,2010-03-15,2013-03-13,4,4
0000025895,2010-06-28,2021-06-09,12,12
0000026058,2010-02-23,2021-02-25,12,12
0000026076,2010-12-09,2020-11-18,11,11
0000026172,2010-02-26,2021-02-10,12,12
0000026324,2010-02-24,2021-02-25,12,12
0000026780,2010-02-24,2021-02-18,12,12
0000026820,2010-03-31,2011-04-14,2,2
0000027093,2010-07-29,2021-07-29,12,12
0000027367,2010-03-29,2012-03-28,3,3
0000027419,2010-03-12,2021-03-10,12,12
0000027430,2010-02-12,2021-02-25,12,12
0000027613,2010-03-31,2010-03-31,1,1
0000027673,2010-12-17,2021-12-16,12,12
0000027748,2010-10-06,2012-09-21,3,3
0000027879,2010-02-26,2021-02-24,12,12
0000027904,2010-02-24,2021-02-12,12,12
0000027960,2011-11-04,2012-02-15,2,2
0000027996,2010-02-19,2021-02-19,12,12
0000028146,2010-01-13,2010-01-13,1,1
0000028367,2010-03-12,2011-03-16,2,2
0000028385,2010-02-23,2021-02-19,12,12
0000028412,2010-02-25,2021-02-09,12,12
0000028561,2010-09-27,2016-10-05,7,7
0000028823,2010-03-01,2021-03-01,12,12
0000028917,2010-03-26,2021-03-29,12,12
0000029002,2010-03-01,2021-02-22,12,12
0000029006,2010-03-31,2012-03-30,3,3
0000029071,2010-03-31,2010-03-31,1,1
0000029332,2010-03-03,2021-03-10,12,12
0000029504,2013-04-16,2015-05-15,3,3
0000029534,2010-03-31,2021-03-19,12,12
0000029644,2010-09-24,2021-09-24,12,12
0000029669,2010-02-24,2021-02-24,12,12
0000029806,2010-03-24,2010-03-24,1,1
0000029834,2010-03-04,2015-04-15,6,6
0000029905,2010-02-19,2021-02-12,12,12
0000029915,2010-02-19,2021-02-05,12,12
0000029952,2010-04-16,2017-03-31,8,7
0000029989,2010-02-19,2021-02-18,12,12
0000030140,2010-06-15,2010-06-15,1,1
0000030302,2010-04-16,2014-05-05,5,5
0000030305,2010-02-22,2021-02-11,12,12
0000030371,2010-03-12,2021-02-25,12,12
0000030419,2010-03-12,2013-03-18,4,4
0000030554,2010-02-17,2021-02-11,12,12
0000030625,2010-02-24,2021-02-23,12,12
0000030697,2010-03-04,2021-03-03,12,12
0000030822,2010-03-16,2013-03-18,4,4
0000030828,2010-03-15,2014-03-18,5,5
0000030831,2010-12-17,2019-12-26,10,9
0000031107,2010-03-11,2021-03-16,12,12
0000031235,2010-02-22,2021-03-16,12,12
0000031277,2010-02-26,2012-02-24,3,3
0000031347,2010-03-16,2018-03-27,9,9
0000031462,2010-02-26,2021-02-26,12,12
0000031667,2010-05-28,2021-05-13,12,12
0000031704,2010-03-31,2013-03-15,4,4
0000031791,2010-03-01,2021-03-02,12,12
0000031978,2010-02-26,2020-02-27,11,11
0000031986,2010-03-01,2012-02-27,3,3
0000032166,2010-08-12,2016-08-09,7,7
0000032198,2010-03-31,2011-03-15,2,2
0000032567,2010-09-28,2021-09-30,10,8
0000032604,2010-11-23,2021-11-15,12,12
0000032621,2010-07-14,2021-06-25,12,12
0000032689,2010-02-19,2016-02-26,7,7
0000032776,2010-10-05,2013-03-28,4,4
0000032878,2010-08-31,2011-08-25,2,2
0000033002,2010-05-10,2021-05-07,12,12
0000033113,2010-05-27,2012-08-02,3,3
0000033185,2010-02-23,2021-02-25,12,12
0000033213,2010-02-18,2021-02-17,12,12
0000033488,2010-03-05,2021-02-22,12,12
0000033533,2010-09-09,2021-09-24,12,12
0000033619,2010-12-21,2018-11-21,9,9
0000033769,2010-06-29,2017-06-15,8,8
0000033992,2010-04-07,2021-03-31,12,12
0000034067,2010-03-12,2021-02-22,12,12
0000034088,2010-02-26,2021-02-24,12,12
0000034115,2010-04-13,2018-04-20,9,9
0000034151,2010-04-15,2011-03-10,2,2
0000034285,2010-03-30,2021-03-31,12,12
0000034408,2010-10-26,2014-10-29,5,5
0000034563,2010-09-13,2021-09-10,12,12
0000034782,2010-02-19,2021-02-18,12,12
0000034903,2010-02-17,2021-02-11,12,12
0000034956,2010-07-23,2021-03-31,12,12
0000035214,2010-03-01,2021-03-01,12,12
0000035527,2010-02-26,2021-02-26,12,12
0000036029,2010-02-19,2021-02-22,12,12
0000036047,2010-03-01,2021-03-01,12,12
0000036104,2010-02-26,2021-02-23,12,12
0000036146,2010-02-25,2021-02-18,12,12
0000036270,2010-02-19,2021-02-22,12,12
0000036369,2010-08-05,2018-07-30,9,8
0000036377,2017-03-15,2021-02-25,5,5
0000036506,2010-03-30,2021-03-12,12,12
0000036840,2010-01-14,2021-01-29,12,12
0000036966,2010-02-26,2021-02-25,12,12
0000037008,2010-03-15,2019-03-29,10,10
0000037049,2010-03-31,2015-03-27,6,6
0000037472,2010-08-26,2021-09-08,12,12
0000037634,2010-02-26,2021-02-12,12,12
0000037637,2010-02-26,2021-03-30,17,12
0000037748,2010-03-01,2011-03-01,2,2
0000037785,2010-02-22,2021-02-25,12,12
0000037808,2010-02-26,2021-02-25,12,12
0000037996,2010-02-25,2021-02-05,12,12
0000038009,2010-02-25,2021-02-05,12,12
0000038067,2010-03-30,2015-02-24,6,6
0000038074,2010-05-26,2014-05-30,5,5
0000038079,2010-03-01,2016-03-24,7,7
0000038264,2010-12-08,2021-12-16,12,11
0000038723,2010-03-30,2021-03-30,12,12
0000038725,2010-03-03,2021-02-24,12,12
0000038777,2010-11-16,2021-11-19,12,12
0000038824,2012-09-19,2013-10-15,3,2
0000038984,2011-05-17,2018-04-05,9,8
0000039020,2010-07-29,2021-06-30,12,12
0000039047,2010-07-30,2015-08-14,6,6
0000039092,2010-06-28,2021-07-07,12,12
0000039263,2010-02-02,2021-02-05,12,12
0000039273,2010-02-26,2013-03-19,4,4
0000039311,2010-02-26,2021-03-05,12,12
0000039368,2010-01-22,2021-01-26,12,12
0000039648,2010-08-26,2016-08-26,7,7
0000039677,2010-03-16,2018-02-23,9,9
0000039899,2010-02-24,2021-03-01,12,12
0000039911,2010-03-26,2021-03-16,12,12
0000040194,2010-03-24,2013-04-08,4,4
0000040211,2010-02-25,2021-02-18,12,12
0000040518,2010-01-13,2010-01-13,1,1
0000040528,2010-03-03,2012-05-15,3,3
0000040533,2010-02-19,2021-02-09,12,12
0000040545,2010-02-19,2021-02-12,12,12
0000040554,2010-02-19,2015-02-27,6,6
0000040570,2010-01-08,2021-12-23,13,11
0000040704,2010-07-09,2021-06-30,12,12
0000040729,2010-03-01,2021-02-24,12,12
0000040730,2013-05-21,2020-06-03,8,8
0000040888,2010-02-04,2021-02-18,12,12
0000040987,2010-02-26,2021-02-19,12,12
0000041023,2010-03-12,2012-03-13,3,3
0000041091,2010-02-25,2021-02-18,12,12
0000041133,2010-06-30,2011-06-29,2,2
0000041719,2010-03-16,2021-02-25,12,12
0000042136,2010-04-15,2014-04-15,5,5
0000042228,2010-08-26,2016-08-04,7,7
0000042284,2012-05-09,2012-05-09,3,1
0000042316,2010-03-26,2020-03-11,11,11
0000042542,2010-02-16,2012-02-23,3,3
0000042582,2010-02-18,2021-02-09,12,12
0000042682,2010-03-05,2021-03-01,12,12
0000042888,2010-02-16,2021-02-16,12,12
0000043196,2010-04-07,2021-02-25,12,12
0000043300,2010-05-06,2011-05-10,2,2
0000043350,2010-03-31,2017-03-16,8,8
0000043410,2010-02-18,2015-02-26,6,6
0000043920,2010-12-22,2021-12-16,12,11
0000044545,2010-02-25,2018-02-21,9,9
0000044570,2010-02-26,2015-02-26,6,6
0000044689,2010-03-31,2015-03-31,6,6
0000045012,2010-02-17,2021-02-05,12,12
0000045621,2010-03-31,2013-04-03,4,4
0000045876,2010-02-23,2021-02-25,12,12
0000045919,2010-03-03,2021-03-24,12,12
0000045947,2010-02-23,2019-02-22,10,10
0000046080,2010-02-24,2021-02-24,12,12
0000046129,2010-03-18,2021-03-10,12,12
0000046195,2010-02-22,2021-03-01,12,12
0000046207,2010-02-26,2021-02-26,12,12
0000046250,2010-06-04,2021-06-02,12,12
0000046619,2010-12-22,2021-12-21,12,12
0000046640,2010-06-17,2014-03-07,5,5
0000046765,2010-11-24,2021-11-18,12,12
0000047035,2010-10-14,2010-10-14,1,1
0000047111,2010-02-19,2021-02-17,12,12
0000047129,2010-03-02,2021-02-26,12,12
0000047217,2010-12-15,2021-12-09,12,12
0000047307,2010-12-22,2021-03-17,12,10
0000047518,2010-11-17,2021-11-12,12,12
0000048039,2010-02-26,2021-02-24,12,12
0000048287,2010-02-26,2021-03-02,12,12
0000048465,2010-12-21,2021-12-10,12,12
0000048732,2010-03-10,2021-02-25,12,12
0000048898,2010-02-19,2021-02-11,12,12
0000049071,2010-02-19,2021-02-18,12,12
0000049196,2010-02-18,2021-02-26,12,12
0000049534,2010-05-12,2014-05-28,5,5
0000049600,2010-02-26,2021-02-17,12,12
0000049615,2010-03-31,2019-04-01,10,10
0000049648,2010-02-23,2021-02-18,12,12
0000049728,2010-11-19,2020-11-20,11,11
0000049754,2010-03-04,2021-03-02,12,12
0000049816,2010-02-26,2010-02-26,1,1
0000049826,2010-02-26,2021-02-12,12,12
0000049930,2010-03-19,2012-03-29,3,3
0000049938,2010-02-26,2021-02-24,12,12
0000050104,2010-03-01,2018-02-21,9,9
0000050172,2010-02-26,2021-02-25,12,12
0000050292,2010-07-09,2020-10-08,11,11
0000050471,2010-09-15,2021-09-28,12,12
0000050493,2010-11-30,2021-11-24,12,12
0000050710,2010-03-08,2010-03-08,1,1
0000050725,2010-11-18,2021-11-17,12,12
0000050863,2010-02-22,2021-01-22,12,12
0000050957,2010-03-03,2013-03-06,4,4
0000051011,2010-09-14,2021-09-03,12,12
0000051143,2010-02-23,2021-02-23,12,12
0000051253,2010-02-25,2021-02-22,12,12
0000051434,2010-02-25,2021-02-19,12,12
0000051548,2010-01-29,2019-01-25,10,10
0000051644,2010-02-26,2021-02-22,12,12
0000052428,2010-02-24,2021-02-24,12,12
0000052485,2010-02-26,2021-02-19,12,12
0000052795,2010-02-26,2020-02-20,11,11
0000052827,2010-02-24,2021-02-22,12,12
0000052988,2010-11-23,2021-11-23,12,12
0000053320,2010-04-15,2018-04-18,9,9
0000053456,2010-02-19,2013-02-25,4,4
0000053500,2011-11-04,2011-11-30,2,1
0000053540,2010-04-08,2010-04-08,1,1
0000053669,2010-11-23,2016-11-23,7,7
0000054187,2010-10-07,2021-10-21,12,12
0000054381,2010-02-25,2021-02-25,12,12
0000054424,2010-04-21,2013-04-26,4,4
0000054441,2010-03-12,2015-03-10,6,6
0000054473,2010-02-26,2015-02-27,6,6
0000054476,2010-02-25,2021-02-26,12,12
0000054480,2010-02-12,2021-01-29,12,12
0000054502,2010-03-08,2010-03-08,1,1
0000054507,2010-02-25,2021-02-26,12,12
0000054681,2010-03-25,2016-03-30,7,7
0000054991,2010-12-15,2010-12-15,1,1
0000055067,2010-02-26,2021-02-22,12,12
0000055135,2010-02-18,2021-02-18,12,12
0000055234,2010-03-15,2021-08-11,3,3
0000055242,2010-08-12,2021-08-10,12,12
0000055362,2010-03-19,2017-03-22,8,8
0000055387,2012-02-28,2021-02-18,10,10
0000055529,2010-07-16,2021-07-15,12,12
0000055604,2010-03-11,2013-03-14,4,4
0000055772,2010-08-30,2021-08-31,12,12
0000055785,2010-02-24,2021-02-11,12,12
0000055805,2010-02-25,2010-02-25,1,1
0000056047,2010-02-26,2021-02-23,12,12
0000056679,2010-06-29,2021-06-28,12,12
0000056701,2010-09-20,2021-08-20,12,12
0000056868,2010-04-15,2021-04-26,12,12
0000056873,2010-03-30,2021-03-30,12,12
0000056978,2010-12-09,2021-11-18,12,12
0000057055,2010-03-25,2012-06-14,4,3
0000057131,2010-06-14,2021-06-15,12,12
0000057139,2010-09-03,2010-09-03,1,1
0000057183,2010-11-19,2021-11-22,12,12
0000057515,2010-08-25,2021-08-26,12,12
0000057528,2010-02-23,2018-02-28,9,9
0000057725,2010-09-24,2021-08-26,12,12
0000058361,2010-12-10,2021-12-10,12,12
0000058492,2010-02-25,2021-02-24,12,12
0000058592,2010-03-16,2015-03-31,6,6
0000058822,2010-09-14,2016-09-30,7,7
0000059255,2010-03-10,2021-03-11,12,12
0000059440,2010-03-01,2021-03-01,12,12
0000059478,2010-02-22,2021-02-17,12,12
0000059527,2010-02-22,2021-02-19,12,12
0000059558,2010-02-25,2021-02-18,12,12
0000059860,2010-04-06,2021-04-15,12,12
0000060086,2010-02-24,2021-02-09,12,12
0000060519,2010-03-01,2021-02-18,12,12
0000060549,2012-02-28,2021-02-18,10,10
0000060667,2010-03-30,2021-03-22,12,12
0000060714,2010-03-08,2021-02-25,12,12
0000060751,2010-02-26,2011-02-25,2,2
0000060849,2010-03-01,2013-03-01,4,4
0000060876,2010-03-02,2012-03-22,3,3
0000060977,2010-02-26,2021-02-23,12,12
0000061004,2010-03-31,2021-03-29,12,12
0000061339,2010-02-25,2021-02-24,12,12
0000061398,2010-09-28,2021-02-24,11,11
0000061478,2010-11-23,2010-11-23,1,1
0000061986,2010-03-01,2021-02-12,12,12
0000062234,2010-08-10,2021-03-05,12,12
0000062362,2010-09-27,2021-09-24,12,12
0000062709,2010-02-26,2021-02-17,12,12
0000062996,2010-02-16,2021-02-09,12,12
0000063276,2010-02-24,2021-02-25,12,12
0000063296,2010-11-23,2021-11-19,12,12
0000063330,2010-03-29,2021-03-02,12,12
0000063754,2010-01-28,2021-01-28,12,12
0000063908,2010-02-26,2021-02-23,12,12
0000064040,2010-02-24,2021-02-09,12,12
0000064279,2010-03-12,2013-02-22,4,4
0000064463,2010-03-31,2021-03-31,10,10
0000064472,2010-12-22,2021-12-17,12,12
0000064647,2010-06-16,2011-06-15,2,2
0000064670,2010-06-29,2014-06-20,5,5
0000064803,2010-02-26,2021-02-16,12,12
0000064978,2010-03-30,2010-03-30,1,1
0000064996,2010-02-18,2021-02-16,12,12
0000065011,2010-08-30,2021-09-10,12,12
0000065100,2010-03-11,2013-03-01,4,4
0000065172,2010-04-15,2021-04-27,12,12
0000065201,2010-03-15,2013-03-21,4,4
0000065224,2010-11-10,2010-11-10,1,1
0000065270,2010-07-01,2021-06-24,12,12
0000065312,2010-09-24,2021-09-13,12,12
0000065350,2010-02-19,2012-02-28,3,3
0000065358,2010-03-23,2011-03-30,2,2
0000065596,2010-03-31,2021-03-10,12,12
0000065759,2010-02-17,2021-02-11,12,12
0000065770,2010-03-10,2021-03-15,12,12
0000065984,2010-02-26,2021-02-26,12,12
0000066004,2010-03-08,2021-02-25,12,12
0000066382,2010-07-27,2021-07-27,12,12
0000066388,2011-01-24,2018-11-09,9,6
0000066418,2010-06-29,2021-06-25,12,12
0000066479,2010-02-26,2010-02-26,1,1
0000066496,2010-03-31,2021-03-31,12,12
0000066570,2010-02-26,2021-02-19,12,12
0000066600,2018-04-25,2021-01-12,4,4
0000066649,2010-03-31,2016-03-30,7,7
0000066740,2010-02-16,2021-02-04,12,12
0000066756,2010-02-12,2021-02-17,12,12
0000066901,2010-02-26,2021-02-26,12,12
0000066904,2010-02-25,2021-02-18,12,12
0000067215,2010-09-03,2021-03-05,12,12
0000067279,2010-03-30,2017-03-09,8,8
0000067347,2010-06-10,2021-05-27,12,12
0000067472,2010-08-03,2013-08-08,4,4
0000067517,2010-03-16,2014-03-14,5,5
0000067625,2010-12-09,2021-11-12,12,12
0000067716,2010-02-17,2021-02-19,12,12
0000067887,2010-12-01,2021-11-15,12,12
0000068145,2010-06-01,2013-06-03,4,4
0000068270,2010-08-02,2017-08-21,8,8
0000068505,2010-02-16,2021-02-12,12,12
0000068589,2010-03-11,2018-02-27,9,9
0000068622,2010-02-17,2021-03-03,12,12
0000068709,2010-12-01,2020-12-15,11,10
0000069422,2010-09-27,2021-09-17,12,12
0000069488,2010-03-12,2021-03-11,12,12
0000069499,2010-02-26,2015-03-02,6,6
0000069633,2010-10-14,2021-09-13,12,12
0000069671,2010-03-04,2013-02-28,4,4
0000069733,2010-06-11,2021-06-11,12,12
0000069891,2010-07-15,2021-06-30,12,12
0000070145,2010-11-24,2021-11-19,12,12
0000070318,2010-02-23,2021-02-19,12,12
0000070415,2010-03-04,2021-03-12,12,12
0000070487,2010-03-31,2021-03-05,12,12
0000070502,2010-08-30,2021-07-30,12,12
0000070530,2010-07-20,2011-07-27,2,2
0000070684,2010-03-16,2015-03-13,6,6
0000070793,2011-11-23,2015-11-17,5,5
0000070858,2010-02-26,2021-02-24,12,12
0000070866,2010-02-26,2021-02-26,12,12
0000071180,2010-02-22,2021-03-01,12,12
0000071508,2010-02-26,2021-02-26,12,12
0000071557,2010-03-29,2021-03-16,12,12
0000071691,2010-02-22,2021-02-25,12,12
0000071829,2010-03-03,2021-02-26,12,12
0000072020,2010-02-24,2011-02-24,2,2
0000072162,2010-03-10,2021-03-10,12,12
0000072170,2010-04-15,2015-04-15,6,6
0000072205,2010-01-29,2021-01-29,12,11
0000072207,2010-02-18,2020-02-12,11,11
0000072316,2010-03-31,2013-03-27,4,4
0000072331,2010-12-17,2021-12-17,12,12
0000072333,2010-03-22,2021-03-16,12,12
0000072444,2010-03-10,2021-02-25,11,11
0000072573,2010-04-01,2021-03-25,12,12
0000072633,2010-12-30,2021-12-30,12,12
0000072741,2010-02-26,2021-02-17,12,12
0000072903,2010-02-26,2021-02-17,12,12
0000072909,2010-03-01,2021-02-17,12,12
0000072911,2010-03-15,2012-03-08,3,3
0000072971,2010-02-26,2021-02-23,12,12
0000073020,2010-02-26,2021-02-26,12,12
0000073048,2010-06-29,2014-06-27,5,5
0000073088,2010-02-12,2021-02-12,12,12
0000073124,2010-02-26,2021-02-23,12,12
0000073290,2010-08-30,2021-08-27,12,12
0000073309,2010-02-25,2021-02-26,12,12
0000073605,2010-10-01,2017-03-24,7,6
0000073756,2010-02-24,2021-02-26,12,12
0000073759,2010-03-30,2010-03-30,1,1
0000073773,2010-03-15,2010-03-15,1,1
0000073887,2010-05-21,2019-10-28,10,10
0000073960,2010-02-19,2021-03-31,12,12
0000073986,2010-02-26,2021-02-25,12,12
0000074046,2010-10-12,2021-10-13,12,12
0000074145,2010-02-18,2021-02-25,12,12
0000074208,2010-02-25,2021-02-18,12,12
0000074260,2010-03-01,2021-03-01,12,12
0000074273,2010-06-02,2012-05-22,2,2
0000074303,2010-02-24,2021-02-22,12,12
0000074688,2010-01-27,2015-01-29,6,6
0000074818,2010-03-31,2014-03-31,5,5
0000074925,2010-05-13,2021-07-21,13,11
0000075208,2010-03-01,2021-04-01,12,12
0000075252,2010-02-25,2021-02-24,12,12
0000075288,2010-03-31,2021-03-29,12,12
0000075340,2010-04-27,2021-03-26,12,12
0000075362,2010-02-26,2021-02-17,12,12
0000075439,2010-05-17,2018-05-17,9,9
0000075488,2010-02-19,2021-02-25,12,12
0000075527,2010-02-26,2011-02-24,2,2
0000075594,2010-03-01,2021-03-01,12,12
0000075677,2010-02-17,2021-02-24,12,12
0000075679,2010-03-12,2020-02-27,11,11
0000075829,2010-09-28,2014-09-08,5,5
0000076063,2010-03-01,2021-02-19,12,12
0000076149,2010-03-26,2019-04-01,10,10
0000076267,2010-05-14,2021-05-14,12,12
0000076282,2010-03-15,2021-03-05,12,12
0000076321,2010-03-03,2020-03-04,11,11
0000076334,2010-08-26,2021-08-25,12,12
0000076348,2010-04-15,2011-03-31,2,2
0000076605,2010-03-30,2021-02-26,12,12
0000077159,2010-03-01,2021-03-09,12,12
0000077227,2010-02-19,2012-02-28,3,3
0000077281,2010-03-16,2021-03-16,12,12
0000077360,2010-02-23,2021-02-16,12,12
0000077449,2010-04-12,2015-04-16,6,6
0000077476,2010-02-22,2021-02-11,12,12
0000077543,2010-03-01,2021-02-24,12,12
0000077597,2010-01-14,2012-12-17,4,3
0000077776,2010-03-01,2018-03-01,9,9
0000077877,2010-03-04,2021-02-25,12,12
0000078003,2010-02-26,2021-02-25,12,12
0000078100,2010-02-05,2021-02-24,12,12
0000078128,2010-02-26,2021-03-01,12,12
0000078239,2010-03-31,2021-03-31,12,12
0000078311,2010-11-09,2017-07-26,8,8
0000078460,2010-12-23,2021-02-25,11,11
0000078536,2010-03-16,2010-03-16,1,1
0000078749,2010-06-11,2021-05-21,12,12
0000078814,2010-02-26,2021-02-19,12,12
0000078838,2010-03-26,2011-03-28,2,2
0000078890,2010-02-25,2021-03-01,12,12
0000079282,2010-03-01,2021-02-23,12,12
0000079661,2010-09-27,2021-09-17,12,12
0000079732,2010-02-26,2021-02-24,12,12
0000079879,2010-02-18,2021-02-18,12,12
0000079958,2010-05-27,2016-04-08,7,7
0000080035,2010-03-15,2021-03-05,12,12
0000080124,2010-03-11,2012-03-15,3,3
0000080172,2010-03-16,2021-03-16,12,12
0000080420,2010-12-08,2021-12-08,12,12
0000080424,2010-08-13,2021-08-06,12,12
0000080661,2010-03-01,2021-03-01,12,12
0000081018,2010-03-01,2021-02-17,12,12
0000081020,2010-03-12,2021-02-25,12,12
0000081023,2010-03-01,2021-03-01,12,12
0000081027,2010-02-26,2021-02-25,12,12
0000081033,2010-02-25,2021-03-01,12,12
0000081061,2010-02-26,2021-03-01,12,12
0000081100,2010-02-26,2021-02-26,12,12
0000081157,2010-03-26,2021-03-31,12,12
0000081318,2010-03-30,2016-03-30,7,7
0000081362,2010-03-03,2021-03-01,12,12
0000081955,2010-03-18,2021-03-08,12,12
0000082020,2010-03-02,2021-02-26,12,12
0000082166,2010-03-31,2021-03-24,12,12
0000082473,2010-04-21,2021-05-17,12,12
0000082628,2010-09-10,2013-09-11,4,4
0000082811,2010-03-02,2021-03-02,12,12
0000083246,2010-03-01,2021-02-23,12,12
0000083350,2010-03-31,2021-03-31,12,12
0000083402,2010-12-13,2016-03-11,6,6
0000084112,2010-07-29,2021-08-12,12,12
0000084129,2010-04-28,2021-04-27,12,12
0000084246,2010-02-24,2021-02-19,12,12
0000084290,2010-10-26,2012-10-23,3,3
0000084581,2010-03-31,2010-03-31,1,1
0000084748,2010-02-19,2021-02-19,12,12
0000084839,2010-02-25,2021-02-26,12,12
0000084919,2010-04-15,2010-04-15,1,1
0000085408,2010-03-01,2019-02-27,10,10
0000085535,2010-08-26,2021-08-12,12,12
0000085608,2010-03-25,2011-03-28,2,2
0000085704,2010-12-01,2013-12-02,4,4
0000085961,2010-02-12,2021-02-19,12,12
0000085974,2010-02-26,2015-02-25,6,6
0000086115,2010-03-16,2021-03-05,12,12
0000086144,2010-03-02,2015-03-04,6,6
0000086264,2010-06-14,2020-03-30,10,10
0000086312,2010-02-18,2021-02-11,12,12
0000086521,2010-02-26,2021-02-25,12,12
0000086759,2010-09-27,2020-09-09,11,11
0000087047,2010-06-10,2021-03-30,12,12
0000087050,2010-03-29,2021-03-10,12,12
0000087347,2010-02-05,2021-01-27,12,12
0000087565,2010-10-26,2017-10-25,8,8
0000087799,2010-03-31,2010-03-31,1,1
0000087802,2010-09-27,2021-10-14,12,12
0000088000,2010-03-31,2021-03-29,12,12
0000088121,2010-03-05,2021-02-17,12,12
0000088205,2010-02-26,2021-02-26,12,12
0000088572,2010-12-22,2018-12-19,9,8
0000088790,2010-03-16,2021-03-16,12,12
0000088941,2010-04-01,2021-03-24,12,12
0000088948,2010-05-26,2021-06-11,12,12
0000089041,2010-04-15,2012-03-30,3,3
0000089089,2010-02-26,2021-02-16,12,12
0000089140,2010-03-30,2021-04-06,12,12
0000089270,2010-03-30,2016-03-15,7,7
0000089439,2010-02-23,2021-02-24,12,12
0000089800,2010-02-24,2021-02-19,12,12
0000090144,2010-02-22,2021-03-01,12,12
0000090168,2010-12-15,2021-12-10,12,11
0000090185,2010-02-10,2015-02-12,6,6
0000090310,2010-11-10,2010-11-10,1,1
0000090498,2010-03-02,2021-02-25,12,12
0000090721,2010-03-15,2016-12-15,7,7
0000090794,2010-06-17,2013-03-28,4,4
0000090896,2010-08-06,2021-05-26,11,11
0000091142,2010-02-26,2021-02-12,12,12
0000091388,2010-06-18,2016-03-29,7,7
0000091419,2010-06-24,2021-06-17,12,12
0000091440,2010-02-18,2021-02-11,12,12
0000091576,2010-03-01,2021-02-22,12,12
0000091668,2010-05-27,2021-06-21,9,8
0000091741,2010-03-29,2011-03-28,2,2
0000091767,2010-02-26,2021-02-26,12,12
0000091882,2010-03-01,2021-02-25,12,12
0000091928,2010-03-01,2021-02-25,12,12
0000092103,2010-03-01,2021-02-25,12,12
0000092108,2010-02-26,2021-02-25,12,12
0000092116,2010-03-12,2021-02-22,12,12
0000092122,2010-02-25,2021-02-18,12,12
0000092230,2010-02-26,2021-02-24,12,12
0000092232,2010-02-26,2012-02-27,3,3
0000092380,2010-01-29,2021-02-08,12,12
0000092416,2010-02-26,2021-02-25,12,12
0000092472,2010-03-15,2010-03-15,1,1
0000092487,2010-02-26,2021-02-25,12,12
0000092521,2010-03-01,2021-02-17,12,12
0000092679,2010-09-08,2018-09-14,9,9
0000092769,2010-02-11,2011-02-10,2,2
0000093205,2010-03-31,2019-04-01,10,10
0000093314,2010-11-04,2021-03-22,12,12
0000093384,2010-04-28,2012-04-23,3,3
0000093389,2010-03-11,2021-02-24,12,12
0000093410,2010-02-25,2021-02-25,12,12
0000093451,2010-02-25,2013-02-22,4,4
0000093456,2010-03-11,2014-03-03,5,5
0000093556,2010-02-22,2021-02-18,12,12
0000093631,2010-10-25,2013-10-25,4,4
0000093676,2010-09-21,2021-09-02,12,12
0000093751,2010-02-22,2021-02-19,12,12
0000093859,2010-12-13,2018-02-26,9,9
0000094049,2010-02-26,2021-02-26,12,12
0000094344,2010-03-05,2021-03-01,12,12
0000094610,2010-03-02,2011-02-15,2,2
0000094784,2010-03-31,2014-04-10,5,5
0000094845,2010-02-09,2021-01-27,12,12
0000095029,2010-02-24,2021-02-17,12,12
0000095047,2010-03-31,2016-04-01,7,7
0000095052,2010-08-17,2016-08-15,7,7
0000095302,2010-03-31,2011-04-01,2,2
0000095304,2010-02-24,2012-02-28,3,3
0000095366,2010-01-13,2010-01-13,1,1
0000095521,2010-04-26,2018-04-24,9,9
0000095552,2010-03-12,2021-03-05,12,12
0000095572,2010-03-15,2017-03-02,7,7
0000095574,2010-02-26,2021-03-03,12,12
0000095779,2010-03-31,2012-03-30,3,3
0000095953,2010-03-22,2021-03-09,12,12
0000096021,2010-08-31,2021-08-30,12,12
0000096223,2010-02-26,2021-01-29,12,12
0000096271,2010-02-26,2021-02-16,12,12
0000096289,2010-02-22,2014-03-04,5,5
0000096412,2010-03-11,2011-04-11,2,2
0000096536,2010-08-25,2021-08-27,12,12
0000096699,2010-12-22,2021-12-22,12,11
0000096763,2010-02-24,2015-03-20,6,6
0000096793,2010-10-12,2021-09-27,12,12
0000096831,2010-03-11,2015-03-04,6,6
0000096869,2010-03-01,2021-03-03,12,12
0000096885,2010-07-14,2021-06-29,12,12
0000096943,2010-02-25,2021-02-25,12,12
0000097052,2010-03-24,2010-03-24,1,1
0000097134,2010-03-01,2021-02-25,12,12
0000097142,2010-03-01,2012-02-27,3,3
0000097148,2010-03-31,2017-04-17,8,8
0000097196,2010-03-25,2016-06-06,7,7
0000097210,2010-03-01,2021-02-22,12,12
0000097216,2010-02-24,2021-02-12,12,12
0000097472,2010-07-21,2013-07-22,4,4
0000097476,2010-02-23,2021-02-05,12,12
0000097517,2010-03-12,2020-02-27,11,11
0000097745,2010-02-26,2021-02-25,12,12
0000097854,2010-02-16,2012-02-17,3,3
0000098222,2010-05-20,2021-03-04,12,12
0000098246,2010-03-30,2020-03-20,11,11
0000098338,2010-08-09,2021-08-23,12,12
0000098362,2010-02-25,2021-02-16,12,12
0000098537,2010-06-10,2010-06-10,1,1
0000098618,2010-10-07,2016-09-30,7,7
0000098677,2010-03-01,2021-03-01,12,12
0000098720,2010-03-16,2011-03-16,2,2
0000098752,2010-07-15,2020-07-28,11,11
0000099106,2010-04-15,2021-04-15,12,12
0000099249,2010-07-26,2010-07-26,1,1
0000099250,2010-02-22,2021-02-24,12,12
0000099302,2010-06-24,2021-06-08,12,12
0000099313,2010-10-13,2010-10-13,1,1
0000099359,2010-06-28,2015-05-29,6,6
0000099771,2010-03-16,2018-03-30,8,7
0000099780,2010-02-18,2021-02-24,12,12
0000100122,2010-02-26,2021-02-12,12,12
0000100378,2010-09-13,2021-09-02,12,12
0000100412,2010-06-17,2013-03-28,4,4
0000100493,2010-11-22,2021-11-15,12,12
0000100517,2010-02-26,2021-03-01,12,12
0000100548,2010-11-19,2018-11-20,9,9
0000100591,2010-04-14,2021-04-14,12,12
0000100625,2010-03-25,2019-04-01,10,10
0000100716,2010-03-30,2021-03-31,12,12
0000100726,2010-09-10,2021-08-25,12,12
0000100790,2010-02-19,2021-02-05,12,12
0000100826,2010-02-26,2021-02-22,12,12
0000100885,2010-02-05,2021-02-05,12,12
0000101001,2010-02-26,2013-02-25,4,4
0000101063,2010-02-26,2015-03-18,6,6
0000101116,2010-03-19,2010-03-19,1,1
0000101199,2010-03-01,2021-02-26,12,12
0000101295,2010-03-25,2021-03-22,12,12
0000101382,2010-02-24,2021-03-01,12,12
0000101390,2010-03-31,2015-03-31,6,6
0000101462,2010-11-29,2016-11-29,7,7
0000101538,2010-03-30,2021-03-31,12,12
0000101594,2010-03-12,2021-03-26,12,12
0000101778,2010-02-26,2021-02-23,12,12
0000101821,2010-01-27,2012-01-24,3,3
0000101829,2010-02-11,2021-02-08,12,12
0000101830,2010-02-26,2019-05-29,11,10
0000101984,2010-03-15,2021-03-05,12,12
0000102037,2010-05-27,2021-05-28,12,12
0000102109,2010-06-23,2021-07-08,12,12
0000102198,2010-10-27,2017-07-21,7,7
0000102212,2010-03-05,2021-02-26,12,12
0000102379,2010-03-02,2014-03-03,5,5
0000102588,2010-09-28,2010-09-28,1,1
0000102729,2010-02-23,2021-02-24,12,12
0000102741,2010-12-21,2016-12-20,7,7
0000102752,2010-03-04,2021-03-05,12,12
0000103096,2010-09-13,2016-08-31,7,7
0000103145,2010-02-24,2021-02-22,12,12
0000103379,2010-03-03,2021-05-27,12,12
0000103595,2010-10-12,2021-10-14,12,12
0000103682,2010-02-26,2021-02-25,12,12
0000103730,2010-02-26,2021-02-24,12,12
0000103872,2013-04-09,2021-01-14,10,9
0000103884,2010-04-05,2012-04-02,3,3
0000104169,2010-03-30,2021-03-19,12,12
0000104207,2010-10-26,2014-10-20,5,5
0000104777,2010-03-16,2015-03-17,6,6
0000104819,2010-11-24,2021-03-01,12,12
0000104889,2010-03-02,2021-02-24,12,12
0000104894,2010-02-26,2021-02-16,12,12
0000104897,2010-11-23,2017-11-03,8,8
0000104918,2010-02-26,2021-02-24,12,12
0000105016,2010-02-26,2021-02-26,12,12
0000105076,2010-03-01,2015-03-02,6,6
0000105132,2010-10-18,2021-10-22,12,12
0000105319,2010-03-03,2021-02-25,12,12
0000105418,2010-03-11,2021-03-11,12,12
0000105608,2010-03-11,2018-03-30,9,9
0000105634,2010-02-25,2021-02-25,12,12
0000105729,2010-03-01,2011-02-28,2,2
0000105744,2010-03-31,2021-03-31,12,12
0000105770,2010-02-25,2021-02-23,12,12
0000106040,2010-08-13,2021-08-27,12,12
0000106170,2010-02-26,2017-02-23,8,8
0000106311,2010-04-15,2012-05-17,3,3
0000106455,2010-03-12,2018-04-02,9,9
0000106532,2010-03-12,2021-03-12,12,12
0000106535,2010-02-26,2021-02-19,12,12
0000106618,2010-03-30,2017-02-28,8,8
0000106640,2010-02-17,2021-02-11,12,12
0000106926,2010-03-01,2011-03-01,2,2
0000107140,2010-06-23,2021-07-06,12,12
0000107263,2010-02-26,2021-02-24,12,12
0000107454,2010-03-31,2011-07-29,2,2
0000107681,2010-08-30,2011-08-29,2,2
0000107687,2010-10-26,2021-10-20,12,12
0000107815,2010-02-26,2021-02-25,12,12
0000107832,2010-02-26,2021-02-19,12,12
0000107833,2010-02-26,2021-02-25,12,12
0000108312,2010-11-18,2021-11-19,12,12
0000108385,2010-06-08,2021-06-02,12,12
0000108516,2010-07-30,2021-07-30,12,12
0000108772,2010-02-26,2021-02-25,12,12
0000108985,2010-03-11,2021-03-09,12,12
0000109156,2010-10-12,2013-09-27,4,4
0000109177,2010-03-09,2021-11-23,13,12
0000109198,2010-03-30,2021-03-31,12,12
0000109261,2010-02-10,2010-02-10,1,1
0000109380,2010-03-01,2021-02-25,12,12
0000109471,2010-05-03,2013-05-01,4,4
0000109563,2010-08-13,2021-08-17,12,12
0000109657,2010-03-30,2021-04-16,12,11
0000109757,2010-07-14,2010-07-14,1,1
0000109758,2010-03-01,2013-02-25,4,4
0000110019,2010-02-23,2021-02-24,12,12
0000110027,2010-03-30,2016-03-16,7,7
0000110101,2010-02-26,2010-02-26,1,1
0000110104,2010-02-24,2012-02-22,3,3
0000110430,2010-02-25,2011-02-24,2,2
0000110471,2010-03-03,2021-02-26,12,12
0000110536,2010-04-30,2013-04-30,4,4
0000110621,2010-07-29,2021-07-26,12,12
0000200155,2010-02-26,2015-02-26,6,6
0000200406,2010-03-01,2021-02-22,12,12
0000201461,2010-03-01,2015-02-27,6,6
0000201533,2010-03-01,2021-02-11,15,12
0000201653,2010-03-15,2010-03-15,1,1
0000201779,2010-07-23,2016-08-17,7,7
0000202058,2010-08-30,2021-03-01,12,12
0000202584,2010-02-26,2021-02-26,12,12
0000202947,2010-03-15,2021-03-19,12,12
0000202953,2010-03-26,2011-03-25,2,2
0000203077,2010-03-02,2016-02-23,7,7
0000203248,2010-03-01,2013-03-01,4,4
0000203527,2010-11-23,2020-11-25,11,11
0000203596,2010-03-09,2021-02-26,12,12
0000205402,2010-03-09,2021-03-19,24,12
0000205462,2010-12-07,2010-12-07,1,1
0000205695,2010-03-02,2010-03-02,1,1
0000215419,2010-02-23,2016-03-03,7,7
0000215466,2010-02-26,2021-02-17,12,12
0000215639,2010-03-31,2010-03-31,1,1
0000216039,2010-03-16,2011-03-31,2,2
0000216085,2010-03-08,2021-03-09,12,12
0000216228,2010-03-01,2021-02-19,12,12
0000216324,2010-06-29,2012-06-14,3,3
0000216539,2010-02-24,2016-02-29,7,7
0000216748,2010-06-01,2010-06-01,1,1
0000216877,2010-12-06,2021-12-16,12,12
0000217346,2010-02-25,2021-02-19,12,12
0000225051,2010-03-10,2013-03-11,4,4
0000225211,2010-04-15,2021-04-09,12,12
0000225263,2010-03-05,2016-03-02,7,7
0000225501,2010-04-15,2011-04-25,2,2
0000225628,2010-01-29,2021-01-29,12,12
0000225648,2010-02-22,2021-02-19,12,12
0000225775,2010-03-26,2011-03-25,2,2
0000225789,2010-03-31,2014-04-15,5,5
0000230211,2010-07-15,2015-07-14,6,6
0000230498,2010-11-22,2014-11-24,5,5
0000230557,2010-02-24,2021-02-12,12,12
0000275053,2010-03-16,2021-03-10,12,12
0000275119,2010-03-15,2016-03-04,7,7
0000275858,2010-03-30,2010-03-30,1,1
0000275880,2020-03-10,2021-02-24,2,2
0000276077,2010-03-25,2018-03-29,9,9
0000276209,2010-03-15,2019-02-28,10,10
0000276283,2010-04-05,2020-03-30,11,11
0000276400,2010-03-01,2010-03-01,1,1
0000276720,2010-11-12,2021-11-10,12,12
0000276750,2010-03-31,2012-04-10,3,3
0000277058,2010-07-29,2018-07-26,9,9
0000277135,2010-02-25,2021-02-24,12,12
0000277375,2010-09-07,2017-09-01,8,8
0000277509,2010-02-26,2021-02-25,12,12
0000277595,2010-02-25,2018-02-28,9,9
0000277638,2010-03-11,2021-03-08,12,12
0000277905,2010-04-15,2018-04-02,7,7
0000277924,2010-01-07,2012-01-17,3,3
0000277925,2010-03-26,2011-03-25,2,2
0000277928,2010-03-17,2012-03-30,3,3
0000277948,2010-02-19,2021-02-10,12,12
0000278041,2010-03-15,2016-03-03,7,7
0000278128,2010-03-29,2011-03-25,2,2
0000278130,2010-04-28,2019-04-29,10,10
0000278165,2010-03-31,2021-03-31,12,12
0000278166,2010-05-21,2021-05-28,12,12
0000310056,2010-12-22,2019-01-11,9,7
0000310142,2010-03-01,2021-02-22,12,12
0000310158,2010-03-01,2021-02-25,12,12
0000310354,2010-08-27,2021-08-13,12,12
0000310485,2010-03-29,2010-03-29,1,1
0000310522,2010-02-26,2021-02-12,12,12
0000310568,2010-11-23,2017-11-14,8,8
0000310764,2010-02-26,2021-02-11,12,12
0000310826,2010-03-31,2021-03-30,12,12
0000311094,2010-02-26,2021-02-25,12,12
0000311471,2010-03-12,2014-03-07,5,5
0000311657,2010-02-25,2011-02-28,2,2
0000311817,2010-03-31,2021-03-30,12,12
0000312065,2010-03-31,2013-04-16,4,4
0000312257,2010-03-29,2021-04-15,12,12
0000312258,2010-05-06,2010-05-06,1,1
0000313143,2010-06-01,2021-05-26,12,12
0000313151,2010-03-31,2021-04-28,12,12
0000313277,2011-12-19,2012-01-31,7,2
0000313337,2010-03-26,2012-03-16,3,3
0000313353,2010-03-30,2011-03-24,2,2
0000313364,2010-03-16,2021-03-31,12,12
0000313478,2010-02-19,2015-03-03,6,6
0000313616,2010-02-24,2021-02-25,12,12
0000313716,2010-03-15,2018-03-09,9,9
0000313927,2010-02-24,2021-02-18,12,12
0000314197,2010-02-19,2015-04-14,6,6
0000314203,2010-03-16,2021-03-10,12,12
0000314227,2010-04-15,2021-03-30,12,12
0000314237,2010-03-31,2017-03-31,8,8
0000314489,2010-03-16,2021-02-25,12,12
0000314606,2010-03-15,2013-03-28,4,4
0000314690,2010-03-30,2011-03-25,2,2
0000314712,2010-01-12,2014-12-29,6,4
0000314727,2010-06-17,2012-07-25,3,3
0000314741,2010-03-31,2013-02-19,4,4
0000314808,2010-02-25,2021-03-02,12,12
0000315131,2010-12-09,2021-12-13,12,12
0000315189,2010-12-17,2021-12-16,12,12
0000315213,2010-02-19,2021-02-12,12,12
0000315256,2010-02-26,2021-03-26,15,12
0000315261,2010-03-31,2014-03-28,5,5
0000315293,2010-02-26,2021-02-19,12,12
0000315374,2010-01-12,2021-01-08,12,12
0000315449,2010-05-24,2019-03-27,10,10
0000315545,2010-03-31,2021-03-02,12,12
0000315709,2010-03-01,2021-02-25,12,12
0000315849,2010-03-31,2020-03-30,11,11
0000315852,2010-02-24,2021-02-23,12,12
0000315858,2010-04-13,2021-03-01,12,12
0000315958,2010-03-29,2021-03-25,12,12
0000316028,2010-03-30,2012-03-20,3,3
0000316206,2010-02-25,2016-02-25,7,7
0000316253,2010-10-14,2021-10-12,12,12
0000316300,2010-02-24,2019-03-18,10,10
0000316709,2010-02-25,2021-02-24,12,12
0000316736,2010-03-31,2019-04-15,10,10
0000316793,2010-08-26,2014-08-20,5,5
0000317158,2010-05-03,2010-05-03,1,1
0000317187,2010-02-26,2021-02-18,12,12
0000317331,2010-04-09,2010-04-09,1,1
0000317340,2010-03-31,2020-03-30,11,11
0000317477,2010-12-14,2010-12-14,1,1
0000317540,2010-03-18,2021-02-26,12,12
0000317771,2010-03-01,2013-02-22,4,4
0000317788,2010-07-15,2021-06-10,12,12
0000317889,2010-03-31,2018-01-16,12,8
0000317900,2010-03-29,2011-03-28,2,2
0000318154,2010-03-01,2021-02-09,12,12
0000318299,2010-08-13,2021-08-16,12,9
0000318300,2010-03-01,2021-03-01,12,12
0000318306,2010-03-23,2021-03-24,12,12
0000318346,2010-03-23,2016-03-15,7,7
0000318508,2010-03-30,2011-03-25,2,2
0000318622,2010-04-15,2013-05-17,4,4
0000318673,2010-03-31,2021-03-31,12,12
0000318716,2010-04-15,2010-04-15,1,1
0000318833,2010-08-06,2021-03-12,12,12
0000318835,2010-03-31,2015-03-31,6,6
0000318986,2010-03-31,2015-03-31,6,6
0000318996,2010-02-26,2020-03-13,11,11
0000319008,2010-07-14,2010-07-14,1,1
0000319016,2010-11-30,2021-03-31,12,12
0000319156,2010-09-28,2014-11-10,5,5
0000319200,2010-03-11,2018-04-17,9,9
0000319201,2010-08-06,2021-08-06,12,12
0000319240,2010-03-16,2012-03-12,3,3
0000319458,2010-09-29,2021-03-23,12,12
0000319654,2010-03-01,2021-03-31,12,12
0000319655,2010-03-01,2021-03-31,12,12
0000319671,2010-04-15,2017-05-18,8,8
0000319687,2010-02-17,2021-03-01,12,12
0000319723,2010-03-29,2010-03-29,1,1
0000319815,2010-03-05,2019-02-14,10,10
0000320017,2010-03-31,2021-02-25,12,12
0000320121,2010-03-31,2021-03-25,12,12
0000320174,2010-11-29,2015-03-31,6,6
0000320187,2010-07-20,2021-07-20,12,12
0000320193,2010-10-27,2021-10-29,12,12
0000320335,2010-02-26,2021-02-25,12,12
0000320340,2010-03-23,2021-03-04,12,12
0000320345,2010-08-27,2014-08-22,5,5
0000320387,2010-03-17,2013-03-08,4,4
0000320431,2010-12-10,2016-12-16,6,5
0000320575,2010-02-16,2021-03-05,12,12
0000350077,2010-08-26,2013-08-29,4,4
0000350199,2010-03-19,2014-03-25,5,5
0000350403,2010-03-08,2019-03-18,10,10
0000350524,2010-03-31,2011-03-31,2,2
0000350563,2010-02-26,2016-02-26,7,7
0000350644,2010-04-15,2016-04-14,7,7
0000350698,2010-02-17,2021-02-16,12,12
0000350737,2010-03-30,2021-03-29,12,12
0000350797,2010-12-22,2020-12-22,11,11
0000350832,2010-12-20,2013-12-13,4,4
0000350846,2010-03-24,2017-03-03,8,8
0000350852,2010-03-12,2021-02-26,12,12
0000350868,2010-05-21,2021-06-01,12,12
0000350894,2010-02-25,2021-02-22,12,12
0000350907,2010-02-24,2015-02-19,6,6
0000350917,2010-08-26,2014-08-28,5,5
0000351017,2010-03-31,2013-04-01,4,4
0000351077,2010-03-01,2013-02-28,4,4
0000351231,2010-11-23,2014-12-15,5,5
0000351346,2010-08-25,2014-08-20,5,5
0000351397,2010-03-22,2016-03-15,7,7
0000351498,2010-03-16,2011-03-31,2,2
0000351569,2010-03-16,2021-02-26,12,12
0000351789,2010-03-09,2021-03-25,12,12
0000351809,2010-10-12,2010-10-12,1,1
0000351817,2010-02-26,2021-03-04,12,12
0000351834,2010-03-11,2021-03-03,12,12
0000351902,2010-07-14,2011-07-14,2,2
0000351903,2010-09-09,2012-09-10,3,3
0000351931,2010-03-29,2012-03-29,3,3
0000351936,2010-03-04,2010-03-04,1,1
0000351998,2010-03-31,2021-03-26,12,12
0000352049,2010-02-19,2021-03-31,11,11
0000352363,2010-02-23,2017-02-23,8,8
0000352541,2010-02-26,2021-02-19,12,12
0000352736,2010-03-12,2020-02-28,11,11
0000352747,2010-03-16,2013-03-15,4,4
0000352825,2010-03-12,2021-03-03,12,12
0000352915,2010-02-25,2021-02-25,12,12
0000352955,2010-03-18,2021-03-25,12,12
0000352983,2010-04-09,2010-04-09,1,1
0000352991,2010-09-23,2021-09-24,12,12
0000352998,2010-03-31,2021-05-04,12,12
0000353020,2010-03-01,2021-03-10,12,12
0000353184,2010-06-08,2021-06-25,12,12
0000353191,2010-03-31,2014-03-12,5,5
0000353230,2010-02-25,2015-02-25,6,6
0000353386,2010-04-23,2012-03-30,3,3
0000353394,2012-03-27,2016-02-26,5,5
0000353569,2010-02-26,2021-02-19,12,12
0000353681,2010-07-16,2013-03-28,4,4
0000353944,2010-12-01,2014-11-25,5,5
0000354190,2010-02-05,2021-02-08,12,12
0000354260,2012-08-29,2016-08-29,5,5
0000354521,2010-05-19,2013-05-15,4,4
0000354567,2010-07-14,2011-10-17,2,2
0000354647,2010-03-04,2021-03-01,12,12
0000354655,2010-09-10,2014-09-12,5,5
0000354699,2010-04-15,2010-04-15,1,1
0000354706,2010-03-16,2013-03-15,4,4
0000354707,2010-02-26,2021-02-26,12,12
0000354813,2010-07-08,2014-07-11,5,5
0000354869,2010-02-25,2016-02-22,7,7
0000354908,2010-02-26,2021-02-25,12,12
0000354950,2010-03-25,2021-03-24,12,12
0000354963,2010-03-08,2021-02-25,12,12
0000354964,2010-03-01,2017-02-21,8,8
0000355019,2010-10-13,2021-10-13,12,12
0000355300,2010-04-15,2010-04-15,1,1
0000355356,2010-11-15,2011-10-21,2,2
0000355379,2012-04-02,2021-03-15,10,10
0000355429,2010-02-26,2019-03-05,10,10
0000355573,2010-03-31,2021-03-15,12,12
0000355627,2010-03-26,2015-03-30,6,6
0000355637,2010-03-29,2011-03-25,2,2
0000355766,2010-03-31,2014-03-31,5,5
0000355777,2010-03-16,2016-03-11,7,7
0000355804,2010-04-09,2011-03-28,2,2
0000355811,2010-02-23,2021-02-22,12,12
0000355948,2010-07-22,2021-08-02,12,12
0000355999,2010-02-25,2018-02-21,9,9
0000356028,2010-05-14,2018-05-09,9,9
0000356037,2010-12-23,2021-12-08,12,10
0000356080,2010-03-12,2013-03-06,4,4
0000356130,2010-03-15,2019-03-06,10,10
0000356171,2010-03-11,2021-03-01,12,12
0000356213,2010-02-26,2016-02-29,7,7
0000356292,2010-04-15,2014-04-15,5,5
0000356309,2010-11-24,2021-11-18,12,12
0000356472,2010-03-29,2011-03-25,2,2
0000356590,2010-04-15,2021-04-09,12,11
0000356591,2010-03-26,2011-03-25,2,2
0000356801,2010-03-31,2010-03-31,1,1
0000356870,2010-04-15,2016-04-12,5,4
0000357001,2010-01-14,2016-01-13,7,7
0000357020,2010-10-14,2017-09-11,8,8
0000357097,2010-03-31,2019-03-27,10,10
0000357108,2010-12-17,2013-12-24,4,4
0000357173,2010-03-16,2021-03-08,12,12
0000357264,2010-03-12,2012-03-15,3,3
0000357294,2010-12-22,2020-12-22,11,11
0000357301,2010-03-01,2021-02-26,12,12
0000700564,2010-03-01,2021-03-01,12,12
0000700565,2010-03-03,2021-03-08,12,12
0000700721,2010-03-31,2011-03-31,2,2
0000700733,2010-03-05,2016-02-29,7,7
0000700764,2011-03-30,2021-09-03,12,10
0000700815,2010-03-31,2013-04-19,4,4
0000700841,2010-03-11,2021-04-02,12,12
0000700863,2010-03-01,2015-02-26,6,6
0000700890,2010-04-15,2014-08-20,5,4
0000700923,2010-03-15,2021-03-03,12,12
0000700998,2010-12-29,2010-12-29,1,1
0000701221,2010-02-25,2018-02-28,9,9
0000701288,2010-03-12,2021-03-01,12,12
0000701345,2010-02-17,2014-02-28,5,5
0000701347,2010-03-16,2021-02-23,12,12
0000701374,2010-03-05,2021-02-25,12,12
0000701719,2010-03-31,2021-03-23,12,12
0000701811,2010-03-17,2017-03-17,8,8
0000701853,2010-03-15,2017-02-27,8,8
0000701869,2010-03-25,2021-03-16,12,12
0000701985,2010-03-26,2021-03-19,12,12
0000702165,2010-02-17,2021-02-04,12,12
0000702174,2010-03-29,2010-03-29,1,1
0000702325,2010-03-01,2021-03-01,12,12
0000702513,2010-03-05,2021-03-05,12,12
0000702644,2010-03-31,2011-03-31,2,2
0000702902,2010-03-12,2010-03-12,1,1
0000703329,2010-03-16,2016-03-01,7,7
0000703339,2012-04-11,2012-10-15,4,1
0000703351,2010-08-24,2021-08-26,12,12
0000703360,2010-02-26,2014-02-26,5,5
0000703361,2010-05-25,2018-05-18,9,9
0000703604,2010-02-25,2021-02-26,12,12
0000703699,2010-03-26,2013-03-28,4,4
0000703901,2010-03-15,2011-12-19,2,2
0000704051,2010-05-28,2020-05-29,11,11
0000704159,2010-03-31,2016-02-26,7,7
0000704165,2010-04-01,2017-02-17,7,7
0000704172,2010-10-13,2021-10-13,12,8
0000704328,2010-02-03,2010-02-03,1,1
0000704366,2010-12-13,2020-04-16,10,10
0000704384,2010-07-08,2013-12-27,6,4
0000704415,2010-03-16,2021-03-02,12,12
0000704432,2010-10-12,2012-11-16,3,3
0000704440,2010-06-01,2021-03-23,12,12
0000704532,2010-03-26,2021-02-19,12,12
0000704561,2010-03-30,2012-03-29,3,3
0000704562,2010-07-14,2021-06-29,12,12
0000705200,2010-03-10,2010-03-10,1,1
0000705432,2010-03-05,2021-02-26,12,12
0000705752,2010-03-29,2013-02-27,4,4
0000705868,2010-05-18,2010-05-18,1,1
0000706129,2010-03-12,2021-02-26,12,12
0000706465,2010-03-30,2011-03-30,2,2
0000706688,2010-02-26,2020-02-20,11,11
0000706698,2010-03-09,2021-03-26,12,12
0000706863,2010-03-31,2021-03-19,12,12
0000706874,2010-02-26,2015-03-04,6,6
0000707179,2010-02-26,2021-02-10,12,12
0000707388,2010-02-11,2021-03-29,12,12
0000707511,2010-03-31,2021-03-02,12,12
0000707549,2010-08-23,2021-08-17,12,12
0000707604,2010-03-23,2012-03-21,3,3
0000707605,2010-02-26,2021-03-10,12,12
0000707674,2010-04-15,2011-04-15,2,2
0000707855,2010-03-29,2012-04-12,3,3
0000707886,2010-03-18,2019-03-13,10,10
0000708717,2010-10-29,2013-04-25,3,2
0000708781,2010-03-11,2021-02-26,12,12
0000708818,2010-06-01,2021-05-27,12,12
0000708819,2010-03-01,2020-02-28,11,11
0000708821,2010-03-16,2021-03-16,12,12
0000708850,2010-08-27,2010-08-27,1,1
0000708870,2010-03-29,2015-03-30,6,6
0000708955,2010-03-16,2021-02-19,12,12
0000709005,2010-03-16,2021-03-22,12,12
0000709255,2010-02-25,2011-03-01,2,2
0000709283,2010-06-11,2021-05-26,11,11
0000709337,2010-03-16,2021-03-04,12,12
0000709804,2010-05-27,2016-03-11,7,7
0000709878,2010-03-01,2011-03-01,2,2
0000709942,2010-03-12,2011-03-29,2,2
0000710507,2010-03-25,2015-03-24,6,6
0000710597,2010-04-14,2010-04-14,1,1
0000710752,2010-03-01,2021-03-26,12,12
0000710782,2010-07-28,2021-09-27,12,12
0000710846,2010-03-16,2012-03-15,3,3
0000711034,2010-03-31,2021-03-30,12,12
0000711065,2010-05-12,2016-05-20,7,7
0000711213,2010-03-12,2015-03-02,6,6
0000711303,2010-03-31,2010-03-31,1,1
0000711377,2010-08-16,2021-07-30,12,12
0000711404,2010-12-17,2021-12-10,12,12
0000711477,2010-03-25,2021-03-30,12,12
0000711513,2010-02-08,2013-02-22,4,4
0000711642,2010-03-30,2010-03-30,1,1
0000711665,2010-03-23,2019-04-01,10,10
0000711669,2010-03-15,2021-03-23,12,12
0000711772,2018-03-21,2021-03-15,4,4
0000712034,2010-02-26,2021-02-26,12,12
0000712515,2010-05-28,2021-05-26,12,12
0000712534,2010-03-16,2021-03-01,12,12
0000712537,2010-03-01,2021-03-01,12,12
0000712753,2010-03-30,2010-03-30,1,1
0000712757,2010-09-28,2011-08-25,2,2
0000712770,2010-03-12,2021-03-12,12,12
0000712771,2010-03-16,2021-03-01,12,12
0000713002,2010-07-02,2013-07-30,4,4
0000713095,2010-03-15,2018-03-12,9,9
0000713275,2010-02-22,2012-02-17,3,3
0000713425,2010-07-14,2021-07-09,12,12
0000713671,2010-03-26,2019-03-14,10,10
0000713676,2010-03-11,2021-02-26,12,12
0000714256,2010-04-15,2021-03-30,12,12
0000714284,2010-03-29,2020-06-08,12,11
0000714310,2010-02-26,2021-02-26,12,12
0000714311,2010-03-01,2014-03-05,5,5
0000714395,2010-03-10,2021-02-26,12,12
0000714530,2010-03-18,2015-03-12,6,6
0000714560,2010-02-17,2014-02-28,5,5
0000714562,2010-03-16,2021-03-11,12,12
0000714603,2010-02-26,2018-02-28,9,9
0000714712,2010-03-12,2021-03-16,12,12
0000714756,2010-03-22,2010-03-22,1,1
0000714980,2010-05-18,2012-05-25,3,3
0000715072,2010-03-05,2021-02-26,12,12
0000715073,2010-11-15,2011-12-01,2,2
0000715446,2010-01-29,2021-01-07,12,11
0000715578,2010-03-31,2014-04-15,5,5
0000715579,2010-03-12,2021-03-05,12,12
0000715787,2010-03-16,2021-03-03,12,12
0000715788,2016-02-02,2020-05-20,5,5
0000715812,2010-07-22,2021-07-29,12,12
0000715957,2010-02-26,2021-02-25,12,12
0000716006,2010-03-16,2021-02-11,12,12
0000716054,2010-03-31,2010-03-31,1,1
0000716133,2010-02-26,2021-02-25,12,12
0000716314,2010-05-25,2021-06-02,12,12
0000716457,2010-03-31,2010-03-31,1,1
0000716605,2010-03-12,2021-03-11,12,12
0000716634,2010-03-12,2021-03-31,12,12
0000716643,2010-08-27,2021-08-26,12,12
0000716646,2010-06-14,2010-06-14,1,1
0000716688,2010-12-22,2018-12-07,9,9
0000716749,2010-04-02,2010-04-02,1,1
0000716778,2010-03-29,2015-04-14,6,6
0000717059,2010-03-11,2013-03-08,4,4
0000717423,2010-02-26,2021-02-26,12,12
0000717538,2010-03-05,2021-03-10,12,12
0000717588,2010-04-15,2011-04-15,2,2
0000717605,2010-02-10,2021-02-09,12,12
0000717720,2010-07-16,2021-07-29,12,12
0000717724,2010-09-24,2010-09-24,1,1
0000717806,2010-03-15,2021-03-15,12,12
0000717954,2010-10-27,2021-10-27,12,12
0000718074,2010-05-07,2010-05-07,1,1
0000718096,2010-06-29,2012-07-13,3,3
0000718130,2010-12-08,2010-12-08,1,1
0000718332,2010-09-16,2021-09-21,12,12
0000718396,2012-05-22,2012-05-22,1,1
0000718413,2010-03-29,2021-03-26,12,12
0000718789,2010-01-14,2012-12-21,4,3
0000718877,2010-03-01,2021-02-23,12,12
0000718916,2010-04-30,2014-04-23,5,5
0000718924,2010-12-22,2016-12-23,7,6
0000718937,2010-04-01,2021-02-24,12,12
0000719135,2010-03-16,2021-03-31,12,12
0000719152,2010-03-31,2012-04-16,3,3
0000719164,2010-03-15,2014-03-05,5,5
0000719184,2010-04-09,2013-03-13,4,4
0000719209,2010-03-12,2019-03-18,10,10
0000719220,2010-02-26,2021-03-01,12,12
0000719264,2010-03-15,2015-03-31,4,4
0000719274,2010-05-25,2021-06-25,12,12
0000719402,2010-03-26,2021-03-31,12,12
0000719413,2010-02-17,2021-02-18,12,12
0000719494,2010-03-31,2021-03-31,12,12
0000719581,2010-03-31,2015-03-31,7,6
0000719731,2010-03-26,2013-03-29,4,4
0000719733,2010-09-13,2021-09-16,12,12
0000719739,2010-03-01,2021-03-01,12,12
0000719866,2010-06-14,2016-05-27,7,7
0000719955,2010-04-01,2021-03-30,12,12
0000720002,2010-03-10,2018-02-28,9,9
0000720005,2010-11-24,2021-11-23,12,12
0000720154,2010-01-13,2021-12-21,13,12
0000720392,2010-03-30,2011-03-25,2,2
0000720500,2010-11-15,2021-11-17,12,12
0000720672,2010-02-26,2021-02-19,12,12
0000720762,2010-10-29,2021-10-29,12,12
0000720858,2010-03-05,2021-03-15,12,12
0000720875,2010-09-22,2021-09-23,12,12
0000721083,2010-03-01,2010-03-01,1,1
0000721237,2010-09-16,2010-09-16,1,1
0000721371,2010-08-26,2021-08-16,12,12
0000721447,2010-03-01,2019-02-28,10,10
0000721683,2010-03-01,2019-02-21,10,10
0000721693,2010-03-16,2021-04-15,12,12
0000721765,2011-08-19,2011-08-19,2,1
0000721994,2010-03-08,2021-02-23,12,12
0000722077,2010-06-15,2016-03-10,7,7
0000722079,2010-02-25,2010-02-25,1,1
0000722104,2010-03-01,2013-04-01,4,4
0000722256,2010-03-16,2015-03-13,6,6
0000722313,2010-03-15,2021-03-23,12,12
0000722392,2010-11-23,2014-11-26,5,5
0000722567,2010-06-30,2010-12-17,2,1
0000722572,2010-10-12,2021-09-28,12,12
0000722617,2010-04-16,2010-04-16,1,1
0000722648,2010-03-31,2014-04-15,5,5
0000722723,2010-03-03,2021-03-01,11,10
0000722830,2010-08-26,2020-02-27,11,11
0000722833,2010-03-25,2013-04-03,4,4
0000723125,2010-10-26,2021-10-08,12,12
0000723188,2010-03-11,2021-03-01,12,12
0000723254,2010-07-30,2021-07-28,12,12
0000723269,2010-04-14,2015-04-15,6,6
0000723458,2010-03-12,2011-03-10,2,2
0000723531,2010-07-16,2021-07-16,12,12
0000723533,2010-01-13,2019-04-15,10,9
0000723594,2010-03-26,2012-03-26,3,3
0000723603,2010-07-15,2021-07-16,12,12
0000723612,2010-02-24,2021-02-17,12,12
0000723646,2010-03-16,2021-03-11,12,12
0000723733,2013-05-13,2021-04-13,9,9
0000723889,2010-03-29,2010-03-29,1,1
0000724004,2010-06-29,2021-06-01,12,12
0000724024,2010-03-03,2010-03-03,1,1
0000724267,2010-08-20,2012-09-21,3,3
0000724445,2010-06-01,2021-05-24,12,12
0000724571,2010-04-15,2019-05-03,10,10
0000724606,2010-03-01,2017-02-22,8,8
0000724742,2010-05-13,2021-03-31,12,12
0000724910,2010-05-05,2021-05-05,12,12
0000724915,2010-09-28,2011-09-28,2,2
0000724941,2010-03-31,2013-03-29,4,4
0000725363,2010-01-13,2021-12-21,13,12
0000725394,2020-01-30,2021-10-13,3,2
0000725460,2010-03-18,2011-03-23,2,2
0000725537,2010-03-12,2012-03-12,3,3
0000725876,2011-02-08,2016-10-12,7,6
0000725929,2020-08-19,2021-06-29,2,2
0000726037,2010-04-15,2021-10-19,4,4
0000726293,2010-09-30,2019-04-01,10,10
0000726435,2010-03-31,2015-06-25,6,6
0000726513,2015-03-06,2019-03-01,5,5
0000726514,2010-06-15,2018-06-08,9,9
0000726516,2010-03-31,2021-03-16,12,12
0000726517,2010-03-16,2017-03-15,8,8
0000726601,2010-03-04,2021-03-01,12,12
0000726728,2010-02-11,2021-02-23,12,12
0000726845,2010-10-14,2010-10-14,1,1
0000726854,2010-03-31,2021-02-24,12,12
0000726865,2018-03-13,2021-03-09,4,4
0000726958,2010-06-29,2021-06-25,12,12
0000726990,2010-03-04,2010-03-04,1,1
0000727207,2010-09-16,2021-03-02,12,12
0000727273,2010-03-15,2021-03-26,12,12
0000727346,2010-10-13,2021-03-31,12,12
0000727510,2010-03-12,2021-02-23,12,12
0000727538,2010-02-26,2021-02-26,12,12
0000727634,2010-03-31,2021-04-07,12,12
0000727672,2010-03-31,2017-03-31,8,8
0000727892,2010-02-24,2021-02-24,12,12
0000727920,2010-03-10,2021-03-01,12,12
0000728249,2010-03-19,2015-03-26,6,6
0000728303,2010-03-31,2015-03-31,6,6
0000728331,2010-04-15,2015-03-31,6,6
0000728385,2010-04-15,2021-04-05,12,12
0000728387,2010-09-28,2021-09-27,12,12
0000728391,2010-02-26,2021-02-25,12,12
0000728447,2011-03-28,2021-08-10,10,10
0000728478,2010-03-30,2011-03-18,2,2
0000728535,2010-02-26,2021-02-23,12,12
0000729156,2010-08-09,2012-09-13,3,3
0000729237,2010-03-05,2016-02-25,7,7
0000729580,2010-03-12,2021-03-12,12,12
0000729922,2010-02-24,2010-02-24,1,1
0000729986,2010-02-26,2021-03-01,12,12
0000730000,2010-06-11,2013-06-13,5,4
0000730030,2010-03-29,2010-03-29,1,1
0000730255,2010-05-06,2021-04-22,12,12
0000730263,2010-09-29,2021-09-28,12,12
0000730272,2010-06-10,2021-02-24,12,12
0000730349,2010-04-02,2021-04-19,12,12
0000730464,2010-08-25,2021-08-19,12,12
0000730669,2010-06-14,2021-07-12,12,12
0000730708,2010-03-23,2021-03-01,12,12
0000730716,2010-09-13,2013-09-13,4,4
0000730729,2010-06-28,2011-06-24,2,2
0000731012,2010-02-16,2021-02-25,12,12
0000731122,2010-03-26,2014-03-21,5,5
0000731131,2010-03-30,2011-03-29,2,2
0000731245,2010-03-30,2021-09-21,9,9
0000731288,2010-02-26,2021-02-17,12,12
0000731653,2010-03-23,2021-03-19,12,12
0000731657,2010-03-31,2014-03-31,5,5
0000731727,2010-03-12,2011-03-15,2,2
0000731766,2010-02-10,2021-03-01,12,12
0000731802,2010-11-12,2021-11-12,12,12
0000731859,2010-03-08,2012-03-30,3,3
0000731939,2010-02-23,2011-02-22,2,2
0000732026,2010-10-01,2021-10-01,12,12
0000732412,2010-03-31,2013-04-01,4,4
0000732417,2010-03-10,2021-03-05,12,12
0000732485,2010-03-01,2011-03-01,2,2
0000732712,2010-02-26,2021-02-25,12,12
0000732717,2010-02-25,2021-02-25,12,12
0000732834,2010-02-26,2021-02-16,12,12
0000733076,2010-03-24,2021-03-03,12,12
0000733269,2010-05-26,2021-05-27,12,12
0000733337,2010-01-14,2021-04-30,12,11
0000733590,2010-03-31,2021-03-26,12,12
0000734089,2011-03-14,2011-03-14,1,1
0000734543,2010-03-26,2016-03-30,7,7
0000735993,2010-06-25,2010-06-25,1,1
0000736012,2010-03-29,2021-03-09,12,12
0000736772,2010-03-09,2021-03-04,12,12
0000736822,2010-07-23,2016-08-22,7,7
0000736994,2010-05-21,2010-05-21,1,1
0000737207,2010-03-23,2021-04-07,12,11
0000737210,2010-03-12,2015-03-06,6,6
0000737300,2010-03-19,2015-03-31,6,6
0000737468,2010-03-01,2021-02-25,12,12
0000737561,2010-02-02,2010-12-28,3,1
0000737758,2010-12-22,2021-12-17,12,12
0000737875,2010-03-15,2021-03-15,12,12
0000738214,2010-03-15,2021-03-15,11,11
0000739421,2010-03-11,2021-03-11,12,12
0000739608,2010-11-12,2014-11-13,5,5
0000739708,2010-03-16,2018-05-03,9,9
0000739878,2010-03-26,2014-04-15,5,5
0000739944,2010-03-10,2012-03-08,3,3
0000740156,2010-03-29,2013-03-13,4,4
0000740260,2010-02-19,2021-02-23,12,12
0000740371,2010-04-12,2013-04-30,4,4
0000740571,2010-09-15,2012-08-29,5,3
0000740663,2010-03-16,2021-03-12,12,12
0000740664,2010-01-29,2020-12-29,12,11
0000740670,2010-03-31,2014-04-29,5,5
0000740694,2010-02-26,2013-02-21,4,4
0000740726,2010-03-31,2014-03-31,5,5
0000740761,2010-03-01,2011-03-01,2,2
0000740806,2010-03-26,2021-03-18,12,12
0000740942,2010-03-16,2011-03-16,2,2
0000740971,2010-03-12,2021-03-30,12,12
0000741114,2010-09-28,2015-03-24,5,5
0000741508,2010-02-22,2013-02-26,4,4
0000741516,2010-03-12,2021-03-08,12,12
0000741556,2010-06-10,2010-06-10,1,1
0000741696,2010-01-12,2011-01-13,2,2
0000741815,2010-03-12,2018-04-17,9,9
0000742054,2010-03-29,2010-03-29,1,1
0000742112,2010-02-26,2021-03-03,12,12
0000742126,2010-03-04,2019-02-28,10,10
0000742161,2010-03-31,2010-03-31,1,1
0000742278,2010-03-03,2021-02-26,12,12
0000742550,2010-01-08,2011-01-25,2,2
0000743238,2010-03-16,2021-03-25,12,12
0000743241,2010-04-15,2011-04-15,2,2
0000743316,2010-08-19,2021-08-20,12,12
0000743366,2010-03-31,2015-03-31,6,6
0000743367,2010-03-16,2021-03-10,12,12
0000743758,2010-10-01,2021-03-15,12,12
0000743870,2010-03-30,2017-03-17,8,8
0000743988,2010-06-01,2021-05-14,12,12
0000744126,2010-07-27,2010-07-27,1,1
0000744187,2010-04-16,2021-04-12,12,12
0000744218,2010-03-12,2021-03-29,12,12
0000744452,2010-12-15,2021-12-09,12,12
0000744455,2010-02-19,2018-02-28,9,9
0000744485,2010-03-26,2013-03-11,4,4
0000744786,2010-03-29,2011-03-28,2,2
0000744825,2010-03-31,2021-04-06,12,12
0000744962,2010-09-22,2011-10-13,2,2
0000745308,2010-02-23,2021-02-24,12,12
0000745456,2010-03-15,2010-03-15,1,1
0000745538,2010-03-30,2012-03-20,3,3
0000745543,2010-10-14,2021-10-21,12,5
0000745544,2010-03-26,2012-03-29,3,3
0000745651,2010-03-30,2011-03-16,2,2
0000745655,2010-04-15,2011-04-15,2,2
0000745732,2010-03-30,2021-03-30,12,12
0000745981,2010-03-16,2019-03-18,10,10
0000746210,2010-03-31,2021-03-30,12,12
0000746514,2010-03-11,2021-03-12,12,12
0000746515,2010-02-26,2021-02-19,12,12
0000746598,2010-09-21,2021-09-02,12,12
0000746631,2010-04-12,2014-04-15,5,5
0000746834,2010-03-11,2011-03-01,2,2
0000746838,2010-02-24,2021-02-26,12,12
0000746967,2010-01-15,2014-02-18,5,5
0000747159,2010-03-26,2018-02-26,9,9
0000747345,2010-03-12,2010-03-12,1,1
0000747540,2011-02-28,2021-02-26,11,11
0000747605,2010-03-24,2013-04-01,4,4
0000748015,2010-01-25,2013-02-04,4,4
0000748268,2011-09-08,2021-08-12,17,11
0000748270,2010-06-02,2014-06-16,5,5
0000748592,2010-03-31,2021-03-11,12,12
0000748714,2010-03-26,2011-02-22,2,2
0000748790,2010-04-01,2021-04-13,9,9
0000749038,2010-08-31,2020-09-15,11,11
0000749153,2010-03-12,2015-03-02,6,6
0000749251,2010-02-19,2021-02-24,12,12
0000749254,2010-03-19,2011-03-28,2,2
0000749290,2010-06-10,2010-06-10,1,1
0000749647,2010-03-17,2021-03-19,12,12
0000749660,2010-03-23,2021-03-15,12,12
0000749872,2010-09-09,2013-09-11,4,4
0000749935,2010-03-19,2014-02-27,5,5
0000750004,2010-03-01,2021-03-01,12,12
0000750150,2010-03-15,2013-03-06,4,4
0000750199,2010-03-11,2015-10-13,7,6
0000750258,2010-03-31,2010-03-31,1,1
0000750304,2010-03-31,2012-03-29,3,3
0000750556,2010-02-23,2019-02-22,10,10
0000750558,2010-04-01,2021-03-11,12,12
0000750574,2010-03-30,2021-03-09,12,12
0000750577,2010-02-17,2021-03-01,12,12
0000750686,2010-03-12,2021-03-15,12,12
0000750813,2010-03-30,2018-02-16,9,9
0000751085,2010-08-31,2015-03-20,6,6
0000751364,2010-02-25,2021-02-11,12,12
0000751365,2010-04-16,2021-04-28,12,12
0000751406,2010-04-15,2010-04-15,1,1
0000751652,2010-03-01,2016-02-18,7,7
0000751799,2010-03-11,2011-03-23,2,2
0000751978,2010-03-10,2021-03-01,12,12
0000752294,2010-03-26,2021-03-09,12,12
0000752391,2010-10-27,2011-08-17,2,2
0000752431,2010-06-09,2012-06-15,3,3
0000752634,2010-07-13,2015-06-18,6,5
0000752642,2010-03-08,2021-03-10,12,12
0000752714,2010-02-26,2021-02-23,12,12
0000752789,2011-04-20,2011-04-20,1,1
0000752902,2012-03-30,2014-03-12,3,3
0000753048,2010-01-13,2015-03-31,7,6
0000753224,2010-06-29,2011-06-22,2,2
0000753308,2010-02-26,2021-02-12,12,12
0000753568,2010-06-10,2016-05-27,7,7
0000753772,2010-03-15,2018-03-20,9,9
0000754597,2010-03-29,2010-03-29,1,1
0000754673,2010-03-12,2017-03-27,8,8
0000754737,2010-03-01,2019-02-28,10,10
0000754811,2010-09-09,2021-12-08,12,12
0000754813,2010-04-15,2017-03-21,8,8
0000755001,2010-02-10,2021-02-02,12,12
0000755003,2010-05-14,2013-05-06,4,4
0000755806,2010-03-16,2011-03-30,2,2
0000756502,2010-02-26,2010-02-26,1,1
0000756862,2010-03-29,2012-03-30,3,3
0000757011,2010-02-12,2019-02-14,10,10
0000757641,2010-03-31,2011-03-31,2,2
0000758004,2010-12-13,2010-12-13,1,1
0000758743,2010-05-28,2021-05-28,12,12
0000758938,2010-09-23,2020-03-19,11,11
0000759458,2010-02-12,2013-02-21,4,4
0000759718,2010-06-10,2013-04-16,4,4
0000759944,2015-03-03,2021-02-23,7,7
0000759999,2010-03-26,2017-08-07,7,7
0000760326,2010-03-16,2013-03-18,4,4
0000760498,2010-03-16,2021-02-26,12,12
0000761034,2012-04-06,2012-04-06,1,1
0000761648,2010-03-15,2021-02-11,12,12
0000763293,2010-03-15,2013-03-07,4,4
0000763532,2010-09-08,2021-09-10,12,12
0000763563,2010-03-15,2021-03-24,12,12
0000763701,2010-03-30,2010-03-30,1,1
0000763744,2010-03-11,2021-02-26,12,12
0000763846,2010-04-14,2011-04-15,2,2
0000763901,2010-03-01,2021-03-01,12,12
0000763907,2010-03-12,2021-03-25,12,12
0000763950,2010-04-15,2016-04-28,7,6
0000764038,2010-03-12,2021-02-26,12,12
0000764044,2010-03-11,2016-02-18,7,7
0000764065,2010-02-18,2021-02-26,12,12
0000764180,2010-02-24,2021-02-26,12,12
0000764195,2017-03-20,2021-03-02,5,5
0000764241,2010-03-05,2011-03-15,2,2
0000764401,2010-11-30,2021-10-28,12,12
0000764402,2010-02-25,2012-04-10,3,3
0000764478,2010-04-28,2021-03-19,12,12
0000764579,2010-03-29,2019-03-25,10,10
0000764581,2010-03-16,2012-03-15,3,3
0000764586,2010-03-31,2015-03-31,6,6
0000764622,2010-02-19,2021-02-24,12,12
0000764630,2010-06-14,2021-07-06,12,11
0000764667,2010-01-13,2012-12-31,4,3
0000764764,2010-02-19,2021-02-17,12,12
0000764811,2010-04-15,2016-03-11,7,7
0000764839,2010-04-13,2015-06-05,6,6
0000764843,2010-04-15,2010-04-15,1,1
0000764897,2010-04-15,2021-04-15,12,12
0000765207,2010-03-12,2021-03-05,12,12
0000765880,2010-02-12,2021-02-10,12,12
0000766004,2010-03-26,2010-03-26,1,1
0000766404,2013-05-10,2021-04-12,9,9
0000766421,2010-02-19,2021-02-26,12,12
0000766561,2010-03-02,2014-03-06,5,5
0000766659,2010-03-31,2010-03-31,1,1
0000766701,2010-02-26,2021-02-19,12,12
0000766704,2010-02-26,2021-02-10,12,12
0000766792,2010-03-31,2021-03-31,12,12
0000766829,2010-03-05,2021-03-01,12,12
0000767405,2010-03-18,2021-03-08,12,12
0000767884,2012-11-20,2015-11-23,4,4
0000767920,2010-02-24,2015-02-24,6,6
0000768216,2010-03-15,2021-03-31,12,12
0000768251,2010-02-17,2015-02-13,6,6
0000768262,2010-02-26,2010-02-26,1,1
0000768408,2010-06-24,2021-06-22,12,12
0000768411,2010-03-11,2021-03-12,12,12
0000768598,2010-03-30,2010-03-30,1,1
0000768710,2010-03-12,2020-03-27,11,11
0000768835,2010-03-30,2021-03-30,12,12
0000768890,2010-04-09,2011-03-25,2,2
0000768899,2010-02-16,2021-02-22,12,12
0000769131,2010-03-30,2016-03-24,7,7
0000769207,2010-12-22,2011-12-21,2,2
0000769397,2010-03-19,2021-03-19,12,12
0000769520,2010-03-03,2021-03-03,12,12
0000769874,2010-05-03,2012-03-20,2,2
0000770460,2010-03-11,2021-03-29,12,12
0000770461,2010-04-30,2010-04-30,1,1
0000771266,2010-03-08,2021-03-05,12,12
0000771497,2010-12-23,2021-12-22,12,12
0000771856,2010-07-28,2021-07-26,12,12
0000771950,2010-03-31,2013-04-01,4,4
0000771999,2010-03-25,2021-03-31,12,12
0000772320,2010-03-16,2021-04-23,9,9
0000772370,2010-01-20,2015-04-30,8,6
0000772406,2010-06-01,2021-05-21,12,12
0000772572,2010-03-08,2013-03-15,4,4
0000772897,2010-12-10,2015-12-11,6,6
0000773141,2010-02-05,2021-02-02,12,12
0000773318,2010-10-12,2021-10-08,12,11
0000773588,2011-03-31,2011-03-31,1,1
0000773660,2010-03-18,2013-03-19,4,4
0000773717,2010-03-26,2021-01-26,12,11
0000773840,2010-02-12,2021-02-12,12,12
0000773910,2010-02-23,2019-02-14,10,10
0000774517,2010-06-18,2012-06-22,3,3
0000774569,2010-03-31,2021-03-17,12,12
0000774937,2010-09-23,2018-04-17,9,9
0000775057,2010-12-23,2021-12-23,12,12
0000775158,2010-11-18,2021-11-16,12,12
0000775215,2020-03-27,2021-03-12,2,2
0000775345,2010-02-26,2014-02-28,5,5
0000775368,2010-02-26,2021-02-23,12,12
0000775662,2010-03-31,2012-03-28,3,3
0000776008,2010-03-16,2016-03-22,7,7
0000776325,2010-03-09,2014-02-18,4,4
0000776867,2010-02-26,2021-02-26,12,12
0000776901,2010-03-10,2021-02-26,12,12
0000777491,2010-02-25,2017-03-07,8,8
0000777516,2010-03-31,2010-03-31,1,1
0000777917,2010-03-12,2021-03-19,12,12
0000778164,2010-03-31,2021-03-26,12,12
0000778165,2012-03-20,2012-03-20,1,1
0000778438,2010-02-25,2016-03-28,7,7
0000778734,2010-06-09,2014-06-03,5,5
0000778946,2010-03-31,2021-03-01,8,8
0000778972,2010-03-12,2014-03-11,5,5
0000779125,2010-03-31,2012-03-30,3,3
0000779152,2010-08-27,2021-08-25,12,12
0000779544,2010-01-04,2021-12-21,13,12
0000779956,2010-04-15,2016-05-24,7,7
0000780053,2010-02-18,2011-03-01,2,2
0000780127,2010-01-05,2012-01-06,3,3
0000780571,2010-02-25,2021-02-24,12,12
0000781891,2010-06-24,2012-06-20,3,3
0000781902,2010-01-27,2021-01-29,12,12
0000782149,2010-03-31,2011-03-31,2,2
0000782842,2010-03-15,2014-03-17,5,5
0000783005,2010-05-07,2020-05-14,11,11
0000783209,2010-05-26,2010-05-26,2,1
0000783280,2010-03-01,2021-02-19,12,12
0000783284,2010-01-13,2015-07-14,7,4
0000783324,2010-03-16,2021-02-26,12,12
0000783325,2010-02-26,2021-02-25,12,12
0000783412,2010-12-15,2021-12-17,12,11
0000783603,2010-03-16,2013-03-15,4,4
0000783739,2010-03-17,2012-04-12,3,3
0000784011,2010-03-10,2020-02-28,11,11
0000784199,2010-02-19,2021-02-23,12,12
0000784539,2010-12-14,2020-11-30,11,11
0000784681,2010-02-25,2016-02-25,7,7
0000784770,2010-04-15,2011-04-15,2,2
0000784977,2010-02-25,2021-02-19,12,12
0000785024,2010-03-26,2012-03-20,3,3
0000785161,2010-02-23,2021-02-26,12,12
0000785557,2010-01-19,2021-12-06,13,12
0000785786,2010-11-19,2021-11-19,12,12
0000785787,2010-01-14,2017-01-17,8,8
0000785815,2010-05-18,2014-06-11,5,5
0000785956,2010-12-07,2021-11-23,12,12
0000785968,2010-07-28,2014-07-14,5,5
0000786110,2010-03-30,2016-10-28,7,6
0000786344,2010-03-31,2010-03-31,1,1
0000786360,2010-03-12,2015-03-02,6,6
0000786368,2010-03-31,2010-03-31,1,1
0000786620,2010-03-31,2014-03-31,5,5
0000786947,2010-03-02,2021-03-31,12,12
0000787075,2010-12-13,2013-03-18,3,3
0000787250,2010-02-12,2021-02-25,12,12
0000787251,2010-09-03,2011-03-16,2,2
0000787253,2010-09-17,2021-09-20,12,12
0000788206,2010-06-04,2010-06-04,1,1
0000788329,2010-12-09,2021-12-10,12,12
0000788340,2015-05-12,2015-05-12,1,1
0000788611,2010-03-12,2021-03-24,12,12
0000788784,2010-02-25,2021-03-01,12,12
0000788816,2010-03-22,2021-03-19,12,12
0000788885,2010-03-04,2011-03-04,2,2
0000788920,2010-09-28,2021-09-09,12,12
0000788955,2010-03-29,2010-03-29,1,1
0000788965,2010-03-05,2021-03-09,12,12
0000789019,2010-07-30,2021-07-29,12,12
0000789073,2010-02-24,2014-02-18,5,5
0000789132,2010-03-15,2017-02-24,8,8
0000789318,2019-09-25,2019-12-16,3,1
0000789356,2010-03-19,2011-03-18,2,2
0000789388,2010-03-24,2015-03-25,6,6
0000789460,2010-02-25,2021-03-01,12,12
0000789570,2010-02-26,2021-02-26,12,12
0000789860,2010-02-16,2011-06-29,3,2
0000789868,2010-03-16,2013-03-27,4,4
0000789879,2010-04-01,2014-12-12,5,5
0000789933,2010-03-02,2021-03-03,12,12
0000789944,2010-04-15,2013-04-16,4,4
0000790024,2010-03-31,2012-03-27,3,3
0000790051,2010-02-18,2021-02-11,12,12
0000790066,2010-04-15,2013-04-18,4,4
0000790067,2010-04-01,2017-02-17,7,7
0000790070,2010-02-26,2016-02-25,7,7
0000790179,2010-04-09,2021-03-29,12,12
0000790273,2021-08-31,2021-11-10,2,1
0000790359,2010-03-01,2021-03-01,12,12
0000790362,2010-03-30,2013-03-29,4,4
0000790526,2010-03-15,2021-03-16,12,12
0000790528,2010-03-31,2014-03-13,4,4
0000790652,2010-10-13,2021-10-12,6,6
0000790703,2010-03-24,2020-03-25,11,10
0000790705,2010-02-25,2011-02-25,2,2
0000790715,2010-04-01,2018-04-24,9,9
0000790730,2010-01-29,2011-01-31,2,2
0000790816,2010-03-01,2021-02-24,12,12
0000790818,2010-03-18,2012-03-15,3,3
0000790877,2014-03-17,2018-02-27,5,5
0000791519,2010-03-02,2017-03-09,8,8
0000791770,2010-03-31,2015-03-16,6,6
0000791907,2010-08-19,2016-08-25,7,7
0000791908,2010-03-11,2021-03-10,12,12
0000791915,2010-03-03,2020-02-21,11,11
0000791963,2010-03-05,2021-03-01,12,12
0000792013,2010-03-05,2012-03-14,3,3
0000792130,2010-12-17,2018-12-13,9,9
0000792161,2010-03-16,2018-03-09,9,9
0000792641,2010-01-12,2015-01-13,6,6
0000792935,2010-03-30,2021-04-15,12,12
0000792966,2010-02-26,2021-02-24,12,12
0000792977,2010-02-26,2020-03-06,11,11
0000792985,2010-02-25,2013-02-27,4,4
0000792987,2010-03-01,2021-03-01,12,12
0000792989,2010-03-31,2015-03-31,6,6
0000793043,2010-04-15,2011-05-24,2,2
0000793044,2010-03-16,2011-03-09,2,2
0000793074,2010-02-26,2021-02-24,12,12
0000793160,2010-03-31,2010-03-31,1,1
0000793171,2010-02-16,2016-09-22,7,7
0000793306,2010-04-15,2021-03-31,12,12
0000793524,2010-03-11,2021-03-11,12,12
0000793547,2010-02-26,2019-02-28,10,10
0000793733,2010-02-23,2021-02-22,12,12
0000793952,2010-02-23,2021-02-23,12,12
0000793983,2010-10-29,2011-09-30,2,2
0000793986,2010-06-15,2010-06-15,1,1
0000794107,2010-04-26,2018-04-16,7,5
0000794170,2010-12-22,2021-12-17,12,12
0000794172,2010-11-29,2021-11-23,12,12
0000794323,2010-02-26,2021-03-03,12,12
0000794367,2010-03-31,2021-03-29,12,12
0000794619,2010-06-30,2021-06-29,12,12
0000794775,2010-03-31,2015-03-30,6,6
0000794929,2019-09-18,2019-09-18,3,1
0000795212,2010-04-15,2021-04-30,12,12
0000795255,2010-04-15,2013-05-15,4,4
0000795266,2010-01-29,2021-01-22,12,12
0000795403,2010-03-01,2021-02-18,12,12
0000795551,2010-03-15,2013-03-08,4,4
0000795757,2010-03-31,2010-03-31,1,1
0000795824,2010-04-15,2010-04-15,1,1
0000796124,2010-06-18,2015-06-29,6,6
0000796317,2010-03-12,2013-03-08,4,4
0000796343,2010-01-22,2021-01-15,12,12
0000796489,2010-03-31,2011-03-31,2,2
0000796505,2010-11-18,2021-11-10,12,12
0000796534,2010-03-12,2021-03-18,12,12
0000796655,2010-03-31,2011-03-31,2,2
0000796764,2010-05-14,2015-05-29,6,6
0000797079,2010-05-28,2012-05-29,3,3
0000797463,2010-02-19,2011-02-25,2,2
0000797465,2010-02-05,2021-03-01,12,12
0000797468,2010-02-25,2021-02-26,12,12
0000797542,2010-04-15,2021-03-16,12,12
0000797564,2010-04-15,2021-04-14,12,12
0000797574,2015-03-24,2015-03-24,1,1
0000797662,2010-09-24,2011-09-26,2,2
0000797721,2010-06-01,2021-05-28,12,12
0000797838,2010-03-25,2011-03-31,2,2
0000797871,2010-03-16,2010-03-16,1,1
0000798081,2010-04-16,2021-04-16,12,12
0000798287,2010-03-15,2021-03-05,12,12
0000798354,2010-02-26,2021-02-26,12,12
0000798359,2010-07-14,2021-02-22,12,12
0000798371,2010-04-23,2016-05-18,7,4
0000798528,2010-03-09,2021-03-31,12,12
0000798783,2010-03-09,2021-02-25,12,12
0000798941,2010-03-01,2021-02-24,12,12
0000798949,2010-02-23,2021-03-31,12,12
0000798955,2010-04-06,2012-04-10,3,3
0000798985,2010-03-16,2011-03-14,2,2
0000799088,2010-03-01,2016-02-29,7,7
0000799165,2010-03-16,2021-03-16,12,12
0000799167,2010-03-15,2021-03-01,12,12
0000799194,2010-10-14,2010-10-14,1,1
0000799231,2010-02-25,2018-02-27,9,9
0000799233,2010-02-24,2021-02-22,12,12
0000799235,2010-12-14,2017-01-19,7,7
0000799268,2010-04-15,2010-04-15,1,1
0000799288,2014-03-25,2021-03-25,8,8
0000799292,2010-02-24,2021-02-19,12,12
0000799414,2010-10-20,2010-10-20,1,1
0000799426,2010-04-15,2010-04-15,1,1
0000799526,2010-03-23,2010-03-23,1,1
0000799694,2010-03-17,2014-12-11,6,5
0000799698,2010-03-15,2021-03-24,12,12
0000799729,2010-08-27,2017-08-29,8,8
0000799850,2010-06-18,2021-07-02,12,12
0000800080,2010-03-29,2010-03-29,1,1
0000800240,2010-02-23,2021-02-24,12,12
0000800286,2010-09-22,2013-09-30,4,4
0000800457,2010-03-11,2021-03-05,12,12
0000800458,2010-06-14,2015-05-29,6,6
0000800459,2010-08-06,2016-08-11,7,7
0000801337,2010-03-01,2021-02-26,12,12
0000801348,2010-03-25,2016-03-10,7,7
0000801351,2010-03-02,2012-02-29,3,3
0000801748,2010-03-23,2012-04-05,3,3
0000801898,2010-12-20,2016-12-16,7,7
0000801904,2010-04-15,2010-04-15,1,1
0000802257,2010-09-28,2021-03-25,11,11
0000802356,2010-06-29,2011-05-26,2,2
0000802481,2011-02-11,2021-02-11,11,11
0000802510,2014-01-02,2017-10-27,5,4
0000802595,2010-09-01,2010-09-01,1,1
0000802681,2010-03-15,2021-03-01,12,12
0000802724,2010-03-12,2015-02-18,6,6
0000802851,2010-12-27,2011-12-29,2,2
0000802967,2010-04-02,2016-03-22,7,7
0000803014,2010-10-04,2012-04-02,4,3
0000803016,2010-09-22,2017-09-27,8,8
0000803044,2010-09-22,2013-10-16,4,4
0000803164,2010-03-30,2021-04-01,12,12
0000803352,2010-09-09,2011-09-07,2,2
0000803578,2010-03-31,2021-03-31,12,12
0000803647,2010-09-23,2017-09-25,8,7
0000803649,2010-02-23,2021-02-11,12,12
0000803771,2010-02-16,2014-02-25,5,5
0000804055,2010-02-12,2010-02-12,1,1
0000804154,2010-04-08,2011-04-01,2,2
0000804157,2010-06-29,2010-06-29,1,1
0000804212,2010-05-27,2016-05-10,7,7
0000804217,2010-03-30,2012-03-30,3,3
0000804269,2010-08-27,2021-02-10,12,12
0000804328,2010-11-03,2021-11-03,12,12
0000804561,2010-04-15,2012-03-30,3,3
0000804671,2010-03-19,2013-03-27,4,4
0000804753,2010-02-22,2021-02-19,12,12
0000805012,2010-03-30,2010-03-30,1,1
0000805022,2010-02-26,2019-02-15,10,10
0000805054,2010-03-30,2010-03-30,1,1
0000805080,2010-03-12,2012-03-13,3,3
0000805264,2010-03-11,2016-02-29,7,7
0000805305,2010-01-12,2016-01-27,7,6
0000805326,2010-03-25,2017-03-30,8,8
0000805676,2010-02-24,2021-02-26,12,12
0000805729,2010-04-08,2018-10-05,9,9
0000805792,2010-09-28,2011-10-13,2,2
0000805902,2011-10-04,2011-11-01,2,1
0000805928,2010-03-31,2021-03-01,12,12
0000805993,2010-03-22,2018-03-02,9,9
0000806172,2010-05-24,2021-05-28,12,12
0000806175,2010-03-31,2012-07-30,3,3
0000806279,2010-03-24,2021-03-09,12,12
0000806517,2010-03-26,2021-03-26,12,12
0000806592,2010-07-29,2021-07-27,12,12
0000806817,2010-11-26,2010-11-26,1,1
0000806888,2012-03-29,2016-03-24,5,5
0000807707,2010-05-14,2021-05-13,12,12
0000807863,2010-11-16,2021-12-13,12,12
0000807882,2010-11-24,2021-11-23,12,12
0000807884,2010-02-26,2016-02-26,7,7
0000808011,2010-12-08,2011-11-30,2,2
0000808015,2010-02-16,2014-02-13,5,5
0000808028,2010-03-31,2011-03-31,2,2
0000808047,2010-04-01,2016-04-14,7,7
0000808064,2010-04-20,2011-05-02,2,2
0000808326,2011-01-10,2021-12-03,12,11
0000808362,2010-02-26,2021-02-25,12,12
0000808377,2010-03-31,2013-03-29,4,4
0000808450,2010-12-22,2020-12-17,11,11
0000808461,2010-03-12,2020-02-27,11,11
0000808918,2010-03-05,2010-03-05,1,1
0000809248,2010-03-09,2021-03-11,12,12
0000809933,2010-10-29,2019-10-29,10,9
0000810084,2010-03-30,2011-03-31,2,2
0000810117,2010-03-31,2011-03-31,2,2
0000810136,2010-01-08,2021-12-17,13,11
0000810208,2010-09-28,2011-10-13,2,2
0000810270,2010-03-31,2011-07-01,2,2
0000810332,2018-12-20,2021-12-10,4,4
0000810509,2010-03-31,2021-03-26,12,12
0000810534,2010-02-23,2011-04-15,2,2
0000810689,2010-03-31,2011-03-31,2,2
0000810829,2010-03-29,2012-03-29,3,3
0000810958,2010-03-01,2021-03-05,12,12
0000811036,2010-04-15,2011-04-15,2,2
0000811156,2010-03-01,2021-02-11,12,12
0000811212,2010-09-15,2021-03-17,12,12
0000811222,2011-06-10,2021-03-31,13,9
0000811240,2010-03-19,2021-03-31,12,12
0000811271,2010-03-31,2011-03-25,2,2
0000811419,2010-09-28,2011-03-25,2,2
0000811532,2010-02-26,2021-02-19,12,12
0000811589,2010-03-16,2021-02-26,12,12
0000811592,2010-03-31,2011-03-31,2,2
0000811596,2010-02-24,2021-02-26,12,12
0000811641,2010-03-29,2021-03-30,12,12
0000811779,2010-02-26,2015-03-02,6,6
0000811808,2010-03-30,2021-03-11,12,12
0000811830,2010-02-26,2021-03-03,12,12
0000811831,2010-09-28,2018-09-13,9,9
0000812011,2010-09-23,2021-09-23,12,12
0000812074,2010-02-10,2021-02-16,12,12
0000812128,2010-12-14,2021-12-21,12,12
0000812149,2010-12-07,2019-03-14,10,8
0000812152,2010-03-30,2021-03-04,12,12
0000812191,2010-03-08,2011-02-28,2,2
0000812192,2010-04-15,2010-04-15,1,1
0000812233,2010-02-10,2019-02-14,10,10
0000812301,2010-03-31,2013-03-18,4,4
0000812306,2010-09-28,2021-10-08,12,12
0000812348,2010-03-11,2021-03-10,12,12
0000812482,2010-02-23,2010-12-21,2,1
0000812564,2010-03-29,2011-03-25,2,2
0000812630,2010-03-12,2015-03-02,6,6
0000812701,2010-02-26,2018-03-01,9,9
0000812796,2010-03-31,2021-03-30,12,12
0000812880,2010-05-12,2011-04-07,2,2
0000812900,2010-03-18,2013-03-20,4,4
0000812906,2010-04-01,2015-05-01,6,6
0000813298,2010-03-19,2021-03-19,12,12
0000813389,2011-10-11,2015-04-15,8,5
0000813619,2010-03-25,2011-03-29,2,2
0000813621,2010-03-16,2014-03-03,5,5
0000813634,2010-04-29,2010-04-29,1,1
0000813640,2010-03-31,2016-03-30,7,7
0000813658,2010-03-02,2012-03-05,3,3
0000813672,2010-02-26,2021-02-22,12,12
0000813716,2010-04-16,2021-05-17,8,8
0000813718,2010-04-15,2011-04-15,2,2
0000813762,2010-03-03,2021-02-26,12,12
0000813779,2010-03-16,2013-03-15,4,4
0000813781,2010-06-02,2014-07-31,5,5
0000813828,2010-02-25,2021-02-24,12,12
0000813920,2010-02-26,2020-03-12,11,11
0000814046,2010-03-29,2018-03-20,9,9
0000814055,2010-03-15,2010-03-15,1,1
0000814184,2010-02-16,2019-02-26,10,10
0000814250,2010-03-05,2011-03-09,2,2
0000814286,2010-03-25,2017-04-03,8,8
0000814361,2010-02-26,2011-02-22,2,2
0000814453,2010-03-01,2021-02-19,12,12
0000814547,2010-11-23,2021-11-10,12,12
0000814549,2010-03-16,2021-04-27,12,12
0000814585,2010-03-01,2021-03-01,12,12
0000814586,2010-03-31,2021-03-25,12,12
0000814676,2010-03-26,2021-03-17,12,12
0000814904,2010-09-29,2014-11-28,5,5
0000814920,2010-02-18,2014-04-15,5,5
0000814926,2010-03-30,2021-03-31,12,12
0000815024,2010-06-29,2011-06-29,2,2
0000815065,2010-05-28,2015-05-27,6,6
0000815093,2010-01-29,2017-01-30,8,8
0000815094,2010-06-08,2021-05-21,12,12
0000815097,2010-01-29,2021-01-26,12,12
0000815098,2010-07-13,2010-07-13,1,1
0000815353,2010-03-31,2011-04-15,2,2
0000815556,2010-02-09,2021-02-08,12,12
0000815917,2010-03-31,2021-03-12,12,12
0000816159,2010-03-12,2017-03-01,8,8
0000816284,2010-02-18,2019-02-26,10,10
0000816761,2010-02-26,2021-02-26,12,12
0000816956,2010-02-25,2021-02-22,12,12
0000817129,2010-03-31,2012-03-30,3,3
0000817135,2010-03-09,2017-03-10,8,8
0000817366,2010-02-26,2017-02-28,8,8
0000817473,2010-03-01,2016-02-17,7,7
0000817717,2010-04-16,2010-04-16,1,1
0000817720,2010-08-23,2021-08-23,12,12
0000817979,2010-03-30,2016-02-29,7,7
0000818033,2010-03-15,2021-02-24,12,12
0000818479,2010-02-22,2021-03-01,12,12
0000818677,2010-06-25,2021-03-29,12,12
0000818686,2018-02-12,2021-02-10,4,4
0000818806,2010-04-01,2010-04-01,1,1
0000818813,2010-03-31,2011-03-31,2,2
0000819050,2010-02-25,2021-03-09,12,12
0000819220,2010-06-14,2019-05-28,10,10
0000819551,2010-03-30,2010-03-30,1,1
0000819577,2010-03-30,2010-03-30,1,1
0000819689,2010-03-10,2020-03-30,11,11
0000819690,2019-01-22,2019-01-22,1,1
0000819793,2010-03-11,2021-02-25,12,12
0000819913,2010-03-25,2021-03-15,12,12
0000819926,2010-03-31,2021-04-16,12,12
0000820027,2010-02-24,2021-02-24,12,12
0000820081,2010-02-11,2019-02-13,10,10
0000820096,2010-08-12,2013-08-15,4,4
0000820097,2010-06-21,2012-05-31,3,3
0000820237,2010-02-25,2012-02-23,3,3
0000820313,2010-02-23,2021-02-10,12,12
0000820318,2010-08-27,2021-08-20,12,12
0000820380,2010-10-13,2017-05-12,4,4
0000820600,2010-04-14,2017-04-14,8,8
0000820608,2010-03-31,2021-04-15,12,12
0000820736,2010-02-26,2014-02-25,5,5
0000820738,2010-06-22,2015-06-18,6,6
0000820771,2011-09-27,2021-07-29,11,11
0000820901,2010-11-04,2017-12-01,11,8
0000820907,2010-09-13,2011-09-27,2,2
0000821002,2010-04-15,2021-03-26,12,12
0000821026,2010-02-26,2021-02-25,12,12
0000821127,2010-03-12,2021-03-01,12,12
0000821130,2010-02-25,2021-02-18,12,12
0000821189,2010-02-25,2021-02-25,12,12
0000821356,2010-07-14,2010-07-14,1,1
0000821483,2010-03-12,2021-03-08,12,12
0000821524,2010-04-14,2010-04-14,1,1
0000821536,2010-03-26,2011-04-11,2,2
0000821899,2010-09-14,2014-03-19,4,4
0000821995,2010-03-12,2018-03-09,9,9
0000822083,2010-03-26,2012-03-16,3,3
0000822370,2010-12-21,2021-05-04,11,8
0000822411,2010-03-31,2018-03-14,9,9
0000822416,2010-02-19,2021-02-02,12,12
0000822418,2010-03-30,2013-02-22,4,4
0000822434,2010-11-26,2010-11-26,1,1
0000822662,2010-03-10,2019-03-13,10,10
0000822663,2010-03-10,2021-03-01,12,12
0000822708,2010-03-30,2014-05-23,5,5
0000822746,2012-04-16,2021-03-30,10,10
0000822783,2010-03-31,2017-02-17,7,7
0000822818,2010-03-01,2021-02-24,12,12
0000822997,2010-04-14,2019-04-15,10,10
0000823070,2010-01-12,2010-01-12,1,1
0000823072,2011-03-01,2011-03-01,1,1
0000823094,2010-03-01,2019-02-28,10,10
0000823277,2010-11-12,2021-11-04,12,12
0000823544,2011-09-28,2013-07-08,4,3
0000823546,2010-03-15,2021-07-22,12,9
0000823768,2010-02-16,2021-02-22,12,12
0000823876,2010-08-13,2011-03-31,2,2
0000824068,2010-03-12,2010-03-12,1,1
0000824142,2010-03-15,2021-02-25,12,12
0000824410,2010-03-12,2021-02-19,12,12
0000824416,2014-12-15,2021-04-15,9,8
0000825313,2010-02-11,2021-02-11,12,12
0000825315,2010-03-12,2014-03-12,5,5
0000825322,2010-10-13,2021-10-13,12,9
0000825324,2010-12-23,2021-12-16,12,12
0000825410,2010-12-13,2016-12-14,7,6
0000825411,2010-12-23,2016-12-23,7,7
0000825542,2010-11-24,2021-11-23,12,12
0000825788,2010-03-26,2021-03-26,12,12
0000825881,2010-03-31,2011-03-31,2,2
0000825886,2010-03-31,2011-03-31,2,2
0000826083,2010-03-18,2013-03-12,4,4
0000826154,2010-03-15,2021-03-15,12,12
0000826253,2010-06-16,2021-06-01,12,10
0000826326,2010-03-19,2018-09-28,9,9
0000826444,2010-04-15,2010-04-15,1,1
0000826675,2010-03-08,2021-03-01,12,12
0000826683,2010-03-18,2015-03-31,6,6
0000826773,2010-03-31,2014-03-31,5,5
0000827052,2010-03-01,2021-02-25,12,12
0000827054,2010-06-02,2021-05-18,12,12
0000827099,2010-03-31,2021-03-30,12,10
0000827187,2010-02-25,2021-03-02,12,12
0000827230,2010-03-31,2014-03-31,5,5
0000827809,2010-03-10,2019-03-15,10,10
0000827830,2011-09-13,2011-09-13,1,1
0000827871,2014-12-22,2021-03-05,7,7
0000827876,2010-02-23,2021-12-14,13,11
0000828146,2016-03-25,2021-03-17,4,4
0000828530,2010-09-28,2021-09-15,12,12
0000828678,2010-03-31,2013-03-21,4,4
0000828750,2010-03-05,2011-03-01,2,2
0000828878,2010-04-15,2016-04-14,7,7
0000828916,2010-03-01,2021-02-26,12,12
0000828940,2010-04-15,2013-03-19,4,3
0000828944,2010-03-16,2021-03-01,12,12
0000829114,2010-03-25,2016-03-10,7,7
0000829117,2010-04-05,2011-03-31,2,2
0000829224,2010-11-22,2021-11-19,12,12
0000829323,2010-03-31,2021-02-11,12,12
0000829325,2010-03-31,2021-03-31,12,12
0000829608,2010-02-25,2010-02-25,1,1
0000830052,2010-03-11,2015-03-31,6,6
0000830056,2010-03-30,2010-03-30,1,1
0000830122,2010-03-01,2021-03-15,12,12
0000830159,2010-06-24,2013-06-27,4,4
0000830253,2010-11-29,2016-11-29,7,7
0000830483,2010-04-15,2016-04-14,7,7
0000830524,2010-11-15,2021-11-15,12,12
0000830616,2010-02-17,2021-01-29,12,12
0000830656,2010-03-31,2021-04-15,12,12
0000830664,2010-04-16,2011-04-15,2,2
0000830741,2010-04-20,2013-06-26,4,4
0000830748,2010-03-23,2018-03-12,9,9
0000830916,2010-11-15,2016-02-11,7,7
0000831001,2010-02-26,2021-02-26,12,12
0000831246,2010-03-31,2012-03-23,3,3
0000831259,2010-02-26,2021-02-16,12,12
0000831327,2010-12-29,2012-01-06,2,2
0000831355,2010-04-01,2019-04-25,10,10
0000831378,2010-04-30,2021-03-12,3,3
0000831489,2010-04-15,2020-01-31,10,10
0000831491,2010-03-30,2016-03-28,7,7
0000831547,2010-04-05,2021-03-31,12,12
0000831641,2010-11-16,2021-11-24,12,12
0000831749,2010-03-24,2012-03-27,3,3
0000831967,2010-02-24,2011-03-01,2,2
0000831968,2010-03-26,2016-03-21,7,7
0000832090,2020-03-27,2021-03-30,2,2
0000832101,2010-03-01,2021-02-25,12,12
0000832370,2010-10-21,2010-10-21,1,1
0000832428,2010-03-05,2021-02-26,12,12
0000832480,2010-03-31,2021-03-25,12,12
0000832488,2010-09-16,2019-09-30,10,10
0000832489,2010-03-08,2021-03-23,12,12
0000832818,2010-03-31,2012-03-30,3,3
0000832847,2010-03-19,2011-03-21,2,2
0000832988,2010-03-30,2021-03-19,12,12
0000833079,2010-03-05,2021-02-12,12,12
0000833081,2010-02-19,2011-02-18,2,2
0000833444,2010-11-12,2021-11-15,12,12
0000833640,2010-02-26,2021-02-05,12,12
0000833795,2010-02-19,2019-03-18,10,10
0000833845,2010-03-03,2010-03-03,1,1
0000834071,2010-06-10,2021-06-03,12,12
0000834162,2010-03-16,2015-03-16,6,6
0000834285,2010-03-16,2021-03-11,12,12
0000834365,2010-03-30,2021-03-31,12,12
0000835011,2010-09-03,2021-02-25,12,12
0000835012,2010-03-31,2011-04-15,2,2
0000835095,2010-06-29,2014-06-20,5,5
0000835324,2010-03-12,2021-02-26,12,12
0000835357,2010-03-10,2012-03-08,3,3
0000835662,2010-08-30,2021-04-01,12,12
0000835688,2010-04-15,2010-04-15,1,1
0000835729,2010-05-07,2013-05-09,4,4
0000835887,2010-03-15,2020-03-13,11,11
0000836106,2010-02-24,2012-02-24,3,3
0000836147,2010-03-22,2021-03-12,12,12
0000836157,2010-11-10,2021-10-21,12,12
0000836429,2010-10-12,2015-10-14,6,6
0000836564,2010-08-16,2021-03-02,12,12
0000836658,2010-03-31,2018-03-16,9,9
0000836690,2010-12-14,2021-12-22,12,11
0000836809,2010-10-12,2019-10-15,10,10
0000836937,2010-10-13,2021-10-13,11,10
0000837010,2010-04-01,2021-03-16,12,12
0000837173,2010-02-26,2015-02-26,6,6
0000837465,2010-02-26,2021-03-01,12,12
0000837490,2010-01-27,2013-07-23,3,3
0000837583,2010-03-30,2013-03-08,4,4
0000837852,2010-04-15,2021-03-31,12,12
0000837919,2010-04-15,2019-04-15,10,10
0000838796,2010-03-31,2017-04-18,8,8
0000838875,2010-03-29,2021-03-15,12,12
0000838879,2010-04-15,2012-06-29,3,3
0000839087,2010-08-30,2021-05-05,12,12
0000839345,2010-06-29,2011-06-29,2,2
0000839441,2010-06-18,2015-06-29,3,3
0000839443,2010-03-31,2012-03-30,3,3
0000839470,2010-03-16,2021-02-16,12,12
0000840216,2010-03-30,2010-03-30,1,1
0000840264,2010-03-31,2013-03-29,4,4
0000840459,2010-03-30,2010-03-30,1,1
0000840467,2010-02-22,2011-02-23,2,2
0000840489,2010-03-15,2021-02-01,12,12
0000840715,2010-05-07,2021-03-31,12,12
0000840883,2010-03-04,2014-03-13,5,5
0000840886,2010-03-31,2010-03-31,1,1
0000840889,2010-02-26,2014-03-21,5,5
0000841360,2012-11-01,2017-08-21,8,6
0000841501,2010-03-31,2013-03-27,4,4
0000841535,2010-04-08,2016-03-24,7,7
0000841543,2010-03-30,2010-03-30,1,1
0000841692,2010-11-03,2011-11-04,2,2
0000841866,2011-06-14,2011-06-14,1,1
0000842013,2010-04-15,2021-03-31,12,12
0000842023,2010-08-27,2021-08-25,12,12
0000842162,2010-02-26,2021-02-10,12,12
0000842183,2010-03-12,2021-02-18,12,12
0000842295,2010-03-24,2018-03-27,9,9
0000842314,2010-06-28,2016-06-21,7,7
0000842517,2010-03-11,2021-03-10,12,12
0000842518,2010-03-05,2021-03-19,12,12
0000842633,2010-03-04,2021-02-25,12,12
0000842694,2010-03-31,2013-04-15,4,4
0000842695,2010-03-31,2010-03-31,1,1
0000842717,2020-04-14,2021-03-29,2,2
0000842722,2010-02-12,2015-01-13,6,6
0000842900,2010-03-30,2011-03-31,2,2
0000843006,2010-03-16,2021-03-04,12,12
0000843212,2010-10-13,2018-10-23,9,9
0000843368,2010-03-02,2016-03-10,7,7
0000843762,2010-05-25,2011-05-13,2,2
0000844048,2010-03-31,2015-03-31,6,6
0000844059,2010-12-03,2021-03-19,11,11
0000844143,2010-02-03,2019-05-16,10,10
0000844161,2010-04-15,2020-04-30,11,11
0000844538,2011-03-28,2019-12-02,10,9
0000844788,2010-05-17,2014-05-16,5,5
0000844789,2010-03-16,2012-03-27,3,3
0000844856,2010-03-31,2021-03-08,12,12
0000844887,2010-04-15,2021-09-03,9,7
0000844965,2010-03-01,2021-03-05,12,12
0000844985,2010-04-15,2015-03-31,6,6
0000845072,2010-03-31,2010-03-31,1,1
0000845091,2010-03-25,2018-03-29,9,9
0000845289,2010-03-16,2017-03-06,8,8
0000845385,2010-04-08,2021-03-31,12,11
0000845399,2010-03-31,2011-03-31,2,2
0000845698,2010-02-23,2021-03-11,12,12
0000845750,2010-06-29,2011-06-27,2,2
0000845818,2010-03-12,2011-03-11,2,2
0000845819,2010-12-03,2021-04-06,12,11
0000845877,2010-03-16,2021-02-25,12,12
0000846377,2010-05-17,2017-03-28,8,7
0000846475,2010-03-31,2021-02-25,12,12
0000846581,2010-03-25,2016-03-10,7,7
0000846617,2010-03-11,2021-03-15,12,12
0000846775,2010-03-26,2010-03-26,1,1
0000846876,2010-03-24,2012-03-27,3,3
0000846901,2010-03-16,2021-03-08,12,12
0000846913,2010-03-04,2021-03-15,12,12
0000846931,2010-03-29,2016-03-15,7,7
0000847015,2010-03-19,2015-04-15,6,6
0000847320,2010-03-31,2011-03-31,2,2
0000847383,2010-06-11,2012-07-19,3,3
0000847384,2010-03-31,2011-03-31,2,2
0000847415,2010-03-31,2013-04-01,4,4
0000847416,2010-04-15,2014-03-26,5,5
0000847431,2010-03-15,2010-03-15,1,1
0000847464,2011-03-01,2018-06-29,9,8
0000847942,2010-03-31,2021-03-31,12,12
0000849145,2010-03-31,2021-03-08,12,12
0000849146,2010-09-15,2021-08-19,12,12
0000849213,2010-02-25,2016-02-18,7,7
0000849240,2010-03-10,2010-03-10,1,1
0000849399,2010-05-24,2021-05-21,12,12
0000849401,2010-06-29,2021-07-14,12,12
0000849502,2010-02-18,2012-03-07,3,3
0000849547,2010-05-28,2018-07-16,9,9
0000849636,2010-04-08,2021-04-15,12,11
0000849706,2010-03-26,2017-03-17,8,8
0000849869,2010-03-01,2021-02-25,12,12
0000850033,2010-03-01,2021-03-16,12,12
0000850141,2010-03-01,2021-02-26,12,12
0000850209,2010-03-29,2021-03-25,12,12
0000850261,2010-03-25,2021-02-19,12,12
0000850429,2010-03-04,2021-03-16,12,12
0000850460,2010-03-05,2021-02-22,12,12
0000850483,2010-03-05,2012-03-29,3,3
0000850579,2010-03-04,2014-03-07,5,5
0000850606,2010-06-29,2012-06-27,3,3
0000850660,2010-03-09,2014-03-31,4,4
0000850693,2010-02-26,2015-02-19,6,6
0000850971,2021-03-26,2021-03-26,1,1
0000851205,2010-02-11,2021-02-11,12,12
0000851249,2010-09-28,2012-09-28,3,3
0000851310,2010-03-01,2021-03-02,12,12
0000851520,2010-02-24,2021-02-26,12,12
0000851726,2010-09-28,2020-07-15,9,8
0000851968,2010-02-26,2021-02-24,12,12
0000852437,2010-09-28,2015-09-15,7,6
0000852564,2010-09-28,2014-09-29,5,5
0000852570,2010-03-03,2013-04-01,4,4
0000852766,2010-04-14,2011-03-29,2,2
0000852772,2010-03-12,2021-03-01,12,12
0000852953,2010-06-29,2012-06-29,3,3
0000853496,2010-03-12,2018-03-15,9,9
0000853566,2010-06-29,2016-06-23,7,7
0000853695,2010-04-15,2011-04-15,2,2
0000853816,2010-02-23,2021-02-23,12,12
0000854071,2010-03-31,2010-03-31,1,1
0000854092,2010-03-31,2011-03-31,3,2
0000854395,2010-03-16,2014-03-31,5,5
0000854398,2010-12-13,2013-12-20,4,4
0000854560,2010-03-24,2021-03-05,12,12
0000854701,2010-12-13,2014-12-11,5,5
0000854775,2010-11-29,2021-11-24,12,12
0000854800,2010-03-31,2021-03-31,12,12
0000854852,2010-04-15,2015-03-31,6,6
0000854860,2010-12-22,2012-12-12,3,3
0000855574,2010-03-31,2015-03-26,6,6
0000855612,2010-03-15,2021-03-05,12,12
0000855654,2010-08-27,2021-03-01,12,12
0000855658,2010-03-10,2021-02-26,12,12
0000855667,2010-01-13,2010-01-13,1,1
0000855683,2010-03-10,2021-03-31,12,12
0000855787,2015-04-02,2021-04-29,7,7
0000855874,2010-03-10,2021-03-04,12,12
0000855906,2010-03-18,2010-03-18,1,1
0000855931,2010-02-26,2017-02-24,8,8
0000856135,2010-06-25,2019-06-21,10,10
0000856569,2010-04-19,2011-10-03,2,2
0000856982,2010-03-10,2021-03-01,12,12
0000856984,2010-04-14,2021-03-11,12,10
0000857005,2010-11-23,2021-11-22,12,12
0000857073,2010-03-15,2010-03-15,1,1
0000857115,2010-06-29,2011-07-01,2,2
0000857501,2010-09-13,2018-06-27,8,6
0000857737,2010-02-26,2021-03-31,12,12
0000857855,2010-02-26,2021-02-25,12,12
0000857872,2011-03-31,2012-03-30,2,2
0000857949,2010-09-07,2021-10-13,12,12
0000857957,2010-03-17,2011-03-31,2,2
0000858339,2010-03-09,2020-02-25,11,11
0000858452,2010-03-03,2012-03-15,3,3
0000858470,2010-02-26,2021-02-26,12,12
0000858655,2010-11-18,2021-11-18,12,12
0000858748,2010-05-17,2013-06-07,4,3
0000858800,2010-03-22,2021-03-19,12,12
0000858803,2010-12-08,2014-12-10,5,5
0000858877,2010-09-21,2021-09-09,12,12
0000859014,2010-05-27,2014-05-30,5,5
0000859070,2010-03-04,2021-03-12,12,12
0000859139,2010-03-01,2012-02-29,3,3
0000859163,2010-05-20,2019-05-17,10,10
0000859222,2010-03-25,2018-03-28,9,9
0000859313,2010-04-13,2011-04-18,2,2
0000859368,2010-03-01,2012-02-28,3,3
0000859475,2010-03-15,2011-03-07,2,2
0000859598,2010-02-25,2021-02-25,12,12
0000859737,2010-11-24,2021-11-16,12,12
0000859747,2016-06-20,2017-06-14,2,2
0000859792,2010-04-15,2010-04-15,1,1
0000859905,2010-03-31,2011-03-31,2,2
0000859906,2010-03-31,2011-03-31,2,2
0000859910,2010-03-31,2011-03-31,2,2
0000859911,2010-03-31,2011-03-31,2,2
0000859917,2014-04-15,2015-04-13,2,2
0000859921,2010-04-15,2015-03-31,6,6
0000860131,2010-10-13,2021-09-24,8,7
0000860331,2010-06-29,2012-06-14,3,3
0000860401,2010-04-15,2010-04-15,1,1
0000860413,2010-02-19,2021-03-01,12,12
0000860518,2010-10-20,2016-10-20,7,7
0000860519,2010-03-17,2012-03-30,3,3
0000860543,2010-01-13,2021-03-31,12,9
0000860546,2010-02-19,2021-02-12,12,12
0000860730,2010-03-01,2021-02-19,12,12
0000860731,2010-02-25,2021-02-19,12,12
0000860748,2010-02-01,2021-02-10,12,12
0000861361,2010-02-25,2017-02-28,8,8
0000861370,2010-12-23,2012-04-24,2,2
0000861441,2010-03-26,2021-03-30,12,12
0000861459,2010-02-26,2021-03-30,12,11
0000861838,2010-03-10,2021-03-01,12,12
0000861842,2010-03-16,2021-03-01,12,12
0000861878,2010-02-26,2021-02-25,12,12
0000861884,2010-02-26,2021-02-25,12,12
0000861955,2010-03-25,2012-03-23,3,3
0000862022,2010-02-23,2021-03-31,12,12
0000862480,2010-02-18,2013-02-27,4,4
0000862510,2010-02-24,2012-02-27,3,3
0000862651,2010-06-29,2021-06-29,12,12
0000862668,2010-10-12,2021-09-27,12,12
0000862692,2010-03-01,2021-03-01,12,12
0000862831,2010-03-12,2021-03-15,12,12
0000862861,2010-03-18,2021-03-30,12,12
0000862923,2010-03-25,2014-03-27,5,5
0000863015,2010-06-08,2016-06-21,7,7
0000863061,2010-10-14,2014-09-08,4,4
0000863110,2010-03-11,2021-03-12,12,12
0000863157,2010-03-25,2014-03-27,5,5
0000863436,2010-03-01,2021-03-01,12,12
0000863456,2010-03-31,2014-03-27,5,5
0000863650,2010-03-18,2010-03-18,1,1
0000863680,2010-03-12,2011-03-21,2,2
0000863894,2010-12-03,2021-12-02,12,11
0000863895,2010-04-09,2017-04-28,8,8
0000864233,2010-03-12,2012-02-29,3,3
0000864240,2010-03-23,2021-03-18,12,12
0000864264,2010-03-26,2015-03-31,6,6
0000864270,2014-06-20,2021-06-24,8,8
0000864509,2010-06-25,2018-06-11,9,9
0000864559,2010-03-02,2016-03-07,7,7
0000864683,2010-06-17,2015-06-15,6,6
0000864749,2010-02-26,2021-02-26,12,12
0000864839,2010-03-19,2018-03-23,9,9
0000864921,2010-04-15,2011-04-15,2,2
0000865058,2010-03-26,2021-03-19,12,12
0000865415,2010-09-17,2015-08-31,6,6
0000865436,2010-11-24,2017-11-17,8,8
0000865549,2010-03-31,2013-04-01,4,4
0000865570,2010-06-04,2012-06-11,3,3
0000865752,2010-03-01,2021-03-01,12,12
0000865754,2010-03-04,2013-02-21,4,4
0000865911,2010-03-15,2017-03-03,8,8
0000865917,2010-01-29,2012-01-30,3,3
0000865941,2010-08-31,2016-09-13,7,7
0000866054,2010-03-29,2012-03-28,3,3
0000866121,2010-05-24,2018-02-22,9,9
0000866273,2010-09-28,2021-09-13,12,12
0000866291,2021-05-19,2021-05-19,1,1
0000866368,2010-02-26,2021-02-23,12,12
0000866374,2010-05-24,2021-05-19,12,12
0000866439,2010-04-13,2021-04-15,13,12
0000866458,2010-03-26,2013-04-11,4,4
0000866609,2010-03-01,2021-02-12,12,12
0000866706,2010-11-29,2021-11-29,12,12
0000866729,2010-07-26,2021-07-23,12,12
0000866787,2010-10-25,2021-10-25,12,12
0000866829,2010-02-26,2021-02-25,12,12
0000866830,2010-03-30,2010-03-30,1,1
0000866873,2010-06-29,2010-06-29,1,1
0000866970,2010-04-13,2017-04-14,8,8
0000867028,2013-03-15,2021-04-06,9,9
0000867038,2010-04-15,2021-04-15,12,12
0000867374,2010-03-02,2019-02-27,10,10
0000867493,2010-03-12,2012-03-15,4,3
0000867665,2010-03-18,2021-05-07,12,12
0000867687,2010-04-15,2012-05-16,3,3
0000867773,2010-03-19,2021-02-22,12,12
0000867840,2010-09-21,2021-09-28,12,12
0000867963,2010-09-08,2014-04-16,5,5
0000868082,2010-03-31,2021-03-25,12,12
0000868267,2010-03-30,2013-03-29,4,4
0000868271,2010-03-15,2021-03-31,12,12
0000868278,2010-03-26,2021-03-31,12,12
0000868368,2010-12-10,2012-12-19,3,3
0000868611,2010-10-29,2018-10-23,9,9
0000868671,2010-03-01,2021-03-01,12,12
0000868689,2010-06-29,2011-07-15,2,2
0000868725,2010-12-14,2017-04-07,8,8
0000868740,2010-03-30,2014-03-31,5,5
0000868756,2010-04-16,2010-04-16,1,1
0000868780,2010-03-05,2021-02-22,12,12
0000868809,2010-02-25,2010-02-25,1,1
0000868857,2010-11-22,2021-11-17,12,12
0000869090,2010-03-30,2015-03-30,14,6
0000869187,2010-04-14,2016-04-14,7,7
0000869369,2010-04-15,2010-04-15,1,1
0000869484,2010-03-31,2011-04-04,2,2
0000869487,2010-08-26,2013-09-27,4,4
0000869495,2010-01-13,2021-09-27,12,9
0000869531,2010-05-14,2019-04-01,10,7
0000869615,2010-06-24,2010-06-24,1,1
0000869660,2010-06-29,2011-06-27,2,2
0000869986,2010-06-29,2014-06-30,5,5
0000870069,2010-04-16,2010-04-16,1,1
0000870385,2015-03-20,2020-03-02,6,6
0000870398,2013-02-25,2013-02-25,1,1
0000870732,2010-03-31,2014-05-14,5,5
0000870743,2010-08-02,2012-10-15,4,3
0000870753,2010-03-30,2017-03-31,8,8
0000870815,2010-06-29,2012-06-29,3,3
0000870826,2010-04-15,2021-04-23,12,12
0000871344,2010-10-13,2015-12-16,6,6
0000871763,2010-02-19,2021-02-19,12,12
0000872248,2010-02-26,2019-03-28,10,10
0000872448,2010-03-01,2016-02-29,7,7
0000872544,2011-12-07,2012-04-03,3,2
0000872545,2010-03-26,2010-03-26,1,1
0000872589,2010-02-18,2021-02-08,12,12
0000872821,2010-02-22,2011-03-01,2,2
0000872835,2010-03-12,2014-03-14,5,5
0000872912,2010-02-26,2021-03-31,12,12
0000872947,2010-03-24,2010-03-24,1,1
0000873044,2010-03-15,2018-02-28,9,9
0000873185,2010-01-12,2013-01-16,4,3
0000873198,2010-04-02,2015-07-17,6,6
0000873303,2010-03-16,2021-03-01,12,12
0000873364,2010-02-12,2011-02-11,2,2
0000873540,2010-08-13,2015-01-20,4,4
0000873799,2010-03-29,2020-03-26,11,11
0000873860,2010-03-08,2021-02-19,12,12
0000874015,2010-03-01,2021-02-24,12,12
0000874016,2010-02-16,2014-02-18,5,5
0000874214,2010-03-12,2015-03-13,6,6
0000874238,2010-03-15,2021-03-03,12,12
0000874292,2010-12-14,2021-12-27,12,12
0000874396,2010-03-18,2021-03-10,12,12
0000874444,2010-04-14,2011-03-28,2,2
0000874482,2010-03-31,2011-03-31,2,2
0000874495,2010-03-23,2012-03-29,3,3
0000874499,2010-03-12,2021-03-05,12,12
0000874501,2010-04-09,2021-03-01,12,12
0000874663,2010-05-21,2011-05-20,2,2
0000874691,2010-03-31,2012-03-30,3,3
0000874710,2010-09-23,2021-09-28,12,12
0000874716,2010-02-19,2021-02-12,12,12
0000874733,2010-09-08,2012-09-11,3,3
0000874734,2010-03-08,2010-03-08,1,1
0000874761,2010-02-26,2021-02-25,12,12
0000874766,2010-02-23,2021-02-19,12,12
0000874792,2010-03-26,2016-04-14,7,7
0000874841,2010-03-31,2015-03-26,6,6
0000874866,2010-06-11,2021-05-28,12,12
0000874977,2010-03-05,2021-03-10,12,12
0000875045,2010-02-09,2021-02-03,12,12
0000875159,2010-03-01,2018-02-23,9,9
0000875278,2010-06-29,2012-06-20,4,3
0000875296,2010-03-31,2017-02-15,8,8
0000875320,2010-02-19,2021-02-11,12,12
0000875355,2010-03-31,2021-03-11,12,12
0000875357,2010-02-26,2021-02-24,12,12
0000875582,2010-11-23,2021-11-19,12,12
0000875622,2010-03-15,2020-03-16,11,11
0000875657,2010-03-16,2021-02-04,12,12
0000875729,2010-09-21,2021-09-29,12,12
0000876134,2010-04-06,2014-04-04,5,5
0000876167,2010-01-29,2021-01-27,12,12
0000876343,2010-02-17,2021-03-11,12,12
0000876367,2010-09-14,2013-10-04,4,4
0000876378,2010-03-31,2021-03-11,12,12
0000876427,2010-06-10,2021-05-26,12,12
0000876437,2010-03-01,2021-02-23,12,12
0000876523,2010-11-24,2021-11-17,12,12
0000876883,2010-03-10,2021-03-16,12,12
0000877212,2010-02-23,2021-02-11,12,12
0000877422,2010-05-17,2021-03-03,12,12
0000877476,2010-03-08,2011-03-03,2,2
0000877860,2010-02-22,2021-02-22,12,12
0000877890,2010-02-24,2021-02-08,12,12
0000878004,2010-03-05,2020-03-20,11,11
0000878079,2010-04-16,2017-04-12,8,8
0000878088,2010-02-25,2015-03-13,5,5
0000878375,2010-03-23,2013-03-18,4,4
0000878520,2010-08-31,2014-09-05,5,5
0000878522,2010-12-16,2012-12-17,3,3
0000878526,2010-03-15,2021-02-26,12,12
0000878560,2010-03-05,2017-02-28,8,8
0000878616,2010-03-29,2011-03-30,2,2
0000878726,2010-08-31,2021-09-13,12,12
0000878802,2010-04-13,2016-03-28,7,7
0000878828,2010-04-15,2021-03-19,12,12
0000878927,2010-03-01,2021-02-24,12,12
0000878932,2010-03-31,2021-03-31,12,12
0000879101,2010-03-01,2021-02-23,12,12
0000879169,2010-03-05,2021-02-09,12,12
0000879181,2010-03-04,2010-03-04,1,1
0000879407,2010-12-22,2021-11-22,12,12
0000879437,2010-02-26,2010-02-26,1,1
0000879519,2011-09-01,2017-02-14,9,7
0000879526,2010-03-26,2021-02-25,12,12
0000879555,2010-06-29,2019-06-20,10,10
0000879575,2010-03-03,2018-02-22,9,9
0000879585,2010-03-16,2021-03-01,12,12
0000879635,2010-03-16,2021-03-15,12,12
0000879682,2010-03-30,2021-03-18,12,12
0000879703,2010-03-26,2017-03-29,8,8
0000879796,2010-10-29,2016-10-28,7,7
0000879884,2010-03-05,2010-03-05,1,1
0000879911,2010-03-16,2021-04-12,12,12
0000879993,2010-03-04,2012-03-06,3,3
0000880059,2010-09-01,2014-10-16,5,5
0000880114,2010-03-26,2011-03-30,2,2
0000880115,2010-03-12,2017-03-02,8,8
0000880116,2010-02-25,2016-02-26,7,7
0000880117,2010-08-26,2021-08-18,12,12
0000880177,2013-02-19,2014-02-19,2,2
0000880242,2010-04-06,2021-03-30,12,12
0000880266,2010-02-26,2021-03-01,12,12
0000880285,2010-02-19,2018-02-16,9,9
0000880417,2010-03-26,2021-03-16,12,12
0000880432,2010-09-28,2021-09-02,12,11
0000880446,2010-12-01,2014-12-04,5,5
0000880460,2010-04-30,2017-04-28,8,8
0000880555,2013-06-24,2016-06-29,4,4
0000880562,2010-07-12,2015-08-05,6,6
0000880584,2011-07-26,2011-07-26,1,1
0000880631,2012-03-29,2021-02-19,10,10
0000880641,2010-03-17,2021-03-30,12,12
0000880643,2010-03-29,2012-03-28,3,3
0000880771,2010-03-16,2017-03-09,8,8
0000880804,2010-03-01,2015-03-16,6,6
0000880807,2010-05-27,2021-06-02,12,12
0000880984,2010-03-22,2021-03-16,12,12
0000881453,2010-03-12,2021-03-19,12,12
0000881464,2010-02-26,2012-02-22,3,3
0000881524,2010-03-10,2020-03-03,11,11
0000881665,2010-02-26,2011-02-23,2,2
0000881695,2010-03-05,2013-03-14,4,4
0000881716,2010-07-01,2012-06-25,3,3
0000881787,2010-02-23,2021-04-13,12,12
0000881790,2010-09-10,2015-09-11,6,6
0000881890,2010-06-14,2018-05-30,9,9
0000882095,2010-03-01,2021-02-25,12,12
0000882104,2010-03-01,2021-03-29,12,12
0000882154,2010-03-11,2016-03-14,7,7
0000882184,2010-11-17,2021-11-18,12,12
0000882235,2010-02-25,2012-02-23,3,3
0000882289,2011-02-25,2013-03-11,3,3
0000882291,2010-07-02,2021-06-24,12,12
0000882361,2019-03-12,2021-03-23,3,3
0000882508,2010-03-12,2021-03-23,12,12
0000882796,2010-03-09,2021-03-01,12,12
0000882800,2012-03-30,2021-04-15,10,10
0000882829,2010-12-16,2013-12-18,4,4
0000882835,2010-02-26,2021-02-22,12,12
0000882873,2010-09-17,2014-09-19,5,5
0000883107,2010-03-31,2021-03-26,12,12
0000883237,2010-03-08,2021-02-26,12,12
0000883241,2010-12-17,2021-12-13,12,12
0000883293,2010-03-08,2013-03-01,4,4
0000883476,2010-04-01,2010-04-01,1,1
0000883569,2010-03-03,2021-03-12,12,12
0000883758,2010-03-30,2012-03-30,3,3
0000883902,2010-12-22,2021-03-04,11,10
0000883943,2010-05-13,2020-03-16,11,11
0000883945,2010-03-16,2021-02-24,12,12
0000883948,2010-03-16,2021-02-26,12,12
0000883975,2010-03-11,2021-03-31,12,12
0000883980,2010-03-11,2019-02-27,10,10
0000883981,2010-03-09,2011-03-04,2,2
0000883984,2010-02-19,2021-02-26,12,12
0000884130,2010-03-31,2013-06-20,4,4
0000884144,2011-03-31,2021-03-11,11,11
0000884217,2010-03-31,2020-04-08,11,11
0000884219,2010-03-08,2021-03-02,12,12
0000884269,2010-03-10,2021-03-10,12,12
0000884363,2011-03-30,2021-03-31,11,11
0000884382,2010-03-11,2011-03-07,2,2
0000884497,2010-03-12,2011-03-16,2,2
0000884504,2010-03-31,2014-03-31,5,5
0000884614,2010-11-19,2021-11-19,12,12
0000884624,2010-03-02,2021-02-26,12,12
0000884629,2010-03-01,2013-02-28,4,4
0000884650,2010-02-26,2021-03-30,12,11
0000884713,2010-03-16,2021-03-03,12,12
0000884731,2010-03-16,2016-02-29,7,7
0000884887,2010-02-23,2021-02-26,12,12
0000884892,2010-03-30,2011-03-31,2,2
0000884905,2010-02-24,2018-02-28,9,9
0000884940,2010-04-15,2020-06-15,11,11
0000885074,2010-10-13,2019-10-15,11,10
0000885245,2010-03-31,2021-03-31,12,12
0000885275,2010-03-16,2021-03-12,12,12
0000885306,2010-03-12,2017-02-28,8,8
0000885307,2010-11-03,2021-11-29,12,12
0000885317,2010-03-29,2011-04-15,2,2
0000885322,2010-06-29,2016-03-11,7,7
0000885462,2010-03-02,2021-04-08,12,12
0000885475,2010-04-13,2015-04-15,6,6
0000885508,2010-03-31,2021-03-15,12,12
0000885531,2010-02-26,2012-03-20,3,3
0000885542,2010-03-31,2012-03-01,3,3
0000885550,2010-03-03,2021-02-12,12,12
0000885551,2010-06-14,2012-05-23,3,3
0000885568,2010-03-17,2021-03-16,12,12
0000885590,2010-02-26,2021-02-24,12,12
0000885639,2010-03-19,2021-03-18,12,12
0000885708,2010-03-31,2010-03-31,1,1
0000885721,2010-02-24,2012-02-22,3,3
0000885725,2010-02-26,2021-02-23,12,12
0000885780,2010-09-14,2010-09-14,1,1
0000885975,2010-03-12,2021-03-03,12,12
0000885978,2010-03-12,2021-03-01,12,12
0000885988,2010-03-10,2012-03-06,3,3
0000886035,2010-03-01,2018-02-28,9,9
0000886093,2018-05-08,2021-09-16,7,3
0000886128,2010-01-14,2021-12-29,13,12
0000886136,2010-03-16,2021-03-16,12,12
0000886137,2010-05-06,2018-05-11,9,9
0000886158,2010-04-27,2021-04-22,12,12
0000886163,2010-03-03,2021-02-24,12,12
0000886171,2010-03-10,2018-03-12,9,9
0000886206,2010-11-12,2021-11-12,12,12
0000886328,2010-06-10,2016-06-23,7,7
0000886346,2010-03-16,2021-03-02,12,12
0000886475,2010-01-20,2014-06-27,6,5
0000886744,2010-02-26,2021-03-11,12,12
0000886835,2010-02-26,2021-03-26,12,12
0000886912,2010-04-07,2012-04-16,3,3
0000886982,2010-03-01,2021-02-22,12,12
0000887149,2010-03-26,2014-03-28,4,4
0000887150,2010-03-22,2015-12-11,6,6
0000887151,2010-03-12,2019-03-22,10,10
0000887226,2010-09-27,2020-09-28,11,11
0000887247,2010-07-14,2021-04-15,12,12
0000887343,2010-03-04,2021-02-26,12,12
0000887359,2010-09-07,2021-02-24,12,12
0000887396,2010-03-30,2021-03-31,12,12
0000887426,2010-03-31,2011-03-31,2,2
0000887497,2010-07-14,2013-07-11,4,4
0000887568,2010-12-17,2011-11-23,2,2
0000887596,2010-02-26,2021-02-24,12,12
0000887637,2010-03-26,2012-02-23,3,3
0000887708,2010-06-09,2010-06-09,1,1
0000887730,2010-05-25,2020-05-28,11,11
0000887733,2010-11-19,2021-11-23,12,12
0000887905,2010-02-24,2021-02-18,12,12
0000887919,2010-03-30,2021-03-22,12,12
0000887921,2010-02-25,2021-03-11,12,12
0000887936,2010-02-26,2021-02-25,12,12
0000887969,2010-03-16,2017-03-09,8,8
0000888002,2010-03-10,2011-03-10,2,2
0000888165,2010-03-01,2014-03-13,5,5
0000888228,2010-02-23,2014-02-18,5,5
0000888471,2010-03-31,2021-03-30,12,12
0000888491,2010-03-01,2021-02-22,12,12
0000888504,2010-04-02,2018-04-10,9,9
0000888702,2010-05-10,2013-02-13,5,4
0000888719,2010-04-14,2011-10-13,3,2
0000888919,2010-03-01,2015-02-27,6,6
0000888953,2010-03-10,2012-03-14,3,3
0000888981,2010-03-31,2021-03-30,10,10
0000889123,2010-03-31,2021-04-15,12,12
0000889156,2010-12-15,2013-12-12,4,4
0000889331,2010-02-26,2021-02-18,12,12
0000889348,2010-03-23,2021-04-15,12,12
0000889423,2010-03-12,2012-03-15,3,3
0000889428,2010-03-22,2015-03-31,6,6
0000889570,2010-03-22,2015-03-20,6,6
0000889609,2010-04-01,2021-03-10,12,12
0000889900,2010-02-19,2021-02-09,12,12
0000889930,2010-09-24,2014-09-24,5,5
0000889936,2010-03-01,2017-03-01,8,8
0000889971,2010-09-16,2021-09-13,12,12
0000890066,2010-03-12,2021-03-26,12,12
0000890264,2013-04-09,2017-03-22,5,5
0000890319,2010-02-26,2020-02-27,11,11
0000890394,2010-03-26,2021-03-18,12,12
0000890447,2010-03-30,2021-03-09,12,12
0000890465,2010-03-11,2015-02-18,6,6
0000890491,2010-06-30,2019-06-19,10,10
0000890493,2010-03-30,2013-03-29,8,4
0000890543,2010-10-08,2017-09-28,8,8
0000890547,2010-02-25,2021-03-11,12,12
0000890564,2010-03-16,2021-03-01,12,12
0000890634,2010-12-14,2010-12-14,1,1
0000890725,2012-10-05,2012-10-22,4,1
0000890801,2010-02-26,2011-02-28,2,2
0000890821,2010-03-30,2021-04-01,12,12
0000890846,2010-05-28,2014-06-09,5,5
0000890908,2010-11-19,2015-11-30,6,4
0000890923,2010-11-29,2013-12-17,4,4
0000890926,2010-03-03,2021-02-26,12,12
0000891014,2010-02-25,2021-02-19,12,12
0000891024,2010-06-23,2021-06-23,12,12
0000891098,2010-02-23,2011-03-09,2,2
0000891103,2010-02-26,2021-02-25,12,12
0000891106,2010-03-16,2014-02-26,5,5
0000891166,2010-03-16,2021-02-26,12,12
0000891178,2010-03-12,2011-03-14,2,2
0000891288,2010-03-16,2014-02-26,5,5
0000891293,2010-02-26,2021-03-17,12,12
0000891377,2010-03-31,2010-03-31,1,1
0000891417,2010-03-04,2021-05-28,12,12
0000891456,2010-02-25,2013-02-21,4,4
0000891462,2010-04-15,2011-09-13,2,2
0000891482,2010-03-24,2021-03-12,12,12
0000891532,2010-03-12,2021-03-29,12,12
0000891919,2010-04-15,2015-04-17,6,6
0000892025,2010-12-29,2010-12-29,1,1
0000892160,2010-03-31,2016-03-15,7,7
0000892222,2010-03-29,2020-03-11,11,11
0000892342,2010-06-29,2011-06-29,2,2
0000892482,2010-03-12,2021-03-10,12,12
0000892537,2010-02-26,2021-02-19,12,12
0000892553,2010-02-26,2021-03-01,12,12
0000892822,2010-12-23,2012-12-28,3,3
0000892832,2010-03-26,2021-03-29,12,12
0000892875,2010-03-23,2012-03-09,3,3
0000892907,2010-06-18,2014-07-01,5,5
0000892986,2010-03-03,2017-04-07,8,8
0000892997,2010-06-29,2015-06-19,6,6
0000893467,2010-03-31,2013-03-18,4,4
0000893486,2010-05-21,2010-05-21,1,1
0000893538,2010-02-24,2021-02-18,12,12
0000893691,2014-02-27,2021-02-25,8,8
0000893739,2010-03-16,2017-03-15,8,8
0000893847,2010-03-15,2021-03-12,12,12
0000893949,2010-02-25,2021-02-18,12,12
0000893955,2010-02-26,2010-02-26,1,1
0000893958,2014-03-28,2020-03-25,58,7
0000893965,2010-01-14,2010-01-14,1,1
0000894081,2010-03-31,2021-03-01,12,12
0000894158,2010-03-31,2021-03-04,12,12
0000894237,2010-06-02,2018-03-30,9,9
0000894245,2010-03-30,2021-03-30,12,12
0000894267,2010-03-31,2010-03-31,1,1
0000894315,2010-02-26,2021-02-25,12,12
0000894329,2010-02-26,2021-03-23,12,12
0000894405,2010-02-24,2021-02-26,12,12
0000894537,2010-04-16,2010-04-16,1,1
0000894544,2010-03-30,2014-03-31,5,5
0000894556,2010-04-15,2021-09-29,2,2
0000894558,2010-04-16,2010-04-16,1,1
0000894560,2010-03-29,2021-04-15,12,12
0000894561,2010-07-02,2010-07-02,1,1
0000894627,2010-03-16,2021-03-09,12,12
0000894671,2010-03-16,2021-03-24,12,12
0000894738,2010-10-27,2011-10-06,2,2
0000894847,2012-04-18,2014-08-28,3,3
0000894871,2010-03-31,2021-08-16,12,10
0000895007,2010-03-31,2010-03-31,1,1
0000895051,2010-03-29,2021-03-30,12,12
0000895126,2010-03-01,2021-03-01,12,12
0000895329,2010-12-29,2013-12-31,4,4
0000895417,2010-02-25,2021-02-23,12,12
0000895419,2010-08-18,2021-08-18,12,12
0000895421,2010-02-26,2021-02-26,12,12
0000895447,2010-04-15,2021-03-26,12,12
0000895456,2010-03-02,2021-03-16,12,12
0000895464,2010-06-16,2021-04-23,12,12
0000895472,2010-03-29,2012-03-30,3,3
0000895474,2010-03-15,2013-03-15,4,4
0000895516,2010-09-16,2013-10-15,4,4
0000895541,2010-03-31,2011-03-21,2,2
0000895642,2010-03-11,2011-03-10,2,2
0000895648,2010-03-01,2010-03-01,1,1
0000895650,2010-11-15,2015-04-02,5,5
0000895655,2010-02-24,2016-02-26,7,7
0000895663,2010-02-26,2011-02-25,2,2
0000895665,2010-03-17,2021-03-31,12,12
0000895728,2018-02-16,2021-02-12,4,4
0000895930,2010-02-25,2016-02-25,7,7
0000895993,2010-04-12,2010-04-12,1,1
0000896156,2010-08-19,2021-08-19,12,12
0000896159,2010-02-25,2021-02-25,12,12
0000896262,2010-02-23,2021-02-25,12,12
0000896264,2010-03-17,2021-03-02,12,12
0000896400,2010-12-10,2014-11-12,5,5
0000896429,2010-09-21,2021-09-03,11,11
0000896493,2010-03-25,2021-04-15,12,12
0000896622,2010-02-26,2021-02-19,12,12
0000896726,2010-03-31,2012-03-28,3,3
0000896747,2010-03-30,2021-04-15,12,12
0000896778,2010-03-15,2013-03-08,4,4
0000896841,2010-03-16,2021-03-09,11,11
0000896842,2012-04-27,2013-05-03,2,2
0000896878,2010-09-16,2021-09-08,12,12
0000896985,2010-12-14,2019-04-16,9,9
0000897067,2010-02-26,2013-02-15,4,4
0000897075,2010-03-15,2017-03-31,8,8
0000897077,2010-03-15,2021-02-26,12,12
0000897078,2015-04-15,2021-04-15,7,7
0000897315,2010-06-25,2018-06-25,9,9
0000897429,2010-03-24,2021-03-09,12,12
0000897448,2011-03-16,2021-02-25,11,11
0000897723,2010-11-24,2021-11-12,12,12
0000897861,2010-03-31,2010-03-31,1,1
0000897893,2010-05-03,2014-04-30,5,5
0000898037,2010-03-18,2013-03-27,4,4
0000898171,2010-03-30,2021-03-05,12,12
0000898173,2010-02-26,2021-02-26,12,12
0000898174,2010-02-26,2021-02-26,12,12
0000898293,2010-10-21,2021-10-22,12,12
0000898437,2010-03-16,2021-03-05,12,12
0000898660,2010-03-31,2011-03-31,2,2
0000898770,2010-08-26,2021-08-25,12,12
0000899045,2010-02-26,2021-02-26,12,12
0000899051,2010-02-25,2021-02-22,12,12
0000899297,2010-06-29,2013-06-28,4,4
0000899394,2010-03-30,2021-04-01,5,5
0000899426,2010-03-31,2014-06-24,4,4
0000899460,2010-03-16,2021-02-25,12,12
0000899597,2010-09-02,2013-08-29,4,4
0000899629,2010-03-01,2021-02-22,12,12
0000899647,2010-03-26,2015-03-31,6,6
0000899689,2010-02-23,2021-02-16,12,12
0000899715,2010-03-01,2021-02-23,12,12
0000899723,2010-02-25,2015-03-02,6,6
0000899749,2010-02-22,2021-02-10,12,12
0000899751,2010-02-25,2021-03-04,12,12
0000899866,2010-02-23,2021-02-08,12,12
0000899881,2010-02-26,2011-02-28,2,2
0000899923,2010-08-12,2021-03-16,12,12
0000900017,2010-03-30,2011-03-24,2,2
0000900075,2010-09-23,2021-09-27,12,12
0000900349,2010-04-13,2018-04-17,9,9
0000900393,2010-09-28,2012-10-15,3,3
0000900708,2010-03-26,2010-03-26,1,1
0000901219,2010-03-02,2012-02-28,3,3
0000901491,2010-02-23,2021-02-25,12,12
0000901842,2010-03-23,2014-03-28,4,4
0000902272,2010-03-29,2010-03-29,1,1
0000902274,2010-03-15,2020-02-27,11,11
0000902622,2010-03-30,2011-03-09,2,2
0000902635,2010-04-15,2010-04-15,1,1
0000902739,2012-02-23,2020-01-30,9,9
0000902791,2010-03-15,2021-03-08,12,12
0000903127,2010-03-01,2016-02-26,7,7
0000903129,2010-02-19,2021-03-01,12,12
0000903419,2020-03-26,2021-03-12,2,2
0000903571,2010-02-25,2013-03-05,4,4
0000903651,2010-03-11,2021-03-15,12,12
0000904080,2010-02-25,2018-03-09,9,9
0000904163,2010-03-12,2020-02-28,11,11
0000904350,2010-04-15,2010-04-15,1,1
0000904896,2010-03-31,2016-04-14,7,7
0000904918,2010-03-31,2014-03-21,5,5
0000904973,2010-03-12,2010-03-12,1,1
0000904978,2010-03-05,2012-03-01,3,3
0000904979,2010-12-17,2019-12-20,10,9
0000905428,2010-04-15,2013-04-16,4,4
0000906107,2010-02-25,2021-02-18,12,12
0000906163,2010-02-26,2021-02-12,12,12
0000906192,2010-08-12,2015-08-07,5,5
0000906193,2010-12-10,2017-12-08,8,8
0000906326,2010-09-08,2010-09-08,1,1
0000906345,2010-02-25,2021-02-18,12,12
0000906448,2010-04-15,2015-04-30,6,6
0000906465,2010-03-05,2021-03-12,12,12
0000906553,2010-03-05,2021-03-01,12,12
0000906709,2010-03-03,2021-02-26,12,12
0000906780,2010-03-25,2019-03-15,10,10
0000907045,2010-06-28,2017-06-29,8,8
0000907242,2010-03-16,2021-03-12,12,12
0000907254,2010-03-16,2021-02-25,12,12
0000907471,2010-12-13,2021-11-23,12,12
0000907562,2010-03-12,2015-02-27,6,6
0000907649,2010-03-17,2015-03-16,6,6
0000907654,2010-03-04,2021-03-18,12,12
0000907686,2010-12-21,2013-04-15,3,3
0000907687,2010-03-15,2010-03-15,1,1
0000908255,2010-02-11,2021-02-22,12,12
0000908259,2010-03-16,2021-04-15,12,12
0000908311,2010-03-16,2021-03-16,12,12
0000908315,2010-03-11,2021-03-09,12,12
0000908598,2010-03-30,2019-06-26,10,9
0000908652,2010-03-16,2011-03-16,2,2
0000908821,2010-03-31,2011-03-31,2,2
0000908837,2010-03-16,2014-03-18,5,5
0000908937,2010-02-25,2021-02-02,12,12
0000909108,2010-03-05,2021-02-25,12,12
0000909111,2010-02-26,2013-02-28,4,4
0000909281,2010-02-23,2017-02-28,8,8
0000909494,2010-03-22,2021-03-03,12,12
0000909724,2010-03-26,2021-09-02,12,11
0000909791,2010-03-01,2017-03-01,8,8
0000909832,2010-10-18,2021-10-06,12,12
0000909954,2010-12-09,2015-11-19,6,6
0000909992,2010-04-15,2010-04-15,1,1
0000910073,2010-03-01,2021-02-26,12,12
0000910108,2010-03-01,2021-02-18,12,12
0000910267,2011-03-25,2021-03-31,11,11
0000910322,2010-02-26,2017-02-28,8,8
0000910329,2010-03-31,2021-02-26,12,12
0000910406,2010-08-30,2021-08-26,12,11
0000910467,2010-03-31,2021-03-26,12,12
0000910521,2010-03-01,2021-05-28,12,12
0000910560,2010-03-31,2013-03-15,3,3
0000910606,2010-02-26,2021-02-17,12,12
0000910612,2010-02-22,2021-04-08,12,12
0000910638,2010-02-24,2021-03-05,12,12
0000910679,2010-09-14,2021-09-15,12,12
0000910832,2010-09-28,2012-09-28,3,3
0000911002,2010-03-12,2013-03-26,4,4
0000911109,2010-03-01,2020-02-03,11,11
0000911147,2010-03-15,2021-03-12,12,12
0000911148,2010-03-30,2018-03-12,9,9
0000911160,2010-06-02,2014-05-21,5,5
0000911177,2010-06-11,2021-02-19,12,12
0000911216,2010-09-27,2021-09-28,12,12
0000911326,2010-03-16,2015-02-26,6,6
0000911421,2010-03-01,2016-02-25,7,7
0000911503,2010-03-31,2013-03-27,4,4
0000911568,2010-06-30,2014-06-27,5,5
0000911583,2010-03-10,2013-03-14,4,4
0000911631,2010-03-19,2012-03-16,3,3
0000911635,2010-02-25,2015-02-18,6,6
0000911649,2010-03-26,2020-03-16,11,11
0000911650,2010-06-11,2015-06-15,6,6
0000912030,2010-08-25,2014-02-03,4,3
0000912061,2011-11-14,2021-02-26,11,11
0000912086,2010-03-31,2011-04-15,2,2
0000912093,2010-08-31,2021-08-23,12,12
0000912145,2010-03-16,2013-02-28,4,4
0000912183,2010-02-26,2014-02-25,5,5
0000912242,2010-02-26,2021-02-24,12,12
0000912263,2010-04-15,2012-04-12,3,3
0000912365,2010-03-31,2011-03-14,2,2
0000912382,2010-03-12,2012-03-09,3,3
0000912463,2010-03-31,2021-04-09,12,12
0000912513,2010-02-24,2015-02-24,6,6
0000912544,2010-03-19,2013-04-01,4,4
0000912562,2010-02-25,2021-02-25,12,12
0000912593,2010-03-11,2021-02-18,12,12
0000912595,2010-02-25,2021-02-18,12,12
0000912603,2010-10-21,2021-10-21,12,12
0000912605,2010-03-09,2011-03-16,2,2
0000912607,2010-03-24,2012-03-28,3,3
0000912615,2010-04-01,2021-04-01,12,12
0000912728,2010-02-24,2021-03-01,12,12
0000912750,2010-02-26,2018-02-20,9,9
0000912752,2010-03-05,2021-03-01,12,12
0000912766,2017-03-29,2021-02-25,5,5
0000912767,2010-02-23,2021-03-03,12,12
0000912833,2010-03-17,2017-02-28,8,8
0000912844,2010-04-13,2014-04-15,5,5
0000912875,2010-04-15,2010-04-15,1,1
0000912888,2010-03-16,2011-03-14,2,2
0000912890,2010-06-14,2010-06-14,1,1
0000912898,2010-03-11,2014-02-25,5,5
0000912967,2010-10-13,2011-09-27,2,2
0000913015,2010-05-14,2010-05-14,1,1
0000913077,2010-03-01,2016-02-18,7,7
0000913142,2010-02-26,2021-02-16,12,12
0000913144,2010-02-19,2021-02-05,12,12
0000913165,2010-03-10,2017-03-08,8,8
0000913241,2010-03-12,2021-03-16,12,12
0000913277,2010-03-15,2021-03-08,12,12
0000913341,2010-03-03,2021-03-03,12,12
0000913443,2010-03-31,2012-03-30,3,3
0000913496,2010-12-10,2015-06-17,10,6
0000913497,2011-11-15,2016-06-07,9,6
0000913590,2010-03-12,2010-03-12,1,1
0000913616,2010-03-12,2010-03-12,1,1
0000913659,2010-02-16,2012-03-21,3,3
0000913665,2010-03-16,2010-03-16,1,1
0000913756,2010-03-16,2011-03-16,2,2
0000913760,2010-12-15,2021-11-29,12,11
0000913778,2010-07-14,2021-06-28,12,12
0000913885,2010-02-26,2014-02-21,5,5
0000914024,2010-10-28,2012-10-19,3,3
0000914025,2010-06-01,2021-05-18,12,12
0000914122,2010-04-19,2021-04-15,12,12
0000914138,2010-03-17,2017-03-15,8,8
0000914139,2010-03-15,2021-03-31,12,12
0000914142,2010-10-13,2013-09-27,4,4
0000914156,2010-03-30,2021-03-12,12,12
0000914208,2010-02-26,2021-02-19,12,12
0000914257,2010-06-16,2010-06-16,1,1
0000914329,2010-02-19,2016-02-22,7,7
0000914374,2010-03-08,2017-03-09,8,8
0000914397,2010-03-26,2015-03-30,6,6
0000914398,2010-07-28,2014-07-14,5,5
0000914475,2010-02-08,2021-02-05,12,12
0000914536,2010-03-03,2011-03-04,2,2
0000914537,2010-03-31,2012-04-30,3,3
0000914577,2010-03-10,2018-03-28,9,9
0000914712,2010-10-14,2021-10-29,12,11
0000914747,2010-03-29,2018-03-28,9,9
0000914748,2010-03-31,2021-03-30,12,12
0000915127,2010-09-24,2011-08-18,2,2
0000915140,2014-03-03,2021-04-08,8,8
0000915324,2010-12-14,2012-12-14,3,3
0000915337,2010-01-25,2011-08-08,3,2
0000915358,2010-07-16,2021-07-23,12,12
0000915389,2010-02-24,2021-02-22,12,12
0000915735,2010-03-09,2012-03-12,3,3
0000915778,2010-03-16,2021-03-15,12,12
0000915779,2010-06-16,2021-06-11,12,12
0000915840,2010-11-05,2021-11-10,12,12
0000915862,2010-12-14,2014-12-09,5,5
0000915912,2010-03-01,2021-02-25,12,12
0000915913,2010-02-26,2021-02-19,12,12
0000916076,2010-02-26,2021-02-19,12,12
0000916085,2010-02-26,2016-02-29,7,7
0000916230,2010-03-24,2010-03-24,1,1
0000916235,2010-06-07,2010-06-07,1,1
0000916365,2010-02-24,2021-02-18,12,12
0000916457,2010-02-25,2020-02-25,11,11
0000916459,2010-02-26,2013-02-27,4,4
0000916529,2010-03-31,2019-03-07,10,10
0000916530,2015-05-01,2015-06-12,2,1
0000916540,2010-03-03,2021-03-02,12,12
0000916789,2010-05-13,2021-04-29,12,12
0000916802,2010-03-26,2010-03-26,1,1
0000916863,2010-02-26,2015-03-02,6,6
0000916907,2010-09-17,2021-09-13,12,12
0000917032,2010-03-25,2014-02-07,5,5
0000917225,2010-02-16,2021-03-05,12,12
0000917251,2010-03-12,2021-02-18,12,12
0000917273,2010-02-26,2021-02-26,12,12
0000917470,2010-02-25,2021-02-25,12,12
0000917491,2010-02-26,2021-02-17,12,12
0000917520,2010-03-01,2021-02-23,12,12
0000917523,2010-03-30,2018-03-08,9,9
0000917968,2010-03-19,2012-03-09,3,3
0000918112,2010-09-28,2010-09-28,1,1
0000918160,2010-02-23,2020-02-20,11,11
0000918251,2010-06-14,2021-06-14,12,12
0000918386,2010-05-20,2016-05-26,7,7
0000918541,2010-03-31,2021-03-15,12,12
0000918543,2010-03-31,2018-04-02,9,9
0000918545,2010-03-31,2021-04-15,12,12
0000918573,2010-07-22,2019-01-11,8,8
0000918580,2010-03-30,2019-03-26,10,10
0000918581,2010-03-04,2016-02-18,7,7
0000918646,2010-05-28,2021-05-21,12,12
0000918946,2010-02-26,2012-02-29,3,3
0000918962,2010-03-31,2012-02-23,3,3
0000918964,2010-03-25,2016-03-23,7,7
0000918965,2010-08-26,2021-08-24,12,12
0000918997,2010-12-29,2014-10-15,4,4
0000919012,2010-03-26,2021-03-11,12,12
0000919013,2010-03-16,2015-03-09,6,6
0000919015,2010-03-26,2010-03-26,1,1
0000919130,2011-01-07,2016-10-28,6,6
0000919134,2010-03-31,2016-04-14,7,7
0000919175,2010-09-20,2021-10-13,12,10
0000919226,2010-03-02,2010-03-02,1,1
0000919443,2010-03-05,2012-03-02,3,3
0000919465,2010-12-17,2011-12-19,2,2
0000919583,2010-03-31,2010-03-31,1,1
0000919605,2010-03-31,2012-05-07,3,3
0000919628,2010-03-25,2012-04-11,3,3
0000919721,2010-03-31,2016-07-08,7,7
0000919722,2010-03-15,2013-03-18,4,4
0000919742,2010-04-05,2014-03-31,5,5
0000919745,2010-03-10,2015-03-03,6,6
0000919864,2010-02-16,2021-03-22,12,12
0000919865,2010-03-18,2012-03-16,3,3
0000919956,2010-03-09,2021-03-11,12,12
0000920033,2010-03-31,2014-04-02,5,5
0000920112,2010-03-16,2021-02-25,12,12
0000920148,2010-02-24,2021-02-25,12,12
0000920321,2010-03-03,2017-02-23,8,8
0000920371,2010-02-26,2021-02-26,12,12
0000920424,2010-03-01,2019-03-14,10,10
0000920427,2010-03-18,2021-03-25,12,12
0000920448,2010-03-05,2019-04-01,10,10
0000920465,2010-04-15,2021-03-08,12,12
0000920522,2010-02-26,2021-02-19,12,12
0000920527,2010-05-26,2012-05-29,3,3
0000920707,2010-03-05,2013-03-13,4,4
0000920760,2010-01-29,2021-01-22,12,12
0000921051,2010-03-30,2014-03-26,5,5
0000921082,2010-02-11,2021-02-09,12,12
0000921112,2010-02-26,2019-02-27,10,10
0000921113,2010-02-26,2019-02-27,10,10
0000921114,2014-04-15,2021-03-18,8,8
0000921183,2010-03-04,2021-03-05,12,12
0000921299,2015-03-26,2021-03-01,7,7
0000921313,2010-03-31,2013-04-01,4,4
0000921500,2010-05-21,2013-05-28,4,4
0000921503,2010-04-09,2015-03-16,6,6
0000921547,2010-03-31,2017-03-03,8,8
0000921549,2010-03-16,2010-03-16,1,1
0000921557,2010-03-11,2021-02-26,12,12
0000921560,2015-09-25,2018-10-16,4,4
0000921582,2010-03-11,2021-03-04,12,12
0000921590,2010-03-26,2015-02-27,6,6
0000921691,2010-03-08,2012-03-09,3,3
0000921738,2010-02-26,2021-02-26,12,12
0000921768,2010-03-19,2016-03-15,7,7
0000921825,2010-03-03,2021-02-16,12,12
0000921847,2010-02-26,2015-03-02,6,6
0000921864,2013-03-28,2021-03-29,9,9
0000922011,2010-04-07,2014-12-24,5,5
0000922204,2010-11-22,2011-11-21,2,2
0000922224,2010-02-26,2021-02-18,12,12
0000922237,2010-03-26,2015-04-15,6,6
0000922247,2010-03-31,2021-03-12,12,12
0000922330,2010-07-30,2019-09-11,10,10
0000922358,2010-09-28,2021-10-15,12,12
0000922359,2010-09-28,2021-10-15,12,12
0000922360,2010-09-28,2021-10-15,12,12
0000922475,2010-02-19,2016-03-15,7,7
0000922487,2010-03-30,2017-03-22,8,8
0000922521,2010-03-12,2021-03-10,12,12
0000922612,2010-07-30,2021-08-31,12,12
0000922621,2010-02-25,2021-02-25,12,12
0000922717,2010-06-14,2014-03-17,5,5
0000922863,2010-03-12,2015-03-13,6,6
0000922864,2010-02-26,2021-03-12,12,12
0000922869,2017-03-31,2021-03-26,5,5
0000923118,2010-02-26,2015-02-24,6,6
0000923120,2010-11-10,2021-10-26,12,12
0000923139,2010-03-15,2021-03-16,12,12
0000923168,2010-04-15,2014-04-14,5,5
0000923284,2010-02-26,2016-02-26,7,7
0000923473,2010-06-17,2010-06-17,1,1
0000923569,2010-03-25,2012-03-28,3,3
0000923571,2019-03-06,2021-03-02,3,3
0000923601,2010-07-14,2021-07-14,12,12
0000923603,2010-02-26,2017-02-24,8,8
0000923649,2010-03-19,2014-03-25,5,5
0000923660,2010-03-31,2014-03-28,5,5
0000923680,2010-03-16,2015-03-23,6,6
0000923796,2010-02-22,2021-02-16,12,12
0000923808,2010-12-29,2015-10-30,5,5
0000924095,2018-04-12,2021-09-01,5,4
0000924124,2010-06-25,2012-06-18,3,3
0000924168,2010-03-31,2021-03-25,12,12
0000924383,2010-12-01,2021-11-23,12,12
0000924396,2021-11-15,2021-11-15,1,1
0000924515,2010-03-23,2021-04-07,12,12
0000924642,2010-04-01,2017-02-17,7,7
0000924717,2010-12-14,2021-11-24,12,12
0000924719,2010-03-30,2021-03-30,12,12
0000924805,2010-06-24,2021-06-15,12,12
0000924822,2010-03-10,2021-03-03,12,12
0000924901,2010-02-11,2021-02-25,12,12
0000924940,2010-06-09,2010-06-09,1,1
0000925043,2010-03-30,2013-03-28,4,4
0000925173,2010-03-31,2012-03-29,3,3
0000925263,2010-03-29,2018-03-28,9,9
0000925266,2010-03-26,2014-03-28,5,5
0000925306,2010-03-29,2017-03-28,8,8
0000925528,2010-03-01,2021-03-12,12,12
0000925535,2011-09-12,2012-03-26,2,2
0000925645,2010-02-24,2020-02-06,11,11
0000925660,2010-04-09,2021-03-31,12,12
0000925661,2010-07-21,2021-04-28,12,11
0000925741,2010-03-31,2021-03-30,12,12
0000925956,2010-03-16,2010-03-16,1,1
0000926164,2010-03-18,2013-04-01,4,4
0000926282,2010-02-26,2021-02-26,12,12
0000926287,2010-04-13,2012-04-13,3,3
0000926326,2010-02-24,2021-02-24,12,12
0000926423,2010-04-09,2021-04-16,12,12
0000926617,2010-05-20,2021-03-31,13,12
0000926660,2010-02-26,2021-03-15,12,12
0000926761,2010-03-31,2016-03-30,7,7
0000926843,2010-03-29,2014-04-14,5,5
0000926844,2010-01-29,2021-12-16,7,4
0000926865,2010-03-26,2013-03-08,4,4
0000927003,2010-02-26,2021-02-24,12,12
0000927066,2010-02-25,2021-02-12,12,12
0000927355,2010-05-27,2021-06-11,12,12
0000927417,2010-03-23,2015-04-01,5,5
0000927454,2010-04-14,2019-01-10,4,2
0000927472,2010-03-31,2013-04-01,4,4
0000927569,2010-03-23,2014-03-11,5,5
0000927628,2010-02-26,2021-02-25,12,12
0000927653,2010-05-04,2021-05-12,12,12
0000927720,2010-03-25,2020-03-30,11,11
0000927761,2010-04-15,2021-03-31,12,12
0000927807,2010-03-02,2014-03-03,5,5
0000927971,2015-01-29,2015-01-29,1,1
0000928022,2010-03-12,2021-02-25,12,12
0000928054,2010-03-31,2021-03-16,12,12
0000928340,2010-03-16,2021-03-31,12,12
0000928375,2010-02-18,2012-04-16,5,3
0000928421,2010-03-05,2016-03-11,7,7
0000928447,2010-03-31,2014-05-07,4,3
0000928465,2010-11-08,2021-11-08,12,12
0000928576,2010-03-01,2021-03-01,12,12
0000928592,2010-09-22,2013-09-27,4,4
0000928658,2010-03-30,2021-03-05,12,12
0000928659,2010-08-30,2012-08-29,3,3
0000928835,2010-09-28,2011-10-13,2,2
0000928911,2010-03-11,2011-03-25,2,2
0000928953,2010-02-26,2021-03-26,12,12
0000929008,2010-02-26,2021-03-01,12,12
0000929186,2010-03-16,2010-03-16,1,1
0000929351,2010-06-01,2021-05-28,12,12
0000929452,2010-03-01,2017-03-01,8,8
0000929545,2010-03-31,2021-03-18,12,12
0000929887,2010-10-21,2016-10-20,7,7
0000929920,2010-03-18,2014-03-28,5,5
0000929921,2010-03-18,2014-03-28,5,5
0000929940,2010-09-02,2021-08-18,12,12
0000929994,2010-03-11,2013-03-14,4,4
0000930184,2010-02-24,2010-02-24,1,1
0000930236,2010-02-25,2021-02-26,12,12
0000930245,2010-03-31,2021-04-01,12,12
0000930364,2010-03-25,2011-02-25,2,2
0000930405,2010-03-31,2014-03-14,5,5
0000930420,2010-03-05,2021-02-26,12,12
0000930553,2010-02-24,2012-02-27,3,3
0000930775,2010-06-04,2021-06-23,12,12
0000930803,2010-12-29,2013-12-30,4,4
0000930810,2010-02-16,2019-03-28,10,10
0000930835,2010-03-01,2014-03-12,5,5
0000931015,2010-03-01,2021-02-16,12,12
0000931058,2010-03-15,2014-03-05,5,5
0000931059,2010-06-14,2021-04-15,12,12
0000931148,2010-02-23,2021-02-23,11,11
0000931182,2010-02-25,2021-02-18,12,12
0000931336,2010-02-25,2020-03-20,11,11
0000931584,2010-02-26,2021-02-17,12,12
0000931683,2010-03-31,2012-03-27,3,3
0000931755,2010-03-30,2021-03-30,12,12
0000931799,2010-03-31,2019-04-01,10,10
0000931948,2010-02-26,2017-02-16,8,8
0000932021,2020-12-21,2021-10-13,2,2
0000932111,2010-03-05,2015-02-24,6,6
0000932136,2010-07-14,2013-07-15,4,4
0000932352,2012-08-10,2012-08-10,1,1
0000932372,2010-03-26,2015-03-05,6,6
0000932628,2010-11-19,2018-11-20,9,9
0000932696,2010-02-25,2021-02-17,12,12
0000932699,2010-01-13,2017-01-17,8,7
0000932781,2010-03-29,2021-03-12,12,12
0000933034,2010-09-01,2021-09-02,12,12
0000933036,2010-02-26,2021-03-01,12,12
0000933136,2013-03-15,2021-02-23,9,9
0000933141,2010-03-16,2020-03-02,11,11
0000933405,2010-02-25,2010-02-25,1,1
0000933425,2010-04-23,2012-03-08,12,3
0000933454,2010-09-28,2010-09-28,1,1
0000933590,2010-03-31,2016-03-15,7,7
0000933738,2010-03-08,2021-03-11,12,12
0000933954,2013-05-13,2013-05-13,1,1
0000933972,2010-04-14,2021-03-09,12,12
0000933974,2010-11-23,2021-11-24,12,12
0000934280,2010-02-26,2010-02-26,1,1
0000934306,2010-03-26,2011-03-23,2,2
0000934445,2010-04-15,2016-09-12,7,7
0000934448,2010-03-10,2013-03-15,4,4
0000934473,2010-03-12,2017-03-06,8,8
0000934538,2010-12-17,2013-12-20,4,4
0000934543,2010-03-31,2021-03-31,12,12
0000934547,2010-03-12,2015-03-12,6,6
0000934549,2010-02-26,2021-03-29,12,12
0000934612,2010-02-11,2021-03-01,12,12
0000934648,2010-03-12,2019-03-15,10,10
0000934739,2016-03-21,2016-03-21,1,1
0000934796,2010-03-31,2021-03-30,12,11
0000934843,2010-03-31,2012-03-27,3,3
0000934936,2010-03-24,2011-03-29,2,2
0000935036,2010-02-26,2021-02-25,12,12
0000935226,2010-06-11,2012-06-15,3,3
0000935419,2010-12-14,2021-12-14,12,10
0000935493,2010-03-19,2019-03-29,7,7
0000935494,2010-02-17,2021-02-23,12,12
0000935703,2010-03-19,2021-03-16,12,12
0000935724,2010-03-05,2011-03-15,2,2
0000936340,2010-02-23,2021-02-19,12,12
0000936395,2010-12-22,2021-12-17,12,12
0000936402,2010-02-26,2018-02-20,9,9
0000936446,2010-03-31,2020-03-30,10,10
0000936468,2010-02-25,2021-01-28,12,12
0000936528,2010-11-16,2021-11-19,12,12
0000936988,2010-09-28,2011-09-28,2,2
0000937098,2015-03-30,2021-02-16,7,7
0000937136,2010-09-28,2017-11-15,8,8
0000937252,2010-03-31,2011-04-20,2,2
0000937556,2010-02-17,2021-02-23,12,12
0000937834,2014-03-28,2021-03-09,8,8
0000937941,2010-03-16,2019-03-14,10,10
0000938113,2010-03-17,2010-03-17,1,1
0000939767,2010-03-10,2021-02-11,12,12
0000939930,2010-06-14,2021-06-29,12,12
0000940181,2010-03-25,2010-03-25,1,1
0000940329,2010-06-24,2017-06-29,8,8
0000940332,2010-03-12,2016-03-14,7,7
0000940510,2010-04-01,2011-04-29,2,2
0000940942,2010-02-18,2021-02-26,12,12
0000940944,2010-07-23,2021-07-23,12,12
0000941020,2010-03-31,2013-04-01,4,4
0000941138,2010-02-26,2014-02-25,5,5
0000941436,2015-03-31,2015-03-31,1,1
0000941548,2010-02-26,2016-01-29,7,7
0000941604,2010-02-23,2016-02-04,7,7
0000941685,2010-02-24,2021-04-05,12,11
0000941713,2010-02-11,2021-02-09,12,12
0000942126,2010-03-31,2021-03-31,12,12
0000942650,2010-04-14,2015-06-15,6,6
0000943034,2010-03-24,2021-03-11,12,12
0000943061,2010-03-04,2010-03-04,1,1
0000943110,2011-01-11,2014-07-01,4,3
0000943117,2010-02-26,2012-03-05,3,3
0000943119,2010-03-30,2015-03-31,6,6
0000943184,2010-03-31,2021-03-30,12,12
0000943320,2010-03-19,2012-03-02,3,3
0000943322,2010-03-19,2010-03-19,1,1
0000943323,2010-03-19,2010-03-19,1,1
0000943324,2010-03-25,2012-03-02,3,3
0000943452,2010-02-24,2021-02-19,12,12
0000943535,2010-11-12,2021-04-15,14,11
0000943580,2010-09-08,2011-09-02,2,2
0000943819,2010-08-17,2021-08-17,12,12
0000943823,2010-04-15,2014-05-01,5,5
0000943861,2010-02-26,2021-03-12,12,12
0000943894,2010-03-31,2011-03-31,2,2
0000943904,2010-01-08,2013-05-15,5,4
0000943906,2013-11-04,2015-06-17,12,3
0000944075,2010-04-01,2021-03-23,12,12
0000944130,2010-03-31,2021-03-25,12,12
0000944136,2010-06-28,2011-07-06,2,2
0000944148,2010-03-16,2021-02-26,12,12
0000944314,2010-02-26,2021-02-23,12,12
0000944480,2010-03-11,2021-04-13,12,12
0000944508,2010-03-26,2017-03-31,8,8
0000944695,2010-03-01,2021-02-24,12,12
0000944696,2010-03-22,2019-04-15,10,10
0000944725,2010-03-15,2010-03-15,1,1
0000944739,2010-03-16,2013-03-25,4,4
0000944745,2010-03-16,2021-03-15,12,12
0000944765,2010-03-12,2015-02-27,6,6
0000944792,2010-03-31,2021-05-24,9,9
0000944809,2010-03-17,2021-02-18,12,12
0000944947,2010-03-18,2011-04-01,2,2
0000945114,2010-03-18,2021-03-18,12,12
0000945235,2010-02-26,2011-03-04,2,2
0000945384,2010-04-01,2020-03-27,11,11
0000945394,2010-02-24,2021-03-01,12,12
0000945436,2010-03-01,2015-03-02,6,6
0000945489,2010-03-31,2010-03-31,1,1
0000945617,2010-10-13,2021-03-02,12,11
0000945634,2010-09-14,2012-11-23,3,3
0000945641,2010-10-06,2010-10-06,1,1
0000945699,2010-06-11,2017-06-12,8,8
0000945764,2010-03-01,2021-03-05,12,12
0000945828,2010-09-28,2021-09-17,12,12
0000945841,2010-03-01,2021-02-25,12,12
0000945983,2010-02-22,2021-03-16,12,12
0000945989,2010-03-25,2019-04-01,10,10
0000946090,2010-03-24,2014-03-31,5,5
0000946155,2010-03-18,2021-03-11,12,12
0000946283,2012-12-14,2012-12-14,1,1
0000946454,2010-03-23,2021-03-10,12,12
0000946486,2010-03-10,2021-03-29,12,12
0000946563,2010-03-31,2021-03-31,12,12
0000946581,2010-12-20,2021-05-19,12,12
0000946644,2010-03-12,2021-03-31,12,12
0000946647,2010-03-03,2021-03-12,12,12
0000946673,2010-03-16,2021-02-23,12,12
0000946822,2010-06-21,2019-04-15,10,10
0000946823,2010-02-08,2014-03-17,5,5
0000946840,2010-02-25,2013-02-27,4,4
0000946842,2010-03-31,2011-04-22,2,2
0000947011,2010-10-15,2013-04-15,4,4
0000947397,2010-03-09,2011-03-09,2,2
0000947440,2012-02-07,2012-03-30,2,1
0000947484,2010-02-26,2021-02-26,12,12
0000947559,2010-03-30,2021-03-12,12,12
0000947969,2010-03-31,2011-03-31,2,2
0000947986,2010-03-25,2011-03-24,2,2
0000948072,2010-04-01,2018-04-02,9,9
0000948218,2010-11-24,2011-11-01,2,2
0000948320,2013-03-28,2021-03-30,9,9
0000948368,2010-03-15,2015-03-31,6,6
0000948426,2010-03-30,2018-04-17,9,9
0000948708,2010-03-02,2021-03-08,12,12
0000948846,2010-02-11,2011-02-04,2,2
0000948850,2010-03-02,2010-03-02,1,1
0000949039,2010-02-23,2021-02-10,12,12
0000949156,2010-03-15,2015-03-02,6,6
0000949157,2010-03-16,2021-03-04,12,12
0000949158,2010-03-16,2019-02-12,10,10
0000949189,2010-04-16,2011-04-15,2,2
0000949297,2010-03-01,2011-02-18,2,2
0000949349,2010-03-26,2016-03-28,7,7
0000949371,2010-05-07,2011-04-08,2,2
0000949373,2010-02-25,2014-02-28,5,5
0000949394,2010-03-31,2010-03-31,1,1
0000949428,2010-03-25,2018-04-02,9,9
0000949699,2010-09-13,2015-02-18,7,6
0000949721,2010-04-15,2018-04-16,9,9
0000949852,2010-03-31,2020-10-26,7,7
0000949858,2010-03-08,2021-03-11,12,12
0000949870,2010-03-09,2021-02-17,12,12
0000949874,2010-03-16,2012-03-15,3,3
0000949961,2010-03-31,2021-03-29,12,12
0000949982,2010-06-01,2016-06-15,7,7
0001000045,2010-06-14,2021-06-22,12,12
0001000180,2010-02-25,2016-02-12,7,7
0001000209,2010-03-12,2021-03-16,12,12
0001000228,2010-02-23,2021-02-17,12,12
0001000229,2010-02-19,2021-02-08,12,12
0001000230,2010-01-29,2021-12-20,13,10
0001000232,2010-03-31,2021-03-03,12,12
0001000278,2010-03-30,2012-03-09,3,3
0001000298,2010-03-16,2021-03-12,12,12
0001000459,2010-09-13,2012-08-14,5,2
0001000623,2010-03-08,2021-03-01,12,12
0001000683,2010-03-25,2021-03-25,12,12
0001000694,2010-03-16,2021-03-01,12,12
0001000697,2010-02-26,2021-02-24,12,12
0001000753,2010-02-11,2021-02-12,12,12
0001000955,2015-09-04,2015-09-04,1,1
0001001039,2010-11-24,2018-11-21,9,9
0001001065,2010-04-15,2010-04-15,1,1
0001001082,2010-03-01,2021-02-22,12,12
0001001115,2010-12-10,2021-11-19,12,12
0001001171,2010-06-17,2021-03-31,12,12
0001001233,2010-03-05,2021-02-24,12,12
0001001250,2010-08-20,2021-08-27,12,12
0001001258,2010-12-14,2019-12-20,10,7
0001001279,2010-09-23,2014-10-08,5,5
0001001288,2010-02-26,2016-02-29,7,7
0001001316,2010-03-31,2021-03-01,12,12
0001001385,2010-11-04,2021-03-04,12,12
0001001426,2010-08-31,2015-09-01,6,6
0001001463,2010-05-27,2020-06-26,11,8
0001001601,2010-03-30,2021-04-15,12,12
0001001604,2010-03-15,2014-02-20,5,5
0001001606,2010-03-09,2016-03-15,7,7
0001001614,2010-03-31,2021-12-14,13,12
0001001838,2010-02-26,2021-02-26,12,12
0001001871,2010-06-28,2014-06-25,5,5
0001001902,2010-02-26,2021-02-17,12,12
0001001907,2010-08-30,2021-09-21,12,12
0001002037,2010-12-09,2018-12-21,9,8
0001002047,2010-06-18,2021-06-21,12,12
0001002135,2010-05-27,2021-05-21,12,12
0001002225,2010-03-12,2015-02-24,6,6
0001002360,2011-12-16,2013-12-24,8,3
0001002388,2010-05-28,2014-03-10,5,5
0001002390,2010-03-23,2014-03-24,5,5
0001002396,2010-01-20,2010-01-20,1,1
0001002422,2010-01-27,2012-04-13,3,3
0001002517,2010-11-29,2021-11-18,12,12
0001002519,2010-03-09,2011-03-16,2,2
0001002520,2010-03-31,2010-03-31,1,1
0001002531,2010-03-10,2011-03-10,2,2
0001002554,2010-04-15,2011-03-31,2,2
0001002590,2010-12-09,2021-12-08,12,12
0001002638,2010-08-20,2021-08-05,12,12
0001002761,2011-03-28,2016-03-28,69,4
0001002811,2010-09-10,2011-09-12,2,2
0001002822,2010-10-12,2011-10-13,2,2
0001002910,2010-02-26,2021-02-22,12,12
0001003022,2010-03-01,2011-03-07,2,2
0001003078,2010-10-22,2021-10-20,12,12
0001003124,2010-02-26,2011-02-25,2,2
0001003130,2010-02-26,2014-03-12,5,5
0001003201,2011-03-31,2021-03-31,11,11
0001003214,2010-02-16,2015-02-25,6,6
0001003226,2010-01-12,2014-04-04,5,3
0001003344,2010-11-19,2016-11-15,7,7
0001003410,2010-03-03,2021-02-19,12,12
0001003509,2010-03-26,2021-03-25,12,12
0001003607,2010-12-13,2010-12-13,1,1
0001003640,2010-06-25,2010-06-25,1,1
0001003642,2010-02-26,2018-03-01,9,9
0001003815,2010-03-26,2021-03-25,12,12
0001003929,2010-03-31,2011-03-24,2,2
0001003950,2010-03-11,2013-03-07,4,4
0001003961,2010-09-28,2012-09-25,3,3
0001003986,2010-03-11,2013-03-13,4,4
0001004036,2010-03-01,2021-02-23,12,12
0001004125,2010-03-19,2012-03-30,3,3
0001004155,2010-02-04,2021-02-18,12,12
0001004158,2013-03-29,2013-03-29,1,1
0001004411,2010-03-31,2018-05-03,9,9
0001004434,2010-03-01,2021-02-19,12,12
0001004440,2010-02-26,2012-02-29,3,3
0001004608,2010-03-12,2011-03-11,2,2
0001004673,2010-03-30,2017-04-11,8,8
0001004702,2010-03-15,2021-03-01,12,12
0001004724,2010-03-31,2021-03-29,12,12
0001004980,2010-02-19,2021-02-25,12,12
0001004988,2010-03-30,2013-03-29,5,4
0001004989,2010-04-15,2021-03-31,12,12
0001005010,2010-03-15,2014-02-13,5,5
0001005011,2019-02-13,2021-02-16,3,3
0001005101,2010-10-08,2021-09-22,12,12
0001005177,2010-03-31,2015-03-20,6,6
0001005188,2010-03-12,2012-03-09,3,3
0001005201,2010-03-09,2020-03-10,11,11
0001005210,2010-11-24,2021-11-24,12,12
0001005214,2010-05-07,2012-04-30,3,3
0001005229,2010-05-28,2021-05-26,12,12
0001005276,2010-12-29,2021-12-16,12,12
0001005284,2010-03-15,2021-02-18,12,12
0001005286,2010-08-13,2021-07-29,12,12
0001005409,2010-03-12,2020-03-12,11,11
0001005414,2010-03-24,2017-04-12,8,8
0001005663,2010-11-19,2011-06-09,2,2
0001005699,2012-03-15,2018-03-16,7,7
0001005731,2010-10-28,2021-10-14,12,12
0001005757,2010-02-23,2021-02-19,12,12
0001005758,2011-04-18,2014-05-21,4,4
0001005817,2010-03-15,2021-03-01,12,12
0001006028,2010-10-28,2021-10-28,12,12
0001006045,2010-03-31,2021-03-23,12,12
0001006177,2010-09-28,2011-09-28,2,2
0001006195,2010-06-07,2010-06-07,1,1
0001006269,2010-03-15,2021-03-09,12,12
0001006281,2010-02-26,2021-03-30,12,12
0001006384,2010-12-22,2010-12-22,1,1
0001006402,2010-02-23,2010-02-23,1,1
0001006424,2010-04-15,2018-03-16,9,9
0001006459,2010-09-28,2013-03-29,4,4
0001006637,2010-02-25,2010-02-25,1,1
0001006655,2010-09-27,2021-09-14,12,12
0001006820,2010-03-31,2012-04-16,3,3
0001006830,2010-09-22,2021-09-16,12,12
0001006837,2010-04-05,2021-03-10,12,12
0001006840,2010-09-21,2021-10-13,4,4
0001006892,2010-03-16,2012-08-06,3,3
0001007018,2010-04-15,2010-04-15,1,1
0001007019,2010-01-28,2021-02-16,12,12
0001007273,2010-03-08,2021-03-05,12,12
0001007330,2010-03-29,2020-03-12,11,11
0001007587,2010-03-09,2021-03-03,12,12
0001008579,2010-04-15,2019-03-28,10,10
0001008586,2010-04-16,2021-04-22,12,12
0001008653,2018-09-26,2021-09-28,4,4
0001008654,2010-02-23,2021-03-10,12,12
0001008817,2010-02-23,2014-03-18,5,5
0001008848,2010-02-26,2021-03-16,12,12
0001009244,2010-04-01,2010-04-01,1,1
0001009356,2010-03-10,2015-03-02,6,6
0001009379,2010-03-02,2012-03-06,3,3
0001009463,2010-03-16,2010-03-16,1,1
0001009479,2010-04-12,2010-04-12,1,1
0001009626,2010-12-17,2016-12-16,7,7
0001009672,2010-02-26,2020-05-15,11,11
0001009759,2010-06-14,2021-06-14,12,12
0001009829,2010-03-17,2021-03-19,12,12
0001009830,2010-01-14,2010-01-14,1,1
0001009891,2013-03-29,2021-03-29,9,9
0001009925,2010-04-01,2016-05-09,7,7
0001009976,2010-03-29,2016-03-25,7,7
0001010086,2010-03-10,2021-03-04,12,12
0001010247,2010-03-03,2011-03-09,2,2
0001010286,2010-03-12,2011-03-11,2,2
0001010470,2010-09-13,2021-09-03,12,12
0001010552,2010-02-19,2016-02-29,7,7
0001010566,2010-04-15,2017-04-17,8,8
0001010610,2010-03-31,2010-03-31,1,1
0001010612,2010-03-01,2021-02-26,12,12
0001010775,2010-02-26,2010-02-26,1,1
0001010858,2015-03-31,2018-03-13,4,4
0001011006,2010-02-26,2017-03-01,8,8
0001011060,2010-07-01,2021-09-22,12,11
0001011064,2010-02-25,2012-03-01,3,3
0001011109,2010-03-02,2017-03-09,8,8
0001011174,2010-02-12,2014-02-18,5,5
0001011290,2010-05-27,2017-04-26,7,7
0001011308,2010-03-18,2012-03-30,3,3
0001011395,2010-04-16,2019-04-16,5,5
0001011432,2010-03-31,2021-03-25,12,12
0001011452,2010-01-29,2020-01-31,11,11
0001011509,2010-03-29,2021-02-18,12,12
0001011570,2010-03-01,2021-03-01,12,12
0001011657,2010-03-01,2012-02-29,3,3
0001011659,2010-03-10,2021-03-02,12,12
0001011661,2010-02-26,2011-03-11,2,2
0001011662,2014-03-28,2021-04-19,8,6
0001011733,2010-04-06,2015-07-31,6,6
0001011835,2010-03-15,2016-02-26,7,7
0001012019,2010-03-12,2021-02-24,12,12
0001012100,2010-03-01,2021-02-25,12,12
0001012140,2010-02-23,2013-02-28,4,4
0001012271,2010-03-01,2016-02-26,7,7
0001012477,2016-03-15,2021-03-09,6,6
0001012493,2010-09-28,2021-10-15,12,12
0001012569,2010-02-24,2017-02-24,8,8
0001012620,2010-02-26,2019-02-26,10,10
0001012704,2012-03-30,2014-03-25,3,3
0001012771,2010-02-19,2021-02-25,12,12
0001013237,2010-10-29,2021-10-22,12,12
0001013238,2010-03-24,2018-03-23,9,9
0001013272,2010-03-15,2021-03-09,12,12
0001013453,2010-02-16,2011-02-08,2,2
0001013462,2010-02-25,2021-02-24,12,12
0001013488,2010-03-09,2021-03-01,12,12
0001013554,2010-03-31,2011-03-31,2,2
0001013606,2010-03-05,2020-03-11,11,11
0001013706,2010-03-31,2021-03-16,12,12
0001013796,2010-03-31,2012-04-10,3,3
0001013844,2010-02-26,2013-02-28,4,4
0001013857,2010-02-22,2021-02-17,12,12
0001013871,2010-02-23,2021-03-01,12,12
0001013880,2010-02-22,2021-03-01,12,12
0001013934,2010-02-26,2021-03-01,12,12
0001014041,2010-03-31,2012-03-26,3,3
0001014052,2010-10-08,2021-10-26,12,11
0001014111,2010-02-26,2021-08-04,12,12
0001014133,2010-03-31,2010-03-31,1,1
0001014473,2010-02-26,2021-02-19,12,12
0001014507,2010-11-18,2015-11-20,6,6
0001014653,2010-09-23,2010-09-23,1,1
0001014669,2010-03-24,2011-03-01,2,2
0001014672,2010-03-12,2011-03-11,2,2
0001014739,2010-03-02,2021-03-11,12,12
0001014763,2010-04-01,2021-03-30,12,12
0001015155,2010-03-29,2021-09-03,13,12
0001015328,2010-03-01,2021-02-26,12,12
0001015383,2010-04-15,2021-06-29,13,12
0001015455,2010-05-14,2010-05-14,1,1
0001015483,2010-09-22,2010-09-22,1,1
0001015593,2010-03-16,2015-03-12,6,6
0001015739,2010-02-12,2021-02-17,12,12
0001015780,2010-02-24,2020-02-19,11,11
0001015789,2011-11-21,2011-11-21,1,1
0001015923,2010-03-31,2010-03-31,1,1
0001016125,2010-03-05,2019-03-01,10,10
0001016152,2010-02-26,2010-02-26,1,1
0001016169,2010-03-24,2021-03-02,12,12
0001016178,2010-07-15,2021-06-29,12,12
0001016281,2010-03-05,2021-03-02,12,12
0001016439,2010-03-30,2010-03-30,1,1
0001016470,2010-02-23,2012-03-15,3,3
0001016504,2010-09-28,2021-09-02,12,12
0001016546,2010-03-12,2017-05-18,6,6
0001016708,2010-03-31,2021-03-31,12,12
0001016900,2010-04-14,2011-03-29,2,2
0001016951,2011-05-27,2014-10-14,6,4
0001017110,2011-11-03,2021-04-14,12,9
0001017259,2010-03-29,2010-03-29,1,1
0001017290,2010-03-31,2016-05-02,7,7
0001017303,2010-03-16,2021-03-12,12,12
0001017480,2010-03-26,2021-04-07,12,12
0001017491,2010-03-31,2021-03-11,12,12
0001017616,2013-04-15,2016-04-14,4,4
0001017655,2010-03-12,2021-03-31,12,12
0001017673,2010-03-05,2021-03-04,12,12
0001017699,2010-04-15,2011-03-31,2,2
0001017712,2010-03-19,2013-03-22,4,4
0001017793,2010-03-16,2017-03-10,8,8
0001017907,2010-08-31,2018-03-06,9,9
0001017968,2010-03-15,2018-03-16,9,9
0001018003,2010-03-02,2016-02-26,7,7
0001018005,2010-03-31,2013-03-22,4,4
0001018164,2010-03-16,2021-03-15,12,12
0001018215,2010-03-18,2011-03-22,2,2
0001018216,2010-03-18,2013-03-15,4,4
0001018254,2011-02-23,2021-02-18,11,11
0001018281,2010-09-28,2018-09-19,8,8
0001018332,2010-02-26,2011-03-01,2,2
0001018336,2011-03-01,2012-04-16,3,2
0001018399,2010-03-12,2021-03-10,12,12
0001018724,2010-01-29,2021-02-03,12,12
0001018840,2010-03-29,2021-03-29,12,12
0001018871,2010-03-08,2010-03-08,1,1
0001018946,2010-03-11,2015-03-02,6,6
0001018963,2010-02-25,2021-02-26,12,12
0001018979,2010-03-10,2021-02-26,12,12
0001019034,2010-03-26,2021-03-29,12,12
0001019216,2010-10-13,2011-10-31,2,2
0001019272,2013-03-25,2017-03-31,5,5
0001019361,2010-11-30,2015-11-30,6,6
0001019542,2010-03-23,2015-03-30,6,6
0001019561,2010-03-25,2010-03-25,1,1
0001019650,2010-03-26,2017-03-02,5,5
0001019671,2010-04-09,2021-04-15,12,12
0001019695,2010-03-02,2019-03-07,10,10
0001019737,2010-02-19,2019-02-28,10,10
0001019787,2010-04-16,2020-04-15,11,11
0001019849,2010-02-24,2021-02-19,12,12
0001020017,2011-06-03,2011-06-03,1,1
0001020186,2010-04-14,2018-04-13,2,2
0001020214,2010-03-11,2021-02-25,12,12
0001020302,2010-07-14,2013-07-15,4,4
0001020347,2010-03-29,2012-03-28,3,3
0001020416,2010-02-04,2016-02-11,7,7
0001020448,2011-10-20,2012-12-05,2,2
0001020475,2010-09-23,2016-03-28,6,6
0001020477,2010-11-08,2015-03-18,5,5
0001020569,2010-02-26,2021-02-24,12,12
0001020646,2010-03-31,2014-04-15,5,5
0001020710,2010-03-23,2021-03-18,12,12
0001020859,2010-09-27,2021-09-28,12,12
0001021096,2010-03-25,2021-09-29,8,8
0001021097,2010-03-24,2011-03-30,2,2
0001021113,2012-03-27,2013-03-26,2,2
0001021162,2010-05-14,2021-05-20,12,12
0001021270,2010-03-19,2021-04-02,12,12
0001021282,2010-04-12,2011-04-07,2,2
0001021422,2010-04-15,2011-04-15,2,2
0001021435,2010-03-31,2021-03-31,12,12
0001021561,2010-03-01,2021-02-11,12,12
0001021604,2014-03-31,2021-03-31,8,8
0001021635,2010-02-18,2021-02-25,12,12
0001021860,2010-02-26,2021-02-12,12,12
0001021917,2010-10-12,2015-12-14,6,6
0001022079,2010-02-17,2021-02-22,12,12
0001022097,2010-04-15,2015-01-15,3,2
0001022225,2010-09-10,2014-09-15,5,5
0001022321,2010-02-26,2021-03-01,12,12
0001022344,2010-03-12,2021-02-25,12,12
0001022345,2010-03-01,2010-03-01,1,1
0001022368,2010-08-17,2012-08-14,3,3
0001022408,2010-06-15,2021-05-21,12,12
0001022469,2010-03-05,2017-03-07,8,8
0001022505,2013-01-16,2021-12-21,14,8
0001022570,2010-03-29,2010-03-29,1,1
0001022646,2010-02-26,2020-04-15,11,11
0001022652,2010-03-12,2021-03-01,12,12
0001022671,2010-02-22,2021-03-01,12,12
0001022701,2010-03-29,2015-03-03,6,6
0001022705,2010-03-08,2017-03-03,8,8
0001022759,2010-03-12,2012-03-16,3,3
0001022899,2010-03-31,2021-03-25,9,9
0001023024,2010-03-30,2021-03-11,12,12
0001023128,2010-03-03,2021-02-19,12,12
0001023131,2010-03-01,2014-02-27,5,5
0001023198,2010-08-13,2021-10-15,10,10
0001023291,2010-02-19,2016-03-01,7,7
0001023298,2010-03-31,2019-04-01,9,8
0001023313,2010-03-12,2021-03-11,12,12
0001023362,2010-02-19,2012-02-28,3,3
0001023364,2010-03-04,2021-03-11,12,12
0001023453,2010-03-31,2015-03-24,6,6
0001023458,2010-03-30,2021-03-30,12,12
0001023459,2010-11-29,2021-10-27,12,12
0001023516,2010-03-31,2010-03-31,1,1
0001023731,2010-05-27,2021-05-17,12,12
0001023734,2010-03-31,2015-03-16,6,6
0001023844,2010-12-29,2020-12-29,11,10
0001023860,2010-03-26,2019-03-15,10,10
0001023957,2010-03-05,2011-02-18,2,2
0001023994,2010-03-30,2021-04-15,12,12
0001024022,2010-09-28,2011-10-12,2,2
0001024048,2010-04-15,2014-03-31,5,5
0001024075,2010-03-31,2012-03-30,3,3
0001024095,2019-08-22,2021-04-06,4,3
0001024126,2010-02-24,2018-03-08,9,9
0001024305,2013-09-17,2021-08-26,9,9
0001024452,2010-09-28,2011-09-28,2,2
0001024464,2010-01-28,2010-01-28,1,1
0001024478,2010-11-18,2021-11-09,12,12
0001024520,2010-03-22,2012-03-30,3,3
0001024626,2010-05-05,2017-04-17,8,8
0001024628,2010-03-31,2017-06-08,8,8
0001024657,2010-02-12,2017-02-16,8,8
0001024725,2010-02-26,2021-02-24,12,12
0001024729,2010-03-31,2012-03-30,3,3
0001024732,2010-02-25,2015-02-09,6,6
0001024795,2010-03-15,2021-03-02,12,12
0001024920,2010-03-31,2015-05-22,6,6
0001025315,2010-03-19,2015-03-26,6,6
0001025362,2010-03-31,2019-03-25,10,10
0001025378,2010-02-26,2021-02-12,12,12
0001025536,2010-03-29,2014-03-07,5,5
0001025771,2010-03-30,2021-03-17,12,11
0001025835,2010-03-16,2021-02-19,12,12
0001025877,2010-03-31,2017-03-29,8,8
0001025953,2010-03-31,2021-03-04,12,12
0001025996,2010-02-11,2021-02-12,12,12
0001026214,2010-02-24,2021-02-11,12,12
0001026650,2010-03-03,2012-03-02,3,3
0001026655,2010-04-07,2021-03-11,12,12
0001026743,2012-03-23,2015-03-26,4,4
0001027099,2010-03-31,2017-03-30,8,8
0001027183,2010-03-10,2017-03-15,8,8
0001027207,2010-03-01,2016-03-01,7,7
0001027235,2010-03-30,2016-07-05,7,7
0001027484,2010-04-15,2013-02-21,3,3
0001027838,2017-02-27,2021-02-23,5,5
0001027884,2010-02-23,2018-02-21,9,9
0001027915,2010-03-16,2010-03-16,1,1
0001028087,2010-03-12,2011-03-16,2,2
0001028153,2010-03-30,2018-07-13,8,8
0001028215,2010-10-14,2018-10-01,9,9
0001028318,2010-06-08,2010-06-08,1,1
0001028394,2010-03-30,2011-03-29,2,2
0001028536,2010-10-21,2012-04-13,3,3
0001028584,2010-03-11,2010-03-11,1,1
0001028734,2010-02-19,2018-02-16,9,9
0001028918,2010-03-29,2021-02-26,12,12
0001028954,2010-03-22,2020-03-10,11,11
0001028985,2010-12-14,2013-11-27,4,4
0001029023,2010-02-26,2014-03-13,5,5
0001029125,2013-03-26,2021-03-25,9,9
0001029142,2010-03-16,2021-02-25,12,12
0001029199,2010-03-01,2021-02-22,12,12
0001029299,2010-03-15,2012-03-15,3,3
0001029315,2010-03-31,2011-03-31,2,2
0001029318,2010-03-31,2011-03-31,2,2
0001029319,2010-03-31,2011-03-31,2,2
0001029356,2010-03-31,2011-03-31,2,2
0001029387,2010-03-31,2011-03-31,2,2
0001029389,2010-03-31,2011-03-31,2,2
0001029390,2010-03-31,2011-03-31,2,2
0001029391,2010-03-31,2011-03-31,2,2
0001029402,2010-05-17,2010-05-17,1,1
0001029454,2010-03-31,2014-10-06,5,4
0001029506,2010-11-29,2012-11-29,3,3
0001029581,2014-03-28,2017-03-10,4,4
0001029630,2010-03-25,2011-03-31,2,2
0001029715,2010-03-31,2011-03-31,2,2
0001029730,2010-03-17,2020-03-13,11,11
0001029744,2010-11-22,2021-12-09,12,11
0001029786,2010-03-02,2010-03-02,1,1
0001029800,2010-01-13,2021-01-13,12,12
0001029802,2010-04-15,2015-04-14,6,6
0001029831,2010-03-26,2021-03-03,12,12
0001030058,2010-03-31,2011-04-05,2,2
0001030192,2010-03-29,2021-03-31,11,11
0001030206,2010-02-02,2016-01-22,7,7
0001030469,2010-03-11,2021-02-26,12,12
0001030471,2010-03-15,2011-03-16,2,2
0001030484,2010-03-10,2011-03-08,2,2
0001030485,2010-05-17,2010-05-17,1,1
0001030749,2010-02-26,2018-04-02,9,9
0001030896,2010-02-19,2013-04-16,4,4
0001030916,2010-03-31,2018-10-09,9,9
0001031028,2010-09-13,2013-09-13,4,4
0001031029,2010-02-25,2021-03-16,12,12
0001031093,2010-01-11,2021-01-28,12,12
0001031203,2010-02-12,2021-02-24,12,12
0001031223,2010-03-23,2015-04-09,6,5
0001031233,2010-03-26,2021-03-30,5,5
0001031235,2017-03-31,2021-03-31,5,5
0001031296,2010-02-19,2021-02-18,12,12
0001031308,2021-03-02,2021-03-02,1,1
0001031316,2010-02-23,2021-02-16,12,12
0001031623,2010-03-08,2021-03-30,12,12
0001031896,2010-01-13,2016-01-13,7,6
0001031927,2010-03-31,2016-03-30,7,7
0001031980,2010-12-21,2010-12-21,1,1
0001032033,2010-02-26,2021-02-25,12,12
0001032067,2010-05-21,2013-05-30,4,4
0001032208,2010-02-26,2021-02-25,12,12
0001032220,2010-11-19,2021-11-18,12,12
0001032761,2010-12-10,2012-12-11,3,3
0001032863,2010-03-08,2011-03-09,2,2
0001032975,2010-05-27,2021-05-12,12,12
0001033012,2010-03-15,2021-02-26,12,12
0001033032,2010-03-08,2011-03-16,2,2
0001033128,2010-03-03,2021-02-16,12,12
0001033905,2010-02-25,2021-02-26,12,12
0001034054,2010-03-01,2021-02-25,12,12
0001034088,2010-02-25,2010-02-25,1,1
0001034239,2010-03-01,2011-03-02,2,2
0001034563,2011-03-24,2021-02-26,10,10
0001034592,2010-03-31,2019-03-28,10,10
0001034594,2010-03-30,2020-03-06,11,11
0001034669,2010-03-12,2013-03-04,4,4
0001034670,2010-02-19,2021-02-19,12,12
0001034755,2010-03-01,2011-03-01,2,2
0001034760,2010-03-31,2021-03-23,12,12
0001034842,2010-03-02,2021-03-02,12,12
0001035002,2010-02-26,2021-02-23,12,12
0001035092,2010-03-16,2021-03-26,12,12
0001035201,2010-03-01,2021-02-25,12,12
0001035216,2010-03-01,2021-02-25,12,12
0001035267,2010-01-29,2021-02-10,12,12
0001035354,2010-09-28,2021-03-12,12,12
0001035422,2010-04-30,2015-04-14,6,6
0001035443,2010-03-01,2021-02-01,12,12
0001035675,2010-02-05,2012-02-06,3,3
0001035688,2010-03-17,2019-02-21,10,10
0001035748,2010-03-09,2018-02-28,9,9
0001035884,2010-02-22,2010-02-22,1,1
0001035976,2010-03-16,2021-03-12,12,11
0001035983,2010-03-02,2021-02-25,12,12
0001035991,2010-06-25,2012-06-27,3,3
0001036030,2010-06-14,2017-03-16,8,8
0001036044,2010-03-08,2021-03-12,12,12
0001036070,2010-03-11,2013-03-15,4,4
0001036188,2010-04-15,2021-04-13,12,12
0001036262,2010-03-31,2021-03-23,12,12
0001036292,2010-01-19,2011-01-27,2,2
0001036478,2010-04-15,2016-04-19,7,7
0001036500,2010-11-03,2014-06-23,7,5
0001036848,2010-03-15,2021-04-15,13,12
0001036960,2010-02-25,2016-02-25,7,7
0001036968,2010-03-29,2016-03-29,7,7
0001037016,2010-02-25,2019-03-18,10,10
0001037038,2010-06-02,2021-05-20,12,12
0001037049,2010-01-21,2014-03-31,6,5
0001037115,2010-03-31,2012-04-09,3,3
0001037131,2010-04-07,2018-04-17,9,9
0001037156,2011-12-12,2015-06-19,8,5
0001037189,2010-03-31,2017-03-28,8,8
0001037388,2010-03-10,2010-03-10,1,1
0001037390,2010-02-10,2021-02-18,12,12
0001037461,2010-03-26,2011-03-28,2,2
0001037540,2010-02-25,2021-02-26,12,12
0001037646,2010-02-09,2021-02-08,12,12
0001037649,2010-03-25,2017-04-17,8,8
0001037676,2010-03-01,2021-02-12,12,12
0001037760,2010-02-24,2016-02-25,7,7
0001037868,2010-02-25,2021-02-18,12,12
0001037949,2010-02-16,2013-03-12,4,4
0001037976,2010-02-26,2021-02-18,12,12
0001038074,2010-02-10,2021-02-03,12,12
0001038133,2010-02-22,2021-02-26,12,12
0001038205,2010-03-11,2017-03-01,8,8
0001038222,2010-03-15,2018-03-08,9,9
0001038223,2010-03-16,2010-03-16,1,1
0001038277,2010-03-31,2021-03-30,12,12
0001038280,2010-03-16,2013-03-15,4,4
0001038286,2010-03-19,2014-03-25,5,5
0001038357,2010-02-26,2021-03-01,12,12
0001038363,2010-02-12,2012-03-15,3,3
0001038459,2010-02-12,2010-02-12,1,1
0001038509,2010-03-12,2021-03-19,12,12
0001038773,2010-03-31,2021-03-16,12,12
0001039065,2010-08-27,2021-08-23,12,12
0001039101,2010-02-26,2019-02-21,10,10
0001039151,2010-03-16,2011-03-16,2,2
0001039184,2010-03-30,2011-03-31,2,2
0001039280,2010-09-10,2021-09-28,12,12
0001039399,2010-02-24,2021-02-22,12,12
0001039466,2010-01-13,2021-03-30,12,9
0001039684,2010-02-23,2021-02-23,12,12
0001039757,2010-08-19,2016-08-29,5,5
0001039828,2010-03-10,2021-03-01,12,12
0001039889,2010-02-17,2012-02-16,3,3
0001040130,2010-06-01,2021-05-25,12,12
0001040161,2010-03-10,2021-03-10,12,12
0001040270,2010-11-29,2016-11-29,7,7
0001040416,2010-03-15,2011-02-25,2,2
0001040426,2010-03-15,2018-02-26,9,9
0001040470,2010-08-27,2021-08-27,12,12
0001040482,2010-03-26,2014-04-30,5,5
0001040570,2010-03-12,2012-03-13,3,3
0001040593,2010-03-16,2019-03-01,10,10
0001040599,2010-01-13,2010-01-13,1,1
0001040719,2010-03-02,2019-04-16,10,10
0001040721,2010-10-12,2018-10-15,9,9
0001040765,2010-02-26,2021-02-16,12,12
0001040792,2010-03-31,2018-04-17,9,9
0001040799,2010-03-31,2017-03-30,8,8
0001040829,2010-02-26,2021-02-26,12,12
0001040850,2010-01-07,2021-03-03,11,11
0001040896,2010-03-11,2021-03-29,12,12
0001040971,2010-02-16,2021-02-26,12,12
0001041009,2010-03-31,2014-04-14,5,5
0001041024,2010-03-12,2021-03-31,12,12
0001041061,2010-02-17,2021-02-22,12,12
0001041177,2010-09-28,2014-12-15,5,5
0001041326,2010-03-26,2011-03-28,2,2
0001041368,2010-05-28,2021-06-21,12,12
0001041379,2010-03-10,2017-02-22,8,8
0001041429,2010-03-25,2013-03-28,4,4
0001041514,2010-08-26,2021-09-13,12,12
0001041550,2010-03-31,2019-03-18,10,10
0001041577,2010-02-18,2014-03-07,5,5
0001041580,2010-05-14,2010-05-14,1,1
0001041588,2018-06-19,2021-01-04,19,4
0001041609,2010-04-15,2011-04-14,2,2
0001041633,2020-06-24,2020-06-24,1,1
0001041657,2010-04-01,2021-03-31,12,12
0001041665,2010-03-16,2010-03-16,1,1
0001041803,2010-11-09,2021-10-21,12,12
0001041858,2010-03-09,2010-03-09,1,1
0001041859,2010-03-26,2021-03-29,12,12
0001041954,2010-03-22,2013-02-20,4,4
0001042046,2010-02-26,2021-02-25,12,12
0001042053,2012-09-19,2012-09-19,1,1
0001042074,2014-03-31,2021-03-25,8,8
0001042173,2010-03-03,2014-03-28,5,5
0001042187,2010-03-30,2021-04-16,12,12
0001042418,2010-03-31,2021-03-26,12,12
0001042463,2010-04-15,2012-03-30,3,3
0001042610,2010-10-13,2010-10-13,1,1
0001042642,2010-03-09,2021-03-24,12,12
0001042728,2010-04-15,2011-04-15,2,2
0001042729,2010-03-15,2021-03-05,12,12
0001042773,2010-03-11,2021-02-25,12,12
0001042776,2010-03-16,2021-02-17,12,12
0001042783,2010-03-16,2015-03-11,6,6
0001042784,2010-04-09,2015-03-30,6,6
0001042798,2010-04-09,2010-04-09,1,1
0001042809,2010-03-18,2011-03-31,2,2
0001042810,2010-03-09,2017-02-28,8,8
0001042821,2010-09-13,2012-09-04,3,3
0001042825,2010-03-17,2013-02-28,4,4
0001042893,2010-02-26,2021-02-25,12,12
0001043000,2010-03-11,2021-03-31,12,12
0001043121,2010-02-25,2021-02-26,12,12
0001043156,2010-05-10,2019-04-26,9,5
0001043186,2010-03-26,2021-03-16,12,12
0001043219,2010-02-24,2021-02-19,12,12
0001043222,2010-04-15,2019-03-29,10,10
0001043277,2010-03-01,2021-02-19,12,12
0001043325,2010-03-31,2012-03-29,3,3
0001043337,2010-03-16,2021-02-24,12,12
0001043382,2010-02-18,2012-02-24,3,3
0001043509,2010-02-24,2021-02-23,12,12
0001043533,2010-03-16,2012-02-29,3,3
0001043565,2010-03-31,2020-03-26,11,11
0001043604,2010-02-26,2021-02-12,12,12
0001043825,2010-01-21,2012-08-02,4,3
0001043873,2010-03-31,2011-03-29,2,2
0001043894,2010-04-15,2021-03-31,12,12
0001043914,2010-03-31,2010-03-31,1,1
0001043951,2010-03-31,2021-03-26,12,12
0001043961,2010-02-25,2021-03-29,12,12
0001044082,2010-03-26,2014-03-07,5,5
0001044378,2014-03-28,2021-03-31,8,8
0001044435,2010-03-04,2017-03-14,8,8
0001044566,2010-02-19,2011-02-18,2,2
0001044577,2010-09-28,2014-10-14,5,5
0001044590,2010-02-22,2013-03-11,4,4
0001044650,2011-05-09,2011-08-29,5,1
0001044777,2010-03-16,2021-02-25,12,12
0001045014,2010-02-01,2012-02-02,3,3
0001045150,2010-11-22,2012-12-14,3,3
0001045309,2010-02-25,2021-02-26,12,12
0001045390,2010-02-24,2012-03-30,3,3
0001045425,2010-03-01,2019-03-26,10,10
0001045450,2010-03-01,2021-02-25,12,12
0001045539,2010-11-29,2016-11-29,7,7
0001045540,2010-11-29,2016-11-29,7,7
0001045541,2010-11-29,2016-11-29,7,7
0001045542,2010-11-29,2016-11-29,7,7
0001045543,2010-11-29,2016-11-29,7,7
0001045544,2010-11-29,2016-11-29,7,7
0001045545,2010-11-29,2016-11-29,7,7
0001045546,2010-11-29,2016-11-29,7,7
0001045547,2010-11-29,2016-11-29,7,7
0001045560,2010-03-30,2010-03-30,1,1
0001045609,2010-02-22,2021-02-11,12,12
0001045610,2010-02-22,2021-02-11,12,12
0001045739,2010-03-17,2010-03-17,1,1
0001045742,2011-01-07,2021-12-28,12,7
0001045769,2010-03-12,2011-03-10,2,2
0001045810,2010-03-18,2021-02-26,12,12
0001045829,2010-08-26,2013-08-20,4,4
0001045929,2010-04-14,2016-05-31,7,7
0001045942,2010-01-13,2021-12-16,13,10
0001046025,2010-03-02,2021-02-26,12,12
0001046050,2010-12-10,2021-12-08,12,12
0001046057,2010-03-04,2015-03-31,6,6
0001046102,2016-02-25,2021-02-18,6,6
0001046131,2010-03-18,2012-03-21,3,3
0001046188,2010-03-25,2014-03-17,5,5
0001046203,2010-03-30,2021-03-12,12,12
0001046212,2010-03-31,2010-03-31,1,1
0001046257,2010-02-26,2021-02-24,12,12
0001046311,2010-03-01,2021-02-26,12,12
0001046327,2010-03-10,2021-03-15,12,12
0001046568,2010-02-25,2021-02-24,12,12
0001046672,2010-06-14,2013-05-16,4,4
0001046788,2010-03-31,2013-03-15,4,4
0001046817,2010-03-31,2011-03-31,2,2
0001046859,2013-02-27,2015-03-02,3,3
0001046880,2010-03-01,2013-06-18,4,4
0001046995,2010-03-25,2021-03-19,12,12
0001047040,2010-03-29,2010-03-29,1,1
0001047122,2010-02-24,2020-02-12,11,11
0001047127,2010-02-24,2021-02-19,12,12
0001047166,2010-02-03,2021-01-27,12,12
0001047170,2010-03-11,2017-03-15,8,8
0001047188,2010-03-16,2010-03-16,1,1
0001047335,2010-03-02,2021-02-19,12,12
0001047340,2010-03-02,2021-02-24,12,12
0001047446,2010-03-31,2012-04-19,3,3
0001047540,2010-04-15,2010-04-15,1,1
0001047699,2010-02-26,2010-02-26,1,1
0001047857,2010-03-31,2011-03-31,2,2
0001047862,2010-02-22,2021-02-18,12,12
0001047865,2010-03-15,2011-03-01,2,2
0001047881,2010-03-29,2017-03-28,8,8
0001047884,2010-02-26,2021-02-26,12,12
0001047919,2010-03-31,2014-04-14,5,5
0001048055,2010-03-31,2017-03-16,8,8
0001048268,2010-12-14,2021-12-03,12,12
0001048286,2010-02-12,2021-02-18,12,12
0001048477,2010-02-26,2021-02-26,12,12
0001048501,2010-10-13,2012-10-09,3,3
0001048566,2010-03-30,2010-03-30,1,1
0001048620,2010-03-22,2014-03-19,5,5
0001048685,2010-03-16,2015-04-15,6,6
0001048695,2010-11-23,2021-11-16,12,12
0001048701,2010-04-15,2010-04-15,1,1
0001048789,2010-02-26,2021-02-26,12,12
0001048911,2010-07-15,2021-07-19,12,12
0001049011,2019-11-05,2021-04-15,3,3
0001049108,2010-03-04,2012-02-28,3,3
0001049210,2010-03-16,2013-04-01,4,4
0001049502,2010-02-26,2021-02-23,12,12
0001049505,2010-06-29,2012-07-13,3,3
0001049521,2010-08-19,2021-08-17,12,12
0001049606,2010-03-04,2021-03-03,12,12
0001049782,2010-03-01,2021-02-26,12,12
0001049861,2011-03-18,2011-04-15,2,1
0001050007,2010-11-23,2016-11-17,7,7
0001050180,2010-02-26,2010-02-26,1,1
0001050377,2010-03-15,2021-03-16,12,12
0001050441,2010-03-15,2021-03-01,12,12
0001050446,2010-02-24,2021-02-12,12,12
0001050550,2010-03-03,2013-03-06,4,4
0001050606,2010-03-12,2021-03-04,12,12
0001050690,2010-03-16,2011-03-16,2,2
0001050743,2010-03-16,2021-03-12,12,12
0001050797,2010-03-12,2021-02-25,12,12
0001050825,2010-04-26,2021-04-20,12,12
0001050915,2010-03-01,2021-03-01,12,12
0001050957,2010-03-31,2013-04-16,4,4
0001051114,2010-03-31,2013-03-28,4,4
0001051251,2010-03-19,2019-03-20,10,10
0001051343,2010-03-26,2021-03-15,12,12
0001051379,2010-03-31,2010-03-31,1,1
0001051470,2010-02-16,2021-02-22,12,12
0001051473,2010-03-23,2012-03-30,3,3
0001051488,2010-06-29,2013-06-28,4,4
0001051512,2010-02-25,2021-02-18,12,12
0001051514,2010-03-04,2021-03-25,12,12
0001051627,2010-03-22,2021-03-23,12,12
0001051741,2010-02-26,2016-02-10,7,7
0001051771,2010-04-14,2015-04-14,6,6
0001051827,2010-03-30,2013-03-18,4,4
0001051828,2010-03-30,2013-03-18,4,4
0001051829,2010-03-30,2013-03-18,4,4
0001051830,2010-03-30,2013-03-18,4,4
0001051871,2010-03-12,2012-03-30,3,3
0001052045,2010-03-30,2015-03-02,6,6
0001052054,2010-03-08,2021-03-17,12,12
0001052100,2010-02-26,2021-02-19,12,12
0001052257,2010-04-09,2017-04-17,8,8
0001052284,2010-06-30,2013-06-28,4,4
0001052354,2010-03-31,2021-03-30,12,12
0001052595,2010-03-11,2020-02-27,11,11
0001052635,2010-03-30,2013-03-18,4,4
0001052636,2010-03-30,2013-03-18,4,4
0001052671,2010-04-15,2010-04-15,1,1
0001052752,2010-03-16,2021-02-25,12,12
0001053059,2014-02-26,2021-02-19,8,8
0001053112,2010-02-25,2016-02-25,7,7
0001053352,2010-03-17,2021-03-05,12,12
0001053369,2010-07-07,2021-06-14,12,12
0001053374,2010-03-16,2018-03-08,9,9
0001053439,2010-06-21,2014-03-31,5,5
0001053507,2010-03-01,2021-02-25,12,12
0001053532,2010-02-25,2018-02-20,9,9
0001053584,2010-03-30,2021-02-18,12,12
0001053648,2010-04-15,2015-03-31,6,6
0001053650,2010-03-10,2017-03-01,8,8
0001053691,2010-04-15,2021-03-17,12,12
0001053706,2010-01-29,2021-03-04,12,12
0001054102,2010-03-08,2021-04-01,12,12
0001054274,2010-03-31,2019-02-22,10,10
0001054303,2010-03-16,2012-03-16,3,3
0001054374,2010-02-03,2015-01-29,6,6
0001054508,2010-03-12,2013-03-14,4,4
0001054579,2010-04-16,2014-04-21,5,5
0001054721,2010-03-25,2021-03-18,12,12
0001054833,2010-02-26,2013-02-27,4,4
0001054905,2010-02-19,2021-02-17,12,12
0001055160,2010-02-11,2021-02-23,12,12
0001055294,2010-02-12,2015-01-30,6,6
0001055355,2010-03-26,2012-03-15,3,3
0001055454,2010-06-25,2020-04-07,11,11
0001055726,2010-03-26,2021-03-01,12,12
0001056035,2010-03-29,2013-03-27,4,4
0001056087,2010-03-03,2020-03-30,11,11
0001056239,2010-02-26,2016-02-26,7,7
0001056285,2010-04-15,2021-03-26,12,12
0001056288,2010-02-19,2021-02-26,12,12
0001056358,2010-03-11,2021-03-19,12,12
0001056386,2010-03-02,2020-05-08,11,11
0001056598,2011-06-29,2011-12-20,2,1
0001056696,2010-02-19,2021-02-05,12,12
0001056756,2010-06-25,2011-07-14,2,2
0001056757,2010-06-08,2020-05-28,11,11
0001056758,2010-06-25,2010-06-25,1,1
0001056903,2010-03-12,2021-02-22,12,12
0001056923,2010-03-31,2016-03-14,7,7
0001056943,2010-03-15,2021-03-16,11,11
0001057051,2010-03-31,2018-03-28,9,9
0001057058,2010-02-09,2016-02-09,7,7
0001057060,2010-12-02,2021-11-19,12,12
0001057076,2010-03-31,2015-01-09,6,6
0001057083,2010-03-16,2021-03-12,12,12
0001057232,2010-04-15,2011-05-24,2,2
0001057327,2010-05-05,2012-01-19,2,2
0001057352,2010-02-26,2021-02-24,12,12
0001057379,2010-03-17,2021-03-12,12,12
0001057436,2010-02-25,2015-02-24,6,6
0001057689,2010-03-04,2013-02-21,4,4
0001057695,2010-10-13,2011-10-13,2,2
0001057706,2010-03-02,2021-03-01,12,12
0001057758,2010-02-12,2014-02-14,5,5
0001057877,2010-02-23,2021-02-18,12,12
0001058027,2010-02-05,2010-02-05,1,1
0001058057,2010-03-31,2021-03-16,12,12
0001058083,2010-02-17,2010-02-17,1,1
0001058090,2010-02-19,2021-02-10,12,12
0001058198,2010-03-22,2010-03-22,1,1
0001058290,2010-02-25,2021-02-12,12,12
0001058299,2010-03-16,2016-03-04,7,7
0001058307,2010-04-08,2021-03-22,12,12
0001058322,2010-05-13,2011-04-27,2,2
0001058330,2010-03-30,2021-04-21,11,10
0001058438,2010-03-11,2013-03-04,4,4
0001058444,2010-03-05,2011-03-04,2,2
0001058623,2010-03-03,2021-02-23,12,12
0001058624,2010-03-31,2011-03-31,2,2
0001058626,2010-03-31,2011-03-31,2,2
0001058690,2010-03-12,2014-03-14,5,5
0001058767,2010-03-30,2012-04-23,3,3
0001058786,2010-03-29,2010-03-29,1,1
0001058811,2010-03-30,2021-03-05,12,12
0001058828,2010-09-24,2019-09-18,5,4
0001058867,2018-03-16,2021-03-12,4,4
0001058926,2010-03-29,2017-03-09,8,8
0001059025,2010-03-26,2010-03-26,1,1
0001059027,2010-03-26,2010-03-26,1,1
0001059103,2010-12-14,2010-12-14,1,1
0001059131,2010-12-14,2013-12-16,4,4
0001059142,2010-03-29,2021-02-25,12,12
0001059262,2010-03-12,2021-02-22,12,12
0001059272,2010-09-09,2017-10-02,8,8
0001059324,2010-02-23,2012-02-28,3,3
0001059376,2010-03-31,2018-03-29,9,9
0001059377,2010-03-31,2018-03-29,9,9
0001059378,2010-03-31,2018-03-29,9,9
0001059556,2010-03-01,2021-02-22,12,12
0001059562,2010-03-12,2017-03-15,8,8
0001059763,2010-03-09,2012-03-06,3,3
0001059784,2010-10-14,2020-11-13,11,10
0001059786,2010-09-09,2012-09-10,3,3
0001059790,2010-03-09,2015-03-11,6,6
0001060009,2010-02-26,2018-03-01,9,9
0001060219,2010-03-22,2021-03-12,12,12
0001060224,2010-02-26,2021-02-23,6,6
0001060232,2010-03-26,2012-03-22,3,3
0001060244,2010-03-31,2012-03-29,3,3
0001060349,2010-03-15,2021-03-05,12,12
0001060386,2010-03-01,2021-02-24,12,12
0001060391,2010-02-24,2021-02-23,12,12
0001060409,2010-05-12,2018-03-30,9,8
0001060426,2010-10-04,2016-10-05,7,7
0001060455,2010-03-23,2012-03-27,3,3
0001060523,2010-03-15,2017-03-15,8,8
0001060736,2010-03-12,2021-02-12,12,12
0001060749,2010-02-24,2013-03-01,4,4
0001060755,2010-03-31,2015-01-09,6,6
0001060822,2010-03-02,2021-02-26,12,12
0001060824,2010-03-01,2010-03-01,1,1
0001060910,2010-08-13,2014-09-04,5,5
0001060990,2010-03-15,2015-03-31,6,6
0001061027,2010-03-31,2021-02-24,12,12
0001061069,2010-03-18,2021-03-11,12,12
0001061134,2010-03-25,2011-03-24,2,2
0001061164,2010-10-07,2021-11-18,12,12
0001061169,2010-10-06,2015-03-19,5,5
0001061219,2010-03-01,2021-03-01,12,12
0001061288,2010-04-14,2012-04-12,3,3
0001061322,2010-02-23,2011-02-23,2,2
0001061393,2010-02-10,2013-02-25,4,4
0001061507,2010-03-10,2011-02-24,2,2
0001061630,2010-03-02,2021-02-10,12,12
0001061688,2010-04-15,2013-04-16,4,4
0001061937,2010-03-05,2021-02-25,12,12
0001061983,2010-03-11,2021-02-26,12,12
0001062047,2010-02-26,2018-02-21,9,9
0001062128,2010-02-26,2021-03-30,12,12
0001062231,2010-02-22,2021-02-12,12,12
0001062273,2010-12-29,2017-05-16,8,8
0001062292,2010-03-12,2018-03-02,9,9
0001062438,2010-12-17,2015-12-11,6,6
0001062449,2010-02-26,2017-02-17,8,8
0001062478,2010-03-10,2014-03-07,5,5
0001062506,2010-03-31,2021-03-31,12,12
0001062530,2010-02-23,2014-02-27,5,5
0001062613,2010-05-28,2017-03-06,8,8
0001062624,2010-05-28,2010-05-28,1,1
0001062720,2010-06-24,2018-09-25,3,3
0001062822,2010-03-08,2021-03-12,12,12
0001063104,2010-03-29,2020-05-07,11,11
0001063197,2010-03-31,2020-03-27,11,11
0001063254,2010-03-05,2011-03-11,2,2
0001063344,2010-03-05,2021-03-29,12,12
0001063489,2018-04-17,2019-04-16,2,2
0001063494,2010-02-26,2012-02-28,3,3
0001063530,2010-04-15,2011-05-05,2,2
0001063537,2011-02-24,2021-02-25,12,11
0001063561,2010-12-20,2010-12-20,1,1
0001063665,2010-09-23,2014-09-10,5,5
0001063697,2010-03-08,2010-03-08,1,1
0001063698,2010-03-08,2010-03-08,1,1
0001063699,2010-03-08,2010-03-08,1,1
0001063761,2010-02-25,2021-02-25,12,12
0001064015,2010-09-28,2012-09-28,3,3
0001064090,2011-12-19,2013-12-05,3,3
0001064116,2010-03-17,2016-03-09,7,7
0001064117,2010-03-17,2016-03-09,7,7
0001064722,2020-06-01,2021-04-14,2,2
0001064728,2010-02-24,2021-02-23,12,12
0001064863,2010-02-22,2012-02-24,3,3
0001065001,2010-03-15,2014-05-19,6,5
0001065023,2011-03-31,2012-04-12,2,2
0001065034,2010-07-16,2011-07-15,2,2
0001065049,2010-03-01,2014-03-06,5,5
0001065059,2010-03-01,2021-03-22,12,12
0001065078,2010-04-09,2021-03-31,12,12
0001065087,2010-03-12,2017-03-16,8,8
0001065088,2010-02-17,2021-02-04,12,12
0001065188,2011-06-20,2012-03-21,5,2
0001065189,2010-04-16,2014-04-15,5,5
0001065201,2010-03-29,2021-03-30,12,12
0001065280,2010-02-22,2021-01-28,12,12
0001065298,2010-03-11,2010-03-11,1,1
0001065332,2010-03-16,2021-02-25,12,12
0001065598,2010-05-28,2019-06-13,10,10
0001065696,2010-02-26,2021-02-26,12,12
0001065736,2010-03-02,2010-03-02,1,1
0001065754,2010-02-22,2012-02-29,3,3
0001065837,2010-03-05,2021-02-26,12,12
0001065860,2010-03-23,2016-03-30,7,7
0001065865,2010-02-24,2017-02-16,8,8
0001066026,2010-11-18,2014-11-18,5,5
0001066104,2010-03-01,2017-03-01,8,8
0001066107,2010-03-01,2012-02-27,3,3
0001066134,2010-08-23,2013-09-03,4,4
0001066138,2010-03-16,2010-03-16,1,1
0001066194,2010-09-23,2021-09-10,12,12
0001066247,2010-02-26,2021-02-17,12,12
0001066254,2010-03-18,2012-03-30,3,3
0001066551,2010-08-13,2012-08-16,3,3
0001066605,2010-03-01,2021-02-24,12,12
0001066656,2010-03-29,2021-03-25,12,12
0001066658,2010-03-29,2016-03-28,7,7
0001066684,2010-03-26,2021-03-26,12,12
0001066764,2010-03-31,2021-03-26,12,12
0001066923,2010-03-31,2021-04-15,12,12
0001066961,2010-04-15,2010-04-15,1,1
0001067063,2010-02-11,2021-02-25,12,12
0001067125,2010-03-31,2010-03-31,1,1
0001067286,2010-01-13,2013-01-15,4,4
0001067294,2010-09-28,2021-09-24,12,12
0001067419,2010-03-16,2012-03-15,3,3
0001067701,2010-02-03,2021-01-27,12,12
0001067837,2010-03-15,2021-03-01,12,12
0001067873,2010-10-04,2021-10-06,12,11
0001067983,2010-03-01,2021-03-01,12,12
0001068084,2010-05-25,2013-06-28,4,3
0001068148,2010-03-25,2021-03-15,12,12
0001068237,2010-03-31,2018-03-28,9,9
0001068300,2010-03-18,2013-03-21,4,4
0001068689,2019-04-12,2021-03-23,3,3
0001068717,2010-02-22,2015-02-26,6,6
0001068796,2010-03-11,2013-03-12,4,4
0001068851,2010-03-01,2021-02-26,12,12
0001068874,2011-02-15,2016-10-14,8,6
0001068875,2010-02-26,2021-02-26,12,12
0001068912,2010-09-22,2010-09-22,1,1
0001069152,2010-03-23,2017-03-20,8,8
0001069157,2010-03-01,2021-02-26,12,12
0001069183,2010-03-15,2021-02-26,12,12
0001069202,2010-02-18,2021-02-16,12,12
0001069258,2010-03-11,2021-02-25,12,12
0001069308,2010-03-05,2021-03-01,12,12
0001069353,2010-11-09,2011-12-29,2,2
0001069394,2010-03-30,2021-03-31,12,12
0001069489,2010-04-15,2011-04-18,2,2
0001069530,2010-02-01,2021-03-23,12,12
0001069533,2010-12-17,2021-12-02,12,12
0001069563,2010-03-31,2011-04-14,2,2
0001069680,2021-03-08,2021-03-08,1,1
0001069799,2010-10-13,2015-10-13,6,6
0001069878,2010-03-12,2021-02-22,12,12
0001069899,2014-09-18,2021-08-25,8,8
0001069996,2010-03-26,2021-03-29,12,12
0001070045,2010-03-31,2014-01-14,3,3
0001070050,2020-03-30,2021-03-31,2,2
0001070081,2014-03-06,2021-02-25,8,8
0001070154,2010-12-13,2021-02-26,12,12
0001070181,2010-04-15,2011-04-06,2,2
0001070190,2010-03-12,2010-03-12,1,1
0001070235,2020-04-07,2021-03-31,2,2
0001070295,2010-04-07,2014-03-31,5,5
0001070296,2010-03-30,2021-03-15,12,12
0001070336,2010-03-11,2019-03-07,10,10
0001070361,2010-03-16,2011-08-03,2,2
0001070380,2010-08-12,2011-08-05,2,2
0001070412,2010-02-09,2021-02-09,12,12
0001070423,2010-02-26,2021-03-01,12,12
0001070494,2010-03-09,2021-02-25,12,12
0001070495,2010-03-01,2012-03-07,3,3
0001070523,2010-03-31,2017-03-30,8,8
0001070524,2010-09-27,2021-09-13,12,12
0001070680,2010-03-29,2021-03-23,12,12
0001070698,2010-11-22,2016-02-26,7,7
0001070699,2010-10-14,2010-10-14,1,1
0001070750,2010-03-01,2021-02-25,12,12
0001070789,2010-01-20,2017-11-09,12,6
0001070799,2010-03-31,2010-03-31,1,1
0001070985,2010-02-24,2021-02-22,12,12
0001071236,2020-03-27,2021-03-19,2,2
0001071255,2010-03-17,2021-03-12,12,12
0001071264,2010-03-19,2015-03-16,6,6
0001071272,2021-12-22,2021-12-22,2,1
0001071341,2010-03-16,2012-03-15,3,3
0001071411,2010-03-25,2018-03-22,9,9
0001071625,2010-03-31,2015-03-31,6,6
0001071739,2010-02-22,2021-02-22,12,12
0001071760,2010-03-31,2017-04-17,8,8
0001071840,2010-12-13,2021-11-04,12,12
0001071941,2010-06-11,2011-06-28,2,2
0001071991,2010-03-15,2010-03-15,1,1
0001071992,2010-03-10,2012-04-10,3,3
0001071993,2010-09-13,2021-03-10,12,12
0001072248,2010-11-12,2015-06-24,5,5
0001072341,2010-03-12,2010-03-12,1,1
0001072343,2010-02-19,2011-02-23,2,2
0001072379,2010-04-15,2021-03-31,12,12
0001072627,2012-03-30,2021-03-29,10,9
0001072725,2010-03-31,2012-03-15,3,3
0001072805,2010-03-18,2013-03-15,4,4
0001072806,2010-03-31,2012-04-13,3,3
0001072842,2010-04-16,2010-04-16,1,1
0001072847,2010-03-30,2014-03-31,5,5
0001073101,2010-04-16,2010-04-16,1,1
0001073146,2010-03-31,2015-04-15,6,6
0001073149,2010-03-29,2011-03-17,2,2
0001073349,2010-09-10,2021-08-30,12,12
0001073362,2010-09-14,2017-08-01,6,6
0001073429,2010-03-16,2021-02-24,12,12
0001073431,2010-02-26,2013-02-28,4,4
0001073475,2010-03-30,2019-03-07,10,10
0001073489,2020-06-19,2020-06-19,1,1
0001073748,2010-12-22,2021-12-23,12,11
0001073967,2010-04-30,2013-03-29,4,4
0001074433,2010-11-29,2010-11-29,1,1
0001074447,2010-03-18,2015-03-31,6,6
0001074458,2010-04-15,2016-10-12,7,4
0001074828,2010-01-15,2021-12-21,13,10
0001074871,2010-09-10,2021-06-29,12,12
0001074902,2010-02-23,2021-03-10,12,12
0001074909,2010-03-31,2014-06-27,5,5
0001074929,2010-04-15,2014-04-15,5,5
0001075058,2010-03-03,2015-02-13,6,6
0001075206,2010-03-31,2010-03-31,1,1
0001075415,2010-02-19,2021-02-25,12,12
0001075531,2010-02-19,2021-02-24,12,12
0001075607,2010-02-26,2021-02-24,12,12
0001075656,2010-03-11,2014-03-20,5,5
0001075706,2010-03-15,2021-03-12,12,12
0001075736,2010-03-02,2021-03-09,12,12
0001075773,2010-04-15,2013-06-27,4,4
0001075857,2010-03-31,2020-07-02,11,10
0001075993,2010-03-31,2011-03-30,2,2
0001076167,2010-02-26,2011-02-24,2,2
0001076195,2010-02-26,2015-03-02,6,6
0001076262,2010-04-12,2013-04-15,4,4
0001076394,2010-06-18,2012-06-19,3,3
0001076405,2010-02-22,2010-02-22,1,1
0001076462,2010-05-13,2010-05-13,1,1
0001076481,2010-03-16,2016-03-03,7,7
0001076522,2010-04-13,2018-05-31,10,9
0001076541,2010-04-15,2017-04-10,8,8
0001076682,2010-01-29,2021-03-30,13,11
0001076691,2010-03-31,2012-03-30,3,3
0001076700,2010-04-05,2012-03-30,3,3
0001076744,2011-01-28,2016-04-04,7,6
0001076784,2010-04-15,2019-04-16,10,10
0001076886,2011-03-24,2011-03-24,1,1
0001076891,2010-04-14,2011-08-11,2,2
0001076930,2010-04-13,2021-03-01,13,12
0001076939,2010-03-31,2014-03-31,5,5
0001076966,2010-03-02,2013-04-15,4,4
0001077030,2010-03-29,2010-03-29,1,1
0001077183,2010-03-29,2021-02-25,12,12
0001077241,2010-03-22,2012-04-06,3,3
0001077319,2010-04-15,2011-04-15,2,2
0001077370,2010-03-19,2017-03-31,8,8
0001077385,2011-04-28,2011-05-13,5,1
0001077428,2010-02-19,2021-02-09,12,12
0001077561,2010-03-01,2021-03-15,12,12
0001077634,2010-07-14,2010-07-14,1,1
0001077637,2010-04-15,2011-05-19,2,2
0001077638,2010-06-17,2016-08-15,7,7
0001077688,2010-04-15,2021-04-16,12,12
0001077771,2010-02-19,2021-02-25,12,12
0001077800,2010-09-28,2014-09-29,5,4
0001077866,2010-03-26,2015-03-17,6,6
0001077915,2010-04-15,2012-08-02,3,3
0001078037,2010-07-13,2020-06-29,11,11
0001078075,2010-05-28,2021-05-20,12,12
0001078099,2010-03-05,2020-03-12,11,11
0001078207,2010-03-08,2021-02-26,12,12
0001078271,2010-08-20,2021-08-27,12,12
0001078383,2010-03-23,2013-03-29,4,4
0001078723,2010-03-31,2016-03-30,6,6
0001078799,2018-04-17,2021-04-14,4,4
0001078858,2010-04-15,2010-04-15,1,1
0001079023,2010-11-22,2010-11-22,1,1
0001079282,2010-01-14,2020-11-12,9,6
0001079297,2010-07-29,2018-08-14,9,9
0001079574,2010-04-15,2010-04-15,1,1
0001079577,2010-02-25,2016-02-26,7,7
0001079786,2011-08-25,2011-08-26,3,1
0001079996,2010-03-05,2010-03-05,1,1
0001080014,2010-02-26,2021-02-25,12,12
0001080029,2018-03-29,2019-05-06,2,2
0001080034,2010-02-26,2014-03-03,5,5
0001080056,2010-03-30,2019-03-15,10,10
0001080099,2010-03-01,2015-02-26,6,6
0001080131,2010-03-03,2010-03-03,1,1
0001080224,2010-03-31,2012-03-13,3,3
0001080319,2010-04-09,2021-04-12,12,11
0001080340,2010-03-16,2021-03-11,12,12
0001080359,2010-04-12,2010-04-12,1,1
0001080360,2010-03-29,2011-11-21,3,2
0001080398,2010-03-31,2014-03-20,5,5
0001080448,2010-08-30,2021-04-14,12,12
0001080602,2010-11-04,2013-12-16,4,4
0001080627,2010-10-13,2014-10-14,5,5
0001080634,2010-03-31,2012-03-28,3,3
0001080657,2010-03-31,2021-03-30,12,12
0001080667,2010-07-14,2012-07-27,3,3
0001080709,2010-03-16,2021-02-23,12,12
0001080747,2012-09-21,2013-09-13,2,2
0001080908,2010-05-12,2010-05-12,1,1
0001080924,2010-03-31,2010-03-31,1,1
0001081074,2010-06-17,2015-03-31,5,5
0001081078,2010-08-10,2016-03-02,7,7
0001081091,2010-06-29,2015-07-14,6,6
0001081183,2010-08-16,2016-07-01,10,7
0001081188,2017-06-01,2021-05-25,4,3
0001081206,2010-03-31,2012-03-30,3,3
0001081316,2010-03-01,2021-03-01,12,12
0001081369,2010-10-12,2010-10-12,1,1
0001081568,2010-02-16,2016-01-28,7,7
0001081745,2010-03-24,2021-03-30,12,12
0001081834,2010-03-29,2015-04-30,6,5
0001081860,2010-03-30,2014-03-26,5,5
0001081938,2010-04-15,2021-04-14,12,10
0001081944,2010-07-14,2012-12-28,2,2
0001082027,2010-04-15,2021-09-22,10,9
0001082038,2010-03-04,2021-03-05,12,12
0001082176,2014-04-16,2014-04-16,1,1
0001082198,2010-03-31,2016-03-29,7,7
0001082278,2010-04-06,2015-03-31,6,6
0001082324,2010-03-31,2021-03-16,12,12
0001082368,2010-03-12,2010-03-12,1,1
0001082384,2010-04-12,2011-04-13,2,2
0001082423,2010-03-26,2010-03-26,1,1
0001082431,2010-10-18,2011-08-19,2,2
0001082492,2012-04-16,2013-08-27,2,2
0001082506,2010-09-07,2020-09-18,11,11
0001082510,2010-02-17,2015-02-26,6,6
0001082526,2011-03-09,2016-02-22,6,6
0001082554,2010-02-26,2021-02-24,12,12
0001082564,2010-03-31,2011-03-31,2,2
0001082576,2011-08-01,2011-12-05,8,1
0001082733,2015-09-01,2021-10-13,9,7
0001082754,2010-03-12,2016-02-22,7,7
0001082822,2010-05-17,2011-04-11,2,2
0001082923,2010-03-15,2021-02-26,12,12
0001083082,2010-03-31,2011-03-31,2,2
0001083220,2010-02-18,2021-04-23,14,12
0001083243,2010-03-09,2017-03-16,8,8
0001083301,2010-03-02,2021-03-03,12,12
0001083318,2010-03-16,2011-03-16,2,2
0001083383,2011-01-13,2015-11-06,5,5
0001083410,2010-02-22,2012-11-27,5,2
0001083446,2010-05-14,2021-03-15,12,12
0001083459,2011-07-11,2015-09-21,4,3
0001083490,2010-04-15,2021-04-30,12,10
0001083522,2010-03-31,2021-03-24,12,12
0001083643,2010-03-15,2021-03-26,12,12
0001083663,2010-03-19,2011-03-04,2,2
0001083689,2010-03-16,2016-03-25,7,7
0001083706,2010-06-29,2019-06-28,10,10
0001083712,2010-03-31,2015-03-31,6,6
0001083743,2010-04-15,2021-09-27,13,12
0001083750,2010-03-30,2010-03-30,1,1
0001083768,2010-03-26,2014-03-28,5,5
0001083848,2010-04-15,2020-01-07,9,8
0001083866,2010-03-25,2012-04-20,3,3
0001083922,2010-06-29,2021-07-14,12,11
0001083944,2010-03-31,2012-04-16,3,3
0001084031,2010-04-14,2016-03-30,7,7
0001084047,2014-09-29,2014-09-29,1,1
0001084048,2010-02-23,2021-03-01,12,12
0001084067,2010-10-04,2019-06-26,12,10
0001084182,2010-03-31,2014-03-31,5,5
0001084226,2010-03-12,2016-04-05,7,7
0001084230,2010-02-22,2010-02-22,1,1
0001084267,2010-03-30,2021-03-31,12,12
0001084332,2010-06-25,2019-07-10,10,9
0001084370,2016-09-19,2018-10-29,4,3
0001084384,2010-03-31,2021-06-17,12,11
0001084415,2010-03-31,2011-03-30,2,2
0001084448,2010-03-31,2010-03-31,1,1
0001084463,2013-03-22,2015-03-30,3,3
0001084475,2019-11-22,2021-04-14,3,3
0001084507,2010-03-31,2015-04-15,7,6
0001084551,2021-04-14,2021-04-14,1,1
0001084554,2010-03-16,2021-03-25,12,12
0001084577,2019-03-28,2021-03-30,3,3
0001084580,2010-02-26,2021-01-29,12,12
0001084597,2010-03-26,2015-06-24,6,6
0001084662,2010-03-15,2011-03-24,2,2
0001084702,2010-11-01,2010-11-15,2,1
0001084717,2010-03-16,2017-03-13,8,8
0001084750,2010-10-22,2010-10-22,1,1
0001084752,2010-10-29,2017-03-31,7,7
0001084755,2010-11-23,2011-11-10,2,2
0001084765,2010-07-27,2021-07-23,12,12
0001084817,2012-03-30,2013-03-18,2,2
0001084828,2010-04-14,2011-04-15,2,2
0001084869,2010-09-10,2021-09-10,12,12
0001084876,2010-03-12,2011-03-31,2,2
0001084899,2010-03-31,2013-04-16,4,4
0001084961,2010-02-08,2021-02-24,12,12
0001084991,2010-03-04,2021-03-31,12,12
0001085069,2010-03-05,2014-11-05,3,2
0001085104,2010-01-12,2010-01-12,1,1
0001085113,2010-04-15,2010-04-15,1,1
0001085129,2010-08-20,2010-08-20,1,1
0001085243,2018-03-30,2021-03-29,4,4
0001085254,2012-03-27,2015-04-16,4,4
0001085277,2010-04-15,2021-04-15,12,12
0001085280,2010-01-29,2014-01-29,5,5
0001085392,2010-02-26,2021-02-26,12,12
0001085596,2018-04-02,2019-03-28,2,2
0001085621,2010-03-16,2018-03-30,9,9
0001085706,2010-03-16,2015-03-16,6,6
0001085734,2010-03-16,2011-07-13,2,2
0001085770,2010-03-05,2014-02-18,5,5
0001085869,2010-03-04,2021-02-25,12,12
0001085913,2010-03-11,2021-03-15,12,12
0001086082,2019-04-01,2020-04-14,2,2
0001086139,2010-12-21,2012-12-21,3,3
0001086195,2010-02-01,2010-02-01,1,1
0001086222,2010-03-01,2021-02-26,12,12
0001086303,2010-03-31,2020-03-30,10,10
0001086319,2010-03-03,2013-03-06,4,4
0001086411,2010-03-29,2012-06-14,3,3
0001086467,2010-03-16,2011-03-18,2,2
0001086600,2010-02-26,2021-02-23,12,12
0001086670,2010-03-31,2013-07-18,3,3
0001086722,2010-04-13,2012-03-23,9,2
0001086740,2010-03-29,2015-03-31,6,6
0001086745,2010-07-29,2021-03-31,11,11
0001086909,2011-03-07,2017-02-23,7,7
0001086939,2010-03-16,2011-03-16,2,2
0001087022,2010-04-15,2021-03-31,12,11
0001087216,2010-12-22,2011-12-22,2,2
0001087294,2010-03-19,2021-03-12,12,12
0001087423,2010-04-29,2019-04-24,10,10
0001087432,2010-03-15,2014-02-24,5,5
0001087455,2010-03-31,2012-03-28,3,3
0001087456,2010-03-26,2021-03-05,12,12
0001087734,2010-03-31,2015-04-15,6,6
0001087790,2010-04-15,2010-04-15,1,1
0001087835,2010-02-22,2010-02-22,1,1
0001087848,2010-03-30,2010-03-30,1,1
0001087934,2010-03-12,2016-03-04,7,7
0001088005,2010-01-13,2021-09-28,7,4
0001088033,2010-02-19,2012-02-29,3,3
0001088034,2010-04-15,2021-03-30,12,12
0001088120,2010-03-16,2012-03-12,3,3
0001088144,2010-03-10,2011-03-18,2,2
0001088162,2010-06-11,2016-06-02,7,7
0001088206,2010-09-29,2013-09-30,4,4
0001088211,2010-08-13,2013-08-06,4,4
0001088213,2011-07-01,2015-07-23,7,4
0001088312,2010-10-07,2014-10-14,5,5
0001088413,2010-09-14,2021-08-20,12,12
0001088638,2010-03-10,2021-02-22,12,9
0001088787,2010-01-04,2017-03-14,8,6
0001088825,2010-03-31,2016-03-23,7,7
0001088856,2010-03-26,2021-02-23,12,12
0001088949,2010-03-15,2015-04-15,6,6
0001089029,2010-02-16,2016-02-26,7,7
0001089044,2010-03-16,2011-03-16,2,2
0001089061,2010-04-07,2019-04-16,10,10
0001089063,2010-03-18,2021-03-24,12,12
0001089143,2010-09-08,2020-08-26,11,11
0001089272,2010-08-10,2011-07-28,2,2
0001089297,2021-05-17,2021-05-17,5,1
0001089319,2010-10-01,2018-10-15,9,9
0001089473,2010-02-24,2016-03-18,2,2
0001089511,2010-03-09,2021-03-16,12,12
0001089531,2010-03-31,2019-04-02,10,10
0001089565,2010-04-12,2011-04-15,2,2
0001089575,2010-03-31,2010-03-31,1,1
0001089590,2010-04-06,2011-04-08,2,2
0001089598,2010-03-26,2020-03-26,11,11
0001089638,2010-03-15,2011-03-04,2,2
0001089748,2010-02-19,2021-02-12,12,12
0001089787,2010-03-31,2010-03-31,1,1
0001089815,2010-03-30,2021-04-07,12,12
0001089819,2010-02-25,2021-03-03,12,12
0001089872,2010-03-16,2021-03-02,12,12
0001089907,2010-03-31,2021-03-31,12,12
0001089976,2010-02-26,2010-02-26,1,1
0001090009,2010-03-02,2021-03-02,12,12
0001090012,2010-02-25,2021-02-17,12,12
0001090061,2010-01-29,2020-01-31,11,11
0001090396,2010-03-31,2021-03-31,12,12
0001090403,2010-02-25,2012-02-24,3,3
0001090425,2010-02-26,2021-02-26,12,12
0001090461,2010-08-13,2010-08-13,1,1
0001090514,2010-03-15,2013-06-11,4,3
0001090701,2010-03-25,2010-03-25,1,1
0001090727,2010-02-26,2021-02-22,12,12
0001090872,2010-12-20,2021-12-17,12,12
0001090908,2010-06-29,2018-06-29,9,9
0001090967,2010-04-15,2014-04-14,5,5
0001091164,2010-09-28,2010-09-28,1,1
0001091171,2010-02-25,2016-03-01,7,7
0001091312,2010-03-31,2014-03-14,5,5
0001091325,2010-03-23,2016-03-30,7,7
0001091326,2015-04-15,2015-04-15,1,1
0001091491,2010-03-18,2017-03-03,8,7
0001091530,2010-02-25,2010-02-25,1,1
0001091566,2010-02-26,2012-04-02,3,3
0001091596,2010-03-29,2019-04-16,10,10
0001091667,2010-02-26,2021-01-29,12,12
0001091735,2010-02-23,2014-02-26,5,5
0001091748,2010-03-01,2021-03-15,12,12
0001091801,2010-03-08,2015-03-06,6,6
0001091862,2010-03-12,2017-02-22,8,8
0001091883,2010-02-25,2021-03-15,12,12
0001091907,2010-02-25,2021-02-04,12,12
0001091983,2010-04-15,2020-03-04,10,10
0001092083,2010-04-23,2011-04-27,2,2
0001092289,2010-03-31,2020-03-25,11,11
0001092302,2010-03-17,2010-03-17,1,1
0001092367,2010-09-24,2016-10-28,7,7
0001092448,2010-04-08,2011-03-31,2,2
0001092492,2010-03-25,2013-02-28,4,4
0001092562,2010-04-01,2012-03-30,3,3
0001092570,2010-03-31,2021-03-31,12,12
0001092662,2010-03-05,2021-03-11,12,12
0001092699,2011-03-03,2021-02-23,11,11
0001092791,2010-07-28,2012-10-15,3,2
0001092796,2010-07-01,2021-06-17,12,12
0001092800,2010-04-15,2011-04-15,2,2
0001092802,2010-04-14,2011-04-14,2,2
0001092807,2010-01-29,2011-01-26,2,2
0001092839,2010-03-25,2014-03-07,5,5
0001092914,2010-03-05,2015-02-27,6,6
0001092945,2011-04-12,2011-04-12,1,1
0001093082,2010-02-26,2021-03-02,12,12
0001093207,2012-01-27,2017-01-20,6,6
0001093248,2010-07-29,2017-07-19,8,7
0001093285,2010-01-29,2016-01-27,7,7
0001093430,2011-01-13,2016-01-13,6,6
0001093434,2010-03-26,2010-03-26,1,1
0001093557,2010-03-09,2021-02-11,12,12
0001093649,2010-03-09,2014-02-27,5,5
0001093661,2010-03-31,2012-03-30,3,3
0001093672,2010-03-25,2021-03-19,12,12
0001093677,2011-09-09,2011-10-03,4,1
0001093683,2010-01-20,2014-01-27,5,5
0001093691,2010-03-16,2021-05-14,12,12
0001093728,2010-03-22,2015-03-26,6,6
0001093800,2010-04-15,2012-03-30,3,3
0001093819,2010-12-17,2010-12-17,2,1
0001093885,2010-03-05,2010-03-05,1,1
0001093897,2010-03-18,2012-03-16,3,3
0001093903,2010-01-13,2012-03-29,3,2
0001093928,2010-03-16,2012-04-16,3,3
0001094007,2010-03-31,2014-04-01,5,5
0001094019,2010-03-15,2014-03-31,5,5
0001094032,2010-04-06,2021-07-12,8,8
0001094038,2010-04-15,2021-03-09,12,12
0001094058,2010-03-12,2012-03-30,3,3
0001094084,2010-03-31,2021-03-31,12,12
0001094093,2010-02-26,2021-02-25,12,12
0001094139,2010-03-31,2018-04-02,9,9
0001094238,2010-08-31,2013-09-17,4,4
0001094285,2010-03-02,2021-02-26,12,12
0001094320,2010-03-29,2010-03-29,1,1
0001094348,2010-03-10,2018-03-12,9,9
0001094363,2010-04-15,2010-04-15,1,1
0001094376,2010-01-14,2010-01-14,1,1
0001094392,2010-03-05,2019-02-15,10,10
0001094572,2010-03-19,2010-03-19,1,1
0001094651,2015-03-30,2015-03-30,5,1
0001094738,2010-03-22,2016-03-16,7,7
0001094739,2010-07-01,2019-06-14,10,10
0001094742,2010-03-19,2014-03-25,5,5
0001094788,2010-05-06,2010-05-06,1,1
0001094808,2010-03-25,2011-03-09,2,2
0001094810,2010-03-18,2020-03-12,11,11
0001094814,2010-04-01,2018-03-30,9,9
0001094816,2010-07-06,2011-04-13,2,2
0001094831,2010-03-16,2021-03-01,12,12
0001094847,2010-03-31,2015-04-15,6,6
0001095007,2010-03-31,2018-03-28,9,9
0001095073,2010-03-01,2021-03-01,12,12
0001095130,2010-09-14,2019-09-13,9,8
0001095133,2010-01-13,2019-02-12,7,7
0001095146,2010-03-31,2014-03-06,5,5
0001095266,2010-09-13,2011-08-24,2,2
0001095274,2010-03-10,2010-03-10,1,1
0001095276,2010-04-15,2011-03-31,2,2
0001095277,2010-03-16,2018-03-30,9,9
0001095291,2010-03-05,2018-02-23,9,9
0001095315,2010-03-31,2021-03-31,12,12
0001095330,2010-02-26,2010-02-26,1,1
0001095373,2010-03-12,2012-03-21,3,3
0001095565,2010-03-26,2021-02-26,12,12
0001095600,2010-06-07,2011-06-08,2,2
0001095651,2010-03-01,2021-02-23,12,12
0001095751,2010-04-15,2010-04-15,1,1
0001095858,2010-03-31,2015-05-15,6,6
0001095981,2010-03-12,2021-02-22,12,12
0001095996,2010-03-30,2019-02-28,9,9
0001096056,2019-03-12,2021-03-02,3,3
0001096132,2015-03-30,2017-05-04,3,3
0001096142,2010-03-17,2014-03-12,5,5
0001096199,2010-02-26,2015-02-23,6,6
0001096275,2010-12-15,2021-04-13,12,12
0001096294,2010-04-15,2013-03-29,4,4
0001096296,2010-04-15,2014-05-21,5,5
0001096298,2010-03-31,2013-04-10,4,4
0001096325,2010-03-02,2017-02-17,8,8
0001096339,2010-04-14,2015-04-15,6,6
0001096343,2010-03-01,2021-02-19,12,12
0001096376,2010-03-05,2019-02-26,10,10
0001096385,2010-02-26,2018-02-21,9,9
0001096481,2010-03-16,2013-03-28,4,4
0001096550,2010-04-12,2013-04-12,4,4
0001096555,2010-10-13,2014-10-22,5,5
0001096560,2010-02-25,2011-03-31,2,2
0001096613,2010-03-31,2011-03-31,2,2
0001096637,2013-09-20,2015-06-19,8,3
0001096654,2010-03-31,2013-04-01,4,4
0001096655,2010-04-09,2010-04-09,1,1
0001096738,2011-03-31,2013-03-11,3,3
0001096752,2010-11-23,2021-11-19,12,12
0001096759,2010-05-24,2013-04-16,4,4
0001096768,2010-04-15,2012-04-16,3,3
0001096788,2010-03-15,2012-03-15,3,3
0001096791,2010-07-13,2011-07-06,2,2
0001096840,2010-04-14,2014-04-14,5,5
0001096841,2010-01-13,2010-01-13,1,1
0001096857,2010-03-31,2013-04-15,4,4
0001096915,2010-10-25,2010-10-25,1,1
0001096934,2010-05-17,2021-03-29,12,12
0001096935,2010-04-15,2011-04-15,2,2
0001096938,2010-04-16,2021-03-30,12,11
0001096939,2010-04-15,2015-03-31,6,6
0001096950,2015-04-15,2021-04-16,7,7
0001096958,2010-03-15,2010-03-15,1,1
0001097136,2010-03-16,2010-03-16,1,1
0001097149,2010-02-26,2021-02-26,12,12
0001097264,2010-03-01,2012-03-26,3,3
0001097396,2010-03-29,2020-03-26,11,11
0001097430,2010-04-02,2016-03-17,7,7
0001097575,2010-04-12,2010-04-12,1,1
0001097718,2010-12-29,2015-10-13,6,5
0001097752,2010-04-15,2010-04-15,1,1
0001097792,2010-01-13,2016-12-29,8,6
0001097864,2010-02-25,2021-02-16,12,12
0001097896,2010-04-15,2014-05-14,5,5
0001098009,2012-10-02,2021-07-13,9,8
0001098146,2010-03-15,2021-03-30,12,12
0001098151,2010-03-08,2021-03-19,12,12
0001098277,2010-02-25,2013-02-20,4,4
0001098296,2010-03-01,2021-03-01,12,12
0001098482,2010-03-22,2013-04-15,4,4
0001098659,2010-03-08,2010-03-08,1,1
0001098813,2010-03-05,2012-02-22,3,3
0001098875,2010-04-15,2012-11-05,3,2
0001098880,2010-03-30,2021-03-25,12,12
0001098881,2010-04-15,2015-03-02,6,6
0001098911,2010-03-30,2013-03-28,4,4
0001098972,2010-03-15,2021-03-16,12,12
0001098996,2010-03-18,2021-08-23,12,11
0001099132,2010-04-09,2021-04-15,12,12
0001099160,2010-03-11,2021-02-19,12,12
0001099215,2010-08-27,2018-09-11,9,9
0001099219,2010-02-26,2021-02-19,12,12
0001099234,2010-04-15,2018-06-14,4,4
0001099290,2010-03-31,2017-07-19,8,7
0001099305,2010-03-19,2013-03-14,4,4
0001099332,2010-03-31,2011-02-24,2,2
0001099369,2010-11-29,2021-11-23,12,12
0001099509,2010-04-14,2018-05-10,9,9
0001099534,2010-03-01,2012-03-28,3,3
0001099568,2010-05-11,2018-04-13,9,9
0001099574,2010-05-11,2018-03-01,8,8
0001099590,2010-02-26,2021-03-01,12,12
0001099668,2010-03-25,2012-03-26,3,3
0001099728,2011-10-14,2015-10-23,7,5
0001099800,2010-02-26,2021-02-12,12,12
0001099918,2010-03-15,2010-03-15,1,1
0001099932,2010-03-11,2011-03-18,2,2
0001099941,2010-12-21,2020-01-14,10,9
0001099958,2010-03-05,2010-03-05,1,1
0001099963,2010-01-13,2010-01-13,1,1
0001099977,2010-03-22,2013-03-26,4,4
0001099980,2010-04-15,2010-04-15,1,1
0001100179,2010-02-19,2016-02-26,7,7
0001100202,2010-04-15,2014-04-15,5,5
0001100270,2010-04-15,2016-03-31,7,7
0001100313,2011-01-10,2011-01-18,2,1
0001100380,2015-03-19,2015-03-20,7,1
0001100394,2010-04-13,2012-03-30,3,3
0001100397,2010-02-19,2021-01-22,12,10
0001100412,2010-08-12,2018-08-14,9,9
0001100441,2010-03-01,2019-03-05,10,10
0001100542,2014-08-29,2016-03-28,3,3
0001100592,2013-04-01,2014-03-31,2,2
0001100644,2010-04-15,2019-04-09,10,10
0001100682,2010-02-19,2021-02-17,12,12
0001100734,2010-04-15,2016-03-25,7,7
0001100747,2010-07-02,2015-04-27,7,6
0001100748,2011-02-09,2011-04-26,2,1
0001100778,2010-03-09,2019-04-01,10,10
0001100779,2010-02-11,2010-02-11,1,1
0001100788,2010-04-15,2011-04-12,2,2
0001100820,2011-06-20,2011-06-20,1,1
0001100878,2010-03-31,2016-03-18,7,7
0001100917,2010-03-31,2017-03-02,8,8
0001100962,2010-03-01,2014-03-03,5,5
0001100969,2010-03-16,2013-02-28,4,4
0001101020,2010-12-09,2012-12-18,3,3
0001101026,2010-04-14,2021-02-25,12,12
0001101093,2010-01-15,2011-02-14,2,2
0001101169,2010-02-25,2015-03-12,6,6
0001101215,2010-03-01,2021-02-26,12,12
0001101239,2010-02-22,2021-02-19,12,12
0001101246,2011-04-05,2020-05-11,3,3
0001101268,2010-06-24,2010-06-24,1,1
0001101302,2010-02-26,2021-02-05,12,12
0001101396,2010-09-01,2021-11-22,12,12
0001101423,2010-07-14,2011-07-13,2,2
0001101433,2010-03-30,2021-03-26,12,12
0001101680,2010-03-16,2021-03-11,12,12
0001101688,2010-01-13,2013-12-30,5,4
0001101723,2010-02-24,2015-02-26,6,6
0001101783,2010-12-29,2013-04-02,3,3
0001101865,2010-03-30,2017-04-14,8,8
0001102112,2010-03-15,2021-02-26,12,12
0001102238,2010-03-31,2021-03-26,12,12
0001102266,2010-03-04,2020-02-27,11,11
0001102287,2010-03-16,2013-03-18,4,4
0001102358,2010-04-15,2019-03-26,10,10
0001102392,2010-12-14,2019-03-29,9,9
0001102414,2010-04-15,2015-08-12,5,4
0001102432,2010-04-02,2021-03-25,12,12
0001102541,2010-02-26,2017-02-24,8,8
0001102709,2010-07-27,2015-04-15,7,6
0001102741,2010-02-23,2013-03-14,4,4
0001102750,2010-03-31,2010-03-31,1,1
0001102934,2010-11-23,2021-11-12,12,12
0001102993,2010-03-11,2021-03-08,12,12
0001103021,2010-03-19,2021-03-11,12,12
0001103025,2010-03-09,2012-03-06,3,3
0001103076,2010-01-29,2010-01-29,1,1
0001103078,2010-03-18,2011-04-15,2,2
0001103090,2010-03-31,2020-03-30,11,11
0001103120,2010-04-23,2011-04-13,2,2
0001103184,2010-04-20,2010-04-20,1,1
0001103345,2010-03-15,2011-03-16,2,2
0001103384,2010-04-15,2015-07-14,5,5
0001103390,2010-03-12,2012-03-09,3,3
0001103577,2010-04-15,2013-04-22,4,4
0001103601,2010-11-24,2018-11-20,9,9
0001103640,2010-03-30,2020-03-30,11,11
0001103795,2010-03-31,2021-07-22,12,12
0001103833,2010-03-09,2021-03-16,12,10
0001103837,2010-03-04,2016-02-19,7,7
0001103977,2010-04-15,2015-06-05,6,6
0001103982,2010-02-25,2021-02-05,12,12
0001103993,2010-05-12,2010-05-12,1,1
0001104038,2012-07-13,2021-03-25,10,10
0001104040,2010-04-15,2011-04-15,2,2
0001104042,2010-02-19,2011-02-25,2,2
0001104188,2010-02-26,2018-02-28,9,9
0001104206,2020-04-17,2020-04-17,5,1
0001104252,2010-03-12,2012-02-17,3,3
0001104254,2010-03-29,2011-04-15,2,2
0001104265,2010-04-12,2017-07-24,8,8
0001104280,2010-12-03,2021-09-28,13,12
0001104349,2010-02-24,2018-03-01,9,9
0001104358,2010-03-29,2017-04-13,7,7
0001104462,2015-03-27,2021-03-05,7,7
0001104485,2010-03-08,2021-03-12,12,12
0001104502,2010-04-15,2012-03-12,2,2
0001104506,2010-03-16,2021-02-25,12,12
0001104657,2010-03-08,2021-02-18,12,12
0001104672,2010-04-13,2012-05-18,3,3
0001104855,2010-03-12,2021-03-30,12,12
0001104891,2010-01-13,2011-02-03,2,2
0001104904,2010-10-13,2012-12-12,3,2
0001105055,2010-02-25,2012-09-18,3,3
0001105064,2010-04-13,2011-04-12,2,2
0001105184,2010-03-11,2016-02-24,7,7
0001105284,2010-11-15,2013-06-19,5,3
0001105360,2010-06-29,2010-06-29,1,1
0001105472,2010-02-25,2017-02-27,8,8
0001105533,2014-03-31,2018-04-02,5,5
0001105705,2010-02-19,2018-02-22,9,9
0001105982,2010-03-16,2010-03-16,1,1
0001106181,2010-04-14,2010-04-14,1,1
0001106213,2010-04-15,2021-04-12,12,12
0001106644,2010-03-04,2021-03-26,12,12
0001106645,2010-04-15,2017-04-17,8,7
0001106838,2010-03-31,2021-12-17,13,12
0001106848,2010-04-15,2013-05-21,4,4
0001106851,2010-06-30,2015-06-29,6,6
0001106935,2010-03-16,2014-03-17,5,5
0001106942,2010-02-17,2011-02-18,2,2
0001106974,2010-01-27,2011-01-28,2,2
0001107160,2010-12-17,2012-12-17,3,3
0001107216,2010-03-12,2011-03-15,2,2
0001107280,2010-03-31,2021-03-15,12,12
0001107332,2010-02-22,2014-03-03,5,5
0001107421,2010-03-17,2021-03-01,12,12
0001107694,2010-02-26,2016-02-26,7,7
0001107699,2010-04-28,2011-04-15,2,2
0001107796,2014-03-28,2017-04-14,4,4
0001107843,2013-03-05,2021-02-22,9,9
0001107998,2011-01-13,2012-12-27,3,2
0001108046,2010-04-15,2016-04-14,7,7
0001108058,2010-02-16,2010-02-16,1,1
0001108064,2010-04-15,2010-04-15,1,1
0001108109,2010-02-26,2021-02-18,12,12
0001108134,2010-03-16,2021-03-01,12,12
0001108185,2010-02-24,2010-02-24,1,1
0001108205,2010-03-03,2021-03-16,12,12
0001108236,2010-03-05,2021-03-18,12,12
0001108320,2010-03-19,2021-03-17,12,12
0001108348,2010-03-25,2021-03-29,12,12
0001108426,2010-03-01,2021-03-01,12,12
0001108524,2010-03-11,2021-03-17,12,12
0001108630,2010-03-29,2021-03-30,4,4
0001108645,2010-08-10,2021-07-20,12,12
0001108730,2010-05-10,2012-06-28,3,3
0001108827,2010-03-08,2021-02-24,12,12
0001108891,2010-04-20,2010-04-20,1,1
0001108924,2010-06-04,2012-06-08,3,3
0001108967,2010-04-01,2021-03-30,12,12
0001109067,2012-12-31,2015-03-27,6,4
0001109116,2010-03-31,2021-04-12,12,12
0001109153,2010-03-31,2015-04-15,6,6
0001109189,2010-03-01,2021-03-31,12,12
0001109196,2010-03-02,2018-04-02,9,9
0001109219,2010-05-18,2010-05-18,1,1
0001109242,2010-03-15,2021-03-01,12,12
0001109354,2010-03-12,2021-03-01,12,12
0001109357,2010-02-05,2021-02-24,12,12
0001109448,2010-02-11,2021-02-11,12,12
0001109525,2010-03-16,2011-03-15,2,2
0001109546,2010-04-01,2021-03-15,12,12
0001109553,2010-03-31,2011-04-13,2,2
0001109879,2010-03-31,2012-03-28,3,3
0001110361,2010-03-29,2016-03-28,7,7
0001110482,2010-03-24,2018-04-17,9,9
0001110503,2010-03-24,2011-03-30,2,2
0001110607,2010-04-15,2021-03-30,12,12
0001110611,2021-03-30,2021-03-30,1,1
0001110647,2010-09-01,2018-08-23,9,9
0001110648,2016-08-24,2016-08-24,1,1
0001110737,2010-06-15,2010-06-15,1,1
0001110783,2010-10-27,2017-10-27,8,8
0001110795,2010-03-26,2021-03-29,12,12
0001110803,2010-02-26,2021-02-17,12,12
0001110805,2010-02-26,2021-02-25,12,12
0001110903,2010-12-10,2011-12-14,2,2
0001111118,2010-03-26,2011-04-15,2,2
0001111247,2010-03-09,2011-03-09,2,2
0001111284,2010-10-01,2011-09-28,2,2
0001111285,2010-01-29,2012-04-09,3,3
0001111335,2010-02-26,2021-02-18,12,12
0001111391,2010-05-14,2010-05-14,1,1
0001111468,2010-02-22,2012-03-30,3,3
0001111473,2010-04-14,2014-03-28,5,5
0001111559,2010-03-12,2011-03-11,2,2
0001111632,2010-03-30,2012-03-23,3,3
0001111634,2010-03-31,2011-03-31,2,2
0001111665,2010-03-09,2015-03-13,6,6
0001111711,2010-02-26,2021-02-17,12,12
0001111741,2010-03-31,2021-03-31,12,12
0001111816,2010-04-15,2010-04-15,1,1
0001111817,2010-09-28,2012-09-13,3,3
0001111928,2010-03-15,2021-02-22,12,12
0001112064,2010-04-15,2013-04-02,4,4
0001112372,2010-12-29,2016-02-19,6,6
0001112412,2010-03-16,2015-03-31,6,6
0001112551,2010-02-26,2012-03-30,3,3
0001112682,2010-04-01,2010-04-01,1,1
0001112706,2010-09-28,2013-09-30,4,4
0001112920,2010-03-30,2020-03-16,11,11
0001112985,2010-04-15,2018-04-23,9,9
0001113026,2010-03-29,2012-03-29,3,3
0001113148,2010-03-12,2021-03-16,12,12
0001113169,2010-02-05,2021-02-11,12,12
0001113232,2010-03-15,2021-02-26,12,12
0001113256,2010-11-24,2021-11-17,12,12
0001113313,2010-04-12,2021-04-09,12,12
0001113336,2010-03-22,2010-03-22,1,1
0001113481,2010-03-16,2019-02-27,10,10
0001113513,2010-04-15,2021-03-23,12,12
0001113524,2010-03-31,2012-03-30,3,3
0001113668,2010-03-15,2012-04-16,3,3
0001113784,2010-02-23,2013-02-22,4,4
0001113809,2010-03-18,2021-04-15,12,12
0001114200,2010-03-01,2011-02-25,2,2
0001114208,2011-07-21,2016-04-13,7,6
0001114220,2010-03-25,2018-02-21,9,9
0001114274,2010-10-13,2011-09-28,2,2
0001114483,2010-03-02,2021-02-18,12,12
0001114485,2010-03-31,2011-03-31,2,2
0001114605,2011-04-14,2011-04-14,1,1
0001114714,2010-03-09,2012-03-15,3,3
0001114925,2010-09-13,2021-08-27,12,12
0001114927,2010-03-29,2021-03-08,12,12
0001114936,2011-01-03,2013-01-16,3,2
0001114995,2017-03-03,2021-02-17,5,5
0001115055,2010-02-26,2021-02-26,12,12
0001115128,2015-03-19,2021-02-23,7,7
0001115222,2010-02-25,2018-02-22,9,9
0001115252,2010-03-29,2011-03-29,6,2
0001115818,2010-04-20,2010-04-20,1,1
0001115836,2010-02-26,2019-02-28,10,10
0001115864,2020-09-09,2020-09-09,5,1
0001115975,2010-04-15,2015-08-13,6,6
0001116112,2010-04-15,2013-12-17,4,2
0001116132,2010-08-25,2021-08-19,12,12
0001116137,2010-11-05,2011-11-18,2,2
0001116204,2010-03-31,2012-03-28,3,3
0001116317,2010-02-25,2010-02-25,1,1
0001116435,2010-03-11,2010-03-11,1,1
0001116463,2010-03-15,2021-03-01,12,12
0001116521,2010-12-07,2015-11-23,6,6
0001116694,2010-03-31,2010-03-31,1,1
0001116734,2010-07-14,2010-07-14,1,1
0001116927,2010-03-31,2014-03-31,5,5
0001116942,2010-03-15,2021-02-22,12,12
0001117045,2010-04-15,2015-06-02,6,5
0001117057,2010-03-29,2021-03-31,12,12
0001117106,2010-03-15,2016-02-24,7,7
0001117171,2010-12-14,2021-04-13,11,11
0001117228,2010-08-09,2014-08-13,5,5
0001117297,2010-09-13,2021-08-26,12,12
0001117414,2010-01-13,2010-01-13,1,1
0001117480,2014-03-07,2021-02-25,8,8
0001117733,2013-03-18,2018-02-28,6,6
0001118004,2020-03-17,2021-03-10,2,2
0001118037,2010-03-31,2017-03-17,8,8
0001118072,2010-03-24,2021-03-29,12,12
0001118148,2010-03-12,2010-03-12,1,1
0001118233,2010-03-24,2019-03-19,10,10
0001118237,2010-03-15,2019-03-18,10,10
0001118384,2010-03-30,2018-03-27,9,9
0001118417,2013-12-09,2021-11-19,9,9
0001118761,2010-04-16,2011-04-15,2,2
0001118941,2010-03-24,2011-02-25,2,2
0001118974,2010-03-31,2015-11-17,6,5
0001119046,2010-04-29,2013-04-24,4,4
0001119643,2010-04-15,2021-09-08,12,10
0001119721,2010-03-18,2011-03-30,2,2
0001119807,2010-03-31,2020-06-09,9,8
0001119809,2010-04-16,2010-04-16,1,1
0001119897,2010-03-23,2021-04-13,12,12
0001119951,2010-04-15,2010-04-15,1,1
0001120096,2010-04-09,2012-03-30,3,3
0001120129,2014-03-27,2014-03-27,1,1
0001120193,2010-02-18,2021-02-23,12,12
0001120295,2010-03-05,2017-03-01,8,8
0001120370,2010-03-12,2021-02-25,12,12
0001120427,2010-03-31,2010-03-31,1,1
0001120434,2010-03-31,2013-04-16,4,4
0001120462,2010-02-26,2010-02-26,1,1
0001120792,2010-04-01,2011-03-31,2,2
0001120830,2010-03-10,2013-04-01,4,4
0001120914,2010-03-16,2021-03-11,12,12
0001120916,2010-03-15,2010-03-15,1,1
0001120970,2010-04-12,2021-03-10,12,12
0001121142,2019-03-01,2021-02-24,3,3
0001121484,2010-02-22,2021-02-22,12,12
0001121702,2010-03-11,2021-03-16,12,12
0001121716,2010-03-26,2015-03-31,6,6
0001121745,2010-03-30,2018-03-28,9,9
0001121783,2010-03-31,2014-10-31,5,5
0001121788,2010-02-24,2021-02-17,12,12
0001121793,2010-03-10,2015-03-26,6,6
0001121795,2010-02-18,2021-09-28,2,2
0001121901,2010-12-15,2013-12-16,4,4
0001122020,2010-07-01,2016-06-22,7,7
0001122051,2015-12-16,2015-12-16,1,1
0001122063,2010-12-16,2020-11-05,7,6
0001122099,2010-04-15,2010-04-15,1,1
0001122101,2010-03-31,2010-03-31,1,1
0001122108,2010-03-31,2014-03-31,5,5
0001122130,2015-04-15,2015-04-15,1,1
0001122304,2010-02-26,2018-02-23,9,9
0001122342,2010-03-19,2016-03-11,7,7
0001122388,2012-03-28,2019-03-01,8,8
0001122742,2020-05-29,2021-04-15,2,2
0001122887,2010-02-05,2010-02-05,1,1
0001122897,2014-03-21,2016-03-01,3,3
0001122904,2010-03-01,2021-02-16,12,12
0001122976,2010-02-18,2021-02-25,12,12
0001122991,2010-03-31,2016-09-02,7,7
0001122993,2010-03-01,2010-03-01,1,1
0001123270,2010-03-05,2017-03-06,8,8
0001123312,2010-03-16,2016-08-30,12,7
0001123316,2010-01-25,2018-01-24,9,9
0001123360,2010-07-28,2021-02-19,12,12
0001123425,2010-04-01,2010-04-01,1,1
0001123493,2010-04-15,2013-05-15,4,4
0001123494,2010-03-11,2021-03-12,12,12
0001123541,2010-03-05,2012-03-15,3,3
0001123596,2010-02-23,2021-02-26,12,12
0001123647,2010-03-16,2012-03-15,3,3
0001123695,2010-04-14,2010-04-14,1,1
0001123735,2010-03-31,2015-03-13,6,6
0001123836,2010-02-19,2011-05-12,3,2
0001123846,2010-10-22,2011-04-15,2,2
0001123852,2010-03-01,2021-02-17,12,12
0001123871,2010-03-01,2010-03-01,1,1
0001123979,2010-02-04,2018-03-08,9,9
0001124019,2012-10-03,2013-03-29,6,2
0001124024,2010-03-15,2014-03-31,5,5
0001124105,2010-03-11,2021-03-04,12,12
0001124127,2010-03-26,2015-04-15,6,6
0001124140,2010-03-12,2021-02-16,12,12
0001124198,2010-02-25,2021-02-26,12,12
0001124524,2010-06-22,2021-03-01,12,12
0001124608,2010-04-13,2015-03-31,6,6
0001124610,2010-03-01,2021-03-26,12,12
0001124676,2010-03-31,2012-03-29,3,3
0001124796,2019-03-15,2021-02-26,3,3
0001124804,2010-07-27,2021-02-26,12,12
0001124827,2010-03-29,2015-04-01,6,6
0001124941,2010-11-29,2021-11-19,12,12
0001125053,2010-02-16,2013-07-16,4,2
0001125057,2010-02-25,2010-02-25,1,1
0001125259,2010-01-29,2021-01-26,12,12
0001125264,2010-03-29,2019-03-18,10,10
0001125280,2010-12-17,2014-05-12,7,5
0001125345,2014-03-20,2021-02-25,8,8
0001125376,2010-02-17,2021-02-03,12,12
0001125536,2010-05-18,2010-05-18,1,1
0001125699,2010-03-30,2021-09-17,12,12
0001125903,2010-04-15,2014-07-28,4,4
0001125914,2010-03-11,2014-02-21,5,5
0001125920,2010-02-09,2019-03-01,10,10
0001126003,2010-04-15,2016-03-30,7,7
0001126115,2011-08-10,2021-08-26,11,11
0001126162,2010-03-01,2014-03-17,5,4
0001126216,2010-03-30,2014-03-27,5,5
0001126234,2012-03-30,2021-03-09,10,10
0001126294,2010-02-25,2018-03-30,9,9
0001126302,2010-08-04,2011-01-10,2,2
0001126328,2010-02-17,2021-02-12,12,12
0001126411,2010-11-12,2013-05-02,3,3
0001126533,2011-12-27,2012-05-09,3,2
0001126703,2010-01-12,2014-04-11,5,4
0001126741,2010-06-04,2021-06-04,12,12
0001126956,2010-11-19,2021-11-22,12,12
0001126975,2010-02-24,2021-02-18,12,12
0001127007,2010-07-14,2010-07-14,1,1
0001127160,2010-03-25,2016-03-23,7,7
0001127242,2010-04-15,2012-04-17,3,3
0001127245,2010-03-18,2017-03-31,8,8
0001127342,2010-03-16,2012-03-09,3,3
0001127371,2010-03-31,2021-03-10,12,12
0001127475,2010-12-15,2021-11-05,10,9
0001127537,2021-03-15,2021-03-15,1,1
0001127703,2010-02-25,2021-02-26,12,12
0001127993,2010-04-15,2021-09-16,13,12
0001128189,2010-03-11,2021-03-05,12,11
0001128227,2010-03-31,2015-03-30,6,6
0001128250,2010-09-28,2021-03-25,12,12
0001128252,2020-08-24,2020-08-24,7,1
0001128281,2010-04-15,2021-03-31,12,12
0001128353,2010-03-31,2021-03-31,12,12
0001128361,2010-03-15,2021-03-01,12,12
0001128383,2010-10-12,2021-10-15,13,12
0001128495,2010-03-01,2011-03-04,2,2
0001128581,2010-03-05,2012-01-30,3,3
0001128725,2010-12-06,2018-04-17,9,9
0001128928,2010-03-03,2021-02-24,12,12
0001128949,2010-12-28,2010-12-28,1,1
0001129018,2010-09-28,2012-10-15,3,3
0001129048,2012-08-22,2014-09-24,3,3
0001129068,2011-06-30,2013-06-28,7,2
0001129096,2010-10-29,2019-11-13,10,10
0001129120,2010-04-15,2013-04-15,4,4
0001129155,2010-03-10,2021-02-26,12,12
0001129260,2013-03-12,2021-02-25,9,9
0001129425,2010-03-01,2010-03-01,1,1
0001129542,2010-03-05,2018-03-08,9,9
0001129623,2010-03-10,2010-03-10,1,1
0001129633,2010-03-02,2016-03-15,7,6
0001129920,2010-04-15,2013-03-27,4,4
0001130126,2010-04-15,2011-04-15,2,2
0001130128,2010-04-01,2011-03-31,2,2
0001130144,2010-03-12,2021-03-12,12,12
0001130166,2010-03-29,2021-03-01,12,12
0001130258,2010-03-09,2013-03-01,4,4
0001130310,2010-02-26,2021-02-25,12,12
0001130385,2010-02-25,2014-02-27,5,5
0001130464,2010-02-26,2021-02-26,12,12
0001130591,2010-02-26,2016-02-26,7,7
0001130598,2014-03-20,2021-03-18,8,8
0001130713,2010-03-31,2021-02-26,12,12
0001130758,2010-03-30,2021-03-30,12,12
0001130808,2010-03-05,2015-03-20,6,6
0001130866,2010-02-26,2014-02-26,5,5
0001130888,2010-03-31,2013-04-01,4,4
0001130889,2010-03-24,2021-03-25,12,12
0001131089,2010-04-15,2017-04-17,8,8
0001131096,2010-03-15,2018-02-01,9,9
0001131166,2010-04-16,2010-04-16,1,1
0001131227,2010-03-01,2020-07-10,11,11
0001131312,2010-03-16,2021-03-24,12,12
0001131324,2010-03-15,2019-02-28,10,10
0001131457,2012-03-09,2013-03-04,2,2
0001131543,2014-03-20,2014-03-20,1,1
0001131554,2010-03-09,2021-03-16,12,12
0001131675,2010-03-31,2015-03-30,6,6
0001131903,2010-04-15,2021-02-18,12,12
0001131907,2010-03-05,2012-03-02,3,3
0001132105,2015-04-02,2021-04-02,7,7
0001132143,2010-03-16,2014-03-31,5,5
0001132484,2010-04-01,2010-04-01,1,1
0001132509,2010-04-15,2021-03-26,12,12
0001132651,2010-03-10,2021-03-12,12,12
0001132887,2011-06-15,2012-05-15,5,2
0001133062,2010-01-13,2021-12-27,13,10
0001133116,2011-09-28,2015-03-31,7,5
0001133260,2010-03-05,2012-03-08,3,3
0001133266,2010-04-13,2014-03-19,5,5
0001133311,2010-03-16,2021-03-31,12,12
0001133416,2010-03-12,2021-03-31,12,12
0001133421,2010-02-09,2021-01-28,12,12
0001133438,2020-03-27,2021-03-26,5,2
0001133470,2010-01-11,2021-12-21,13,12
0001133798,2010-01-11,2019-12-09,11,9
0001133818,2010-03-31,2021-03-09,12,12
0001133869,2010-03-03,2021-03-15,12,12
0001133872,2010-03-31,2011-04-15,2,2
0001133901,2010-07-14,2014-08-21,5,5
0001134016,2010-03-01,2014-03-12,5,5
0001134115,2013-03-13,2021-03-10,9,9
0001134203,2010-03-11,2012-02-29,3,3
0001134765,2010-03-31,2021-04-05,12,12
0001134982,2010-08-06,2021-09-22,12,12
0001135017,2010-02-26,2014-02-20,5,5
0001135152,2010-03-01,2016-02-24,7,7
0001135185,2010-02-25,2021-02-18,12,12
0001135202,2011-01-13,2018-03-30,8,7
0001135263,2011-01-03,2011-01-03,1,1
0001135361,2010-02-26,2016-03-29,7,7
0001135657,2010-06-28,2019-05-10,10,10
0001135711,2010-02-26,2012-02-15,3,3
0001135906,2010-03-26,2016-03-29,7,7
0001135971,2010-02-26,2021-02-24,12,12
0001136174,2010-04-13,2021-03-09,12,12
0001136294,2011-03-22,2021-03-31,11,10
0001136331,2010-03-31,2011-05-02,2,2
0001136352,2010-11-29,2021-02-26,11,11
0001136424,2010-04-15,2010-04-15,1,1
0001136463,2010-01-29,2013-01-07,4,4
0001136529,2010-03-31,2014-03-31,5,5
0001136655,2010-03-17,2010-03-17,1,1
0001136711,2010-12-23,2016-08-31,7,6
0001136796,2010-12-23,2012-12-14,3,3
0001136868,2010-04-16,2010-04-16,1,1
0001136869,2010-02-25,2021-02-22,12,12
0001136893,2010-02-26,2021-02-18,12,12
0001136933,2010-03-31,2014-03-31,5,5
0001137005,2010-09-28,2018-02-23,8,8
0001137046,2010-03-29,2013-03-28,4,4
0001137048,2010-02-25,2010-02-25,1,1
0001137083,2010-07-28,2013-07-30,4,4
0001137091,2010-03-30,2021-03-30,11,10
0001137117,2011-01-05,2011-01-05,1,1
0001137204,2010-06-01,2014-05-14,5,5
0001137239,2010-07-14,2011-07-18,2,2
0001137411,2010-11-23,2018-11-26,9,9
0001137417,2011-03-18,2011-03-18,1,1
0001137547,2010-03-31,2021-03-05,12,12
0001137774,2010-02-26,2021-02-19,12,12
0001137789,2010-08-20,2021-08-06,12,12
0001137855,2011-03-21,2018-07-20,9,7
0001137861,2010-02-22,2015-02-26,6,6
0001137883,2010-03-25,2021-02-04,12,12
0001138118,2010-03-01,2021-02-24,12,12
0001138169,2010-05-10,2010-05-10,1,1
0001138258,2010-02-26,2018-03-30,9,9
0001138301,2010-03-26,2012-03-05,3,3
0001138400,2010-03-12,2012-03-13,3,3
0001138412,2010-02-25,2010-02-25,1,1
0001138462,2010-08-16,2010-08-16,1,1
0001138476,2010-03-31,2021-03-31,12,12
0001138602,2010-03-01,2010-03-01,1,1
0001138608,2020-07-09,2021-04-15,2,2
0001138639,2010-03-01,2021-03-03,12,12
0001138682,2010-03-30,2012-03-09,3,3
0001138723,2010-09-01,2021-08-17,12,12
0001138724,2010-04-15,2021-04-07,12,12
0001138776,2012-03-06,2019-03-29,8,8
0001138817,2010-03-16,2015-03-12,6,6
0001138830,2010-03-17,2012-03-09,3,3
0001138932,2010-04-15,2010-04-15,1,1
0001138951,2010-02-22,2015-06-15,6,6
0001138978,2010-04-14,2021-12-14,13,12
0001139463,2010-12-14,2012-12-14,3,3
0001139552,2010-03-31,2021-03-22,12,12
0001139570,2010-12-23,2010-12-23,1,1
0001139614,2010-04-15,2016-04-14,7,7
0001139812,2010-03-04,2019-03-01,10,10
0001139822,2010-03-31,2016-09-26,7,7
0001139950,2010-03-25,2011-04-15,2,2
0001140028,2010-03-25,2013-04-01,4,4
0001140096,2010-03-31,2021-03-22,12,12
0001140098,2010-03-16,2015-03-16,6,6
0001140102,2010-04-09,2021-03-25,12,12
0001140184,2010-03-26,2014-03-28,5,5
0001140215,2010-03-30,2021-03-30,12,12
0001140303,2010-03-30,2012-03-30,3,3
0001140310,2010-09-10,2018-09-25,9,9
0001140382,2010-11-15,2010-11-15,1,1
0001140414,2010-04-09,2017-03-31,8,8
0001140486,2010-02-12,2011-02-11,2,2
0001140509,2010-03-31,2013-03-27,4,4
0001140536,2010-03-01,2021-02-23,12,12
0001140586,2010-12-07,2011-05-17,2,2
0001140657,2010-03-15,2013-03-11,4,4
0001140761,2010-02-26,2018-03-30,9,9
0001140859,2010-11-23,2021-11-23,12,12
0001141103,2010-03-15,2021-02-25,12,12
0001141107,2010-02-26,2015-02-27,6,6
0001141197,2010-04-01,2021-03-23,12,12
0001141240,2010-08-20,2021-03-09,12,12
0001141263,2010-11-02,2013-11-14,4,4
0001141299,2010-03-04,2015-03-02,6,6
0001141390,2010-03-26,2011-03-31,2,2
0001141391,2010-02-18,2021-02-12,12,12
0001141590,2010-05-17,2010-05-17,1,1
0001141615,2010-04-15,2017-03-31,8,8
0001141673,2010-04-14,2014-05-07,5,4
0001141688,2010-03-26,2021-03-22,12,12
0001141719,2010-02-16,2013-02-28,4,4
0001141787,2013-02-28,2013-02-28,1,1
0001141788,2010-03-31,2021-03-19,9,9
0001141807,2010-03-26,2021-03-15,12,12
0001141982,2010-02-19,2012-02-21,3,3
0001142129,2010-04-19,2018-06-08,7,7
0001142380,2010-03-31,2012-03-30,3,3
0001142406,2010-03-31,2013-04-01,4,4
0001142412,2010-03-15,2020-03-30,11,11
0001142417,2010-03-15,2021-03-01,12,12
0001142488,2010-04-14,2011-04-15,2,2
0001142512,2010-03-10,2014-03-10,5,5
0001142576,2010-03-11,2013-03-18,4,4
0001142596,2010-02-26,2021-02-25,12,12
0001142701,2010-02-23,2016-03-03,7,7
0001142750,2010-03-05,2021-02-26,12,12
0001142790,2010-07-14,2021-06-29,12,11
0001142801,2010-04-15,2021-03-30,12,12
0001143068,2010-02-25,2018-02-21,9,9
0001143155,2010-04-23,2017-03-14,8,8
0001143238,2010-03-31,2020-03-30,11,11
0001143513,2010-11-22,2021-11-15,12,12
0001143716,2010-03-30,2012-03-09,3,3
0001143834,2010-03-11,2012-03-15,3,3
0001143848,2010-03-15,2010-03-15,1,1
0001143908,2010-10-26,2014-10-24,5,5
0001143921,2010-03-31,2014-03-13,5,5
0001144169,2021-04-15,2021-04-15,1,1
0001144215,2010-10-29,2021-10-27,12,12
0001144225,2010-04-12,2013-04-16,4,4
0001144320,2010-04-15,2012-04-02,3,3
0001144326,2010-03-01,2013-03-14,4,4
0001144331,2010-03-02,2010-03-02,1,1
0001144347,2010-04-15,2010-04-15,1,1
0001144354,2010-03-10,2016-02-29,7,7
0001144392,2010-11-16,2010-11-16,1,1
0001144476,2010-03-26,2012-03-28,3,3
0001144503,2010-03-30,2016-03-16,7,7
0001144515,2010-03-24,2010-03-24,1,1
0001144519,2010-03-01,2021-02-19,12,12
0001144546,2019-04-15,2021-04-13,3,2
0001144686,2010-04-15,2012-03-01,2,2
0001144834,2010-03-26,2013-03-08,4,4
0001144945,2010-03-01,2014-02-28,5,5
0001144980,2010-03-01,2021-03-01,12,12
0001145057,2018-02-22,2020-02-28,3,3
0001145197,2010-03-09,2021-02-24,12,12
0001145238,2010-09-24,2010-09-24,1,1
0001145255,2010-12-03,2021-11-24,12,12
0001145328,2010-03-01,2011-03-15,2,2
0001145404,2010-03-04,2013-03-14,4,4
0001145460,2010-03-01,2017-06-05,8,8
0001145547,2010-03-31,2014-03-18,5,5
0001145604,2021-03-24,2021-03-24,1,1
0001145761,2010-04-15,2014-04-14,5,5
0001145765,2010-03-31,2021-03-30,12,12
0001145906,2010-04-15,2010-04-15,1,1
0001145986,2015-03-13,2021-03-12,7,7
0001156039,2010-02-18,2021-02-18,12,12
0001156041,2010-03-29,2021-04-01,12,12
0001156174,2010-03-31,2021-03-12,12,12
0001156293,2010-04-15,2010-04-15,1,1
0001156295,2010-12-01,2011-11-21,2,2
0001156337,2010-03-31,2012-04-13,3,3
0001156375,2010-02-26,2021-02-26,12,12
0001156388,2010-03-02,2021-03-03,12,12
0001156445,2011-04-29,2019-06-26,14,9
0001156784,2010-05-12,2016-05-24,7,7
0001156815,2011-05-27,2018-06-27,13,8
0001156871,2010-03-10,2013-02-28,4,4
0001156884,2011-01-14,2013-05-31,4,3
0001157004,2010-08-12,2013-01-15,5,4
0001157075,2010-12-29,2021-08-10,12,12
0001157377,2010-06-14,2017-03-16,8,8
0001157408,2010-09-13,2021-08-11,12,12
0001157443,2010-03-30,2010-03-30,1,1
0001157516,2010-03-30,2016-04-14,7,7
0001157522,2010-03-26,2015-03-31,6,6
0001157601,2010-03-11,2021-02-25,12,12
0001157602,2015-03-31,2016-03-04,2,2
0001157646,2010-03-30,2012-03-09,3,3
0001157647,2010-03-15,2021-03-11,12,12
0001157758,2010-05-20,2012-04-23,3,3
0001157762,2010-03-25,2021-03-30,12,12
0001157780,2010-06-14,2012-06-08,3,3
0001157806,2017-02-27,2019-02-28,3,3
0001157817,2010-01-14,2019-04-01,11,9
0001157850,2010-07-02,2010-07-02,3,1
0001157987,2010-03-30,2021-03-25,12,12
0001158114,2014-03-06,2021-02-25,8,8
0001158172,2010-03-12,2021-03-10,10,10
0001158201,2010-05-17,2010-05-17,1,1
0001158223,2010-03-04,2014-03-31,5,5
0001158324,2010-03-01,2021-02-26,12,12
0001158387,2010-03-19,2016-04-14,7,7
0001158419,2010-03-30,2017-03-31,8,8
0001158420,2010-12-29,2021-01-13,11,11
0001158449,2010-03-02,2021-02-22,12,12
0001158463,2010-02-05,2021-03-02,12,12
0001158659,2010-02-25,2021-03-01,12,12
0001158694,2010-05-04,2015-04-14,6,6
0001158722,2010-03-31,2011-03-31,2,2
0001158780,2010-09-21,2021-09-13,12,12
0001158863,2013-02-27,2019-05-30,7,6
0001158895,2010-03-29,2021-03-12,12,12
0001159019,2010-03-30,2015-03-03,6,6
0001159036,2010-03-12,2021-02-23,12,12
0001159154,2010-03-16,2016-03-11,7,7
0001159167,2010-02-19,2021-02-16,12,12
0001159275,2010-03-29,2020-05-29,11,11
0001159281,2010-02-19,2021-02-25,12,12
0001159297,2010-02-23,2015-02-23,6,6
0001159408,2012-12-27,2021-03-26,10,10
0001159427,2010-03-15,2012-03-23,3,3
0001159464,2010-02-12,2012-01-13,3,2
0001159999,2010-03-30,2013-03-27,4,4
0001160084,2010-03-31,2011-04-14,2,2
0001160142,2010-04-15,2014-04-15,5,5
0001160164,2010-12-15,2010-12-15,1,1
0001160165,2010-03-15,2010-03-15,1,1
0001160294,2010-03-31,2010-03-31,1,1
0001160308,2010-03-18,2021-03-10,12,12
0001160479,2010-01-13,2012-04-16,4,3
0001160661,2010-02-25,2021-02-18,12,12
0001160791,2010-03-15,2021-02-24,12,12
0001160798,2010-04-15,2021-04-06,2,2
0001160858,2010-03-10,2013-03-01,4,4
0001160865,2010-03-30,2012-03-09,3,3
0001160945,2010-03-24,2021-03-25,12,12
0001160951,2020-11-03,2021-10-29,2,2
0001160958,2011-03-07,2021-02-25,11,11
0001161049,2010-12-27,2010-12-27,1,1
0001161154,2010-02-23,2021-02-19,12,12
0001161315,2015-03-04,2015-03-04,1,1
0001161364,2010-03-17,2019-03-08,10,10
0001161366,2010-03-17,2019-03-08,10,10
0001161550,2010-03-31,2011-03-31,2,2
0001161582,2010-12-13,2021-04-15,12,12
0001161706,2010-04-15,2017-03-31,8,8
0001161728,2010-02-25,2021-02-24,12,12
0001161924,2010-03-16,2010-03-16,1,1
0001161976,2010-02-26,2016-02-29,7,7
0001162000,2010-03-19,2012-03-16,3,3
0001162112,2011-03-30,2021-03-15,11,11
0001162194,2011-03-28,2021-02-25,11,11
0001162245,2010-03-19,2011-04-14,2,2
0001162283,2010-03-22,2021-04-05,12,12
0001162315,2010-03-02,2015-03-25,6,6
0001162324,2010-03-15,2015-03-16,6,6
0001162387,2019-03-28,2021-03-26,3,3
0001162461,2010-03-15,2021-03-23,12,12
0001162556,2010-03-05,2019-03-21,10,10
0001162638,2010-03-30,2011-03-31,2,2
0001162747,2010-03-31,2011-03-16,2,2
0001162816,2010-01-13,2018-08-09,8,6
0001162862,2010-03-04,2010-03-04,1,1
0001162896,2010-11-05,2021-03-29,12,11
0001162898,2010-03-30,2012-03-09,3,3
0001163003,2010-12-16,2012-12-06,3,3
0001163165,2010-02-25,2021-02-16,12,12
0001163199,2010-03-24,2018-03-14,9,9
0001163300,2010-03-29,2015-03-27,6,6
0001163302,2010-02-24,2021-02-12,12,12
0001163321,2010-03-31,2021-03-26,12,12
0001163332,2010-04-14,2013-03-29,4,4
0001163348,2010-03-01,2017-02-28,8,8
0001163370,2010-03-15,2021-03-05,12,12
0001163389,2010-03-16,2021-04-08,12,12
0001163406,2010-03-30,2011-03-28,2,2
0001163519,2010-03-30,2013-03-27,4,4
0001163573,2010-03-31,2014-04-16,5,5
0001163609,2010-03-26,2021-03-31,12,12
0001163612,2010-03-31,2021-04-14,12,12
0001163668,2020-03-25,2021-03-11,2,2
0001163698,2010-03-02,2013-03-04,4,4
0001163732,2010-06-22,2010-06-22,1,1
0001163739,2010-02-26,2021-02-24,12,12
0001163932,2012-03-16,2013-02-27,2,2
0001163958,2010-03-25,2010-03-25,1,1
0001163966,2010-04-15,2014-09-10,5,5
0001164012,2010-08-13,2015-07-14,6,6
0001164191,2015-04-09,2015-04-09,1,1
0001164246,2010-03-29,2012-04-13,3,3
0001164255,2015-03-31,2016-03-24,2,2
0001164256,2010-05-28,2021-05-27,12,12
0001164552,2010-03-31,2015-09-08,6,6
0001164727,2010-02-25,2021-02-18,12,12
0001164863,2010-03-03,2021-03-01,12,12
0001164888,2010-06-30,2021-08-10,12,12
0001164964,2010-04-14,2017-04-17,8,8
0001165002,2010-02-25,2021-03-04,12,12
0001165006,2010-04-15,2010-04-15,1,1
0001165231,2010-03-12,2015-03-13,6,6
0001165320,2010-07-14,2021-07-06,12,12
0001165336,2010-02-16,2012-02-21,3,3
0001165639,2010-04-16,2021-05-05,12,7
0001165880,2010-02-26,2015-02-25,6,6
0001165921,2010-03-31,2011-03-31,2,2
0001166003,2010-03-26,2021-02-12,12,12
0001166036,2010-03-01,2015-02-25,6,6
0001166126,2010-03-30,2020-03-20,11,11
0001166220,2010-09-22,2014-09-18,5,5
0001166291,2010-02-26,2012-05-31,3,3
0001166338,2010-04-15,2017-04-11,8,8
0001166365,2010-03-01,2017-03-17,8,8
0001166380,2010-01-26,2015-03-16,7,6
0001166388,2010-03-17,2021-03-31,14,12
0001166389,2010-04-01,2010-04-01,1,1
0001166568,2010-12-14,2014-12-30,5,5
0001166691,2010-02-23,2021-02-04,12,12
0001166708,2010-03-31,2021-03-31,12,12
0001166789,2010-03-15,2013-03-15,4,4
0001166802,2010-03-26,2010-03-26,1,1
0001166847,2010-04-14,2014-04-11,5,5
0001166928,2010-03-12,2021-03-01,12,12
0001167178,2010-03-15,2012-03-12,3,3
0001167294,2011-03-11,2015-02-27,5,5
0001167419,2010-03-09,2021-03-31,12,12
0001167609,2017-03-27,2021-03-04,5,5
0001167886,2010-05-03,2014-04-30,5,5
0001167887,2010-04-22,2011-04-29,2,2
0001167888,2010-03-26,2010-03-26,1,1
0001167905,2011-04-18,2014-04-15,4,4
0001168054,2010-02-26,2021-02-23,12,12
0001168081,2011-04-14,2021-04-19,11,10
0001168165,2010-02-05,2021-02-24,12,12
0001168195,2010-03-12,2013-02-28,4,4
0001168197,2013-03-27,2014-03-28,2,2
0001168213,2010-03-29,2016-05-20,7,7
0001168220,2010-03-24,2018-03-30,9,9
0001168325,2010-12-29,2016-03-31,6,6
0001168338,2010-02-26,2010-02-26,1,1
0001168455,2010-03-19,2021-03-03,12,12
0001168556,2010-04-02,2011-03-31,2,2
0001168663,2010-04-15,2021-03-30,12,12
0001168696,2010-03-01,2018-03-01,9,9
0001168738,2010-04-16,2011-04-15,2,2
0001168938,2010-03-31,2011-05-13,2,2
0001168960,2010-05-28,2015-06-09,6,6
0001168990,2010-03-31,2018-04-02,9,9
0001169055,2010-02-26,2021-03-12,12,12
0001169083,2010-03-31,2014-03-31,5,5
0001169245,2019-03-26,2021-03-15,3,3
0001169264,2010-02-26,2018-03-14,8,8
0001169354,2010-03-31,2011-05-04,2,2
0001169356,2010-03-30,2011-03-28,2,2
0001169424,2010-04-16,2010-05-19,2,1
0001169440,2010-03-31,2014-04-15,5,5
0001169445,2010-03-05,2021-03-12,12,12
0001169561,2010-05-18,2021-05-13,12,12
0001169567,2010-04-15,2014-04-04,5,5
0001169652,2014-02-27,2021-02-11,8,8
0001169749,2010-03-29,2016-03-28,7,7
0001169769,2010-03-31,2014-03-31,5,5
0001169770,2010-03-10,2021-02-26,12,12
0001169987,2016-03-25,2021-03-25,6,6
0001169988,2012-04-13,2021-03-01,10,10
0001170010,2010-04-27,2021-04-20,12,12
0001170024,2010-03-30,2012-03-14,3,3
0001170154,2010-03-25,2013-03-11,4,4
0001170304,2010-03-01,2010-03-01,1,1
0001170380,2010-03-24,2011-03-30,2,2
0001170534,2010-07-27,2018-02-28,9,9
0001170593,2010-03-16,2012-03-30,3,3
0001170650,2010-02-23,2012-02-21,3,3
0001170797,2010-03-31,2017-03-31,8,8
0001170816,2010-03-30,2015-04-08,6,6
0001170833,2010-04-15,2010-04-15,1,1
0001170991,2010-02-26,2018-02-16,9,9
0001171008,2010-01-28,2019-04-16,10,10
0001171012,2010-03-12,2017-03-30,8,8
0001171014,2010-03-29,2016-03-24,7,7
0001171032,2010-04-30,2012-04-27,3,3
0001171040,2010-03-31,2021-03-25,11,11
0001171078,2010-03-31,2011-03-31,2,2
0001171079,2010-03-31,2011-03-31,2,2
0001171106,2010-03-31,2017-03-29,8,8
0001171155,2010-09-27,2021-09-20,12,12
0001171162,2010-11-29,2016-11-29,7,7
0001171298,2010-03-22,2013-03-06,4,4
0001171357,2010-04-15,2011-04-15,2,2
0001171486,2010-02-26,2021-03-15,12,12
0001171500,2010-02-24,2015-02-11,6,6
0001171529,2010-03-24,2010-03-24,1,1
0001171662,2010-03-05,2021-02-26,12,12
0001171689,2010-11-30,2011-01-11,2,2
0001171759,2010-02-25,2021-03-03,12,12
0001171825,2010-03-16,2021-02-19,12,12
0001171838,2010-06-23,2021-06-29,12,11
0001172052,2010-03-15,2021-02-26,12,12
0001172069,2010-07-14,2014-08-04,5,5
0001172097,2010-03-15,2010-03-15,1,1
0001172102,2010-03-31,2015-03-31,6,6
0001172136,2010-06-09,2018-03-08,9,9
0001172139,2010-02-23,2018-02-27,9,9
0001172178,2010-05-13,2021-05-03,12,12
0001172203,2010-02-26,2010-02-26,1,1
0001172222,2010-02-18,2021-02-12,12,12
0001172229,2010-03-25,2012-03-23,3,3
0001172298,2013-08-28,2019-08-13,7,7
0001172318,2010-03-31,2020-03-27,11,11
0001172319,2010-03-29,2013-03-06,2,2
0001172353,2010-03-30,2010-03-30,1,1
0001172358,2010-02-25,2021-02-25,12,12
0001172480,2010-03-04,2013-03-04,4,4
0001172631,2010-04-15,2021-03-26,12,12
0001172635,2010-09-02,2010-09-02,1,1
0001172706,2010-03-31,2021-04-01,12,12
0001172852,2010-03-15,2011-03-30,2,2
0001172857,2010-03-30,2010-03-30,1,1
0001173204,2010-06-14,2021-07-30,12,12
0001173281,2010-01-08,2021-12-23,13,11
0001173284,2010-03-30,2012-03-30,3,3
0001173313,2011-01-13,2021-03-16,12,7
0001173394,2010-03-30,2014-03-26,5,5
0001173420,2014-02-12,2021-01-27,8,8
0001173431,2010-11-19,2019-11-15,10,10
0001173489,2010-03-15,2021-03-01,12,12
0001173514,2013-02-19,2021-02-24,9,9
0001173738,2010-03-19,2015-01-29,6,6
0001173752,2010-09-24,2014-09-24,5,5
0001173784,2010-04-15,2013-04-30,4,4
0001173911,2010-02-19,2018-02-16,9,9
0001174266,2013-04-25,2015-04-23,3,3
0001174290,2012-05-18,2012-08-30,3,1
0001174527,2010-03-31,2011-03-30,2,2
0001174559,2010-03-31,2011-03-31,2,2
0001174672,2014-03-31,2016-03-30,3,3
0001174741,2010-04-15,2010-04-15,1,1
0001174746,2010-02-10,2013-02-06,4,4
0001174814,2010-03-30,2018-04-17,9,9
0001174820,2010-03-12,2011-03-04,2,2
0001174821,2010-03-30,2021-03-30,12,12
0001174850,2014-03-13,2021-02-26,8,8
0001174872,2010-02-26,2011-03-15,2,2
0001174891,2011-06-10,2021-06-30,13,10
0001174907,2010-03-16,2012-03-14,3,3
0001174922,2010-03-01,2021-02-26,12,12
0001174923,2010-03-31,2014-03-19,5,5
0001174940,2010-03-31,2021-03-01,12,12
0001175028,2010-03-30,2016-04-14,7,7
0001175029,2010-03-30,2012-03-30,3,3
0001175108,2010-03-08,2012-03-14,3,3
0001175151,2010-04-09,2021-03-09,12,12
0001175209,2010-03-26,2010-03-26,1,1
0001175215,2010-03-12,2010-03-12,1,1
0001175416,2010-08-27,2018-05-10,8,8
0001175442,2010-03-25,2016-03-24,5,5
0001175445,2010-04-15,2010-04-15,1,1
0001175454,2011-03-25,2021-02-26,11,11
0001175483,2010-02-19,2021-03-16,12,12
0001175501,2011-04-11,2013-05-15,5,2
0001175505,2014-03-26,2021-03-22,8,8
0001175535,2010-03-11,2021-03-08,12,12
0001175609,2010-03-01,2018-03-01,9,9
0001175680,2010-03-12,2021-07-30,14,12
0001175757,2010-03-18,2011-03-17,2,2
0001175834,2010-03-31,2013-04-01,4,4
0001176231,2011-06-09,2011-07-19,2,1
0001176236,2010-03-10,2012-03-06,3,3
0001176309,2010-11-29,2021-11-24,12,12
0001176316,2010-03-29,2018-04-05,9,9
0001176325,2010-04-02,2012-04-16,3,3
0001176334,2010-03-04,2021-03-03,12,12
0001176337,2010-04-15,2010-04-15,1,1
0001176373,2010-03-18,2019-02-11,10,10
0001176948,2015-03-20,2021-02-25,7,7
0001177070,2010-03-31,2013-01-31,3,3
0001177135,2010-03-31,2017-03-28,7,7
0001177274,2010-01-13,2010-12-21,2,1
0001177314,2010-03-31,2010-03-31,1,1
0001177394,2010-02-05,2021-01-28,12,12
0001177609,2013-03-29,2021-03-18,9,9
0001177648,2013-12-18,2021-11-24,9,9
0001177702,2010-02-25,2021-02-24,12,12
0001177845,2010-06-09,2018-07-16,9,9
0001177918,2010-03-31,2011-03-31,2,2
0001178049,2015-03-30,2021-03-26,15,7
0001178104,2010-09-24,2017-10-13,8,8
0001178132,2010-03-05,2012-03-30,3,3
0001178253,2015-03-30,2021-03-29,7,7
0001178336,2010-07-14,2011-07-15,2,2
0001178377,2010-04-13,2020-05-14,11,11
0001178405,2010-03-30,2014-03-27,5,5
0001178409,2010-02-26,2016-03-21,7,7
0001178552,2010-03-30,2013-04-16,4,4
0001178575,2010-09-13,2010-09-13,1,1
0001178670,2010-02-26,2021-02-11,12,12
0001178672,2010-03-16,2010-03-16,1,1
0001178697,2020-03-27,2021-03-18,2,2
0001178711,2010-03-30,2021-03-29,12,12
0001178727,2010-03-30,2021-03-30,12,12
0001178862,2010-03-31,2015-03-31,6,6
0001178879,2010-03-10,2021-03-01,12,12
0001178916,2010-03-31,2011-03-31,2,2
0001178970,2010-03-01,2021-03-01,12,12
0001179060,2010-03-01,2020-02-26,11,11
0001179090,2010-04-01,2014-03-31,5,5
0001179351,2010-03-31,2015-03-26,6,6
0001179352,2010-03-31,2014-03-27,5,5
0001179484,2010-12-10,2015-12-09,6,6
0001179500,2010-03-31,2017-03-03,8,8
0001179755,2010-03-01,2017-03-01,8,8
0001179929,2010-03-16,2021-02-16,12,12
0001180079,2014-02-27,2017-03-10,4,4
0001180145,2010-09-28,2021-08-19,12,12
0001180262,2010-02-23,2021-02-17,12,12
0001180571,2010-03-16,2016-03-25,29,6
0001180638,2010-03-01,2017-02-24,8,8
0001180743,2010-04-15,2010-04-15,1,1
0001181001,2010-05-28,2012-04-17,3,3
0001181749,2010-01-22,2021-02-16,12,12
0001182011,2010-12-15,2011-11-15,2,2
0001182129,2010-02-26,2014-02-28,5,5
0001182325,2012-03-29,2015-03-16,4,4
0001182534,2010-03-30,2021-03-30,50,12
0001182737,2010-07-14,2021-06-29,12,12
0001183082,2010-04-23,2020-08-13,12,10
0001183186,2010-02-12,2013-02-15,4,4
0001183276,2010-03-31,2015-08-28,6,6
0001183765,2010-03-08,2021-03-19,12,12
0001183941,2010-12-10,2010-12-10,1,1
0001185198,2010-03-30,2021-03-30,12,12
0001185348,2010-02-16,2021-02-26,12,12
0001186258,2010-03-29,2021-03-30,12,12
0001186362,2010-04-01,2013-04-01,4,4
0001187449,2010-05-13,2014-04-02,5,5
0001187953,2010-02-03,2021-03-17,12,12
0001188382,2010-03-23,2013-03-21,4,4
0001189396,2010-03-26,2013-03-11,4,4
0001190370,2010-01-29,2021-08-04,12,12
0001191334,2010-04-15,2021-04-21,12,4
0001191354,2010-04-15,2011-04-19,2,2
0001191357,2010-09-24,2014-09-08,5,5
0001191359,2011-01-12,2017-02-10,7,6
0001191857,2010-03-05,2013-02-21,4,4
0001192069,2018-05-10,2018-05-10,1,1
0001192305,2010-03-15,2010-03-15,1,1
0001192448,2016-03-15,2021-03-01,6,6
0001192494,2010-09-28,2010-09-28,1,1
0001193311,2010-02-19,2021-02-25,12,12
0001195116,2011-05-09,2016-03-30,6,6
0001195542,2010-03-30,2012-03-09,3,3
0001195734,2014-03-05,2021-03-12,8,8
0001195933,2010-02-26,2018-02-15,9,9
0001196298,2010-04-02,2021-03-01,12,12
0001196501,2010-02-26,2021-02-26,12,12
0001196707,2010-03-30,2016-03-22,7,7
0001198415,2010-03-31,2021-03-29,12,12
0001200375,2011-02-10,2021-03-01,11,11
0001200408,2010-03-31,2015-03-30,6,6
0001200528,2011-01-13,2012-12-12,3,2
0001201135,2010-03-30,2016-03-30,7,7
0001201478,2010-03-30,2011-03-28,2,2
0001201663,2013-03-04,2015-03-09,3,3
0001201792,2010-02-22,2021-03-09,12,12
0001202157,2010-02-19,2011-03-01,2,2
0001202273,2010-02-25,2012-03-30,3,3
0001202500,2010-03-31,2014-03-19,5,5
0001203900,2010-03-15,2015-03-31,6,6
0001203957,2010-03-16,2012-03-30,3,3
0001204560,2010-03-31,2013-03-18,4,4
0001205181,2010-04-06,2021-04-20,12,10
0001205332,2010-04-15,2012-04-16,3,3
0001205727,2010-03-05,2014-03-17,5,5
0001205922,2019-03-13,2021-03-31,3,3
0001206133,2010-05-17,2016-04-14,7,7
0001206264,2010-02-08,2021-02-19,12,12
0001206401,2010-03-18,2015-03-31,6,6
0001206942,2010-12-23,2021-12-30,12,12
0001207074,2010-05-27,2020-05-28,11,11
0001208208,2010-02-24,2017-02-27,8,8
0001208261,2010-03-15,2018-04-02,9,9
0001208790,2010-11-03,2013-04-18,4,4
0001209028,2010-02-24,2021-02-26,12,12
0001209709,2010-03-31,2021-03-25,12,12
0001209821,2010-03-01,2014-02-28,5,5
0001210227,2010-03-30,2017-02-27,8,8
0001210294,2010-04-13,2015-04-13,6,6
0001210536,2010-02-16,2011-03-30,2,2
0001210618,2010-05-17,2015-03-31,6,6
0001210708,2010-02-23,2021-03-11,12,12
0001211211,2010-04-14,2018-04-20,9,7
0001211351,2010-04-06,2020-06-09,11,11
0001211524,2010-04-15,2016-04-29,7,7
0001211526,2010-07-16,2011-09-08,5,2
0001211583,2010-03-31,2021-03-30,12,12
0001211731,2010-03-30,2011-03-28,2,2
0001211759,2015-03-25,2018-04-02,4,4
0001211805,2010-03-23,2021-03-29,9,9
0001212458,2013-03-08,2021-02-19,9,9
0001212545,2010-03-16,2021-02-25,12,12
0001212641,2010-01-29,2015-02-13,6,6
0001213037,2012-03-30,2021-02-25,10,10
0001213106,2010-12-14,2013-12-13,4,4
0001213336,2010-05-25,2011-05-13,2,2
0001213660,2010-03-30,2021-03-31,12,12
0001213662,2010-03-25,2010-03-25,1,1
0001213788,2010-05-14,2010-05-14,1,1
0001213809,2019-03-27,2021-03-30,3,3
0001214605,2010-04-15,2010-04-15,1,1
0001214816,2010-02-22,2021-02-26,12,12
0001216596,2011-03-31,2016-02-29,6,6
0001216752,2010-11-30,2018-12-26,9,9
0001216774,2010-04-09,2010-04-09,1,1
0001217013,2010-03-31,2014-03-19,5,5
0001217027,2010-11-18,2011-11-16,2,2
0001217035,2010-03-30,2011-03-28,2,2
0001217234,2015-03-31,2021-02-24,7,7
0001218683,2010-03-16,2021-03-01,12,12
0001219088,2010-03-31,2015-03-30,6,6
0001219097,2010-03-31,2010-03-31,1,1
0001219122,2010-03-30,2013-03-27,4,4
0001219210,2010-03-18,2015-03-20,6,6
0001219601,2010-03-01,2021-02-26,12,12
0001220379,2010-04-16,2010-04-16,1,1
0001220606,2010-03-31,2014-03-27,5,5
0001220700,2010-03-30,2010-03-30,1,1
0001220754,2010-03-12,2021-03-01,12,12
0001221354,2010-08-24,2010-08-24,1,1
0001221483,2014-03-28,2014-03-28,1,1
0001221548,2010-03-31,2014-04-14,5,5
0001221554,2010-04-15,2017-07-14,8,8
0001221684,2010-03-30,2010-03-30,1,1
0001221749,2010-05-03,2012-05-25,3,3
0001221757,2010-03-30,2011-03-28,2,2
0001222218,2010-04-19,2016-04-27,7,7
0001222244,2010-03-31,2013-04-16,4,4
0001222333,2010-11-22,2021-11-24,12,12
0001222497,2010-03-25,2010-03-25,1,1
0001222521,2010-03-30,2010-03-30,1,1
0001222584,2010-03-31,2011-03-31,2,2
0001222792,2010-01-13,2012-01-11,2,2
0001222840,2010-02-26,2021-02-17,12,12
0001222915,2010-09-24,2013-09-30,4,4
0001223037,2010-12-09,2010-12-09,1,1
0001223112,2010-03-29,2013-03-18,4,4
0001223389,2010-03-25,2021-03-31,12,12
0001223444,2010-03-31,2021-03-16,12,12
0001223533,2010-03-31,2019-04-16,10,10
0001223550,2010-04-14,2010-04-14,1,1
0001223659,2010-03-31,2015-03-30,6,6
0001223786,2010-02-26,2018-03-01,9,9
0001223862,2012-09-14,2016-09-22,5,5
0001224006,2010-04-14,2014-04-15,5,5
0001224133,2010-03-10,2021-03-31,12,12
0001224157,2010-03-31,2010-03-31,1,1
0001224370,2010-11-22,2013-12-16,4,4
0001224608,2010-03-04,2021-02-24,12,12
0001224950,2011-01-14,2014-04-07,5,4
0001224951,2010-10-27,2014-04-07,5,5
0001224952,2010-10-07,2011-03-30,3,2
0001225307,2018-03-01,2021-02-26,4,4
0001225874,2010-03-18,2013-03-15,4,4
0001226006,2010-03-30,2021-03-31,12,12
0001226308,2010-03-03,2016-03-07,7,7
0001226616,2010-03-24,2021-02-19,12,12
0001227025,2011-03-28,2021-02-25,11,11
0001227090,2010-03-31,2021-03-16,12,12
0001227265,2010-03-31,2021-03-25,12,12
0001227268,2010-03-31,2018-03-28,9,9
0001227500,2016-03-17,2021-03-09,6,6
0001227636,2019-03-05,2021-03-02,3,3
0001227654,2010-02-22,2021-11-30,13,12
0001227930,2010-02-04,2015-02-24,6,6
0001228386,2010-03-31,2017-06-12,8,7
0001228454,2010-03-30,2021-03-10,12,12
0001228627,2010-03-31,2021-03-11,12,12
0001229089,2010-05-05,2014-03-31,6,5
0001229146,2010-03-26,2016-03-23,7,7
0001229195,2010-03-29,2013-04-16,4,4
0001230058,2010-03-30,2021-03-25,12,11
0001230245,2010-02-26,2021-02-25,12,12
0001230276,2012-03-19,2018-02-26,7,7
0001230355,2010-03-12,2014-03-11,5,5
0001230524,2010-10-29,2021-10-28,11,11
0001230634,2010-03-22,2016-03-30,8,7
0001232241,2010-03-05,2015-03-16,6,6
0001232524,2010-03-04,2021-02-23,12,12
0001232582,2010-03-02,2021-03-16,12,12
0001233275,2010-03-31,2014-03-31,5,5
0001234006,2010-02-24,2021-02-16,12,12
0001234307,2010-02-26,2011-02-28,2,2
0001234308,2010-02-26,2011-02-28,2,2
0001234383,2010-04-15,2010-04-15,1,1
0001235007,2011-03-18,2018-02-27,8,8
0001235010,2010-03-12,2020-02-27,11,11
0001235091,2010-03-31,2010-03-31,1,1
0001235096,2011-02-10,2013-06-07,5,3
0001235468,2010-12-10,2021-12-09,12,12
0001235662,2010-03-30,2012-03-29,3,3
0001236275,2010-03-31,2021-03-25,12,12
0001236424,2013-06-27,2021-06-29,9,9
0001236997,2010-07-27,2020-07-20,11,11
0001237746,2014-02-28,2020-02-14,7,7
0001237831,2013-03-05,2021-02-17,9,9
0001238289,2010-03-30,2016-04-14,7,7
0001239188,2010-03-16,2019-04-01,10,8
0001239819,2010-03-26,2021-03-12,12,12
0001240093,2010-03-29,2010-03-29,1,1
0001240581,2010-06-09,2013-06-06,4,4
0001241199,2010-03-01,2014-02-28,5,5
0001242047,2010-03-12,2011-03-31,2,2
0001242513,2010-06-29,2014-01-14,4,4
0001243496,2010-03-30,2012-03-30,3,3
0001243703,2010-03-31,2014-03-19,5,5
0001243741,2010-10-12,2010-10-12,1,1
0001244827,2010-06-30,2011-07-25,5,2
0001244832,2010-06-30,2013-06-28,9,3
0001244937,2010-03-12,2017-03-16,8,8
0001245104,2015-03-17,2016-03-16,2,2
0001245791,2015-03-30,2021-03-12,7,7
0001245841,2010-02-16,2013-04-16,5,4
0001248124,2010-03-17,2011-03-16,2,2
0001249204,2010-03-31,2010-03-31,1,1
0001250873,2010-03-26,2013-02-26,4,4
0001250897,2013-02-13,2016-02-12,4,4
0001251769,2010-03-29,2021-02-25,12,12
0001252849,2010-03-25,2021-02-18,12,12
0001253176,2019-03-22,2021-02-24,3,3
0001253317,2010-03-26,2019-03-13,10,10
0001253328,2014-11-07,2014-11-07,8,1
0001253329,2011-08-26,2012-10-05,7,2
0001253347,2010-04-15,2021-04-19,12,12
0001253557,2010-04-15,2014-05-28,5,4
0001253689,2014-03-31,2021-03-02,8,8
0001253710,2010-09-22,2011-10-20,2,2
0001253955,2010-03-05,2010-03-05,1,1
0001253986,2010-03-09,2021-02-19,12,12
0001254371,2010-03-31,2011-03-31,2,2
0001254419,2010-03-01,2015-03-02,6,6
0001254595,2010-03-08,2017-02-24,8,8
0001254699,2013-02-28,2021-02-26,9,9
0001255474,2010-03-01,2021-02-25,12,12
0001255604,2010-03-31,2021-03-16,12,12
0001255895,2010-03-31,2012-03-30,3,3
0001256069,2011-03-28,2015-03-06,5,5
0001256142,2010-03-31,2014-03-28,5,5
0001256359,2010-03-30,2015-03-13,6,6
0001256540,2011-04-15,2015-04-15,5,5
0001257499,2010-03-25,2010-03-25,1,1
0001257640,2010-03-10,2021-03-10,12,12
0001258541,2010-03-31,2013-04-01,4,4
0001258602,2010-03-03,2021-02-25,12,12
0001258831,2010-02-24,2013-02-20,4,4
0001259045,2011-07-15,2014-07-03,4,4
0001259429,2010-03-15,2021-03-22,12,12
0001259515,2014-02-21,2019-02-11,6,6
0001259550,2010-03-16,2015-03-27,6,6
0001260125,2011-03-30,2021-03-16,95,11
0001260221,2010-11-15,2021-11-16,12,12
0001260349,2010-03-15,2014-03-28,5,5
0001260395,2010-03-30,2011-03-28,2,2
0001260429,2010-03-31,2012-03-23,3,3
0001260625,2010-03-02,2011-02-28,2,2
0001260828,2011-04-15,2015-03-31,5,5
0001260968,2010-03-05,2021-03-05,12,12
0001260990,2010-03-15,2021-03-11,12,12
0001260996,2010-04-15,2012-04-16,3,3
0001261159,2010-03-25,2017-03-27,8,8
0001261204,2013-02-12,2013-02-13,3,1
0001261249,2015-03-26,2021-03-01,7,7
0001261302,2010-03-11,2011-03-10,2,2
0001261333,2019-03-26,2021-03-31,3,3
0001261379,2010-03-22,2021-03-31,12,12
0001261436,2010-03-31,2014-03-18,5,5
0001261487,2011-05-04,2015-04-16,6,5
0001261654,2010-12-01,2021-12-02,12,12
0001261694,2010-02-25,2016-02-22,7,7
0001261734,2010-12-29,2016-12-20,7,7
0001261888,2010-03-29,2011-03-16,2,2
0001262039,2010-03-05,2021-02-19,12,12
0001262104,2010-08-30,2021-09-02,12,12
0001262159,2010-04-15,2010-04-15,1,1
0001262200,2010-03-22,2012-03-30,3,3
0001262279,2010-09-02,2015-09-09,6,6
0001262449,2011-03-14,2011-03-14,1,1
0001262450,2011-03-14,2011-03-14,1,1
0001262751,2010-06-28,2012-06-29,3,3
0001262768,2010-03-18,2011-03-17,2,2
0001262823,2010-02-24,2021-02-24,12,12
0001262959,2010-03-31,2016-03-28,7,7
0001262976,2010-08-27,2021-08-06,12,12
0001263074,2010-03-15,2010-03-15,1,1
0001263364,2010-03-01,2021-08-16,12,12
0001263400,2010-05-28,2010-05-28,1,1
0001263762,2010-03-29,2021-03-11,12,12
0001263813,2010-03-16,2010-03-16,1,1
0001263872,2011-03-31,2019-04-01,9,9
0001264157,2010-03-31,2021-03-16,12,12
0001264587,2013-04-01,2020-03-16,8,8
0001264707,2010-03-12,2013-03-07,4,4
0001264755,2010-02-26,2011-03-01,2,2
0001265107,2013-03-01,2021-03-19,9,9
0001265131,2010-03-11,2021-02-17,12,12
0001265521,2010-03-31,2010-03-31,1,1
0001265572,2010-03-04,2019-04-16,10,10
0001265840,2010-11-15,2011-11-14,2,2
0001265848,2010-02-11,2018-03-29,9,9
0001265888,2010-02-26,2017-03-01,8,8
0001266719,2010-03-16,2011-03-16,2,2
0001266806,2015-03-17,2021-03-16,7,7
0001266832,2010-03-31,2021-03-30,12,12
0001266845,2010-03-31,2014-03-19,5,5
0001267023,2010-04-12,2012-03-30,3,3
0001267097,2010-02-25,2015-02-13,6,6
0001267130,2010-03-01,2017-02-16,8,8
0001267201,2010-03-16,2012-03-05,3,3
0001267238,2010-02-25,2021-02-19,12,12
0001267332,2010-03-30,2021-03-25,12,12
0001267391,2010-04-15,2012-05-15,3,3
0001267395,2010-02-26,2019-02-13,10,10
0001267425,2010-06-29,2021-06-28,12,12
0001267426,2010-03-26,2021-03-25,12,12
0001267565,2016-03-18,2021-02-25,6,6
0001267602,2011-03-25,2021-03-05,11,11
0001267612,2010-03-24,2020-07-02,3,3
0001267746,2010-03-31,2015-03-30,6,6
0001267750,2010-03-31,2013-04-01,4,4
0001267752,2010-03-31,2012-03-30,3,3
0001267753,2010-03-31,2018-03-29,9,9
0001267813,2015-03-12,2021-03-09,7,7
0001267919,2021-10-05,2021-10-07,2,1
0001268236,2010-03-26,2011-04-15,2,2
0001268238,2010-04-14,2011-07-13,3,2
0001268290,2010-03-31,2014-03-28,5,5
0001268305,2010-03-31,2015-03-30,6,6
0001268659,2010-03-26,2013-03-15,4,4
0001268671,2010-03-16,2012-03-14,3,3
0001268984,2010-02-19,2012-04-12,3,3
0001269021,2014-03-03,2020-02-28,7,7
0001269022,2010-04-15,2015-04-30,6,4
0001269026,2014-03-31,2021-03-22,8,8
0001269127,2010-04-15,2016-04-22,7,7
0001269190,2010-03-31,2020-03-26,11,11
0001269371,2010-03-31,2021-03-16,12,12
0001269871,2010-03-15,2012-03-07,3,3
0001269879,2010-04-15,2015-08-11,5,5
0001269980,2010-03-31,2020-03-30,11,11
0001270073,2013-04-01,2021-02-25,9,9
0001270200,2010-03-31,2019-04-04,10,10
0001270400,2010-02-26,2013-02-07,4,4
0001270426,2010-10-12,2011-03-30,3,2
0001270427,2010-02-12,2011-03-30,3,2
0001270428,2010-04-28,2011-03-30,3,2
0001270430,2010-10-12,2011-03-30,3,2
0001270436,2010-03-10,2021-03-05,12,12
0001270582,2010-03-31,2015-03-30,6,6
0001270985,2010-08-25,2010-08-25,1,1
0001271024,2012-03-02,2016-02-12,5,5
0001271046,2010-10-13,2014-10-14,5,5
0001271057,2010-06-14,2013-07-12,4,3
0001271073,2010-03-15,2014-02-13,5,5
0001271075,2010-03-31,2018-04-05,9,9
0001271214,2015-03-11,2021-03-09,7,7
0001271245,2010-03-05,2011-03-30,2,2
0001271387,2010-03-30,2013-03-27,4,4
0001271551,2010-04-01,2016-04-14,7,6
0001271625,2010-08-31,2013-08-29,4,4
0001271808,2010-03-25,2011-03-25,2,2
0001271833,2010-03-30,2021-02-05,6,6
0001271834,2010-03-30,2021-02-05,6,6
0001271940,2010-03-16,2011-03-16,2,2
0001272430,2010-03-19,2013-03-28,4,4
0001272547,2010-02-05,2010-02-05,1,1
0001272550,2010-03-31,2017-04-17,8,8
0001272597,2010-03-31,2016-03-31,7,7
0001272754,2010-04-15,2017-03-29,8,8
0001272830,2010-02-26,2021-02-19,12,12
0001272842,2017-03-15,2021-02-19,5,5
0001272906,2010-08-13,2013-09-13,4,4
0001273385,2010-03-25,2015-03-30,6,6
0001273441,2010-02-26,2021-02-25,12,12
0001273507,2010-10-13,2011-10-28,2,2
0001273636,2014-09-26,2021-09-23,8,8
0001273685,2010-03-08,2021-02-26,12,12
0001273784,2010-10-29,2011-11-16,2,2
0001273801,2010-02-26,2016-02-29,7,7
0001273813,2010-03-01,2021-02-26,12,12
0001273931,2010-03-15,2021-02-22,12,12
0001273988,2010-07-07,2016-07-14,5,5
0001274000,2010-03-31,2013-04-01,4,4
0001274032,2010-03-31,2021-04-30,12,12
0001274055,2010-03-23,2011-03-18,2,2
0001274057,2010-02-18,2015-02-12,6,6
0001274173,2018-02-27,2021-02-24,4,4
0001274211,2010-05-17,2012-04-13,3,3
0001274365,2010-03-31,2010-03-31,1,1
0001274494,2010-02-22,2021-02-26,12,12
0001274563,2010-04-15,2012-03-30,3,3
0001274644,2012-02-29,2017-03-14,6,6
0001274737,2020-03-25,2021-03-16,2,2
0001274792,2012-03-30,2021-03-10,10,10
0001274913,2010-03-26,2011-03-16,2,2
0001275014,2010-03-30,2021-02-23,12,12
0001275101,2010-03-26,2021-03-29,12,12
0001275158,2014-03-07,2021-02-26,8,8
0001275187,2010-08-06,2021-07-27,12,12
0001275229,2010-03-05,2020-05-04,11,11
0001275283,2010-02-19,2017-02-09,8,8
0001275477,2010-03-15,2021-03-15,13,12
0001275712,2012-03-30,2014-03-31,3,3
0001275791,2011-03-08,2011-03-08,1,1
0001276187,2010-02-24,2021-02-19,12,12
0001276262,2010-03-31,2014-03-28,5,5
0001276477,2010-04-05,2012-03-30,3,3
0001276520,2010-02-26,2021-02-26,12,12
0001276531,2010-04-08,2021-04-15,12,12
0001276591,2010-03-16,2016-04-25,7,7
0001276887,2010-03-31,2011-03-31,2,2
0001277021,2010-04-01,2010-04-01,1,1
0001277092,2010-03-15,2013-03-18,4,4
0001277141,2015-02-27,2015-02-27,1,1
0001277151,2010-03-05,2013-02-26,4,4
0001277254,2010-03-31,2012-03-29,3,3
0001277270,2010-03-17,2013-04-01,4,4
0001277388,2010-03-30,2010-03-30,1,1
0001277406,2013-03-05,2013-03-05,1,1
0001277576,2010-03-15,2011-03-15,2,2
0001277856,2010-03-04,2016-02-22,7,7
0001277902,2010-03-15,2021-03-09,12,12
0001277998,2010-04-15,2021-03-31,9,9
0001278021,2010-02-26,2021-02-19,12,12
0001278027,2010-03-01,2021-03-02,12,12
0001278061,2010-03-26,2010-03-26,1,1
0001278129,2010-03-31,2010-03-31,1,1
0001278140,2011-03-29,2011-03-29,1,1
0001278186,2010-03-30,2013-03-29,4,4
0001278363,2010-01-13,2013-01-15,4,4
0001278384,2010-03-29,2014-03-14,5,5
0001278679,2010-03-25,2010-03-25,1,1
0001278680,2010-02-26,2021-03-01,12,12
0001278752,2010-05-26,2021-05-20,12,12
0001278892,2010-03-26,2012-03-29,3,3
0001279172,2010-03-26,2010-03-26,1,1
0001279176,2010-12-10,2010-12-10,1,1
0001279228,2010-02-26,2010-02-26,1,1
0001279363,2010-02-18,2019-02-12,10,10
0001279620,2010-04-15,2021-03-31,9,9
0001279639,2010-03-26,2010-03-26,1,1
0001279642,2010-03-26,2010-03-26,1,1
0001279651,2010-03-26,2012-03-29,3,3
0001279657,2010-03-26,2010-03-26,1,1
0001279658,2010-03-26,2010-03-26,1,1
0001279659,2010-03-26,2012-03-28,3,3
0001279661,2010-03-26,2010-03-26,1,1
0001279662,2010-03-26,2010-03-26,1,1
0001279667,2010-03-26,2012-03-28,3,3
0001279668,2010-03-26,2010-03-26,1,1
0001279669,2010-03-26,2010-03-26,1,1
0001279670,2010-03-26,2011-03-31,2,2
0001279695,2010-03-16,2021-02-24,12,12
0001279704,2010-03-30,2021-03-02,12,12
0001279715,2010-03-31,2021-03-12,12,12
0001279740,2010-04-15,2010-04-15,1,1
0001279940,2010-03-31,2011-03-24,2,2
0001280058,2010-02-26,2021-02-23,12,12
0001280087,2010-03-30,2011-03-30,2,2
0001280203,2010-03-26,2012-03-28,3,3
0001280213,2010-03-26,2011-03-31,2,2
0001280263,2013-04-04,2021-03-31,9,9
0001280352,2011-01-10,2011-01-10,1,1
0001280396,2010-08-13,2021-03-26,3,3
0001280452,2010-02-16,2021-03-01,12,12
0001280600,2014-03-17,2021-02-25,8,8
0001280703,2010-03-26,2013-03-27,4,4
0001280776,2015-03-20,2021-02-26,7,7
0001280784,2010-03-12,2021-02-23,12,12
0001280821,2010-05-05,2011-05-12,2,2
0001280962,2010-03-30,2011-03-28,2,2
0001281117,2010-03-31,2012-03-26,3,3
0001281120,2010-03-30,2010-03-30,1,1
0001281198,2013-04-01,2015-03-30,3,3
0001281223,2010-05-10,2010-05-10,1,1
0001281226,2010-05-10,2010-05-10,1,1
0001281309,2010-03-30,2010-03-30,1,1
0001281319,2010-03-31,2015-03-30,6,6
0001281696,2010-03-15,2010-03-15,1,1
0001281761,2010-02-22,2021-02-24,12,12
0001281774,2010-03-16,2020-03-20,11,11
0001281845,2011-06-29,2021-08-31,12,11
0001281895,2015-03-31,2021-03-01,7,7
0001281922,2010-04-09,2016-04-14,7,7
0001281938,2010-03-31,2013-03-28,4,4
0001281960,2010-03-31,2013-03-26,4,4
0001281984,2019-03-15,2021-03-31,3,3
0001282224,2010-04-15,2021-04-15,12,11
0001282266,2010-02-24,2020-05-19,11,11
0001282398,2010-03-09,2012-03-15,3,3
0001282400,2010-03-31,2017-03-31,8,8
0001282543,2010-03-30,2015-03-31,6,6
0001282571,2010-07-14,2012-07-13,3,3
0001282607,2010-03-31,2011-03-25,2,2
0001282613,2010-03-23,2015-03-31,6,6
0001282616,2010-03-31,2012-03-26,3,3
0001282631,2010-02-19,2021-03-26,12,12
0001282637,2010-02-19,2021-02-16,12,12
0001282648,2010-03-11,2021-03-08,12,12
0001282663,2010-03-31,2021-03-22,12,12
0001282723,2010-03-31,2020-03-30,11,11
0001282730,2010-03-26,2014-03-27,5,5
0001282977,2010-02-26,2021-02-26,12,12
0001282980,2020-05-07,2021-03-24,2,2
0001283073,2010-03-08,2011-03-17,2,2
0001283140,2010-02-16,2021-02-24,12,12
0001283193,2010-04-15,2011-04-18,2,2
0001283236,2010-03-31,2011-03-31,2,2
0001283315,2010-03-30,2010-03-30,1,1
0001283316,2010-03-31,2017-03-27,8,8
0001283318,2010-03-30,2012-03-26,3,3
0001283329,2010-03-31,2010-03-31,1,1
0001283331,2010-03-30,2010-03-30,1,1
0001283332,2010-03-30,2013-03-26,4,4
0001283334,2010-03-30,2013-03-26,4,4
0001283336,2010-03-30,2010-03-30,1,1
0001283337,2010-03-30,2021-02-25,12,12
0001283360,2010-03-30,2010-03-30,1,1
0001283434,2010-03-26,2019-03-25,10,10
0001283435,2010-03-26,2018-03-26,9,9
0001283449,2010-03-30,2010-03-30,1,1
0001283450,2010-03-30,2021-02-25,12,12
0001283451,2010-03-30,2012-03-26,3,3
0001283453,2010-03-30,2011-03-28,2,2
0001283456,2010-03-30,2012-03-26,3,3
0001283457,2010-03-31,2011-03-28,2,2
0001283463,2010-03-30,2012-03-26,3,3
0001283464,2010-03-30,2021-02-25,12,12
0001283552,2010-07-14,2010-07-14,1,1
0001283582,2010-03-31,2016-03-24,7,7
0001283596,2010-03-30,2018-03-29,9,9
0001283598,2010-03-30,2017-03-27,8,8
0001283601,2010-03-30,2016-03-28,7,7
0001283602,2010-03-30,2021-02-25,12,12
0001283605,2010-03-30,2010-03-30,1,1
0001283630,2010-03-01,2021-02-26,12,12
0001283699,2010-03-01,2021-02-23,12,12
0001283709,2010-03-22,2013-03-11,4,4
0001283810,2010-03-30,2016-04-15,7,7
0001283843,2010-04-05,2015-03-10,6,6
0001284077,2010-03-31,2010-03-31,1,1
0001284143,2010-03-31,2021-03-30,12,12
0001284196,2010-03-31,2021-03-30,12,12
0001284450,2010-04-15,2021-04-15,12,12
0001284452,2010-05-10,2014-04-15,7,5
0001284453,2010-04-15,2010-04-15,1,1
0001284454,2010-03-31,2021-05-21,4,4
0001284506,2010-03-19,2014-02-28,5,5
0001284609,2010-03-31,2010-03-31,1,1
0001284766,2010-03-31,2016-03-28,7,7
0001284807,2010-03-19,2018-03-05,9,9
0001284812,2010-03-16,2021-02-26,12,12
0001285043,2010-02-23,2012-03-08,3,3
0001285224,2010-03-15,2016-02-16,7,7
0001285236,2010-05-17,2014-05-16,5,5
0001285480,2010-03-23,2012-03-01,3,3
0001285543,2010-05-04,2021-04-13,12,12
0001285550,2013-03-11,2021-03-22,9,9
0001285701,2010-03-31,2016-04-14,7,7
0001285785,2010-07-23,2021-02-22,12,12
0001285819,2010-03-31,2021-03-01,12,12
0001285828,2010-10-07,2010-10-07,1,1
0001286043,2010-03-16,2021-02-22,12,12
0001286045,2010-03-11,2011-02-25,2,2
0001286131,2010-03-16,2019-04-03,10,10
0001286181,2010-09-14,2015-09-14,6,6
0001286189,2010-03-30,2012-03-09,3,3
0001286218,2010-04-16,2010-04-16,1,1
0001286225,2011-02-28,2021-03-01,11,11
0001286345,2010-01-11,2017-07-12,9,8
0001286405,2010-03-30,2021-03-30,12,12
0001286459,2018-01-16,2021-12-17,5,4
0001286608,2010-03-31,2013-03-26,4,4
0001286613,2010-03-11,2021-03-09,12,12
0001286643,2010-03-30,2014-03-27,5,5
0001286681,2010-03-02,2021-02-25,12,12
0001286865,2010-03-26,2013-03-27,4,4
0001286964,2010-01-29,2021-02-16,12,12
0001287032,2010-08-30,2021-08-25,12,12
0001287151,2010-03-26,2018-02-28,9,9
0001287213,2011-03-08,2021-02-23,11,11
0001287339,2010-03-31,2014-03-27,5,5
0001287668,2010-03-04,2011-04-15,2,2
0001287701,2010-03-17,2015-03-09,6,6
0001287750,2010-02-25,2021-02-10,12,12
0001287808,2010-03-12,2021-03-16,12,12
0001287865,2010-02-12,2021-03-01,12,12
0001287900,2010-07-14,2019-12-04,8,8
0001288195,2010-03-31,2018-05-17,9,6
0001288248,2010-03-31,2013-04-01,4,4
0001288251,2010-03-31,2011-03-28,2,2
0001288359,2010-03-08,2021-03-16,12,12
0001288403,2010-03-01,2021-03-04,12,12
0001288469,2011-02-08,2021-02-11,11,11
0001288496,2010-03-26,2012-11-13,4,3
0001288741,2010-03-08,2011-03-11,2,2
0001288749,2010-03-31,2012-03-26,3,3
0001288750,2010-12-20,2021-12-20,12,11
0001288770,2010-03-31,2012-03-30,3,3
0001288776,2010-02-12,2016-02-11,7,7
0001288847,2015-03-10,2021-03-01,7,7
0001288855,2010-04-15,2021-03-25,12,12
0001288924,2010-03-31,2011-03-30,2,2
0001288971,2010-03-31,2015-03-30,6,6
0001289046,2010-04-13,2015-03-17,6,6
0001289223,2012-04-23,2013-04-01,2,2
0001289231,2010-03-31,2011-03-30,2,2
0001289236,2010-02-12,2015-02-06,6,6
0001289237,2010-10-29,2021-03-05,12,12
0001289272,2010-03-29,2014-03-31,5,5
0001289308,2010-06-01,2021-05-26,12,12
0001289340,2010-03-15,2021-03-12,12,12
0001289419,2010-03-01,2021-02-26,12,12
0001289434,2010-03-15,2010-03-15,1,1
0001289441,2010-07-29,2013-04-15,4,4
0001289460,2010-02-26,2021-02-26,12,12
0001289480,2010-03-22,2011-03-24,2,2
0001289490,2010-02-26,2021-02-26,12,12
0001289496,2010-03-31,2020-03-25,11,11
0001289505,2010-03-12,2015-03-12,6,6
0001289550,2010-12-17,2015-01-13,5,5
0001289559,2010-04-02,2010-04-02,1,1
0001289592,2010-03-01,2014-05-02,5,5
0001289636,2010-06-29,2021-03-10,12,12
0001289701,2010-04-07,2011-04-15,2,2
0001289728,2010-03-30,2011-03-25,2,2
0001289785,2010-03-24,2012-03-26,3,3
0001289790,2010-02-25,2021-02-17,12,12
0001289838,2010-03-31,2019-03-28,10,10
0001289848,2010-02-23,2021-02-23,12,12
0001289850,2010-03-12,2021-01-29,12,12
0001289863,2010-03-26,2015-03-24,6,6
0001289945,2010-02-25,2021-02-18,12,12
0001290098,2010-03-30,2021-03-31,12,12
0001290149,2016-03-03,2021-03-11,6,6
0001290200,2010-03-30,2019-03-29,10,10
0001290205,2010-03-30,2019-03-29,10,10
0001290476,2010-03-30,2021-03-19,12,12
0001290504,2015-02-17,2015-02-17,1,1
0001290505,2010-04-15,2012-04-09,3,3
0001290506,2010-04-15,2017-08-25,8,6
0001290658,2010-03-26,2021-04-06,12,12
0001290677,2017-03-13,2021-02-19,5,5
0001290729,2010-04-30,2010-04-30,1,1
0001290785,2012-08-24,2012-08-31,2,1
0001290900,2010-03-12,2021-03-09,12,12
0001290914,2010-03-30,2011-03-28,2,2
0001292026,2010-03-31,2013-03-29,4,4
0001292055,2010-03-05,2014-03-10,5,5
0001292087,2010-03-31,2011-03-28,2,2
0001292426,2010-03-15,2015-03-13,6,6
0001292470,2010-02-25,2010-02-25,1,1
0001292518,2010-06-28,2012-06-15,3,3
0001292519,2010-06-17,2021-03-01,12,12
0001292556,2010-03-08,2015-03-04,6,6
0001292580,2010-03-24,2010-03-24,1,1
0001292653,2010-02-19,2016-02-18,7,7
0001292900,2010-02-23,2015-02-25,6,6
0001293211,2010-09-24,2015-09-28,6,6
0001293234,2010-03-31,2021-03-16,12,12
0001293282,2010-03-16,2021-03-01,12,12
0001293283,2010-12-23,2012-12-19,3,3
0001293310,2013-04-01,2021-03-10,9,9
0001293330,2010-07-13,2012-03-30,3,3
0001293413,2010-03-31,2011-03-14,2,2
0001293540,2010-03-30,2012-03-30,3,3
0001293593,2010-06-09,2016-06-13,7,7
0001293643,2010-03-30,2013-03-29,4,4
0001293818,2016-03-30,2021-03-29,6,6
0001293971,2014-03-05,2021-02-23,8,8
0001294016,2013-03-05,2016-02-24,4,4
0001294017,2010-12-20,2010-12-20,1,1
0001294133,2014-04-01,2021-02-24,8,8
0001294154,2010-04-01,2014-03-31,5,5
0001294157,2012-03-30,2015-04-15,4,4
0001294208,2010-03-30,2016-04-15,7,7
0001294250,2010-06-16,2017-07-06,8,8
0001294345,2010-03-31,2010-03-31,1,1
0001294476,2010-03-30,2016-04-14,7,7
0001294538,2010-03-02,2013-03-29,4,4
0001294608,2010-03-25,2012-03-23,3,3
0001294632,2010-12-21,2016-12-21,7,7
0001294649,2010-03-16,2019-02-15,10,10
0001294808,2010-03-30,2021-03-25,12,12
0001294924,2012-06-19,2016-05-25,5,5
0001295079,2010-09-28,2012-09-28,3,3
0001295130,2010-03-08,2010-03-08,1,1
0001295172,2010-02-24,2010-02-24,1,1
0001295401,2010-03-16,2021-03-15,12,12
0001295456,2013-06-26,2013-06-26,1,1
0001295503,2010-04-15,2013-03-15,4,4
0001295557,2010-02-25,2010-02-25,1,1
0001295560,2010-04-15,2018-09-28,9,5
0001295664,2010-09-13,2014-09-05,5,5
0001295714,2010-03-18,2013-03-11,4,4
0001295810,2010-02-23,2021-02-12,12,12
0001295879,2010-03-01,2010-03-01,1,1
0001295947,2010-06-11,2021-05-07,12,12
0001295961,2010-06-09,2021-06-15,4,2
0001295976,2010-04-30,2010-04-30,1,1
0001296205,2010-03-15,2020-03-16,11,11
0001296286,2010-03-19,2012-03-29,3,3
0001296391,2011-03-30,2014-03-26,4,4
0001296435,2010-03-10,2021-02-19,12,12
0001296445,2010-03-08,2021-02-26,12,12
0001296884,2010-03-31,2021-03-19,12,12
0001297014,2010-03-31,2010-03-31,1,1
0001297024,2010-04-15,2011-04-15,2,2
0001297067,2010-03-01,2013-03-01,4,4
0001297184,2015-03-26,2021-03-15,7,7
0001297203,2010-09-29,2011-10-06,2,2
0001297210,2010-03-30,2013-03-29,4,4
0001297223,2010-09-14,2016-08-19,7,7
0001297336,2011-03-28,2016-03-30,6,6
0001297341,2010-10-06,2021-09-28,12,12
0001297401,2010-02-24,2016-02-25,7,7
0001297587,2010-03-31,2018-03-01,9,9
0001297667,2010-03-29,2019-03-18,10,10
0001297704,2010-03-31,2019-03-21,10,10
0001297720,2010-02-26,2013-03-08,4,4
0001297735,2010-03-22,2016-03-23,7,7
0001297915,2010-03-30,2013-03-27,4,4
0001297937,2010-03-31,2021-12-09,13,12
0001297965,2010-07-14,2014-07-15,5,5
0001297989,2010-03-16,2021-02-25,12,12
0001297996,2010-02-26,2021-03-01,12,12
0001298095,2010-10-13,2012-03-30,3,3
0001298195,2010-09-14,2011-08-29,2,2
0001298327,2010-03-30,2010-03-30,1,1
0001298341,2010-02-26,2011-02-25,2,2
0001298521,2010-03-15,2010-03-15,1,1
0001298663,2010-04-15,2010-04-15,1,1
0001298675,2010-03-01,2021-02-26,12,12
0001298824,2010-01-13,2013-12-18,4,3
0001298946,2010-02-26,2021-03-01,12,12
0001298978,2010-03-15,2013-03-15,4,4
0001299033,2010-03-09,2016-03-11,7,7
0001299109,2010-03-30,2012-03-29,3,3
0001299130,2011-03-23,2021-02-26,11,11
0001299139,2010-03-26,2020-03-06,11,11
0001299688,2010-03-01,2011-03-01,2,2
0001299704,2010-03-08,2012-03-15,3,3
0001299709,2010-09-21,2021-08-26,12,12
0001299847,2010-03-30,2010-03-30,1,1
0001299864,2010-01-27,2014-04-15,5,5
0001299901,2014-03-26,2015-03-13,2,2
0001299966,2010-01-20,2011-04-15,4,2
0001299967,2010-07-23,2014-04-15,5,5
0001299969,2010-03-31,2021-03-31,12,12
0001300128,2010-09-28,2010-09-28,1,1
0001300485,2012-02-29,2021-02-26,10,10
0001300492,2010-03-30,2012-03-09,3,3
0001300514,2010-03-01,2021-02-05,12,12
0001300524,2010-02-23,2021-04-15,13,11
0001300578,2010-03-31,2010-03-31,1,1
0001300662,2010-03-26,2013-03-28,4,4
0001300699,2018-03-26,2021-03-01,4,4
0001300734,2016-09-28,2021-09-30,6,6
0001300867,2010-02-16,2014-03-18,5,5
0001300938,2015-06-26,2021-04-15,7,7
0001301031,2013-03-08,2016-02-26,4,4
0001301063,2010-03-01,2015-02-26,6,6
0001301075,2010-10-20,2015-11-10,6,5
0001301081,2010-11-23,2011-11-14,2,2
0001301106,2010-03-08,2016-03-10,7,7
0001301206,2010-04-15,2013-04-15,4,4
0001301236,2010-03-05,2021-03-24,12,12
0001301299,2010-04-15,2012-05-16,3,3
0001301348,2010-05-27,2010-05-27,1,1
0001301367,2010-04-15,2014-04-14,5,5
0001301501,2015-03-16,2019-04-01,5,5
0001301611,2010-02-19,2018-02-23,9,9
0001301704,2014-02-21,2015-04-21,5,2
0001301712,2010-03-11,2017-04-17,8,8
0001301787,2010-03-02,2021-03-03,12,12
0001301838,2010-04-01,2021-05-06,12,11
0001301839,2010-03-31,2014-02-28,5,5
0001301843,2010-09-13,2012-10-15,3,3
0001301874,2010-04-15,2015-06-25,5,5
0001301932,2011-02-09,2015-02-06,5,5
0001301991,2010-10-13,2021-10-12,12,12
0001302028,2010-03-30,2021-03-11,12,12
0001302084,2010-09-27,2017-09-28,8,8
0001302177,2010-03-31,2014-03-21,5,5
0001302215,2016-06-23,2021-05-21,6,6
0001302244,2010-03-31,2013-03-29,4,4
0001302324,2010-12-23,2012-12-21,3,3
0001302343,2010-03-16,2018-02-27,9,9
0001302350,2015-03-12,2021-03-29,7,7
0001302365,2010-02-22,2012-03-30,3,3
0001302554,2010-03-05,2010-03-05,1,1
0001302573,2014-03-18,2019-03-07,6,6
0001302707,2010-02-04,2015-03-13,6,6
0001302709,2010-09-28,2012-03-30,3,3
0001302833,2010-09-08,2010-09-08,1,1
0001302834,2010-03-17,2012-03-30,3,3
0001302849,2011-03-28,2011-03-28,1,1
0001302901,2010-09-03,2010-09-03,1,1
0001302913,2010-04-15,2011-04-14,2,2
0001302946,2010-03-30,2019-04-15,10,10
0001303276,2010-06-15,2010-06-15,1,1
0001303313,2010-03-15,2021-02-26,12,12
0001303330,2010-03-15,2015-03-31,6,6
0001303433,2010-04-15,2015-05-15,6,6
0001303652,2014-02-27,2019-02-22,6,6
0001303804,2010-04-02,2010-04-02,1,1
0001303849,2010-09-28,2012-09-28,3,3
0001303942,2010-03-08,2021-02-25,12,12
0001304161,2010-01-29,2021-02-01,12,12
0001304280,2010-05-27,2021-05-12,12,12
0001304409,2010-05-04,2021-02-26,12,12
0001304421,2010-03-08,2021-02-26,12,12
0001304464,2012-11-21,2021-02-26,10,9
0001304492,2015-06-10,2021-06-15,7,7
0001304730,2010-09-16,2021-09-29,12,12
0001304740,2010-03-16,2015-03-04,6,6
0001304741,2014-10-29,2021-11-04,8,7
0001304898,2010-11-15,2012-10-29,3,3
0001305014,2010-11-22,2015-11-20,6,6
0001305018,2010-03-31,2011-03-31,2,2
0001305168,2010-02-26,2021-02-24,12,12
0001305253,2014-03-31,2021-03-09,8,8
0001305294,2011-03-16,2016-02-26,6,6
0001305323,2010-03-02,2021-02-24,12,12
0001305399,2010-03-12,2011-03-11,2,2
0001305452,2010-08-24,2010-08-24,1,1
0001305629,2010-03-26,2012-03-29,3,3
0001305631,2010-03-31,2013-04-01,4,4
0001305773,2016-03-24,2021-03-04,6,6
0001306035,2010-04-14,2019-06-07,10,9
0001306046,2010-06-15,2010-06-15,1,1
0001306109,2010-03-31,2012-04-16,3,3
0001306755,2010-03-15,2010-03-15,1,1
0001306756,2010-03-15,2010-03-15,1,1
0001306757,2010-03-15,2010-03-15,1,1
0001306758,2010-03-15,2010-03-15,1,1
0001306812,2010-03-31,2011-03-28,2,2
0001306830,2010-02-12,2021-02-11,12,12
0001307140,2010-03-31,2018-06-14,9,9
0001307345,2010-01-13,2011-07-28,3,2
0001307579,2010-03-19,2021-03-31,12,12
0001307624,2010-03-31,2021-03-02,4,4
0001307701,2010-04-15,2013-04-16,4,4
0001307748,2010-03-16,2021-02-19,12,12
0001307752,2010-03-23,2016-03-25,7,7
0001307873,2010-01-12,2011-12-27,3,2
0001307931,2010-03-30,2014-03-31,5,5
0001307954,2010-02-19,2021-02-12,12,12
0001307969,2010-03-19,2017-03-24,8,7
0001307989,2010-11-16,2014-04-11,6,5
0001308017,2010-03-12,2010-03-12,1,1
0001308027,2010-03-29,2021-04-16,12,12
0001308085,2010-04-01,2015-03-31,6,6
0001308137,2010-01-28,2018-01-18,7,7
0001308161,2010-08-06,2018-08-13,9,9
0001308208,2010-03-15,2021-03-16,12,12
0001308547,2010-11-22,2021-11-17,12,12
0001308569,2010-08-13,2021-07-29,12,10
0001308606,2010-03-30,2021-02-19,12,12
0001308710,2011-01-14,2016-01-28,6,6
0001308711,2010-03-19,2017-03-22,8,8
0001309055,2010-03-29,2011-03-30,2,2
0001309056,2016-11-14,2018-01-31,2,2
0001309057,2010-09-28,2021-09-20,11,11
0001309082,2010-07-14,2020-06-29,11,11
0001309108,2010-02-26,2021-03-01,12,12
0001309126,2010-12-23,2010-12-23,1,1
0001309132,2010-03-31,2018-03-19,9,9
0001309136,2010-03-31,2018-03-19,9,9
0001309141,2010-10-13,2016-03-11,7,5
0001309251,2021-04-15,2021-04-15,1,1
0001309257,2010-03-30,2014-03-27,5,5
0001309304,2010-03-31,2011-04-15,2,2
0001309346,2010-05-17,2012-03-30,3,3
0001309402,2010-02-24,2021-02-16,12,12
0001309442,2010-04-15,2020-03-25,11,11
0001309764,2010-04-01,2012-05-18,3,3
0001309987,2010-11-18,2010-11-18,1,1
0001310067,2010-03-12,2018-03-23,9,9
0001310094,2010-08-16,2012-12-26,5,3
0001310114,2012-03-06,2021-02-24,10,10
0001310157,2010-03-12,2017-03-30,8,8
0001310227,2010-03-31,2020-03-30,11,11
0001310261,2010-01-13,2010-01-13,1,1
0001310291,2010-04-15,2012-04-16,3,3
0001310313,2010-01-06,2011-12-19,3,2
0001310383,2010-03-30,2021-03-29,12,12
0001310482,2010-01-28,2011-03-02,2,2
0001310488,2018-04-13,2021-02-16,4,4
0001310497,2010-11-29,2014-07-15,5,4
0001310527,2010-07-14,2021-04-15,9,9
0001310630,2011-01-04,2021-04-13,12,10
0001310695,2010-03-30,2014-03-31,5,5
0001310893,2010-04-14,2011-04-12,2,2
0001310914,2010-03-30,2019-03-25,10,10
0001310982,2010-04-15,2015-03-31,6,6
0001311131,2010-03-10,2010-03-10,1,1
0001311185,2010-04-13,2010-04-13,1,1
0001311230,2012-03-15,2017-03-16,6,6
0001311241,2012-03-16,2019-03-08,8,8
0001311369,2010-09-28,2011-10-13,2,2
0001311370,2010-03-01,2021-02-26,12,12
0001311437,2010-04-05,2014-03-27,5,5
0001311486,2011-03-18,2014-04-29,4,4
0001311538,2010-06-29,2019-06-14,10,10
0001311546,2010-03-10,2012-03-30,3,3
0001311596,2014-03-12,2016-03-03,3,3
0001311605,2017-03-23,2018-03-14,2,2
0001311627,2010-04-02,2012-07-31,3,3
0001311673,2010-02-11,2021-02-18,12,12
0001311735,2010-04-13,2017-05-22,8,8
0001311824,2010-03-26,2013-03-20,4,4
0001311828,2010-03-12,2017-03-24,8,8
0001312069,2010-02-16,2011-02-15,2,2
0001312073,2010-12-21,2017-12-18,8,8
0001312109,2020-03-10,2021-03-08,2,2
0001312165,2010-12-07,2011-11-29,2,2
0001312402,2010-02-09,2011-03-02,2,2
0001312547,2010-06-29,2010-06-29,1,1
0001312910,2010-03-31,2017-03-31,8,8
0001312928,2013-03-29,2013-03-29,1,1
0001313024,2010-02-25,2016-06-06,7,7
0001313275,2013-03-05,2021-02-24,9,9
0001313536,2014-03-25,2021-03-24,8,8
0001313730,2010-03-31,2010-03-31,1,1
0001313911,2014-04-11,2015-04-07,2,2
0001313918,2010-03-23,2016-03-25,7,7
0001313938,2013-05-16,2016-12-14,5,4
0001314052,2010-12-27,2021-11-24,12,12
0001314054,2010-04-12,2014-04-10,5,5
0001314102,2010-09-27,2021-03-12,12,12
0001314152,2010-03-15,2021-03-12,12,12
0001314183,2010-03-31,2012-04-16,3,3
0001314196,2010-03-30,2021-03-30,12,12
0001314223,2015-03-13,2019-03-05,5,5
0001314259,2010-12-14,2010-12-14,1,1
0001314270,2010-03-30,2012-03-09,3,3
0001314475,2010-03-25,2017-03-22,8,8
0001314592,2012-04-13,2012-04-13,1,1
0001314655,2010-03-12,2010-03-12,1,1
0001314727,2018-11-28,2021-11-22,4,4
0001314772,2010-03-10,2021-03-16,12,12
0001315061,2010-03-22,2021-03-02,12,12
0001315255,2010-03-24,2020-03-02,11,11
0001315257,2010-02-19,2021-02-24,12,12
0001315320,2010-04-16,2010-04-16,1,1
0001315399,2010-03-25,2021-03-31,12,12
0001315571,2010-03-26,2012-03-29,3,3
0001315657,2014-02-21,2015-03-02,2,2
0001315695,2010-02-26,2014-03-04,5,5
0001315718,2010-10-27,2015-03-31,7,5
0001315756,2011-01-13,2015-09-15,5,5
0001316016,2018-03-07,2019-03-06,2,2
0001316175,2011-03-07,2018-03-05,8,8
0001316360,2010-01-15,2016-01-15,7,7
0001316517,2010-03-31,2021-03-30,12,12
0001316625,2010-09-08,2016-09-02,7,7
0001316631,2010-02-24,2013-02-13,4,4
0001316644,2010-06-25,2020-06-23,11,11
0001316645,2010-03-26,2016-03-30,7,7
0001316656,2010-02-25,2015-02-27,6,6
0001316835,2010-03-04,2021-02-26,12,12
0001316854,2016-07-28,2016-07-28,3,1
0001316898,2010-03-10,2018-05-11,9,8
0001316944,2010-03-25,2021-03-12,12,12
0001317019,2010-03-30,2010-03-30,1,1
0001317405,2010-03-31,2010-03-31,1,1
0001317436,2010-03-01,2012-03-01,3,3
0001317577,2010-09-13,2014-09-12,5,5
0001317630,2010-02-25,2021-02-12,12,12
0001317639,2010-02-25,2011-12-29,3,2
0001317833,2010-04-12,2021-03-26,7,7
0001317838,2010-05-14,2011-05-13,2,2
0001317839,2010-05-21,2021-04-15,12,12
0001317872,2010-03-11,2011-03-03,2,2
0001317880,2010-07-14,2016-06-30,6,6
0001317945,2010-03-17,2021-03-08,12,12
0001318008,2010-03-23,2021-03-15,12,12
0001318084,2010-03-12,2021-03-01,12,12
0001318196,2010-09-10,2011-09-13,2,2
0001318220,2017-02-27,2021-02-18,5,5
0001318268,2010-03-31,2021-04-15,12,12
0001318310,2010-02-25,2010-02-25,1,1
0001318482,2010-03-31,2021-04-01,12,12
0001318484,2010-04-14,2021-04-14,12,12
0001318509,2010-02-11,2011-04-15,2,2
0001318545,2010-03-15,2012-03-09,3,3
0001318568,2010-03-15,2021-03-15,12,12
0001318605,2011-03-03,2021-02-08,11,11
0001318641,2010-03-22,2021-03-22,12,12
0001318742,2013-02-20,2021-02-26,9,9
0001319009,2010-03-30,2015-03-16,6,6
0001319161,2010-11-17,2021-11-23,12,12
0001319229,2010-03-08,2021-03-05,12,12
0001319327,2010-03-16,2012-03-01,3,3
0001319643,2010-04-14,2021-03-29,12,12
0001319764,2010-03-15,2015-03-13,6,6
0001319947,2010-03-24,2021-03-22,12,12
0001320002,2010-04-09,2010-04-09,1,1
0001320051,2010-03-15,2010-03-15,1,1
0001320338,2010-05-18,2011-06-27,2,2
0001320350,2021-03-12,2021-03-12,1,1
0001320414,2010-03-17,2021-02-25,12,12
0001320461,2010-03-31,2021-02-22,12,12
0001320691,2010-04-15,2010-04-15,1,1
0001320695,2010-02-16,2021-02-11,12,12
0001320729,2010-06-15,2013-10-15,6,4
0001320760,2010-03-31,2021-03-29,12,12
0001320767,2010-04-15,2014-05-01,5,5
0001320854,2010-03-15,2021-03-24,12,12
0001320869,2010-03-31,2010-03-31,1,1
0001320934,2010-01-29,2011-02-17,2,2
0001320947,2010-10-05,2015-10-01,6,6
0001321002,2010-04-15,2011-05-17,2,2
0001321070,2010-03-30,2016-03-30,7,7
0001321099,2010-03-31,2010-03-31,1,1
0001321227,2010-04-02,2010-04-02,3,1
0001321228,2010-04-02,2020-05-26,14,10
0001321268,2010-03-05,2013-03-08,4,4
0001321502,2010-12-30,2013-05-13,7,4
0001321507,2010-09-13,2010-09-13,3,1
0001321508,2012-09-05,2012-09-21,5,1
0001321516,2010-05-14,2015-04-16,6,6
0001321559,2010-09-30,2011-09-28,2,2
0001321573,2010-04-15,2012-03-29,3,3
0001321646,2010-03-15,2021-02-26,12,12
0001321655,2021-02-26,2021-02-26,1,1
0001321710,2010-05-26,2015-07-29,6,6
0001321730,2010-03-15,2010-03-15,1,1
0001321732,2016-03-08,2021-02-23,6,6
0001321741,2010-05-24,2021-05-11,12,12
0001321771,2016-03-30,2016-03-30,1,1
0001321788,2016-03-30,2016-03-30,1,1
0001321792,2016-03-30,2016-03-30,1,1
0001321828,2010-03-31,2021-03-19,12,12
0001321834,2014-03-28,2021-03-01,8,8
0001322439,2010-03-05,2021-03-12,12,12
0001322505,2010-12-14,2021-02-25,12,12
0001322554,2016-04-20,2017-04-12,2,2
0001322646,2010-03-31,2010-03-31,1,1
0001322705,2010-02-12,2015-02-11,6,6
0001322729,2010-12-14,2010-12-14,1,1
0001322734,2010-03-10,2011-03-24,2,2
0001322739,2010-03-16,2014-03-28,5,5
0001322791,2010-02-26,2013-02-07,4,4
0001322866,2010-03-11,2014-02-27,5,5
0001322952,2010-03-16,2017-05-25,7,7
0001323033,2010-03-09,2011-04-18,2,2
0001323051,2010-03-23,2011-02-23,2,2
0001323115,2010-03-16,2010-03-16,1,1
0001323143,2010-04-15,2014-04-15,5,5
0001323274,2010-06-21,2014-03-31,5,5
0001323468,2010-03-12,2021-03-05,12,12
0001323531,2010-03-10,2013-03-08,4,4
0001323648,2010-04-23,2021-03-15,12,12
0001323653,2010-03-04,2013-03-08,4,4
0001323715,2010-03-09,2010-03-09,1,1
0001323854,2010-03-01,2013-02-22,4,4
0001323885,2010-03-30,2021-02-26,12,12
0001323891,2010-03-17,2015-03-18,6,6
0001323974,2010-11-23,2014-11-26,5,5
0001324105,2010-03-09,2012-03-16,3,3
0001324152,2010-10-12,2010-10-12,1,1
0001324189,2010-03-12,2019-04-05,10,10
0001324245,2010-09-02,2015-08-31,6,6
0001324272,2010-03-05,2021-03-05,12,12
0001324344,2011-03-11,2012-03-27,2,2
0001324404,2010-02-25,2021-02-24,12,12
0001324410,2010-02-12,2018-02-28,9,9
0001324424,2010-02-11,2021-02-12,12,12
0001324479,2010-03-10,2010-03-10,1,1
0001324482,2011-03-31,2012-03-09,2,2
0001324518,2010-02-25,2014-02-26,5,5
0001324570,2010-03-16,2011-03-16,2,2
0001324592,2010-03-01,2010-03-01,1,1
0001324736,2010-03-31,2016-03-30,7,7
0001324759,2010-03-31,2013-04-16,4,4
0001324772,2015-10-14,2016-10-07,2,2
0001324948,2010-06-02,2021-05-21,12,12
0001325279,2010-04-15,2014-04-15,5,5
0001325281,2010-03-10,2018-02-23,9,9
0001325460,2010-03-24,2011-02-17,2,2
0001325618,2015-03-23,2021-03-05,7,7
0001325670,2010-03-08,2021-03-16,12,12
0001325676,2010-03-31,2021-03-25,12,12
0001325702,2011-03-18,2021-03-09,11,10
0001325703,2010-03-11,2016-02-26,7,7
0001325740,2010-12-29,2019-12-30,10,8
0001325814,2010-03-18,2021-03-10,12,12
0001325878,2010-03-25,2021-03-18,12,12
0001325879,2011-03-11,2021-03-16,11,11
0001325946,2010-03-08,2010-03-08,1,1
0001325955,2010-03-16,2017-02-27,8,8
0001325964,2010-04-15,2021-03-31,12,12
0001326003,2010-03-12,2021-03-03,12,12
0001326089,2020-05-15,2021-03-31,2,2
0001326110,2016-03-30,2021-03-04,6,6
0001326141,2010-03-01,2021-02-26,12,12
0001326160,2010-02-26,2021-02-25,12,12
0001326190,2010-03-26,2021-02-25,12,12
0001326200,2010-03-01,2021-02-24,12,12
0001326205,2010-07-14,2021-06-14,12,12
0001326250,2010-04-15,2013-04-01,4,4
0001326252,2010-06-14,2012-06-12,3,3
0001326321,2010-03-30,2021-03-30,12,12
0001326355,2010-03-23,2011-02-23,2,2
0001326364,2010-03-31,2014-04-14,5,5
0001326380,2010-03-30,2021-03-23,12,12
0001326396,2010-03-03,2016-10-17,6,6
0001326428,2010-02-25,2019-04-01,10,10
0001326539,2010-03-31,2011-03-30,2,2
0001326540,2010-03-31,2011-03-30,2,2
0001326583,2010-03-02,2017-03-01,8,8
0001326652,2010-03-31,2012-04-16,3,3
0001326679,2010-04-15,2013-04-16,4,4
0001326686,2010-03-31,2010-03-31,1,1
0001326688,2010-03-31,2010-03-31,1,1
0001326706,2015-03-30,2021-04-15,7,7
0001326732,2014-03-31,2021-02-24,8,8
0001326771,2010-03-18,2021-03-18,12,12
0001326801,2013-02-01,2021-01-28,9,9
0001326807,2010-03-01,2014-03-03,5,5
0001326853,2013-09-06,2014-08-04,5,2
0001326917,2010-03-25,2017-06-20,8,7
0001326973,2010-11-03,2010-11-03,1,1
0001327068,2010-03-01,2021-02-26,12,12
0001327195,2010-07-14,2012-04-16,3,3
0001327238,2010-05-18,2011-05-18,2,2
0001327273,2021-03-09,2021-03-09,1,1
0001327318,2015-03-12,2021-03-05,7,7
0001327364,2010-09-28,2012-09-20,3,3
0001327467,2013-04-01,2016-03-21,4,4
0001327471,2011-06-10,2015-06-12,5,5
0001327557,2010-09-30,2011-10-13,4,2
0001327567,2012-10-04,2021-09-03,10,10
0001327603,2010-03-19,2016-03-30,7,7
0001327607,2019-03-21,2021-03-12,3,3
0001327688,2016-04-13,2021-04-07,6,6
0001327811,2013-03-22,2021-03-02,9,9
0001327978,2010-03-23,2021-03-05,12,12
0001328003,2010-03-29,2012-04-16,3,3
0001328015,2015-03-11,2016-03-02,2,2
0001328143,2015-03-03,2021-02-23,7,7
0001328208,2010-03-31,2013-03-01,4,4
0001328237,2010-02-24,2021-02-26,12,12
0001328239,2010-02-24,2010-02-24,1,1
0001328300,2010-03-19,2015-03-31,6,6
0001328571,2010-02-26,2016-03-14,7,7
0001328581,2013-03-07,2021-02-22,9,9
0001328598,2011-01-14,2021-02-26,12,11
0001328650,2010-03-15,2011-03-15,2,2
0001328655,2010-03-17,2016-04-13,7,7
0001328670,2010-07-07,2017-01-10,7,7
0001328769,2011-04-15,2012-05-17,2,2
0001328790,2010-03-30,2010-03-30,1,1
0001328792,2010-06-29,2021-06-10,12,12
0001328888,2010-09-28,2011-09-27,2,2
0001328989,2010-03-30,2021-03-30,12,12
0001329011,2010-03-05,2013-03-06,4,4
0001329068,2010-02-19,2011-02-17,2,2
0001329069,2010-02-19,2011-02-17,2,2
0001329136,2010-09-28,2014-10-14,5,5
0001329484,2010-08-16,2012-08-14,3,3
0001329517,2010-03-16,2013-03-15,4,4
0001329548,2010-05-24,2012-12-27,3,3
0001329551,2011-03-02,2011-03-03,3,1
0001329605,2010-07-01,2011-04-15,2,2
0001329606,2010-04-15,2021-04-15,12,12
0001329701,2010-03-22,2015-03-11,6,6
0001329799,2015-03-20,2015-03-20,1,1
0001329842,2010-03-25,2021-03-19,12,12
0001329919,2010-03-09,2014-03-07,5,5
0001329957,2010-12-14,2014-12-16,5,5
0001330023,2010-09-13,2010-09-13,1,1
0001330323,2010-04-15,2012-04-16,3,3
0001330399,2010-03-18,2021-03-09,12,12
0001330421,2012-06-11,2017-06-16,6,6
0001330436,2019-02-26,2020-03-16,2,2
0001330466,2010-03-10,2015-03-30,6,6
0001330568,2010-02-26,2021-03-01,12,12
0001330622,2010-03-23,2017-03-28,8,8
0001330769,2010-03-26,2013-03-20,4,4
0001330820,2010-03-31,2013-04-01,4,4
0001330849,2010-03-02,2016-03-30,7,7
0001331275,2010-12-14,2012-11-02,3,3
0001331301,2010-03-10,2015-02-26,6,6
0001331427,2010-03-08,2011-03-16,2,2
0001331444,2010-03-31,2011-03-30,2,2
0001331451,2010-03-18,2021-03-09,12,12
0001331463,2010-03-22,2021-03-19,12,12
0001331465,2010-03-25,2021-03-04,12,12
0001331520,2010-03-05,2021-02-26,12,12
0001331612,2010-02-16,2021-10-13,7,4
0001331745,2010-03-01,2016-02-29,7,7
0001331754,2010-03-19,2021-03-10,12,12
0001331757,2010-03-25,2021-03-24,12,12
0001331875,2010-03-01,2021-03-01,12,12
0001331931,2010-03-31,2010-03-31,1,1
0001332052,2010-08-13,2010-08-13,1,1
0001332174,2010-02-26,2021-03-01,12,12
0001332199,2010-03-15,2011-03-16,2,2
0001332349,2010-02-26,2021-02-25,12,12
0001332412,2010-04-14,2012-03-30,3,3
0001332445,2010-10-14,2013-10-16,4,4
0001332474,2010-04-02,2014-03-27,5,5
0001332551,2010-03-16,2021-03-12,12,12
0001332572,2010-09-28,2014-09-29,5,5
0001332602,2010-03-26,2012-03-16,3,3
0001332896,2010-03-16,2012-03-30,3,3
0001332961,2010-03-31,2012-03-27,3,3
0001333142,2010-06-15,2010-06-15,1,1
0001333170,2010-03-12,2018-02-16,9,9
0001333191,2010-03-04,2010-03-04,1,1
0001333248,2010-03-15,2014-02-28,5,5
0001333274,2010-02-26,2021-02-16,12,12
0001333491,2011-03-16,2011-03-16,1,1
0001333493,2010-03-05,2021-02-26,12,12
0001333513,2010-02-24,2015-02-25,6,6
0001333519,2013-06-18,2019-10-02,11,7
0001333563,2010-03-15,2015-03-03,6,6
0001333614,2010-08-13,2015-08-07,6,6
0001333675,2010-01-15,2012-01-24,3,3
0001333763,2010-03-10,2014-03-11,5,5
0001333822,2011-11-22,2021-11-29,11,11
0001333835,2018-03-07,2021-02-25,4,4
0001333986,2019-03-08,2021-02-24,3,3
0001334036,2010-02-25,2021-02-23,12,12
0001334126,2012-04-06,2016-09-20,5,5
0001334127,2010-09-16,2010-09-16,1,1
0001334303,2010-03-31,2010-03-31,1,1
0001334325,2010-01-29,2021-01-28,6,6
0001334345,2010-03-08,2011-04-15,2,2
0001334478,2010-03-05,2017-03-31,8,8
0001334504,2010-03-30,2010-03-30,1,1
0001334544,2010-02-19,2011-02-18,2,2
0001334586,2010-05-18,2016-05-06,7,7
0001334589,2010-07-14,2019-08-02,10,10
0001334699,2010-11-04,2016-10-07,7,7
0001334740,2021-07-26,2021-07-26,1,1
0001334741,2010-04-15,2011-04-15,2,2
0001334794,2010-03-30,2012-03-28,3,3
0001334814,2012-03-02,2015-02-17,4,4
0001334933,2010-10-14,2021-10-28,12,12
0001334978,2010-03-16,2021-02-25,12,12
0001335002,2010-11-15,2010-11-15,1,1
0001335103,2010-03-23,2017-04-14,8,8
0001335104,2010-03-31,2011-03-31,2,2
0001335105,2010-03-29,2021-03-26,12,12
0001335106,2010-04-14,2012-03-30,3,3
0001335112,2011-03-31,2021-03-31,11,11
0001335137,2010-03-01,2013-04-05,4,4
0001335190,2010-03-31,2016-05-06,7,7
0001335236,2010-03-30,2016-04-14,7,7
0001335239,2010-04-16,2015-05-13,6,6
0001335249,2010-03-26,2010-03-26,1,1
0001335258,2010-02-25,2021-03-01,12,12
0001335282,2010-03-31,2012-04-12,3,3
0001335288,2010-06-29,2010-06-29,1,1
0001335293,2010-03-22,2017-03-28,8,8
0001335294,2010-04-13,2011-03-30,2,2
0001335493,2010-11-15,2017-10-13,5,4
0001335725,2010-11-15,2012-10-29,3,3
0001335732,2010-03-31,2015-03-31,6,6
0001335792,2010-03-31,2012-03-30,3,3
0001335793,2010-02-09,2010-02-09,1,1
0001335795,2010-04-23,2010-04-23,1,1
0001335950,2010-06-28,2012-07-02,3,3
0001335982,2014-03-31,2016-03-30,3,3
0001336047,2010-02-16,2021-02-09,12,12
0001336178,2010-03-30,2012-03-30,3,3
0001336262,2010-10-13,2010-10-13,1,1
0001336282,2011-11-14,2015-10-13,5,5
0001336339,2010-03-30,2016-04-14,7,7
0001336388,2010-09-03,2010-09-03,1,1
0001336545,2010-03-31,2015-03-25,6,6
0001336644,2010-03-05,2011-06-08,2,2
0001336691,2011-02-28,2013-03-12,3,3
0001336747,2010-08-13,2010-08-13,1,1
0001336917,2010-02-25,2021-02-24,12,12
0001336920,2010-04-01,2021-02-23,12,12
0001337009,2010-03-31,2014-04-15,5,5
0001337013,2010-03-03,2021-03-22,12,12
0001337068,2010-12-21,2021-12-20,12,12
0001337182,2010-01-20,2016-01-13,7,7
0001337213,2010-04-15,2013-12-11,4,4
0001337226,2010-04-05,2012-03-30,3,3
0001337272,2010-03-24,2015-03-25,6,6
0001337274,2010-03-24,2015-03-25,6,6
0001337298,2010-03-15,2021-03-16,12,12
0001337408,2013-09-26,2015-11-13,10,3
0001337553,2014-03-26,2021-02-26,8,8
0001337615,2010-04-14,2011-03-29,2,2
0001337619,2011-03-18,2021-02-26,11,11
0001337675,2010-03-23,2015-04-10,6,6
0001337826,2010-05-14,2010-05-14,1,1
0001337885,2010-04-15,2014-04-17,5,5
0001337905,2010-10-13,2015-10-14,6,6
0001337913,2010-03-30,2010-03-30,1,1
0001338042,2011-03-31,2016-03-15,6,6
0001338065,2010-03-11,2021-02-19,12,12
0001338095,2014-03-31,2016-03-29,3,3
0001338242,2010-08-13,2016-03-31,7,7
0001338248,2010-06-25,2012-06-28,3,3
0001338401,2010-04-19,2011-04-14,2,2
0001338460,2011-10-13,2015-10-13,5,5
0001338474,2010-02-26,2021-03-02,12,12
0001338520,2010-05-17,2012-03-30,3,3
0001338578,2010-03-30,2014-04-15,5,5
0001338613,2010-03-01,2015-02-27,6,6
0001338624,2012-03-26,2014-01-15,4,3
0001338629,2010-03-31,2010-03-31,1,1
0001338690,2010-12-13,2014-12-17,5,5
0001338749,2010-02-18,2021-02-18,12,12
0001338916,2010-06-04,2010-06-04,1,1
0001338929,2010-04-15,2021-10-01,12,10
0001338949,2010-03-19,2011-04-22,2,2
0001339048,2010-03-12,2017-03-01,8,8
0001339135,2010-03-31,2010-03-31,1,1
0001339225,2010-03-31,2012-03-30,3,3
0001339256,2014-04-08,2014-04-08,1,1
0001339455,2010-03-19,2012-03-09,3,3
0001339469,2016-03-17,2021-03-04,6,6
0001339553,2010-02-11,2011-02-25,2,2
0001339605,2010-03-05,2021-02-17,12,12
0001339729,2010-03-25,2010-03-25,1,1
0001339854,2010-04-15,2012-05-16,3,3
0001339920,2010-03-30,2021-03-30,12,12
0001339947,2010-02-11,2019-11-14,11,10
0001339970,2016-03-30,2021-03-24,6,6
0001340041,2010-02-19,2011-02-22,2,2
0001340095,2010-03-26,2012-03-23,3,3
0001340122,2010-02-26,2021-03-03,12,12
0001340127,2012-03-07,2019-02-28,8,8
0001340282,2010-02-26,2015-02-24,6,6
0001340354,2010-03-12,2010-03-12,1,1
0001340476,2020-02-26,2021-02-24,2,2
0001340554,2014-03-31,2015-03-27,2,2
0001340652,2012-03-30,2021-03-01,10,10
0001340752,2010-03-16,2010-03-16,1,1
0001340786,2010-03-08,2016-03-14,7,7
0001340909,2010-03-30,2021-03-30,12,12
0001341141,2010-03-26,2021-02-26,12,12
0001341235,2015-03-23,2021-03-11,7,7
0001341293,2011-03-31,2012-07-12,2,2
0001341317,2019-03-14,2021-03-11,3,3
0001341318,2010-03-31,2021-03-29,12,12
0001341319,2010-08-30,2016-08-16,7,7
0001341327,2010-07-14,2010-07-14,1,1
0001341439,2010-07-01,2021-06-21,12,12
0001341470,2010-03-31,2012-03-30,3,3
0001341726,2010-12-07,2021-12-29,12,12
0001341766,2010-03-10,2021-03-11,7,7
0001341768,2013-04-26,2015-04-17,3,3
0001341780,2010-01-13,2011-01-05,2,2
0001341808,2010-04-15,2012-05-07,3,3
0001341843,2010-03-12,2012-03-13,3,3
0001341878,2010-01-29,2016-01-28,7,7
0001341995,2010-10-13,2010-10-13,1,1
0001342053,2010-10-01,2010-10-01,1,1
0001342126,2010-03-15,2016-03-14,7,7
0001342154,2010-03-30,2012-03-30,3,3
0001342219,2019-04-16,2021-09-28,3,2
0001342287,2010-09-24,2020-09-10,11,11
0001342423,2011-01-26,2021-01-14,11,11
0001342505,2010-03-31,2013-04-01,4,4
0001342514,2010-03-30,2016-04-14,7,7
0001342643,2010-04-15,2014-04-16,5,5
0001342792,2010-10-29,2021-10-29,6,6
0001342854,2010-09-28,2014-09-09,5,5
0001342882,2010-04-14,2010-04-14,1,1
0001342916,2010-03-22,2011-02-14,2,2
0001342936,2010-02-26,2021-03-31,13,12
0001342958,2010-03-23,2021-03-31,12,12
0001342960,2010-03-15,2010-03-15,1,1
0001343009,2010-11-29,2021-11-29,12,11
0001343011,2013-04-23,2013-07-23,4,1
0001343034,2010-03-31,2019-03-15,10,10
0001343254,2010-12-13,2016-12-13,7,7
0001343257,2011-08-16,2012-06-08,3,2
0001343304,2019-03-21,2019-03-21,1,1
0001343465,2016-01-13,2021-04-16,6,6
0001343491,2010-03-30,2021-03-30,12,12
0001343504,2010-05-28,2010-05-28,1,1
0001343601,2010-11-15,2012-10-01,3,3
0001343719,2010-09-08,2016-09-27,7,7
0001343979,2010-04-13,2015-04-15,6,5
0001344154,2010-02-19,2014-03-14,5,5
0001344394,2010-11-19,2013-12-16,4,4
0001344413,2010-03-09,2016-03-28,7,7
0001344494,2010-03-25,2011-03-25,2,2
0001344530,2010-04-02,2014-03-27,5,5
0001344596,2010-03-12,2018-02-23,9,9
0001344632,2010-07-16,2010-07-16,1,1
0001344705,2010-03-26,2010-03-26,1,1
0001344736,2010-04-15,2016-04-07,7,6
0001344807,2010-05-18,2011-03-30,2,2
0001344907,2010-09-15,2011-09-13,2,2
0001344970,2010-09-28,2012-09-07,3,3
0001344980,2010-03-03,2018-02-23,9,9
0001345016,2013-02-27,2021-02-26,9,9
0001345111,2010-03-04,2014-02-25,5,5
0001345122,2010-03-09,2021-02-24,12,12
0001345126,2010-03-09,2021-02-24,12,12
0001345294,2010-03-31,2010-03-31,1,1
0001345432,2010-01-29,2012-08-01,3,3
0001345756,2010-01-05,2016-10-31,8,7
0001345801,2011-03-23,2016-03-14,6,6
0001345840,2010-03-03,2011-03-07,2,2
0001345865,2010-03-11,2012-02-27,3,3
0001345913,2010-01-06,2012-01-13,3,3
0001345991,2010-03-25,2018-04-16,9,9
0001346022,2010-11-29,2021-11-10,12,12
0001346096,2010-03-26,2014-03-27,5,5
0001346222,2010-12-29,2010-12-29,1,1
0001346248,2010-11-15,2010-11-15,1,1
0001346287,2010-04-15,2018-04-02,8,8
0001346302,2019-03-06,2021-03-09,3,3
0001346346,2010-05-17,2015-04-16,6,6
0001346352,2010-01-12,2010-12-29,2,1
0001346526,2010-04-26,2021-07-29,7,7
0001346616,2010-02-26,2013-02-28,4,4
0001346655,2010-04-15,2021-03-31,8,8
0001346757,2010-03-26,2012-03-29,3,3
0001346830,2014-03-28,2021-02-25,8,8
0001346917,2010-03-05,2011-03-31,2,2
0001346922,2014-03-31,2016-03-30,3,3
0001346973,2010-01-20,2015-04-15,6,6
0001346980,2010-04-14,2020-03-12,11,11
0001347004,2010-04-15,2010-04-15,1,1
0001347022,2010-03-19,2018-04-02,9,9
0001347078,2010-04-15,2016-05-27,7,7
0001347178,2010-03-15,2021-02-11,12,12
0001347185,2010-03-26,2016-03-28,95,7
0001347218,2010-03-05,2015-02-27,6,6
0001347452,2010-03-10,2015-04-15,6,6
0001347491,2018-08-13,2021-08-11,4,4
0001347523,2010-03-19,2015-03-24,6,6
0001347613,2010-03-15,2018-03-01,9,9
0001347652,2010-02-16,2021-03-04,12,12
0001347815,2010-03-01,2012-03-13,3,3
0001347858,2010-12-01,2021-03-11,11,11
0001347870,2010-03-01,2014-03-17,5,5
0001348036,2019-02-28,2021-02-25,3,3
0001348259,2010-03-01,2018-02-28,9,9
0001348324,2014-03-04,2016-02-23,3,3
0001348334,2014-04-30,2017-05-15,4,4
0001348362,2010-01-20,2021-11-29,13,12
0001348610,2013-03-18,2015-08-17,6,3
0001348649,2016-03-24,2016-03-24,1,1
0001348788,2010-06-16,2012-06-28,3,3
0001348911,2016-03-30,2021-07-13,6,6
0001348952,2010-02-26,2021-02-26,12,12
0001349274,2010-03-31,2010-03-31,1,1
0001349365,2012-12-21,2012-12-21,1,1
0001349371,2010-12-09,2013-03-27,2,2
0001349436,2010-03-01,2021-03-04,12,12
0001349437,2010-03-17,2019-04-01,10,10
0001349454,2013-03-04,2015-03-02,3,3
0001349532,2010-02-16,2010-02-16,1,1
0001349577,2010-03-26,2021-03-24,12,12
0001349593,2010-03-26,2013-04-01,4,4
0001349777,2010-04-16,2010-04-16,1,1
0001349810,2017-10-16,2017-10-16,1,1
0001349892,2010-03-30,2010-03-30,1,1
0001349922,2011-01-28,2012-02-14,2,2
0001349929,2014-03-28,2021-03-31,8,8
0001349976,2010-04-15,2013-08-13,4,4
0001350072,2010-12-15,2014-12-22,5,5
0001350073,2010-04-16,2021-04-13,7,6
0001350102,2010-03-16,2021-05-14,12,11
0001350156,2010-09-14,2021-09-09,12,11
0001350381,2010-03-09,2020-03-17,11,11
0001350420,2010-12-21,2021-12-22,12,12
0001350421,2010-08-27,2018-09-14,9,9
0001350567,2010-03-31,2011-03-30,2,2
0001350593,2010-11-24,2021-11-19,12,12
0001350653,2010-03-02,2021-03-05,12,12
0001350684,2010-03-05,2012-03-07,3,3
0001350770,2010-09-15,2011-08-30,2,2
0001350773,2010-03-26,2014-03-31,5,5
0001351051,2010-02-09,2021-03-16,12,12
0001351285,2010-03-10,2020-03-11,11,11
0001351288,2018-11-29,2021-02-26,4,4
0001351345,2015-02-27,2018-02-27,4,4
0001351541,2010-03-12,2017-02-28,8,8
0001351573,2017-04-17,2021-04-20,5,5
0001351636,2018-03-28,2021-03-29,4,4
0001351765,2010-10-05,2013-10-15,4,4
0001351901,2010-04-15,2021-04-19,12,12
0001352010,2012-03-30,2021-02-25,10,10
0001352081,2010-12-23,2021-11-19,12,12
0001352190,2010-03-16,2021-03-02,12,12
0001352302,2010-03-31,2015-02-17,6,6
0001352341,2010-12-13,2010-12-13,1,1
0001352482,2010-04-14,2011-02-18,2,2
0001352801,2010-08-26,2012-03-14,3,3
0001352819,2010-04-16,2011-04-18,2,2
0001352858,2010-02-16,2011-12-30,3,2
0001352884,2010-04-15,2010-04-15,1,1
0001352952,2010-03-26,2021-03-31,12,12
0001353174,2010-03-30,2012-03-30,3,3
0001353209,2010-03-01,2012-02-24,3,3
0001353226,2010-03-30,2021-03-30,12,12
0001353282,2010-03-31,2021-03-16,12,12
0001353283,2013-04-01,2021-03-31,9,9
0001353307,2010-04-14,2012-04-16,3,3
0001353386,2010-02-24,2012-07-13,4,3
0001353406,2010-04-28,2020-11-18,11,11
0001353487,2010-03-29,2019-04-12,10,10
0001353492,2010-02-04,2010-02-04,1,1
0001353499,2010-04-01,2021-03-26,12,12
0001353505,2010-06-29,2012-07-16,3,3
0001353523,2010-03-31,2016-03-25,7,7
0001353538,2010-06-16,2021-06-28,12,12
0001353611,2010-01-14,2021-02-26,13,12
0001353612,2010-01-14,2021-02-26,13,11
0001353613,2010-01-14,2021-02-26,13,12
0001353614,2010-01-14,2021-02-26,13,11
0001353615,2010-01-14,2021-02-26,13,12
0001353616,2010-01-14,2019-03-11,11,10
0001353617,2010-01-14,2012-01-13,3,3
0001353633,2010-12-09,2018-05-21,10,9
0001353722,2010-03-31,2019-04-01,10,10
0001353741,2010-04-15,2015-03-30,6,6
0001353748,2010-03-31,2018-04-02,9,9
0001353970,2010-04-14,2021-11-15,12,12
0001353972,2010-04-15,2012-04-24,3,3
0001354027,2010-03-31,2011-03-17,2,2
0001354030,2010-01-14,2011-02-15,2,2
0001354071,2010-03-31,2014-04-15,5,5
0001354174,2010-03-30,2018-03-29,9,9
0001354213,2010-04-15,2012-05-14,3,3
0001354217,2010-03-05,2014-02-28,5,5
0001354309,2010-03-12,2015-03-31,6,6
0001354327,2010-03-18,2021-03-02,12,12
0001354371,2010-03-30,2021-03-25,12,12
0001354513,2010-03-01,2016-03-31,7,7
0001354582,2010-12-27,2010-12-27,1,1
0001354591,2010-12-08,2017-12-15,8,6
0001354636,2010-03-03,2010-03-03,1,1
0001354730,2010-03-08,2021-02-26,12,12
0001354731,2010-03-08,2010-03-08,1,1
0001354752,2010-02-26,2013-02-25,4,4
0001354772,2010-03-30,2015-03-31,6,6
0001354866,2010-03-01,2021-02-26,12,12
0001354942,2010-02-24,2011-03-29,2,2
0001355001,2010-02-16,2021-02-23,12,12
0001355042,2010-03-29,2017-03-28,8,8
0001355096,2010-02-25,2021-02-26,12,12
0001355128,2010-05-20,2013-10-07,4,4
0001355242,2010-04-15,2013-04-16,4,4
0001355250,2010-10-12,2021-09-27,12,12
0001355304,2010-03-31,2015-05-27,7,6
0001355420,2010-06-15,2013-08-01,4,4
0001355451,2010-05-05,2014-07-07,5,5
0001355559,2011-12-19,2021-09-28,8,6
0001355607,2010-03-26,2011-03-03,2,2
0001355677,2010-07-13,2021-07-01,12,12
0001355732,2013-04-01,2015-04-15,3,3
0001355754,2016-02-19,2020-02-28,5,5
0001355786,2010-03-16,2016-03-11,7,7
0001355790,2010-03-23,2021-03-30,12,12
0001355823,2010-03-03,2013-02-27,4,4
0001355835,2010-08-30,2010-08-30,1,1
0001355839,2010-03-31,2021-03-23,12,12
0001355848,2012-03-22,2021-03-31,10,10
0001355855,2010-03-26,2013-03-22,4,4
0001355899,2010-03-30,2014-03-27,5,5
0001356090,2014-03-31,2021-03-01,8,8
0001356093,2010-03-26,2021-03-10,12,12
0001356104,2010-03-05,2020-02-20,11,11
0001356284,2010-03-30,2021-03-30,12,12
0001356371,2011-01-10,2011-01-10,1,1
0001356564,2010-04-15,2017-04-17,9,8
0001356576,2013-03-15,2021-03-08,9,9
0001356628,2010-03-04,2010-03-04,1,1
0001356711,2010-03-25,2010-03-25,1,1
0001356857,2011-03-25,2013-03-13,3,3
0001356949,2010-03-15,2021-03-25,12,12
0001357115,2010-03-15,2017-03-28,8,8
0001357204,2012-02-24,2020-02-24,9,9
0001357227,2010-03-08,2010-03-08,1,1
0001357231,2010-03-19,2014-03-21,5,5
0001357326,2010-02-12,2015-02-13,6,6
0001357361,2010-03-30,2016-04-14,7,7
0001357369,2013-03-01,2021-02-26,9,9
0001357371,2010-03-11,2017-03-08,8,8
0001357459,2010-03-31,2021-03-22,12,12
0001357531,2010-04-15,2014-05-14,5,5
0001357594,2010-08-13,2011-08-16,2,2
0001357615,2010-02-25,2021-02-25,12,12
0001357642,2010-06-01,2011-05-31,2,2
0001357660,2010-03-30,2021-03-30,12,12
0001357671,2010-03-31,2021-03-31,12,12
0001357787,2010-02-12,2012-03-14,3,3
0001357838,2010-01-28,2015-04-03,6,6
0001357861,2010-03-30,2014-03-27,5,5
0001357874,2020-03-10,2021-03-18,2,2
0001357878,2010-03-10,2021-06-23,10,10
0001357939,2010-03-31,2011-03-31,2,2
0001357971,2010-12-21,2021-12-29,12,11
0001358057,2010-03-31,2012-03-30,3,3
0001358071,2010-02-26,2020-02-19,11,11
0001358099,2010-03-24,2015-03-31,6,6
0001358190,2010-03-29,2021-03-23,12,12
0001358254,2010-03-30,2012-03-30,3,3
0001358342,2010-03-30,2010-03-30,1,1
0001358356,2010-03-16,2021-02-26,12,12
0001358403,2015-03-20,2021-03-31,7,7
0001358483,2015-03-05,2016-03-11,2,2
0001358633,2010-03-31,2021-04-15,12,10
0001358651,2010-10-01,2018-09-18,9,9
0001358654,2010-04-30,2021-05-03,12,12
0001358697,2010-04-15,2010-04-15,1,1
0001358762,2017-03-03,2021-03-01,5,5
0001358831,2010-03-05,2018-02-23,9,9
0001359055,2010-03-02,2010-03-02,1,1
0001359111,2010-03-12,2010-03-12,1,1
0001359425,2010-02-22,2013-03-25,4,4
0001359504,2010-02-24,2012-09-13,4,3
0001359527,2010-03-22,2012-03-21,3,3
0001359555,2010-03-16,2018-02-16,9,9
0001359687,2010-03-31,2021-12-17,13,12
0001359699,2012-10-04,2017-11-09,10,3
0001359841,2010-02-09,2021-02-12,12,12
0001359931,2015-03-20,2021-03-11,7,7
0001360214,2010-03-31,2021-03-08,12,11
0001360334,2010-08-04,2017-07-24,4,4
0001360442,2010-03-31,2021-04-16,12,12
0001360474,2010-03-24,2013-04-01,4,4
0001360530,2010-03-17,2019-02-26,10,10
0001360555,2010-05-20,2010-05-20,1,1
0001360564,2010-06-29,2014-07-15,5,5
0001360565,2010-03-31,2021-02-18,12,12
0001360581,2010-04-15,2010-04-15,1,1
0001360604,2010-03-16,2021-02-24,12,12
0001360683,2014-03-27,2016-02-29,3,3
0001360752,2012-08-16,2013-07-15,2,2
0001360886,2010-03-12,2019-03-15,8,8
0001360901,2010-02-22,2021-02-25,12,12
0001360944,2010-11-08,2011-03-31,2,2
0001361025,2010-03-16,2019-03-22,10,10
0001361103,2011-03-30,2012-03-09,2,2
0001361113,2015-02-19,2021-02-09,7,7
0001361248,2014-03-19,2016-03-16,3,3
0001361312,2010-03-31,2011-03-29,2,2
0001361394,2010-02-26,2017-03-31,8,8
0001361470,2014-02-21,2015-03-03,2,2
0001361538,2010-03-11,2021-02-23,12,12
0001361540,2010-04-15,2016-04-04,7,7
0001361579,2010-02-19,2010-02-19,1,1
0001361658,2010-02-19,2021-02-24,12,12
0001361709,2010-03-19,2014-02-27,5,5
0001361872,2010-03-16,2012-03-30,3,3
0001361917,2010-03-23,2011-02-23,2,2
0001361937,2010-03-16,2020-04-14,11,11
0001361955,2010-04-15,2014-05-27,5,5
0001361983,2010-03-16,2021-02-25,12,12
0001362004,2010-03-11,2021-02-26,12,12
0001362120,2010-03-31,2010-03-31,1,1
0001362180,2010-09-28,2015-10-13,6,6
0001362190,2013-04-15,2021-03-11,9,9
0001362468,2010-03-09,2021-03-01,12,12
0001362491,2010-02-12,2013-03-15,4,4
0001362502,2010-03-31,2013-06-17,4,4
0001362516,2010-01-12,2021-12-29,14,11
0001362659,2010-04-15,2010-04-15,1,1
0001362703,2010-05-05,2021-09-27,12,12
0001362705,2010-02-25,2021-03-16,12,12
0001362718,2010-09-29,2014-12-09,5,5
0001362925,2013-03-25,2017-03-09,5,5
0001362988,2010-03-05,2021-04-21,12,12
0001363254,2010-03-29,2015-04-03,6,6
0001363294,2010-03-31,2010-03-31,1,1
0001363343,2010-03-05,2019-05-14,10,9
0001363488,2010-10-15,2010-10-15,1,1
0001363573,2010-05-17,2018-03-28,9,7
0001363598,2010-05-25,2010-05-25,1,1
0001363829,2010-03-04,2021-03-01,12,12
0001363851,2010-03-05,2015-03-02,6,6
0001363890,2010-02-16,2010-02-16,1,1
0001363958,2010-03-31,2021-03-31,12,12
0001364085,2010-02-26,2010-02-26,1,1
0001364099,2010-03-08,2019-02-27,10,10
0001364100,2010-02-26,2014-03-11,5,5
0001364123,2010-12-01,2012-12-21,3,3
0001364208,2010-09-29,2012-11-14,3,3
0001364250,2010-02-26,2021-02-22,12,12
0001364326,2010-01-05,2011-01-25,2,2
0001364397,2010-03-04,2021-03-02,12,12
0001364436,2010-06-29,2010-06-29,1,1
0001364479,2010-02-26,2021-02-18,12,12
0001364541,2010-03-09,2015-03-02,6,6
0001364560,2010-04-15,2011-03-31,2,2
0001364561,2010-04-15,2010-04-15,1,1
0001364587,2010-10-07,2010-10-07,1,1
0001364652,2012-03-23,2014-03-28,3,3
0001364742,2010-03-10,2021-02-25,12,12
0001364856,2010-03-31,2016-03-11,7,7
0001364885,2010-02-26,2021-02-25,12,12
0001364896,2010-03-30,2013-04-01,4,4
0001364954,2014-03-06,2021-02-22,8,8
0001364962,2012-03-28,2018-02-23,7,7
0001365022,2010-04-14,2012-03-07,3,3
0001365038,2011-03-01,2021-02-25,11,11
0001365101,2011-03-30,2019-03-06,9,9
0001365135,2010-02-26,2021-02-19,12,12
0001365160,2010-08-20,2015-09-14,6,6
0001365216,2010-03-15,2017-03-08,8,8
0001365357,2010-03-30,2021-04-15,12,12
0001365388,2010-03-31,2021-04-14,12,12
0001365554,2010-08-13,2010-08-13,1,1
0001365555,2010-03-16,2018-03-16,9,9
0001365669,2010-04-15,2010-04-15,1,1
0001365748,2010-11-16,2015-04-15,6,6
0001365784,2010-08-13,2016-08-15,7,7
0001365790,2010-03-01,2010-03-01,1,1
0001365794,2010-03-29,2013-04-01,4,4
0001365832,2010-04-15,2012-04-16,3,3
0001365916,2011-03-14,2021-03-05,11,11
0001365983,2010-02-16,2010-02-16,1,1
0001365997,2010-03-30,2015-03-31,6,6
0001366246,2010-03-31,2021-02-26,12,12
0001366292,2010-03-01,2011-02-24,2,2
0001366312,2010-03-31,2015-04-03,6,6
0001366317,2010-07-20,2012-09-11,3,3
0001366340,2010-03-31,2020-03-04,11,11
0001366367,2010-03-05,2017-03-01,8,8
0001366391,2012-03-28,2013-03-28,2,2
0001366404,2010-02-08,2010-04-07,3,1
0001366407,2010-04-15,2015-04-10,6,6
0001366527,2019-03-08,2019-03-08,1,1
0001366541,2011-07-01,2015-03-31,6,5
0001366561,2019-04-01,2021-03-25,3,3
0001366649,2010-03-16,2014-03-31,5,5
0001366684,2012-03-29,2015-02-25,4,4
0001366744,2010-03-10,2021-03-11,12,12
0001366823,2010-04-16,2011-04-15,2,2
0001366826,2010-03-31,2011-03-24,2,2
0001366868,2010-03-12,2021-03-04,12,12
0001366925,2010-03-30,2010-03-30,1,1
0001366928,2010-03-25,2020-03-27,11,11
0001366986,2010-03-22,2012-03-09,3,3
0001367001,2010-04-15,2010-04-15,1,1
0001367064,2010-02-25,2020-02-21,11,11
0001367083,2010-06-08,2021-07-14,12,12
0001367305,2010-02-24,2010-03-08,7,1
0001367306,2010-02-24,2021-02-26,84,12
0001367311,2010-02-24,2016-03-11,7,7
0001367387,2010-09-16,2010-09-16,1,1
0001367396,2010-02-26,2013-03-21,4,4
0001367408,2010-01-25,2012-01-13,3,3
0001367416,2010-04-15,2015-04-20,6,6
0001367617,2010-09-13,2011-09-13,2,2
0001367644,2010-03-05,2021-02-19,12,12
0001367722,2010-03-11,2011-03-17,2,2
0001367777,2010-02-26,2010-02-26,1,1
0001367832,2012-03-23,2017-03-31,6,6
0001367859,2010-12-23,2021-03-08,12,12
0001367898,2010-10-12,2012-04-11,3,3
0001367920,2014-03-31,2021-02-25,8,8
0001367922,2010-03-30,2010-03-30,1,1
0001368007,2010-03-01,2013-02-26,4,4
0001368044,2010-04-15,2010-04-15,1,1
0001368055,2010-09-13,2013-09-13,4,4
0001368148,2010-03-11,2021-03-25,12,12
0001368192,2010-03-22,2010-03-22,1,1
0001368194,2010-04-13,2012-04-13,3,3
0001368195,2010-04-20,2010-04-20,1,1
0001368196,2010-03-31,2013-04-01,4,4
0001368218,2010-07-01,2012-10-05,3,3
0001368252,2010-03-31,2012-04-12,3,3
0001368256,2010-08-16,2010-08-16,1,1
0001368265,2010-03-10,2021-03-09,12,12
0001368275,2010-10-04,2020-09-28,11,11
0001368286,2010-04-15,2011-04-15,2,2
0001368294,2010-07-13,2011-07-14,2,2
0001368308,2010-03-31,2019-03-28,10,10
0001368309,2010-03-23,2011-02-23,2,2
0001368310,2010-03-23,2011-02-23,2,2
0001368365,2010-04-15,2021-03-31,12,12
0001368457,2010-11-23,2010-11-23,1,1
0001368458,2010-11-18,2021-11-22,12,12
0001368505,2010-06-29,2010-06-29,1,1
0001368506,2010-09-23,2010-09-23,1,1
0001368507,2010-09-23,2010-09-23,1,1
0001368510,2010-09-23,2011-09-27,2,2
0001368513,2010-09-23,2011-09-27,2,2
0001368514,2010-09-23,2021-03-25,11,11
0001368568,2010-03-10,2012-04-03,3,3
0001368582,2010-07-09,2010-07-09,1,1
0001368620,2010-05-20,2012-06-13,3,3
0001368622,2010-06-25,2021-06-29,12,12
0001368637,2010-03-31,2021-05-27,11,11
0001368714,2010-07-29,2012-07-30,3,3
0001368745,2010-04-15,2013-04-17,4,4
0001368757,2010-03-31,2021-03-25,12,12
0001368761,2010-04-01,2021-07-08,10,8
0001368765,2010-04-26,2012-10-12,4,3
0001368770,2011-03-28,2011-03-28,1,1
0001368775,2010-04-30,2014-04-23,5,5
0001368802,2010-02-26,2010-02-26,1,1
0001368900,2010-03-04,2013-03-07,4,4
0001368954,2010-04-02,2013-03-28,4,4
0001368961,2010-01-06,2010-06-16,2,1
0001368964,2010-04-16,2012-04-16,3,3
0001368993,2010-03-22,2016-03-25,7,7
0001369140,2010-08-16,2013-01-17,3,3
0001369141,2010-04-15,2010-04-15,1,1
0001369203,2010-04-15,2016-04-14,7,7
0001369233,2010-03-26,2011-03-21,2,2
0001369290,2018-03-12,2021-03-10,4,4
0001369444,2011-04-15,2011-04-15,1,1
0001369568,2010-03-31,2021-03-15,12,12
0001369628,2013-03-27,2016-03-28,4,4
0001369688,2010-03-26,2012-03-29,3,3
0001369748,2010-11-29,2010-11-29,1,1
0001369774,2010-03-25,2016-04-18,7,7
0001369786,2012-03-29,2016-03-07,5,5
0001369795,2015-04-17,2016-06-16,2,2
0001369817,2010-02-26,2017-02-27,8,8
0001369868,2010-03-23,2017-02-23,8,8
0001370030,2010-03-22,2016-03-30,7,7
0001370053,2017-03-08,2021-02-25,5,5
0001370291,2010-03-05,2013-03-18,4,4
0001370292,2010-09-28,2013-03-05,3,3
0001370314,2010-03-12,2010-03-12,1,1
0001370450,2010-03-30,2021-03-17,12,12
0001370489,2010-03-30,2018-04-17,9,9
0001370544,2010-04-15,2014-11-18,4,4
0001370637,2016-03-01,2021-02-26,6,6
0001370702,2017-03-02,2019-03-01,3,3
0001370754,2013-03-18,2018-02-27,6,6
0001370755,2013-03-07,2021-02-25,9,9
0001370804,2010-04-15,2018-05-18,9,9
0001370816,2010-11-15,2012-11-21,3,3
0001370823,2010-05-17,2010-05-17,1,1
0001370880,2014-03-03,2021-02-26,8,8
0001370914,2010-03-31,2012-03-22,3,3
0001370946,2010-02-17,2021-02-17,12,12
0001371011,2010-02-22,2010-02-22,1,1
0001371128,2010-03-24,2021-02-16,12,12
0001371217,2010-03-29,2021-03-11,12,12
0001371247,2010-01-11,2011-05-13,2,2
0001371285,2015-02-24,2021-02-12,7,7
0001371310,2010-07-29,2013-04-16,4,4
0001371424,2010-07-29,2017-07-27,8,8
0001371446,2010-03-16,2017-03-13,8,8
0001371451,2010-01-29,2021-01-21,12,12
0001371473,2010-03-26,2013-08-16,4,4
0001371474,2012-08-31,2013-02-28,4,2
0001371487,2010-01-26,2013-02-13,4,4
0001371489,2010-03-08,2021-03-12,12,12
0001371531,2010-02-24,2010-02-24,2,1
0001371534,2010-10-29,2015-11-12,6,6
0001371571,2010-02-24,2021-02-26,24,12
0001371781,2010-03-04,2014-03-31,5,5
0001371782,2010-03-16,2021-03-16,12,12
0001372000,2010-03-31,2013-03-29,4,4
0001372020,2010-03-09,2021-02-24,12,12
0001372041,2010-03-12,2011-03-16,2,2
0001372167,2010-08-11,2015-08-13,6,6
0001372183,2010-06-08,2021-06-08,12,12
0001372184,2011-06-21,2021-04-08,9,8
0001372267,2010-03-30,2011-03-31,2,2
0001372299,2015-03-27,2021-03-19,7,7
0001372336,2010-10-19,2015-04-10,5,5
0001372375,2013-02-20,2015-03-11,3,3
0001372414,2015-03-17,2019-03-01,5,5
0001372514,2015-03-31,2021-03-25,7,7
0001372533,2010-07-14,2011-07-18,2,2
0001372605,2012-05-22,2012-06-14,4,1
0001372612,2015-03-30,2021-03-19,7,7
0001372620,2011-03-18,2015-10-09,5,4
0001372664,2010-03-08,2012-03-15,3,3
0001372807,2010-05-28,2021-03-11,12,12
0001372813,2010-09-10,2010-09-10,1,1
0001372902,2011-07-22,2011-07-22,3,1
0001372954,2010-01-13,2021-02-12,5,4
0001373024,2010-09-14,2011-09-07,2,2
0001373079,2010-03-30,2010-03-30,1,1
0001373149,2011-03-18,2014-03-31,4,4
0001373150,2010-03-30,2012-03-27,3,3
0001373179,2010-03-31,2013-04-11,4,4
0001373206,2010-03-26,2019-03-29,10,10
0001373444,2010-11-29,2016-04-15,6,6
0001373485,2010-11-15,2015-05-19,5,5
0001373525,2010-03-31,2015-03-27,6,6
0001373561,2010-03-08,2017-03-02,8,8
0001373670,2010-03-30,2021-03-08,12,12
0001373671,2010-02-05,2010-02-05,1,1
0001373683,2010-10-06,2012-04-16,3,3
0001373690,2010-11-29,2021-12-16,12,7
0001373707,2014-03-06,2020-03-12,7,7
0001373715,2013-03-08,2021-02-12,9,9
0001373761,2010-03-30,2014-04-15,5,5
0001373792,2010-04-07,2012-06-07,3,3
0001373797,2010-04-15,2010-04-15,1,1
0001373835,2010-02-25,2017-02-24,8,8
0001373846,2010-09-28,2016-05-12,7,7
0001373853,2010-12-02,2021-04-27,4,4
0001373980,2010-03-12,2012-03-21,3,3
0001373988,2010-03-15,2015-03-31,6,6
0001374128,2015-03-19,2017-02-22,3,3
0001374135,2010-05-17,2013-05-16,4,4
0001374310,2011-03-16,2021-02-19,11,11
0001374328,2010-04-15,2021-03-26,12,12
0001374535,2010-03-09,2021-02-26,12,12
0001374536,2010-03-19,2015-04-15,6,6
0001374567,2010-10-13,2021-09-28,12,12
0001374584,2010-04-05,2012-04-24,3,3
0001374684,2018-02-22,2018-02-22,1,1
0001374690,2015-03-25,2021-03-04,7,7
0001374694,2010-03-18,2014-03-28,5,5
0001374783,2010-09-28,2015-03-03,6,6
0001374845,2010-06-25,2014-07-10,5,5
0001374881,2014-12-17,2015-12-22,3,2
0001374976,2010-04-15,2011-04-15,2,2
0001374985,2010-03-30,2016-04-14,7,7
0001374993,2010-04-02,2012-03-12,3,3
0001375063,2010-09-23,2020-01-13,10,10
0001375083,2010-06-21,2010-06-21,1,1
0001375151,2011-03-04,2021-03-01,11,11
0001375195,2010-03-31,2021-03-12,12,12
0001375200,2011-03-18,2013-03-27,3,3
0001375205,2014-03-03,2021-02-26,8,8
0001375247,2010-03-15,2013-03-15,4,4
0001375320,2010-09-07,2014-09-12,5,5
0001375348,2010-09-28,2021-09-28,12,12
0001375365,2010-09-07,2021-08-27,11,10
0001375424,2011-03-15,2012-03-27,2,2
0001375483,2010-11-12,2012-03-30,2,2
0001375494,2010-04-15,2010-04-15,1,1
0001375495,2010-05-12,2013-04-17,4,4
0001375554,2010-12-13,2014-01-13,4,4
0001375557,2010-02-26,2017-03-01,8,8
0001375576,2010-09-24,2017-09-28,8,8
0001375596,2010-03-01,2012-02-29,3,3
0001375618,2010-03-24,2019-11-13,10,10
0001375623,2010-04-16,2010-04-16,1,1
0001375685,2010-03-30,2017-05-18,8,8
0001375686,2010-03-31,2018-04-17,9,9
0001375793,2010-03-31,2021-03-31,12,12
0001375796,2014-03-28,2020-03-16,7,7
0001375814,2010-09-28,2010-09-28,1,1
0001375850,2010-07-13,2014-04-15,5,5
0001375911,2010-03-29,2011-04-15,2,2
0001376056,2010-03-31,2012-03-26,3,3
0001376067,2010-03-25,2014-03-21,5,5
0001376074,2010-04-02,2015-03-31,6,6
0001376139,2010-03-12,2021-02-23,12,12
0001376227,2010-03-01,2021-02-26,12,12
0001376228,2010-08-30,2012-08-28,3,3
0001376231,2010-04-14,2021-04-15,12,12
0001376316,2010-08-05,2016-08-25,10,6
0001376321,2010-03-31,2021-04-13,12,12
0001376339,2010-03-30,2021-03-08,11,10
0001376502,2010-04-15,2011-04-15,2,2
0001376556,2010-03-19,2011-03-30,2,2
0001376567,2010-03-03,2011-03-07,2,2
0001376610,2010-03-12,2015-03-27,6,6
0001376668,2010-04-15,2011-04-15,2,2
0001376742,2010-04-15,2010-04-15,1,1
0001376755,2010-03-05,2015-04-15,6,6
0001376793,2010-09-28,2021-10-13,12,12
0001376804,2010-09-14,2021-04-08,11,11
0001376812,2010-02-24,2013-02-22,4,4
0001376866,2010-10-15,2010-10-15,1,1
0001376912,2010-03-31,2018-03-29,9,9
0001376986,2010-11-19,2021-11-15,12,12
0001377013,2010-02-19,2016-02-12,7,7
0001377039,2010-03-18,2011-03-22,2,2
0001377040,2010-03-18,2013-04-01,4,4
0001377053,2010-02-04,2014-02-27,5,5
0001377121,2017-03-07,2021-03-10,5,5
0001377145,2010-03-11,2012-03-14,3,3
0001377149,2011-04-15,2021-04-08,11,11
0001377167,2010-01-26,2021-12-30,13,11
0001377178,2010-03-04,2021-03-02,12,12
0001377256,2010-03-30,2011-05-05,2,2
0001377318,2010-03-29,2012-03-23,3,3
0001377469,2010-03-24,2013-04-16,4,4
0001377490,2010-03-31,2012-03-30,3,3
0001377630,2010-03-09,2021-03-09,12,12
0001377720,2010-03-31,2011-04-01,2,2
0001377789,2010-09-09,2021-08-25,12,12
0001377848,2010-03-31,2020-03-17,11,11
0001377888,2010-03-31,2015-04-01,6,6
0001377889,2010-01-06,2010-01-06,1,1
0001377893,2011-01-13,2011-01-13,1,1
0001377895,2011-01-13,2011-01-13,1,1
0001377936,2010-05-28,2021-05-05,12,12
0001377940,2010-03-30,2011-10-17,2,2
0001377963,2010-09-14,2010-09-14,1,1
0001377967,2010-03-31,2012-03-26,3,3
0001378020,2010-03-15,2014-03-10,5,5
0001378076,2010-03-08,2013-04-12,4,4
0001378125,2010-10-29,2019-11-14,10,7
0001378140,2010-07-14,2021-07-19,12,12
0001378195,2010-03-31,2012-04-11,3,3
0001378270,2010-04-15,2011-03-31,2,2
0001378453,2010-02-24,2021-02-26,12,12
0001378590,2010-12-29,2021-12-20,12,12
0001378624,2010-04-15,2020-02-28,12,11
0001378625,2010-10-13,2011-10-13,2,2
0001378706,2010-03-31,2017-03-21,8,8
0001378718,2011-12-05,2019-11-26,9,9
0001378774,2010-03-17,2017-03-17,8,8
0001378846,2010-03-31,2011-03-21,2,2
0001378946,2010-03-01,2021-03-01,12,12
0001378948,2010-04-15,2013-04-15,3,3
0001378950,2010-03-15,2021-03-16,12,12
0001378992,2012-12-17,2021-11-18,10,10
0001379006,2010-10-13,2021-10-12,12,12
0001379041,2010-02-25,2021-02-23,12,12
0001379043,2010-03-30,2021-09-20,12,8
0001379075,2010-03-12,2017-03-30,8,8
0001379245,2010-04-14,2016-06-07,7,7
0001379246,2011-03-31,2014-03-27,4,4
0001379377,2010-11-16,2010-11-16,1,1
0001379378,2010-03-01,2011-03-01,2,2
0001379396,2010-09-14,2010-09-14,1,1
0001379404,2010-03-31,2021-03-31,12,12
0001379420,2010-10-13,2010-10-13,1,1
0001379527,2012-02-28,2020-02-21,9,9
0001379606,2010-03-15,2020-02-21,11,11
0001379661,2010-03-04,2021-02-18,12,12
0001379699,2010-02-12,2014-05-02,5,5
0001379714,2010-02-26,2016-02-19,7,7
0001379725,2010-01-06,2011-07-14,3,2
0001379763,2010-03-30,2016-04-14,7,7
0001379785,2010-03-10,2021-03-23,12,12
0001379810,2010-12-14,2011-12-14,2,2
0001379895,2010-02-25,2018-02-22,9,9
0001380024,2010-03-31,2011-03-31,2,2
0001380277,2010-09-28,2018-06-29,8,8
0001380393,2010-03-01,2017-02-28,8,8
0001380412,2010-04-15,2016-04-14,7,7
0001380509,2010-03-12,2019-02-28,10,10
0001380528,2010-04-15,2011-04-01,2,2
0001380706,2010-12-06,2013-08-23,3,3
0001380713,2010-11-05,2014-02-21,4,4
0001380765,2010-04-23,2010-04-23,1,1
0001380846,2014-03-03,2021-02-25,8,8
0001380856,2012-06-20,2012-12-17,4,1
0001381054,2011-01-13,2015-01-21,5,5
0001381105,2010-03-31,2019-06-03,10,10
0001381197,2010-02-26,2021-03-01,12,12
0001381240,2010-03-11,2020-06-11,11,11
0001381272,2010-01-28,2011-02-01,2,2
0001381324,2010-04-15,2013-04-17,4,4
0001381325,2010-03-05,2011-03-09,2,2
0001381341,2010-11-22,2012-04-17,3,3
0001381435,2010-04-01,2019-04-15,10,10
0001381447,2014-05-02,2016-03-22,4,3
0001381455,2010-05-03,2012-04-30,3,3
0001381531,2010-02-26,2021-03-01,12,12
0001381639,2010-07-23,2013-06-28,4,4
0001381668,2010-11-24,2021-11-24,12,12
0001381786,2010-10-13,2011-10-06,2,2
0001381790,2011-03-11,2012-03-30,2,2
0001381792,2010-10-13,2012-04-16,2,2
0001381795,2010-10-13,2011-10-06,2,2
0001381796,2010-10-13,2011-10-06,2,2
0001381798,2010-10-13,2011-10-06,2,2
0001381804,2010-10-13,2011-10-06,2,2
0001381805,2010-11-23,2011-04-15,2,2
0001381806,2010-10-13,2010-10-13,1,1
0001381807,2010-10-13,2013-03-29,4,4
0001381871,2010-04-01,2021-06-03,11,9
0001381873,2011-07-06,2012-04-16,5,2
0001382041,2010-03-26,2011-03-31,2,2
0001382056,2010-04-14,2011-04-15,2,2
0001382085,2010-07-01,2011-03-22,2,2
0001382101,2019-04-01,2021-03-18,3,3
0001382112,2010-03-24,2015-04-10,6,6
0001382134,2010-03-30,2012-04-06,3,3
0001382219,2011-02-22,2016-07-11,6,5
0001382230,2010-12-14,2021-12-14,12,12
0001382231,2010-05-28,2020-07-21,11,11
0001382413,2010-06-28,2013-06-12,4,4
0001382462,2010-02-16,2014-02-11,5,5
0001382574,2015-03-23,2021-03-29,7,7
0001382702,2011-03-31,2011-03-31,1,1
0001382787,2010-03-10,2015-03-30,6,6
0001382805,2010-02-25,2011-04-15,2,2
0001382821,2018-02-22,2021-02-24,4,4
0001382911,2010-03-11,2017-03-30,8,8
0001382943,2019-09-30,2020-10-20,2,2
0001383006,2010-12-14,2014-05-23,5,5
0001383054,2010-03-08,2021-02-26,12,12
0001383055,2010-03-08,2021-02-26,12,12
0001383056,2010-03-08,2010-03-08,1,1
0001383057,2010-03-08,2021-02-26,12,12
0001383058,2010-03-08,2021-02-26,12,12
0001383059,2010-03-08,2010-03-08,1,1
0001383060,2010-03-08,2010-03-08,1,1
0001383061,2010-03-08,2010-03-08,1,1
0001383062,2010-03-08,2021-02-26,12,12
0001383081,2010-02-24,2010-02-24,1,1
0001383082,2010-02-24,2021-02-26,12,12
0001383083,2010-03-08,2010-03-08,1,1
0001383084,2010-03-08,2021-02-26,12,12
0001383086,2010-03-08,2010-03-08,1,1
0001383088,2010-01-13,2014-01-17,6,4
0001383094,2011-03-31,2021-03-31,204,11
0001383097,2010-10-28,2018-05-01,8,8
0001383116,2010-12-21,2010-12-21,1,1
0001383145,2010-01-29,2015-01-28,6,6
0001383148,2010-02-24,2010-02-24,1,1
0001383149,2010-02-24,2021-02-26,12,12
0001383150,2010-02-24,2010-02-24,1,1
0001383151,2010-02-24,2021-02-26,12,12
0001383154,2010-04-13,2016-03-30,7,7
0001383183,2010-03-18,2017-03-03,8,8
0001383196,2010-12-14,2014-11-26,5,5
0001383312,2010-08-12,2021-08-12,12,12
0001383394,2010-03-30,2021-03-24,12,12
0001383414,2010-11-18,2021-11-17,12,12
0001383528,2010-12-29,2011-12-29,2,2
0001383529,2010-03-31,2010-03-31,1,1
0001383534,2010-12-29,2011-12-29,2,2
0001383571,2010-09-28,2015-08-27,6,6
0001383637,2010-03-31,2011-05-16,2,2
0001383650,2010-02-26,2021-02-24,12,12
0001383701,2014-03-28,2021-03-11,8,8
0001383729,2011-09-02,2013-08-28,3,3
0001383756,2010-03-16,2014-02-13,5,5
0001383803,2010-03-09,2015-03-12,6,6
0001383825,2010-12-15,2015-04-15,6,6
0001383859,2010-10-13,2015-09-28,6,6
0001383871,2013-02-26,2016-02-23,4,4
0001383875,2011-10-04,2015-11-02,5,5
0001383960,2010-03-24,2014-07-03,5,5
0001384072,2010-03-05,2019-04-15,10,10
0001384086,2010-03-31,2011-04-12,2,2
0001384101,2014-03-20,2021-02-22,8,8
0001384135,2010-03-31,2021-04-15,12,12
0001384195,2010-03-31,2021-03-16,12,12
0001384356,2010-04-15,2011-04-15,2,2
0001384365,2010-03-30,2016-04-14,7,7
0001384451,2010-09-29,2010-09-29,1,1
0001384522,2010-01-19,2011-12-02,3,2
0001384710,2010-03-31,2017-02-28,8,8
0001384731,2010-03-31,2010-03-31,1,1
0001384732,2010-03-31,2010-03-31,1,1
0001384905,2014-02-26,2021-02-26,8,8
0001384929,2010-09-13,2012-02-10,2,2
0001385157,2010-11-10,2021-11-09,12,12
0001385187,2010-11-22,2014-11-24,5,5
0001385211,2010-12-28,2012-01-13,2,2
0001385228,2014-03-25,2016-03-15,3,3
0001385280,2010-03-10,2021-02-26,12,12
0001385292,2010-03-05,2019-02-25,10,10
0001385305,2010-08-17,2012-04-16,6,3
0001385310,2011-01-13,2016-03-28,6,5
0001385329,2010-01-04,2021-07-12,11,11
0001385436,2010-03-31,2011-08-31,2,2
0001385508,2010-11-15,2021-03-04,12,12
0001385544,2010-03-16,2016-09-29,7,7
0001385596,2010-03-16,2011-03-02,2,2
0001385613,2010-02-24,2021-03-10,12,12
0001385662,2010-03-11,2021-03-02,12,12
0001385720,2010-11-18,2011-11-16,2,2
0001385799,2010-02-12,2021-01-29,12,12
0001385818,2010-11-23,2021-09-28,12,12
0001385830,2010-03-19,2012-03-28,3,3
0001385849,2016-03-15,2021-03-22,6,6
0001385867,2017-04-03,2021-03-18,5,5
0001386018,2010-04-14,2019-04-16,10,10
0001386019,2010-03-31,2011-04-01,2,2
0001386026,2018-04-09,2019-04-15,2,2
0001386041,2015-01-12,2015-07-08,2,1
0001386049,2010-04-21,2021-04-15,4,4
0001386110,2010-12-29,2012-01-19,2,2
0001386164,2010-03-31,2020-03-26,11,11
0001386198,2010-03-31,2013-03-22,4,4
0001386262,2010-06-22,2010-06-22,1,1
0001386278,2011-02-28,2021-02-26,11,11
0001386301,2010-09-28,2021-09-23,12,12
0001386355,2010-03-17,2014-03-10,5,5
0001386570,2010-03-31,2021-03-12,12,12
0001386636,2010-03-30,2010-03-30,1,1
0001386765,2010-04-14,2015-06-22,5,5
0001386858,2013-02-25,2015-03-04,3,3
0001386926,2010-03-01,2017-03-29,8,8
0001386936,2010-11-12,2016-11-15,7,5
0001387054,2010-04-06,2015-04-15,6,6
0001387061,2010-03-30,2021-03-25,12,12
0001387135,2011-03-30,2016-10-13,7,6
0001387156,2018-02-28,2019-02-28,2,2
0001387341,2010-04-02,2010-04-02,1,1
0001387361,2010-03-05,2013-03-07,4,4
0001387467,2011-09-09,2021-08-30,11,11
0001387522,2010-02-10,2012-02-14,3,3
0001387632,2010-03-29,2013-03-29,4,4
0001387637,2010-03-31,2021-03-31,12,12
0001387673,2010-04-07,2015-03-19,6,6
0001387713,2010-03-17,2018-03-29,9,9
0001387976,2010-11-15,2017-11-08,6,6
0001387998,2010-04-13,2016-12-12,7,7
0001388132,2010-02-10,2014-04-21,5,5
0001388133,2010-09-10,2017-09-08,8,8
0001388174,2010-03-26,2013-04-11,4,4
0001388180,2010-09-08,2019-04-12,9,9
0001388195,2010-02-04,2017-02-24,8,8
0001388295,2010-04-15,2014-04-15,5,5
0001388311,2010-04-15,2013-04-16,4,4
0001388319,2010-03-31,2021-07-16,12,11
0001388320,2010-03-16,2021-03-31,12,12
0001388410,2010-05-17,2020-05-18,11,10
0001388430,2010-03-15,2021-03-01,12,12
0001388486,2010-04-14,2018-04-17,9,9
0001388488,2010-03-16,2015-03-17,6,6
0001388490,2010-03-24,2012-04-16,3,3
0001388510,2010-03-16,2011-03-15,2,2
0001388658,2017-03-31,2021-02-26,5,5
0001388686,2010-03-25,2012-04-04,3,3
0001388855,2010-03-02,2012-03-29,3,3
0001388978,2010-04-14,2016-04-14,7,7
0001388982,2010-03-16,2015-03-17,6,6
0001389002,2014-02-28,2021-02-26,8,8
0001389030,2010-03-15,2013-02-28,4,4
0001389034,2010-03-31,2021-03-03,12,11
0001389050,2010-02-25,2021-02-23,12,12
0001389067,2010-05-06,2021-03-30,12,11
0001389072,2010-02-23,2016-02-26,7,7
0001389115,2010-04-15,2013-04-15,4,4
0001389122,2010-03-22,2021-03-31,12,12
0001389123,2010-03-22,2021-03-31,12,12
0001389124,2010-03-22,2021-03-31,12,12
0001389125,2010-03-22,2021-03-31,12,12
0001389126,2010-03-22,2013-04-01,4,4
0001389127,2010-03-22,2012-03-30,3,3
0001389128,2010-03-22,2021-03-31,12,12
0001389129,2010-03-22,2012-03-30,3,3
0001389170,2011-02-28,2021-02-18,11,11
0001389217,2010-04-15,2015-04-20,6,6
0001389294,2010-03-12,2015-04-14,6,6
0001389305,2010-02-16,2012-01-26,3,3
0001389405,2010-04-15,2011-04-15,2,2
0001389413,2010-08-26,2012-03-30,3,3
0001389415,2010-10-13,2016-05-05,7,7
0001389518,2010-04-14,2021-03-15,11,11
0001389545,2010-03-30,2021-03-25,12,12
0001389772,2013-04-09,2018-03-23,6,6
0001389797,2010-03-29,2012-03-28,3,3
0001389870,2010-06-25,2014-06-16,5,5
0001389871,2010-06-30,2010-06-30,2,1
0001389879,2010-04-15,2011-04-12,2,2
0001389936,2010-03-26,2020-03-31,11,11
0001390028,2011-02-22,2011-05-02,3,1
0001390072,2010-04-14,2015-04-14,6,4
0001390134,2010-11-01,2015-11-13,3,3
0001390162,2013-03-27,2021-03-16,9,9
0001390213,2010-03-26,2018-03-15,9,9
0001390292,2010-03-03,2014-11-21,5,5
0001390312,2010-03-30,2019-03-18,10,10
0001390329,2010-04-15,2011-04-21,2,2
0001390478,2010-03-31,2021-03-23,12,12
0001390533,2010-04-15,2016-03-21,7,4
0001390662,2010-10-13,2010-10-13,1,1
0001390705,2010-04-16,2017-01-20,7,7
0001390777,2010-02-26,2021-02-25,12,12
0001390778,2010-04-15,2015-04-20,6,6
0001390804,2012-03-30,2013-03-29,2,2
0001390844,2010-02-18,2020-02-21,11,11
0001390891,2010-04-15,2011-04-11,2,2
0001391117,2010-04-15,2010-04-15,1,1
0001391127,2010-03-12,2021-02-12,12,12
0001391135,2010-12-20,2021-03-31,12,11
0001391137,2010-12-23,2013-12-23,4,4
0001391142,2010-01-07,2013-07-15,4,4
0001391174,2010-03-01,2011-03-16,2,2
0001391253,2010-03-15,2011-02-28,2,2
0001391390,2010-02-25,2013-02-26,4,4
0001391407,2010-04-15,2016-04-20,7,7
0001391426,2010-03-31,2011-04-15,2,2
0001391570,2010-03-15,2011-03-24,2,2
0001391614,2010-05-14,2012-03-19,3,3
0001391636,2014-03-25,2015-03-27,2,2
0001391674,2010-04-14,2011-03-22,2,2
0001391723,2010-03-24,2010-03-24,1,1
0001391750,2010-10-13,2015-12-17,6,6
0001391798,2010-12-29,2014-04-15,5,4
0001391933,2010-03-26,2021-03-30,12,12
0001392091,2010-03-30,2021-03-10,12,12
0001392121,2010-04-13,2013-04-16,4,4
0001392363,2010-09-28,2018-12-10,9,9
0001392380,2011-03-29,2021-03-18,11,11
0001392445,2010-04-15,2010-04-15,1,1
0001392446,2010-05-14,2011-04-15,2,2
0001392448,2010-04-01,2012-04-16,3,3
0001392449,2010-03-30,2021-03-31,12,12
0001392477,2010-02-10,2015-03-27,7,5
0001392486,2010-03-18,2012-03-30,3,3
0001392488,2010-04-15,2011-03-31,2,2
0001392522,2010-02-05,2015-02-06,6,6
0001392545,2010-03-31,2021-03-30,12,12
0001392562,2010-03-25,2015-03-27,6,6
0001392573,2010-04-15,2010-04-15,1,1
0001392694,2010-07-29,2021-04-02,11,11
0001392875,2012-03-22,2013-05-15,5,2
0001392902,2013-02-12,2018-03-29,10,6
0001392922,2010-03-31,2010-03-31,1,1
0001392960,2010-03-31,2015-06-08,6,6
0001392972,2010-03-09,2021-02-12,12,12
0001393020,2016-03-25,2018-03-05,3,3
0001393044,2010-04-23,2011-04-15,2,2
0001393052,2014-03-18,2021-03-30,8,8
0001393066,2010-03-31,2021-03-01,12,12
0001393109,2010-12-09,2010-12-09,1,1
0001393283,2010-07-16,2010-07-16,1,1
0001393284,2010-09-14,2010-09-14,1,1
0001393311,2010-03-01,2021-02-24,12,12
0001393356,2010-03-30,2014-04-15,5,5
0001393359,2010-03-31,2018-03-29,9,9
0001393371,2010-03-31,2011-03-31,2,2
0001393403,2010-03-24,2014-03-24,5,5
0001393434,2015-03-20,2021-03-11,7,7
0001393463,2011-03-31,2014-04-15,4,4
0001393526,2010-03-30,2010-03-30,1,1
0001393540,2010-04-15,2021-03-31,12,12
0001393548,2010-12-14,2017-08-31,2,2
0001393584,2021-03-26,2021-03-26,1,1
0001393612,2010-01-28,2021-02-17,12,12
0001393614,2010-02-16,2010-02-16,1,1
0001393631,2010-03-12,2014-09-10,5,5
0001393726,2010-03-16,2021-03-11,12,12
0001393744,2010-03-01,2014-03-31,5,5
0001393772,2010-03-31,2021-03-31,6,6
0001393781,2021-03-29,2021-03-29,1,1
0001393818,2010-02-26,2021-02-26,12,12
0001393883,2010-02-10,2021-02-10,12,12
0001393909,2010-11-30,2013-12-13,4,4
0001393935,2010-04-19,2015-03-31,6,6
0001394056,2018-03-21,2021-03-25,4,4
0001394069,2010-04-01,2013-03-29,4,4
0001394074,2010-03-11,2018-02-16,9,9
0001394108,2010-03-31,2021-03-30,12,12
0001394120,2010-02-23,2011-04-15,2,2
0001394130,2010-12-23,2015-12-14,6,5
0001394156,2010-03-26,2019-04-04,10,10
0001394159,2010-03-03,2015-03-09,6,6
0001394220,2010-03-31,2010-03-31,1,1
0001394319,2015-03-11,2021-02-25,7,7
0001394446,2010-03-31,2013-04-16,4,4
0001394638,2010-01-15,2020-12-30,12,9
0001394660,2010-03-31,2010-03-31,1,1
0001394778,2010-04-14,2010-04-14,1,1
0001394779,2010-05-05,2011-05-31,2,2
0001394780,2010-04-15,2010-04-15,1,1
0001394872,2010-04-15,2017-03-31,8,8
0001394922,2010-03-29,2019-03-18,10,10
0001394954,2010-06-04,2014-03-11,5,5
0001395005,2010-03-31,2010-03-31,1,1
0001395205,2010-06-01,2012-06-13,3,3
0001395317,2010-03-05,2018-03-16,9,9
0001395400,2010-08-13,2016-07-25,7,7
0001395445,2014-11-12,2015-12-18,2,2
0001395585,2010-04-15,2021-03-11,12,12
0001395695,2010-10-13,2010-10-13,1,1
0001395848,2016-03-30,2020-03-16,5,5
0001395864,2010-03-12,2016-04-14,7,7
0001395937,2017-03-14,2021-03-12,5,5
0001395942,2010-02-25,2021-02-18,12,12
0001396009,2010-02-26,2021-02-25,12,12
0001396033,2010-02-18,2021-03-02,12,12
0001396054,2010-03-31,2019-03-28,10,10
0001396118,2010-03-31,2015-04-08,6,6
0001396238,2010-03-31,2016-03-30,7,7
0001396279,2010-05-27,2016-05-19,7,7
0001396302,2010-02-25,2010-02-25,1,1
0001396334,2010-07-14,2011-07-14,2,2
0001396348,2010-04-15,2010-04-15,1,1
0001396426,2010-02-25,2012-04-13,3,3
0001396427,2010-02-25,2012-04-13,3,3
0001396440,2010-03-10,2021-02-26,12,12
0001396446,2010-02-10,2018-02-15,9,9
0001396536,2010-03-29,2021-03-30,12,12
0001396549,2010-03-30,2021-03-29,12,12
0001396633,2010-03-31,2020-03-27,11,11
0001396669,2010-03-31,2011-03-31,2,2
0001396709,2010-03-31,2011-03-31,2,2
0001396710,2010-03-31,2011-03-31,2,2
0001396730,2010-03-31,2021-03-25,11,11
0001396814,2011-03-31,2021-03-01,11,11
0001396838,2010-03-08,2013-03-08,4,4
0001396877,2010-03-30,2019-03-26,10,10
0001396878,2010-03-16,2021-02-26,12,12
0001396882,2010-03-31,2011-03-31,2,2
0001396883,2010-03-31,2011-03-31,2,2
0001396884,2010-03-31,2011-03-31,2,2
0001396885,2010-03-31,2011-03-31,2,2
0001396886,2010-03-31,2011-03-31,2,2
0001396887,2010-03-31,2011-03-31,2,2
0001396888,2010-03-31,2011-03-31,2,2
0001396889,2010-03-31,2011-03-31,2,2
0001396891,2010-03-31,2011-03-31,2,2
0001396892,2010-03-31,2011-03-31,2,2
0001396893,2010-03-31,2011-03-31,2,2
0001396894,2010-03-31,2011-03-31,2,2
0001396896,2010-03-31,2011-03-31,2,2
0001396897,2010-03-31,2011-03-31,2,2
0001396898,2010-03-31,2011-03-31,2,2
0001396899,2010-03-31,2011-03-31,2,2
0001396900,2010-03-31,2011-03-31,2,2
0001397016,2010-01-11,2021-12-20,13,12
0001397047,2010-04-15,2021-03-09,12,12
0001397183,2010-04-15,2016-06-10,7,7
0001397187,2010-03-25,2021-03-30,12,12
0001397246,2010-03-31,2011-03-31,2,2
0001397247,2010-03-31,2011-03-31,2,2
0001397292,2010-03-31,2011-03-31,2,2
0001397293,2010-03-31,2011-03-31,2,2
0001397294,2010-03-31,2011-03-31,2,2
0001397295,2010-03-31,2011-03-31,2,2
0001397346,2010-04-27,2010-04-27,1,1
0001397403,2010-04-15,2020-03-30,11,11
0001397410,2010-02-26,2014-02-21,5,5
0001397516,2010-03-03,2018-04-13,9,9
0001397531,2010-03-31,2011-03-31,2,2
0001397532,2010-03-31,2011-03-31,2,2
0001397533,2010-03-12,2011-03-14,2,2
0001397645,2010-01-29,2011-05-10,3,2
0001397702,2020-03-02,2021-03-01,2,2
0001397771,2010-03-26,2013-03-29,4,4
0001397772,2010-03-31,2012-04-06,3,3
0001397773,2010-03-31,2011-03-31,2,2
0001397774,2010-03-31,2011-03-31,2,2
0001397795,2010-08-13,2020-07-21,4,4
0001397807,2010-03-01,2014-02-21,5,5
0001397821,2010-02-25,2013-02-25,4,4
0001397832,2010-03-31,2012-03-30,3,3
0001397867,2011-03-29,2011-03-29,1,1
0001397911,2010-03-09,2021-02-23,12,12
0001397919,2010-01-29,2011-10-13,2,2
0001397951,2010-02-10,2015-04-13,6,5
0001397958,2010-03-31,2011-03-31,2,2
0001397966,2010-03-26,2012-03-30,3,3
0001398004,2010-04-14,2013-04-11,4,4
0001398005,2010-03-30,2014-03-26,5,5
0001398006,2010-03-31,2013-03-25,4,4
0001398026,2010-03-22,2011-03-25,2,2
0001398137,2010-03-22,2021-04-13,12,12
0001398235,2012-03-15,2012-03-15,1,1
0001398427,2010-10-12,2011-11-21,2,2
0001398488,2010-04-14,2011-04-18,2,2
0001398522,2010-05-04,2011-05-02,2,2
0001398529,2010-06-15,2019-05-13,10,10
0001398551,2010-03-15,2014-03-17,5,5
0001398604,2010-05-27,2011-04-15,2,2
0001398633,2010-08-16,2010-08-16,1,1
0001398659,2010-02-23,2021-03-01,12,12
0001398664,2010-02-25,2011-03-01,2,2
0001398667,2010-04-16,2010-04-16,1,1
0001398702,2010-03-29,2016-03-28,7,7
0001398733,2019-03-14,2021-03-09,3,3
0001398740,2010-03-31,2011-03-31,2,2
0001398741,2010-03-31,2011-03-31,2,2
0001398797,2010-09-27,2016-09-16,7,7
0001398805,2010-04-12,2021-03-30,12,12
0001398987,2012-03-02,2021-02-23,10,10
0001399067,2010-03-31,2010-03-31,1,1
0001399095,2010-11-29,2014-12-15,5,5
0001399113,2010-04-15,2010-04-15,1,1
0001399249,2010-03-12,2021-03-10,12,12
0001399306,2010-07-14,2021-03-31,12,12
0001399315,2010-03-01,2011-03-01,2,2
0001399352,2010-04-01,2021-04-15,12,12
0001399356,2010-03-31,2013-04-15,4,4
0001399406,2010-03-31,2016-03-18,7,7
0001399480,2010-05-14,2012-06-29,3,3
0001399488,2010-04-01,2017-10-13,7,7
0001399520,2010-04-14,2021-03-19,12,12
0001399521,2010-03-31,2014-03-17,5,5
0001399529,2014-03-27,2021-02-26,8,8
0001399541,2010-03-30,2016-04-14,7,7
0001399542,2010-03-30,2016-04-14,7,7
0001399587,2010-03-16,2016-03-22,7,7
0001399761,2010-03-29,2012-04-05,3,3
0001399855,2010-08-18,2019-09-19,10,10
0001399935,2012-03-21,2020-05-01,9,9
0001400000,2010-12-21,2015-09-15,6,6
0001400400,2010-04-23,2011-04-21,2,2
0001400431,2011-12-19,2014-01-10,3,3
0001400482,2014-03-28,2017-03-15,4,4
0001400683,2010-09-24,2019-04-30,10,9
0001400728,2010-07-29,2014-08-13,5,5
0001400732,2010-02-11,2012-12-13,4,3
0001400810,2010-03-30,2021-03-12,12,12
0001400848,2010-03-22,2012-03-27,3,3
0001400876,2010-05-05,2010-05-05,1,1
0001400891,2010-03-16,2021-02-25,12,12
0001401040,2019-03-19,2021-03-10,3,3
0001401106,2010-05-28,2011-05-20,2,2
0001401257,2013-03-05,2021-03-02,9,9
0001401273,2010-04-15,2010-04-15,1,1
0001401284,2010-03-30,2012-03-09,3,3
0001401306,2010-09-28,2011-09-28,2,2
0001401371,2010-04-13,2014-04-15,3,3
0001401434,2010-03-31,2011-03-31,2,2
0001401475,2010-10-08,2011-09-14,2,2
0001401521,2010-03-25,2021-03-09,12,12
0001401564,2010-03-11,2021-03-12,12,12
0001401573,2010-03-19,2012-03-30,3,3
0001401667,2010-03-30,2021-03-01,12,12
0001401670,2010-07-29,2014-07-25,5,5
0001401671,2010-06-15,2010-06-15,1,1
0001401680,2012-03-06,2021-02-22,10,10
0001401688,2010-03-30,2014-03-04,5,5
0001401700,2010-03-16,2012-03-15,3,3
0001401708,2014-03-27,2021-03-01,8,8
0001401835,2010-08-16,2021-08-04,12,12
0001401859,2010-09-13,2015-06-15,6,6
0001401914,2015-03-19,2021-03-30,7,7
0001401923,2010-03-05,2012-03-30,3,3
0001401983,2010-08-12,2011-03-23,2,2
0001402057,2011-03-04,2021-02-26,11,11
0001402062,2010-07-14,2015-06-30,6,6
0001402159,2010-03-30,2011-04-14,2,2
0001402186,2010-04-15,2011-04-15,2,2
0001402212,2010-03-31,2010-03-31,1,1
0001402273,2010-05-28,2010-05-28,1,1
0001402281,2010-03-02,2018-03-16,9,9
0001402305,2010-02-26,2012-03-16,3,3
0001402328,2010-03-30,2021-03-30,12,12
0001402357,2010-06-30,2012-07-16,3,3
0001402364,2010-04-15,2010-04-15,1,1
0001402366,2012-08-20,2014-08-20,3,3
0001402371,2010-04-15,2018-04-13,9,9
0001402394,2010-09-20,2010-09-20,1,1
0001402436,2011-03-11,2021-02-25,11,11
0001402453,2010-10-13,2019-04-15,10,10
0001402457,2010-12-27,2012-01-25,3,3
0001402478,2010-03-26,2011-03-23,2,2
0001402479,2010-03-30,2021-03-31,12,12
0001402486,2010-06-28,2015-07-01,6,6
0001402536,2011-05-06,2015-04-14,4,4
0001402737,2010-03-31,2019-05-16,10,10
0001402747,2016-06-14,2018-07-16,3,3
0001402785,2010-03-12,2017-03-31,8,8
0001402829,2010-03-09,2021-03-02,12,12
0001402857,2010-03-31,2011-04-14,2,2
0001402945,2010-08-30,2012-04-16,3,3
0001403008,2010-04-15,2012-03-30,3,3
0001403081,2010-08-16,2012-03-27,2,2
0001403085,2010-03-16,2017-10-18,8,8
0001403161,2010-11-19,2021-11-18,12,12
0001403231,2010-07-14,2012-07-16,3,3
0001403243,2010-07-19,2010-07-19,1,1
0001403256,2010-03-04,2021-02-23,12,12
0001403385,2010-03-09,2015-02-26,6,6
0001403431,2010-03-05,2021-03-02,12,12
0001403433,2010-08-30,2015-10-13,6,6
0001403475,2010-03-15,2021-03-15,12,12
0001403528,2013-03-14,2021-02-26,9,9
0001403548,2010-03-09,2011-03-17,2,2
0001403568,2010-03-31,2021-03-26,12,12
0001403570,2011-02-14,2021-03-23,10,8
0001403602,2010-05-17,2010-05-17,1,1
0001403612,2010-09-14,2010-09-14,1,1
0001403674,2010-08-31,2020-11-06,6,4
0001403676,2010-09-28,2019-03-28,10,10
0001403708,2014-03-25,2021-03-11,8,8
0001403720,2010-03-30,2012-03-21,3,3
0001403739,2010-10-13,2013-04-24,3,2
0001403752,2018-03-14,2021-02-24,4,4
0001403788,2010-01-21,2011-02-23,2,2
0001403792,2010-01-21,2016-07-22,7,6
0001403794,2010-03-31,2011-03-04,2,2
0001403795,2010-03-24,2010-03-24,1,1
0001403802,2010-03-25,2018-04-17,9,9
0001403853,2010-03-11,2021-03-16,12,12
0001403915,2010-03-30,2010-03-30,1,1
0001403930,2010-08-13,2010-08-13,1,1
0001404079,2011-09-13,2019-10-15,9,9
0001404123,2020-03-27,2021-03-17,2,2
0001404212,2010-05-11,2013-04-16,4,4
0001404280,2010-04-15,2014-04-15,5,5
0001404281,2015-03-26,2021-03-31,7,7
0001404296,2010-08-03,2018-03-16,9,9
0001404306,2010-03-05,2013-03-08,4,4
0001404433,2010-03-31,2011-03-16,2,2
0001404526,2010-10-14,2011-10-12,2,2
0001404592,2010-03-19,2015-03-30,6,6
0001404593,2010-04-12,2012-04-16,3,3
0001404624,2012-03-01,2019-04-15,8,8
0001404636,2012-03-15,2014-03-24,3,3
0001404644,2015-03-16,2021-03-25,7,7
0001404655,2015-03-05,2021-02-16,7,7
0001404804,2011-03-22,2021-04-01,11,11
0001404912,2011-03-07,2021-02-19,11,11
0001404935,2010-11-02,2020-11-04,6,6
0001404943,2010-06-14,2018-05-29,9,9
0001404973,2017-02-22,2018-03-21,2,2
0001405041,2010-03-08,2019-03-27,10,10
0001405049,2010-03-12,2014-03-13,5,5
0001405073,2010-03-12,2019-03-18,10,10
0001405197,2010-02-23,2011-02-23,2,2
0001405198,2010-03-26,2018-03-30,9,9
0001405227,2010-07-14,2018-03-05,6,6
0001405249,2010-04-01,2016-04-14,7,7
0001405252,2010-10-20,2010-10-20,1,1
0001405260,2010-12-20,2014-01-23,5,4
0001405277,2010-03-10,2015-02-25,6,6
0001405286,2010-06-17,2012-07-16,3,3
0001405287,2010-03-10,2013-02-26,4,4
0001405332,2014-03-28,2021-03-26,26,8
0001405350,2010-04-15,2011-03-31,2,2
0001405419,2010-04-15,2010-04-15,1,1
0001405424,2010-03-29,2014-04-15,5,5
0001405495,2010-02-26,2021-02-18,12,12
0001405513,2010-03-30,2021-03-05,12,12
0001405528,2010-03-16,2021-02-26,12,12
0001405621,2010-04-14,2016-05-31,7,7
0001405646,2010-03-10,2012-03-29,3,3
0001405660,2010-01-12,2020-01-14,11,10
0001405663,2015-07-28,2021-08-11,7,7
0001405686,2010-03-24,2015-03-31,6,6
0001405858,2010-08-16,2018-04-03,9,9
0001405917,2010-03-31,2012-04-12,3,3
0001406243,2010-09-28,2014-11-04,5,5
0001406251,2010-02-08,2012-03-14,3,3
0001406568,2010-03-03,2012-04-13,3,3
0001406574,2010-03-31,2012-03-30,3,3
0001406578,2010-02-16,2012-01-26,3,3
0001406579,2010-02-16,2012-01-26,3,3
0001406587,2010-03-03,2021-11-18,13,12
0001406588,2010-12-14,2021-09-27,8,4
0001406666,2011-02-24,2021-02-22,11,11
0001406796,2011-03-28,2012-03-30,2,2
0001406979,2010-03-31,2013-04-02,4,4
0001406980,2010-03-31,2013-04-02,4,4
0001407038,2011-03-17,2016-04-04,6,6
0001407041,2010-03-24,2017-03-31,8,8
0001407067,2015-03-11,2020-03-16,6,6
0001407161,2010-03-31,2013-03-06,4,4
0001407190,2014-04-16,2016-04-06,3,3
0001407200,2010-02-26,2021-03-23,12,12
0001407268,2010-08-30,2015-04-15,6,6
0001407313,2010-03-24,2010-03-24,1,1
0001407343,2010-03-16,2014-03-06,5,5
0001407412,2010-09-28,2010-09-28,1,1
0001407450,2011-03-11,2012-03-09,2,2
0001407463,2010-03-01,2013-03-14,4,4
0001407539,2010-02-25,2010-02-25,1,1
0001407573,2021-03-16,2021-03-16,1,1
0001407583,2010-10-13,2021-04-01,12,12
0001407591,2010-04-26,2010-04-26,1,1
0001407623,2010-03-12,2021-02-24,12,12
0001407703,2010-02-19,2018-02-20,9,9
0001407704,2010-07-19,2021-06-07,12,11
0001407739,2010-02-26,2017-02-23,8,8
0001407805,2010-03-31,2018-03-29,9,9
0001407878,2010-04-15,2021-03-29,12,12
0001407882,2010-08-13,2013-10-15,4,4
0001408057,2010-10-13,2021-04-15,8,8
0001408075,2010-02-23,2021-02-16,12,12
0001408095,2010-04-15,2010-04-15,1,1
0001408100,2010-03-17,2021-02-26,12,12
0001408146,2012-02-14,2021-03-01,10,10
0001408198,2010-01-29,2021-02-12,12,12
0001408276,2012-10-15,2013-10-15,2,2
0001408278,2012-03-30,2021-03-31,10,10
0001408287,2010-11-08,2014-11-12,5,5
0001408299,2010-04-15,2017-05-19,8,8
0001408300,2010-04-12,2014-04-14,5,5
0001408351,2010-04-01,2019-06-24,8,8
0001408356,2013-03-27,2017-03-01,5,5
0001408443,2020-03-06,2021-03-29,2,2
0001408501,2010-06-14,2010-06-14,1,1
0001408534,2010-03-31,2021-03-16,12,12
0001408597,2011-04-15,2012-04-16,2,2
0001408710,2010-09-08,2021-08-17,12,12
0001408950,2010-12-07,2012-11-14,3,3
0001408956,2010-07-14,2015-07-06,6,6
0001409012,2010-03-12,2010-03-12,1,1
0001409014,2010-04-09,2016-04-12,7,7
0001409171,2010-04-15,2021-03-31,12,12
0001409175,2010-10-29,2021-10-26,12,11
0001409197,2010-09-28,2021-12-13,12,12
0001409253,2012-01-12,2018-04-19,7,7
0001409269,2018-03-05,2021-03-29,4,4
0001409375,2010-06-14,2021-06-01,12,12
0001409430,2010-08-12,2013-08-06,4,4
0001409431,2010-09-03,2020-05-14,11,11
0001409432,2010-09-14,2016-11-18,6,6
0001409446,2010-10-13,2021-07-29,6,6
0001409475,2010-10-13,2010-10-13,1,1
0001409477,2010-03-31,2013-02-27,3,2
0001409493,2010-02-26,2021-02-18,12,11
0001409565,2010-09-28,2014-10-14,5,5
0001409624,2010-10-29,2014-11-12,5,5
0001409775,2014-03-28,2021-02-25,8,8
0001409834,2010-03-31,2014-03-31,5,5
0001409885,2010-10-13,2019-09-12,8,8
0001409916,2015-04-02,2018-03-12,4,4
0001409941,2010-04-08,2010-04-08,1,1
0001409947,2010-03-23,2021-03-02,12,12
0001409970,2010-06-29,2021-03-11,12,12
0001409986,2011-04-18,2015-03-16,6,5
0001409999,2010-03-30,2021-04-15,12,12
0001410012,2012-08-13,2012-08-13,1,1
0001410056,2010-03-31,2015-04-15,6,6
0001410064,2010-03-30,2010-03-30,1,1
0001410087,2010-03-31,2012-03-28,3,3
0001410098,2011-03-11,2021-03-30,11,11
0001410132,2010-03-31,2011-04-15,2,2
0001410172,2010-03-01,2021-03-23,12,12
0001410187,2010-04-08,2021-04-14,12,5
0001410240,2010-03-16,2012-03-15,3,3
0001410253,2010-11-15,2015-10-30,6,6
0001410307,2010-05-17,2010-05-17,1,1
0001410384,2015-02-12,2021-02-19,7,7
0001410402,2010-04-14,2015-02-24,6,6
0001410428,2011-03-31,2021-03-31,11,11
0001410471,2010-02-22,2015-02-23,6,6
0001410567,2010-03-30,2015-03-25,6,6
0001410636,2010-03-01,2021-02-24,12,12
0001410637,2010-03-26,2010-03-26,1,1
0001410690,2011-04-14,2011-04-14,1,1
0001410703,2010-03-16,2011-03-15,2,2
0001410708,2010-11-15,2015-11-12,6,6
0001410711,2010-03-31,2015-03-30,6,6
0001410725,2010-03-31,2011-04-15,2,2
0001410738,2017-01-11,2021-12-15,6,5
0001410838,2010-02-26,2014-02-19,5,5
0001410939,2014-03-11,2021-03-04,8,8
0001410997,2010-03-18,2012-02-16,3,3
0001411009,2011-10-12,2016-11-15,7,6
0001411036,2010-03-30,2019-04-01,10,10
0001411057,2010-08-30,2011-09-22,2,2
0001411058,2010-07-29,2013-07-19,4,3
0001411059,2010-03-23,2021-03-12,12,12
0001411085,2010-11-22,2010-11-22,1,1
0001411096,2010-11-15,2010-11-15,1,1
0001411158,2011-03-29,2016-02-29,6,6
0001411164,2010-04-15,2011-04-15,2,2
0001411168,2010-02-10,2021-02-04,12,12
0001411179,2010-11-29,2015-04-06,5,4
0001411207,2013-02-28,2021-02-18,9,9
0001411303,2010-03-16,2016-03-15,7,7
0001411308,2010-10-12,2011-09-28,2,2
0001411342,2011-03-16,2021-03-16,11,11
0001411460,2010-02-10,2010-02-10,1,1
0001411488,2014-03-17,2018-02-28,5,5
0001411494,2012-03-09,2021-02-19,10,10
0001411574,2014-03-24,2017-02-21,4,4
0001411579,2014-03-04,2021-03-12,8,8
0001411583,2010-02-23,2010-02-23,1,1
0001411586,2010-11-18,2010-11-18,1,1
0001411643,2010-04-02,2016-03-30,7,7
0001411658,2010-04-15,2012-04-16,3,3
0001411685,2010-03-17,2021-06-29,12,12
0001411688,2014-05-28,2021-06-03,8,8
0001411690,2019-03-14,2021-03-23,3,3
0001411730,2010-11-03,2015-04-21,6,6
0001411846,2010-10-15,2011-10-06,2,2
0001411861,2010-03-10,2013-02-28,4,4
0001411879,2010-05-05,2019-04-01,10,10
0001411906,2010-03-16,2021-03-03,12,12
0001411974,2010-03-16,2014-03-17,5,5
0001412043,2015-03-13,2016-03-07,2,2
0001412067,2010-05-06,2018-03-08,9,9
0001412068,2010-03-31,2015-05-14,6,5
0001412090,2010-03-10,2012-04-20,3,3
0001412095,2010-01-22,2010-01-22,1,1
0001412100,2010-03-16,2021-03-15,12,12
0001412109,2010-07-29,2014-09-11,5,5
0001412126,2010-04-07,2021-04-14,12,11
0001412130,2010-07-29,2011-08-16,2,2
0001412212,2010-04-13,2012-03-19,3,3
0001412232,2015-03-04,2017-02-24,3,3
0001412270,2014-03-06,2019-03-07,6,6
0001412299,2010-11-15,2010-11-15,1,1
0001412347,2011-03-18,2019-03-18,9,9
0001412408,2020-04-23,2021-03-31,2,2
0001412486,2010-04-15,2021-03-17,12,12
0001412502,2012-03-30,2021-03-31,10,10
0001412659,2010-01-07,2021-01-13,12,12
0001412665,2010-03-08,2021-03-11,12,12
0001412707,2019-03-22,2021-03-12,3,3
0001413119,2010-04-15,2021-03-12,12,12
0001413178,2010-10-14,2010-10-14,1,1
0001413181,2010-04-05,2010-04-05,1,1
0001413263,2010-04-12,2021-06-29,13,12
0001413299,2010-03-29,2014-04-08,5,5
0001413329,2010-02-26,2021-02-09,12,12
0001413437,2010-04-15,2010-04-15,1,1
0001413440,2010-12-14,2014-03-17,4,4
0001413447,2020-02-27,2021-02-25,2,2
0001413488,2010-11-08,2021-12-14,12,9
0001413507,2010-11-24,2019-02-20,10,10
0001413547,2010-07-14,2017-07-14,8,8
0001413579,2010-04-15,2010-04-15,1,1
0001413581,2010-04-15,2010-04-15,1,1
0001413659,2012-05-24,2014-11-13,5,2
0001413754,2010-07-19,2021-04-15,8,8
0001413797,2012-03-30,2015-03-31,4,4
0001413837,2014-03-25,2021-02-26,8,8
0001413862,2010-10-14,2014-05-19,5,5
0001413891,2010-09-14,2021-04-01,12,12
0001413898,2010-04-15,2021-03-11,12,12
0001413909,2010-12-23,2021-03-05,11,11
0001413990,2010-09-13,2016-09-28,7,7
0001413993,2010-03-31,2012-04-16,3,3
0001414030,2010-04-15,2014-04-15,5,5
0001414043,2010-03-16,2021-04-28,12,12
0001414078,2012-02-22,2015-02-18,4,4
0001414295,2010-10-14,2015-10-22,6,6
0001414374,2017-03-21,2017-03-21,1,1
0001414382,2010-09-23,2021-10-29,12,12
0001414475,2010-03-11,2021-02-26,12,12
0001414490,2010-03-31,2010-03-31,1,1
0001414581,2010-03-26,2015-03-27,6,6
0001414628,2010-02-19,2017-07-06,9,8
0001414767,2014-08-18,2021-08-31,8,6
0001414792,2010-03-31,2011-07-22,2,2
0001414932,2010-12-02,2021-11-16,12,12
0001414937,2010-03-19,2010-03-19,1,1
0001414953,2010-01-12,2021-02-22,12,11
0001414964,2010-03-29,2018-03-23,9,9
0001415020,2010-02-25,2016-02-24,7,7
0001415022,2010-03-30,2013-03-14,4,4
0001415277,2010-02-18,2014-02-10,5,5
0001415286,2010-12-17,2014-11-24,5,5
0001415301,2013-02-26,2019-03-11,7,7
0001415305,2010-11-19,2013-11-13,4,4
0001415306,2010-04-16,2017-08-18,5,3
0001415311,2010-03-01,2021-02-19,12,12
0001415332,2010-04-15,2021-03-16,12,12
0001415336,2012-03-15,2017-03-01,6,6
0001415397,2010-04-19,2010-04-19,1,1
0001415404,2010-03-01,2021-02-23,12,12
0001415432,2010-11-15,2013-11-13,4,4
0001415543,2010-10-06,2013-04-10,2,2
0001415592,2010-07-15,2010-07-15,1,1
0001415598,2011-04-14,2011-04-14,1,1
0001415599,2010-12-23,2010-12-23,1,1
0001415603,2010-01-13,2012-01-13,3,3
0001415624,2014-03-27,2017-03-10,4,4
0001415684,2011-04-01,2021-03-29,10,10
0001415734,2010-04-14,2011-03-09,2,2
0001415736,2010-03-30,2011-05-03,2,2
0001415744,2010-10-29,2021-10-29,12,10
0001415751,2010-11-15,2013-11-05,4,4
0001415813,2010-01-12,2011-01-24,2,2
0001415917,2010-12-29,2015-01-07,5,5
0001415935,2010-01-13,2012-02-08,3,3
0001415936,2011-02-11,2012-05-15,3,2
0001415952,2010-12-13,2019-05-20,3,3
0001415998,2010-04-15,2015-04-15,6,6
0001416083,2010-09-17,2013-09-10,4,4
0001416090,2010-11-12,2021-04-15,12,12
0001416172,2017-03-29,2018-04-05,2,2
0001416183,2010-07-14,2015-09-28,6,5
0001416265,2010-03-31,2021-03-15,12,12
0001416299,2010-11-16,2011-11-14,2,2
0001416682,2010-03-01,2011-09-28,3,2
0001416697,2010-03-30,2021-05-14,11,11
0001416712,2010-04-15,2011-04-19,2,2
0001416729,2010-04-07,2014-01-15,4,4
0001416792,2014-03-19,2016-02-25,3,3
0001416876,2010-03-15,2018-04-02,9,9
0001416995,2011-03-11,2012-03-08,2,2
0001417003,2010-03-15,2015-03-20,6,6
0001417028,2010-04-14,2018-04-13,9,9
0001417172,2010-07-14,2017-01-27,7,7
0001417192,2010-01-11,2011-03-03,3,2
0001417398,2010-11-23,2021-11-17,12,12
0001417425,2010-03-31,2012-04-16,3,3
0001417451,2010-03-31,2012-04-13,3,3
0001417624,2010-03-31,2012-04-16,3,3
0001417663,2010-03-31,2021-10-21,12,12
0001417664,2011-01-13,2021-03-31,12,10
0001417900,2011-01-05,2013-01-17,3,3
0001417907,2010-09-23,2012-04-16,2,2
0001417926,2010-04-06,2021-03-30,8,7
0001418065,2010-05-07,2014-04-14,3,3
0001418076,2010-03-04,2021-02-24,12,12
0001418091,2014-03-06,2021-02-17,8,8
0001418100,2018-12-21,2021-11-22,4,4
0001418115,2011-01-13,2021-01-20,7,6
0001418121,2010-03-05,2021-02-23,12,12
0001418133,2010-03-31,2017-04-13,8,8
0001418134,2010-03-30,2013-04-01,4,4
0001418135,2010-03-01,2021-02-25,12,12
0001418175,2011-02-24,2017-02-23,7,7
0001418196,2010-01-04,2012-11-13,4,3
0001418243,2010-03-31,2011-03-30,2,2
0001418255,2010-03-16,2010-03-16,1,1
0001418302,2011-03-09,2021-03-31,11,11
0001418372,2010-04-15,2021-12-23,11,11
0001418452,2011-08-15,2014-07-25,4,4
0001418475,2012-10-23,2012-10-23,1,1
0001418489,2010-03-18,2012-03-29,3,3
0001418506,2010-04-15,2014-04-15,5,5
0001418696,2010-03-15,2010-03-15,1,1
0001418730,2010-03-17,2010-04-02,2,1
0001418780,2011-04-14,2019-04-12,9,8
0001418819,2010-03-16,2021-02-11,12,12
0001418826,2010-09-28,2012-10-01,3,3
0001418862,2012-03-27,2014-03-17,3,3
0001418919,2010-03-29,2011-03-31,2,2
0001418968,2010-03-15,2011-02-14,2,2
0001419041,2018-03-09,2021-03-16,4,4
0001419051,2010-04-15,2021-04-09,12,10
0001419067,2010-03-31,2013-04-02,4,4
0001419069,2010-03-31,2013-04-02,4,4
0001419073,2010-03-31,2013-04-02,4,4
0001419122,2010-07-22,2015-01-12,6,5
0001419177,2011-01-28,2012-02-29,2,2
0001419178,2010-03-05,2013-03-04,4,4
0001419242,2011-03-18,2021-03-04,11,11
0001419247,2012-05-29,2014-04-18,6,2
0001419260,2010-01-06,2010-09-02,2,1
0001419275,2010-04-16,2021-03-30,12,12
0001419428,2010-03-16,2015-03-06,6,6
0001419482,2010-04-15,2014-04-15,5,5
0001419521,2010-02-19,2016-02-24,7,7
0001419536,2019-04-01,2021-03-15,3,3
0001419552,2010-01-29,2016-01-28,7,7
0001419553,2010-01-29,2016-01-28,7,7
0001419554,2010-01-29,2021-04-15,12,12
0001419556,2010-01-29,2018-01-31,9,9
0001419559,2010-04-09,2015-04-15,6,6
0001419560,2010-01-29,2016-01-28,7,7
0001419577,2010-06-16,2013-04-16,5,4
0001419581,2010-02-23,2017-02-22,8,8
0001419582,2010-01-13,2018-04-17,9,8
0001419583,2010-03-24,2017-04-17,8,8
0001419600,2014-03-28,2021-03-10,8,8
0001419612,2015-08-20,2021-02-19,7,7
0001419625,2017-02-17,2018-02-21,2,2
0001419681,2010-03-30,2010-03-30,1,1
0001419793,2010-03-31,2021-05-21,12,12
0001419806,2011-09-28,2021-03-26,11,11
0001419836,2010-09-28,2011-09-19,2,2
0001419852,2012-04-20,2016-04-04,5,5
0001419886,2010-04-14,2012-04-13,3,3
0001419951,2010-04-16,2021-03-31,12,12
0001419982,2010-02-17,2010-12-17,2,1
0001419983,2010-02-17,2010-12-17,2,1
0001419984,2010-12-28,2013-12-30,4,4
0001419985,2010-12-28,2013-12-30,4,4
0001419995,2010-02-01,2014-04-15,5,5
0001420030,2010-01-29,2016-04-14,7,6
0001420031,2010-01-29,2019-03-21,10,10
0001420033,2010-01-29,2016-01-28,7,7
0001420034,2010-01-29,2016-01-28,7,7
0001420035,2010-01-29,2016-01-28,7,7
0001420061,2010-10-12,2013-09-26,4,4
0001420070,2010-03-24,2010-03-24,1,1
0001420078,2010-03-12,2012-02-21,3,3
0001420108,2010-04-15,2017-03-29,8,8
0001420216,2010-05-14,2011-05-13,2,2
0001420239,2010-04-15,2015-04-15,6,6
0001420302,2010-02-26,2020-02-14,11,11
0001420368,2010-04-14,2021-05-10,11,11
0001420421,2010-03-26,2013-04-10,4,4
0001420488,2010-12-20,2011-12-20,2,2
0001420520,2017-03-31,2021-02-19,5,5
0001420525,2010-03-15,2016-03-04,7,7
0001420526,2010-11-16,2010-11-16,1,1
0001420565,2018-04-02,2021-03-24,4,4
0001420566,2010-03-23,2013-03-05,4,4
0001420569,2010-01-29,2017-04-17,8,8
0001420720,2010-10-13,2021-09-28,12,12
0001420783,2015-02-18,2016-02-18,2,2
0001420800,2010-02-25,2021-02-18,12,12
0001420811,2015-03-10,2020-02-28,6,6
0001420821,2010-09-28,2011-10-12,2,2
0001420836,2010-02-01,2010-02-01,1,1
0001420850,2013-02-22,2013-02-22,1,1
0001420915,2010-03-31,2011-04-15,2,2
0001420924,2010-07-07,2010-07-07,1,1
0001421094,2010-07-26,2010-07-26,1,1
0001421182,2010-03-03,2021-03-01,12,12
0001421204,2010-03-31,2021-03-31,12,11
0001421265,2010-10-13,2011-09-29,2,2
0001421289,2010-04-28,2015-05-08,6,6
0001421323,2010-01-13,2010-01-13,1,1
0001421378,2010-03-11,2011-03-29,2,2
0001421419,2010-03-04,2010-03-04,1,1
0001421461,2010-03-01,2021-03-02,12,12
0001421517,2010-03-15,2021-03-12,12,12
0001421523,2010-01-22,2011-02-23,2,2
0001421524,2010-01-22,2010-01-22,1,1
0001421525,2010-01-14,2010-01-14,1,1
0001421526,2010-03-31,2010-03-31,1,1
0001421527,2010-01-22,2010-01-22,1,1
0001421538,2010-12-15,2014-11-26,5,4
0001421561,2011-03-28,2015-03-30,5,5
0001421601,2010-04-14,2016-02-16,7,6
0001421602,2010-03-16,2016-03-15,7,7
0001421603,2010-03-31,2018-03-16,9,9
0001421636,2010-03-26,2021-04-14,12,12
0001421665,2010-11-15,2012-11-09,3,3
0001421766,2010-01-29,2015-04-14,6,6
0001421816,2010-03-31,2012-04-16,3,3
0001421819,2010-05-24,2021-03-31,3,3
0001421851,2010-04-15,2011-05-19,2,2
0001421865,2010-11-26,2017-04-28,7,6
0001421871,2010-03-24,2014-03-31,5,5
0001421874,2010-03-31,2012-04-03,3,3
0001421901,2010-03-30,2015-04-15,6,6
0001421907,2010-02-18,2021-03-16,12,12
0001421981,2010-12-17,2015-01-21,5,5
0001422059,2010-03-19,2017-03-16,8,8
0001422105,2010-03-02,2016-03-30,7,7
0001422109,2010-04-15,2015-03-16,6,6
0001422128,2010-05-17,2010-05-17,1,1
0001422141,2010-03-31,2021-03-30,12,12
0001422142,2010-03-31,2021-03-11,12,12
0001422143,2010-03-31,2021-02-24,12,12
0001422183,2010-03-19,2021-03-01,12,12
0001422215,2010-10-25,2014-11-28,5,5
0001422220,2010-05-17,2011-04-15,2,2
0001422221,2010-05-17,2010-05-17,1,1
0001422222,2010-04-14,2017-10-13,8,8
0001422295,2010-02-12,2017-02-28,8,8
0001422296,2010-04-15,2021-09-03,4,4
0001422341,2010-04-15,2010-04-15,1,1
0001422357,2010-08-06,2012-04-16,3,3
0001422768,2010-02-12,2021-09-29,12,11
0001422841,2017-03-27,2020-03-06,4,4
0001422862,2010-09-13,2015-09-01,6,6
0001422892,2010-09-28,2021-09-29,12,12
0001422930,2021-03-26,2021-03-26,1,1
0001422949,2010-01-13,2015-01-13,6,5
0001422992,2011-03-30,2014-03-31,4,4
0001423023,2011-01-03,2011-01-03,1,1
0001423036,2010-01-08,2010-01-08,1,1
0001423041,2010-02-26,2011-02-25,2,2
0001423107,2010-12-16,2013-10-15,3,3
0001423221,2010-12-20,2021-12-17,12,12
0001423242,2010-02-17,2010-02-17,1,1
0001423243,2010-02-17,2011-02-23,2,2
0001423244,2010-01-28,2011-02-23,2,2
0001423245,2010-01-28,2011-02-23,2,2
0001423246,2010-01-28,2011-02-23,2,2
0001423325,2010-04-15,2019-04-16,10,10
0001423357,2012-10-09,2014-10-14,3,3
0001423417,2010-03-26,2017-12-21,8,7
0001423542,2012-03-23,2016-03-04,5,5
0001423579,2010-02-01,2021-01-28,7,4
0001423586,2010-02-26,2020-03-25,10,10
0001423588,2010-04-16,2018-03-30,9,9
0001423689,2010-02-24,2021-02-26,12,12
0001423723,2010-05-03,2021-03-29,6,6
0001423746,2010-04-15,2015-10-21,6,6
0001423774,2019-04-18,2021-03-31,3,3
0001423824,2015-03-13,2019-02-25,5,5
0001423869,2019-03-18,2021-03-11,3,3
0001423902,2013-03-28,2021-02-26,9,9
0001423974,2010-03-31,2011-04-11,2,2
0001424030,2010-01-13,2014-01-14,5,5
0001424100,2010-11-29,2014-12-15,5,5
0001424151,2010-03-15,2017-07-05,8,7
0001424182,2018-03-15,2021-02-25,4,4
0001424280,2010-07-07,2011-04-15,2,2
0001424328,2010-12-23,2016-03-30,7,7
0001424404,2010-08-31,2021-11-17,12,11
0001424415,2010-09-14,2011-09-20,2,2
0001424454,2010-02-12,2016-02-11,7,7
0001424455,2010-01-15,2014-12-17,6,5
0001424549,2010-03-25,2019-04-16,10,10
0001424640,2010-03-11,2014-03-31,5,5
0001424657,2010-04-15,2021-03-25,12,12
0001424718,2010-05-05,2012-04-13,3,3
0001424755,2015-02-27,2019-02-22,5,5
0001424768,2010-03-31,2021-03-31,12,12
0001424812,2010-02-16,2016-05-16,7,7
0001424822,2010-09-30,2012-10-24,3,3
0001424844,2010-11-23,2021-12-23,12,12
0001424847,2010-02-25,2015-02-12,6,6
0001424860,2010-04-15,2010-04-15,1,1
0001424864,2010-11-12,2021-10-29,12,12
0001424879,2010-03-31,2017-03-23,8,8
0001424929,2014-03-11,2021-02-25,8,8
0001424988,2010-04-12,2011-04-15,2,2
0001425035,2010-03-31,2010-03-31,1,1
0001425042,2010-05-17,2010-05-17,1,1
0001425173,2010-03-31,2018-04-17,8,7
0001425203,2010-04-15,2021-04-15,7,7
0001425205,2010-03-31,2021-02-25,12,12
0001425264,2010-07-14,2013-07-16,4,4
0001425287,2010-03-31,2021-03-01,12,12
0001425289,2010-05-04,2019-04-16,10,10
0001425292,2012-02-24,2021-02-23,10,10
0001425355,2010-02-26,2021-03-10,12,12
0001425392,2010-04-07,2012-04-17,3,3
0001425450,2018-03-15,2021-03-11,4,4
0001425565,2010-03-16,2019-04-15,10,10
0001425597,2010-04-15,2013-04-01,4,4
0001425627,2010-04-14,2021-03-31,12,11
0001425715,2010-03-31,2014-03-31,5,5
0001425808,2010-11-15,2015-11-13,6,6
0001425883,2010-05-26,2016-06-06,7,7
0001425897,2010-02-12,2012-02-29,3,3
0001425919,2010-03-31,2014-07-28,5,5
0001425923,2010-03-29,2013-03-29,4,4
0001426011,2011-03-11,2019-04-17,7,7
0001426332,2020-03-17,2021-03-15,2,2
0001426506,2012-03-23,2021-04-19,10,10
0001426530,2010-03-26,2014-04-15,5,5
0001426568,2010-03-19,2012-04-13,3,3
0001426703,2010-04-06,2012-03-30,3,3
0001426780,2010-01-29,2013-06-14,4,4
0001426800,2011-04-13,2021-02-25,11,11
0001426804,2010-01-13,2010-01-13,1,1
0001426808,2011-02-22,2012-02-08,3,2
0001426850,2010-04-02,2016-03-30,7,7
0001426874,2010-04-06,2012-04-16,3,3
0001426945,2010-03-17,2021-02-26,12,12
0001427030,2010-03-17,2014-02-13,5,5
0001427187,2010-04-15,2010-04-15,1,1
0001427222,2010-03-31,2010-03-31,1,1
0001427352,2010-05-14,2013-04-16,4,4
0001427433,2010-09-24,2010-09-24,1,1
0001427437,2010-02-26,2021-02-26,12,12
0001427553,2012-03-27,2013-03-26,2,2
0001427570,2017-02-23,2021-03-12,5,5
0001427580,2010-12-13,2013-01-23,3,3
0001427639,2010-03-26,2011-04-12,2,2
0001427644,2010-03-18,2015-06-19,6,5
0001427714,2010-02-09,2013-07-15,4,4
0001427925,2011-03-30,2021-03-15,11,11
0001428040,2010-03-30,2017-03-28,8,8
0001428042,2010-03-30,2017-03-28,8,8
0001428043,2010-03-30,2017-03-28,8,8
0001428156,2010-03-10,2011-03-18,2,2
0001428203,2010-03-31,2011-04-15,2,2
0001428205,2010-03-30,2021-02-17,12,12
0001428211,2010-03-31,2010-03-31,1,1
0001428336,2015-03-31,2021-03-31,7,7
0001428389,2010-09-27,2020-07-15,11,11
0001428397,2010-03-11,2016-04-14,7,7
0001428439,2018-03-01,2021-02-26,4,4
0001428469,2010-03-09,2013-04-16,4,4
0001428508,2010-04-19,2011-04-15,2,2
0001428522,2010-03-30,2021-02-25,12,12
0001428669,2010-02-24,2015-02-23,6,6
0001428765,2010-04-08,2019-04-18,10,9
0001428802,2010-09-28,2011-09-28,2,2
0001428816,2010-04-15,2018-06-08,9,9
0001428875,2015-03-02,2021-02-26,7,7
0001429040,2012-03-30,2012-03-30,1,1
0001429260,2012-03-29,2021-03-31,10,10
0001429373,2010-03-23,2013-04-16,4,4
0001429386,2017-03-27,2017-03-27,1,1
0001429393,2010-05-12,2021-06-24,12,12
0001429426,2010-03-31,2011-03-31,2,2
0001429470,2010-06-29,2013-06-28,4,4
0001429560,2014-03-20,2021-03-09,8,8
0001429592,2010-11-26,2015-03-31,6,6
0001429627,2010-05-17,2014-04-15,5,5
0001429684,2010-04-15,2011-03-30,2,2
0001429764,2010-04-15,2021-03-31,12,12
0001429775,2010-02-23,2013-02-25,4,4
0001429859,2010-04-15,2019-10-11,3,2
0001429896,2010-11-30,2017-01-13,7,7
0001429900,2010-04-15,2011-04-15,2,2
0001430057,2010-01-13,2011-01-13,2,2
0001430060,2010-09-28,2012-09-04,3,3
0001430124,2010-03-15,2012-03-15,3,3
0001430174,2010-04-09,2016-03-30,7,7
0001430175,2010-04-13,2011-03-30,2,2
0001430259,2011-03-18,2019-03-15,9,9
0001430300,2021-03-12,2021-03-12,1,1
0001430306,2010-02-16,2021-03-15,12,12
0001430319,2013-03-28,2021-03-29,9,9
0001430415,2010-03-29,2014-03-31,5,5
0001430523,2010-01-29,2021-03-19,12,12
0001430592,2011-03-22,2018-02-22,8,8
0001430602,2010-03-01,2018-02-27,9,9
0001430683,2010-04-16,2011-04-01,2,2
0001430723,2010-03-08,2021-02-26,12,12
0001430744,2010-06-15,2011-04-15,2,2
0001430869,2010-06-04,2011-06-06,2,2
0001430872,2010-11-29,2011-12-14,2,2
0001430960,2010-04-15,2017-04-18,8,8
0001430975,2010-07-12,2012-04-16,3,3
0001431074,2010-04-15,2021-03-18,12,12
0001431372,2012-03-08,2018-03-15,7,7
0001431499,2010-03-16,2014-04-15,5,5
0001431567,2010-03-31,2021-03-31,12,12
0001431655,2010-03-31,2011-03-31,2,2
0001431656,2010-03-31,2011-03-31,2,2
0001431657,2010-03-31,2011-03-31,2,2
0001431658,2010-03-31,2011-03-31,2,2
0001431659,2010-03-31,2011-03-31,2,2
0001431660,2010-03-31,2011-03-31,2,2
0001431661,2010-03-31,2011-03-31,2,2
0001431662,2010-03-31,2011-03-31,2,2
0001431663,2010-03-31,2011-03-31,2,2
0001431664,2010-03-31,2011-03-31,2,2
0001431665,2010-03-31,2011-03-31,2,2
0001431667,2010-03-31,2011-03-31,2,2
0001431668,2010-03-31,2011-03-31,2,2
0001431669,2010-03-31,2011-03-31,2,2
0001431670,2010-03-31,2011-03-31,2,2
0001431671,2010-03-31,2011-03-31,2,2
0001431672,2010-03-31,2011-03-31,2,2
0001431673,2010-03-31,2011-03-31,2,2
0001431674,2010-03-31,2011-03-31,2,2
0001431676,2010-05-03,2010-05-03,1,1
0001431766,2010-03-12,2021-03-30,12,12
0001431824,2010-03-31,2013-04-01,4,4
0001431835,2010-10-28,2012-06-28,4,3
0001431837,2010-10-28,2012-06-28,4,3
0001431880,2010-06-21,2013-07-10,4,4
0001431888,2010-04-12,2014-10-27,5,4
0001431897,2012-06-08,2014-06-02,3,3
0001431934,2013-04-15,2019-04-01,7,7
0001431936,2010-03-16,2012-03-12,3,3
0001431938,2010-03-18,2011-03-15,2,2
0001431959,2010-03-26,2021-03-18,12,12
0001431987,2010-03-30,2011-03-31,2,2
0001432001,2010-06-03,2015-07-14,6,6
0001432139,2010-01-25,2014-04-15,5,5
0001432140,2010-04-15,2010-04-15,1,1
0001432150,2010-03-31,2017-03-15,8,8
0001432176,2010-03-15,2015-03-17,6,6
0001432196,2010-03-31,2019-04-02,10,10
0001432244,2010-07-12,2010-07-12,1,1
0001432254,2010-05-11,2012-05-02,3,3
0001432269,2010-03-31,2011-03-30,2,2
0001432271,2010-02-10,2021-02-04,12,12
0001432272,2010-03-29,2012-04-16,3,3
0001432274,2010-03-16,2011-03-30,2,2
0001432290,2010-03-23,2015-03-26,6,6
0001432405,2010-03-26,2012-03-27,3,3
0001432732,2015-03-09,2015-03-09,1,1
0001432754,2010-06-15,2015-04-15,7,6
0001432939,2011-03-16,2021-03-31,11,11
0001432963,2010-04-16,2018-04-02,8,8
0001432967,2010-05-24,2016-09-01,6,6
0001432985,2010-03-30,2017-04-18,8,8
0001432987,2010-03-30,2016-04-14,7,7
0001432994,2010-06-16,2010-06-16,1,1
0001432999,2010-03-31,2013-03-27,4,4
0001433147,2010-03-31,2014-03-27,5,5
0001433195,2016-02-29,2021-03-01,6,6
0001433269,2010-03-18,2016-03-14,7,7
0001433270,2014-02-27,2021-02-17,8,8
0001433551,2010-04-15,2011-03-31,2,2
0001433563,2010-03-31,2010-03-31,1,1
0001433564,2010-03-16,2016-11-15,7,6
0001433593,2010-04-15,2011-04-15,2,2
0001433605,2010-02-05,2010-02-05,1,1
0001433607,2010-08-17,2021-03-08,12,11
0001433642,2017-06-27,2021-05-27,5,5
0001433660,2010-03-04,2021-02-25,12,12
0001433665,2010-04-15,2011-06-07,2,2
0001433669,2010-03-10,2015-03-02,6,6
0001433714,2015-03-12,2021-02-24,7,7
0001433818,2010-05-13,2013-06-13,4,4
0001433821,2010-05-17,2017-04-10,8,8
0001433833,2010-03-30,2017-04-17,8,8
0001433966,2010-09-28,2015-10-13,6,6
0001433994,2010-01-14,2019-03-11,11,10
0001433995,2010-01-14,2012-01-13,3,3
0001433997,2010-01-14,2014-01-14,5,5
0001434017,2010-03-31,2011-04-15,2,2
0001434028,2010-09-21,2012-09-25,3,3
0001434070,2010-02-25,2021-03-02,12,12
0001434109,2010-10-13,2011-09-28,2,2
0001434110,2010-04-15,2019-04-16,10,10
0001434111,2010-02-08,2011-03-31,2,2
0001434316,2014-03-17,2021-02-24,8,8
0001434388,2010-09-28,2017-04-05,7,7
0001434389,2010-03-31,2021-07-29,8,7
0001434418,2019-03-14,2021-02-24,3,3
0001434477,2010-05-20,2018-04-06,9,9
0001434485,2010-06-25,2011-06-27,2,2
0001434524,2013-02-22,2021-03-31,9,9
0001434588,2010-02-18,2021-02-17,12,12
0001434589,2010-03-31,2013-04-16,4,4
0001434598,2010-07-09,2011-06-28,2,2
0001434601,2010-07-16,2021-09-27,12,12
0001434620,2010-03-12,2018-03-01,9,9
0001434621,2010-03-02,2021-03-01,12,12
0001434647,2016-03-16,2021-03-12,6,6
0001434667,2010-04-15,2011-04-15,2,2
0001434674,2010-09-28,2020-09-16,11,11
0001434702,2010-03-29,2011-04-22,2,2
0001434728,2017-03-10,2021-03-04,5,5
0001434729,2010-03-04,2017-02-24,8,8
0001434737,2013-02-14,2021-04-15,12,9
0001434740,2010-06-29,2013-07-12,4,4
0001434743,2010-03-30,2013-03-05,4,4
0001434768,2010-03-31,2014-03-21,5,5
0001434830,2010-03-15,2012-02-29,3,3
0001434838,2011-03-31,2011-03-31,1,1
0001434842,2010-03-31,2020-03-23,11,11
0001434868,2014-03-13,2021-02-23,8,8
0001434893,2010-04-15,2012-03-29,3,3
0001434994,2010-04-06,2016-04-14,7,7
0001435039,2010-04-15,2012-04-16,3,3
0001435049,2016-03-08,2021-04-07,6,6
0001435064,2010-01-13,2021-01-05,12,10
0001435161,2010-03-30,2012-04-09,3,3
0001435163,2010-06-21,2019-08-19,10,8
0001435181,2019-12-30,2021-12-29,3,2
0001435224,2010-03-17,2018-06-04,9,9
0001435375,2017-03-31,2021-09-30,5,5
0001435387,2010-05-28,2021-06-16,12,12
0001435394,2010-07-09,2012-07-16,3,3
0001435508,2010-01-11,2021-12-14,13,11
0001435530,2011-01-13,2011-01-13,1,1
0001435613,2010-04-15,2011-04-20,2,2
0001435615,2010-04-15,2012-04-12,3,3
0001435617,2010-04-15,2021-03-31,9,9
0001435717,2010-04-15,2012-04-17,3,3
0001435736,2010-06-07,2012-01-20,2,2
0001435772,2010-11-29,2010-11-29,1,1
0001435812,2016-10-11,2016-10-11,1,1
0001435936,2010-08-30,2014-09-12,5,5
0001435947,2010-10-12,2011-09-28,2,2
0001436040,2010-02-24,2010-02-24,1,1
0001436089,2010-09-16,2010-09-16,1,1
0001436126,2010-08-17,2021-03-16,12,12
0001436161,2013-05-20,2019-03-28,7,7
0001436164,2010-03-23,2014-03-07,6,5
0001436174,2011-01-13,2012-12-31,3,2
0001436208,2019-04-09,2021-03-17,3,3
0001436229,2010-08-13,2021-01-26,12,12
0001436273,2010-07-14,2011-08-15,2,2
0001436304,2013-03-26,2015-03-02,3,3
0001436309,2010-07-09,2013-09-13,4,4
0001436351,2010-04-15,2010-04-15,1,1
0001436425,2010-03-15,2021-03-09,12,12
0001436426,2010-04-15,2012-04-03,3,3
0001436549,2013-02-25,2015-03-11,3,3
0001436568,2010-06-16,2017-08-08,4,4
0001436599,2010-04-09,2012-02-27,3,3
0001436624,2010-09-24,2011-11-14,2,2
0001436872,2010-04-15,2012-02-23,2,2
0001436942,2010-03-31,2020-03-30,11,11
0001436975,2010-03-31,2021-03-30,13,12
0001437071,2010-03-24,2021-02-22,12,12
0001437106,2010-03-12,2019-04-01,10,10
0001437107,2010-02-22,2021-02-22,12,12
0001437172,2011-04-12,2011-04-12,1,1
0001437213,2010-03-29,2013-03-28,4,4
0001437226,2010-03-08,2021-03-16,12,12
0001437283,2010-03-31,2021-03-31,12,12
0001437352,2017-03-23,2021-02-26,5,5
0001437395,2010-04-15,2015-08-20,6,6
0001437402,2015-03-05,2021-03-08,7,7
0001437425,2010-03-29,2011-03-31,2,2
0001437467,2010-08-13,2013-09-04,4,4
0001437476,2020-08-19,2021-09-07,2,2
0001437479,2010-03-25,2021-03-29,12,12
0001437491,2010-03-31,2021-06-30,12,12
0001437494,2010-08-26,2010-08-26,1,1
0001437517,2012-03-30,2021-03-31,10,9
0001437557,2010-04-14,2020-04-30,11,11
0001437578,2013-03-26,2021-03-01,9,9
0001437596,2010-03-31,2014-04-15,5,5
0001437750,2010-10-13,2021-10-06,12,7
0001437751,2010-04-19,2013-04-16,3,3
0001437765,2010-01-08,2010-01-08,1,1
0001437786,2015-03-31,2019-03-13,5,5
0001437822,2010-07-29,2018-08-06,9,9
0001437925,2010-11-15,2021-04-30,12,12
0001437958,2019-03-28,2021-03-12,3,3
0001438035,2010-07-16,2018-09-12,7,6
0001438095,2010-07-09,2018-07-02,9,9
0001438133,2014-03-06,2021-02-24,8,8
0001438138,2010-03-31,2014-04-15,5,5
0001438139,2010-10-13,2014-11-20,5,5
0001438231,2010-02-24,2021-02-26,12,12
0001438392,2010-08-09,2012-03-14,2,2
0001438423,2017-03-29,2021-03-04,5,5
0001438461,2010-06-29,2021-06-29,9,8
0001438533,2010-10-28,2021-03-01,13,12
0001438535,2010-10-13,2014-09-15,5,5
0001438575,2010-03-26,2010-03-26,1,1
0001438576,2010-06-18,2013-07-02,4,4
0001438650,2010-04-12,2012-04-23,3,3
0001438660,2010-04-14,2014-04-15,5,5
0001438672,2010-02-16,2016-03-28,7,2
0001438673,2010-04-15,2017-07-17,8,6
0001438731,2016-12-23,2021-12-20,6,6
0001438882,2010-06-01,2012-06-13,3,3
0001438884,2010-03-31,2012-03-28,3,3
0001438897,2010-03-26,2014-03-13,5,5
0001438901,2010-05-17,2021-05-14,12,9
0001438943,2010-07-14,2021-05-19,12,12
0001438945,2010-11-02,2012-06-13,4,3
0001439095,2012-03-05,2021-02-12,10,10
0001439106,2010-11-22,2010-11-22,1,1
0001439133,2012-11-13,2015-04-15,3,3
0001439142,2010-09-13,2010-09-13,1,1
0001439154,2011-04-19,2011-04-19,1,1
0001439199,2011-03-24,2015-04-16,5,5
0001439222,2014-03-18,2021-02-25,8,8
0001439237,2010-04-15,2015-02-12,6,5
0001439240,2010-08-13,2011-08-01,2,2
0001439241,2010-08-13,2011-08-01,2,2
0001439242,2010-08-13,2011-08-01,2,2
0001439245,2010-08-13,2011-08-01,2,2
0001439254,2010-03-31,2016-04-14,7,7
0001439264,2010-11-12,2013-10-15,4,4
0001439288,2012-05-10,2021-02-16,10,10
0001439299,2010-09-08,2019-04-01,9,9
0001439397,2010-04-15,2018-04-02,9,9
0001439404,2012-02-28,2021-02-26,10,10
0001439434,2010-05-27,2011-04-13,2,2
0001439446,2010-04-01,2011-03-22,2,2
0001439449,2010-02-24,2011-02-23,2,2
0001439567,2010-03-30,2019-03-26,10,10
0001439570,2010-03-29,2011-04-14,2,2
0001439600,2010-03-31,2010-03-31,1,1
0001439636,2011-04-01,2011-04-01,1,1
0001439724,2010-09-30,2015-11-03,6,6
0001439725,2021-03-16,2021-03-16,1,1
0001439746,2010-04-12,2011-04-15,2,2
0001439802,2010-03-31,2010-03-31,1,1
0001439813,2010-07-14,2014-07-15,5,5
0001439971,2010-06-18,2014-08-08,5,5
0001439981,2010-08-31,2012-07-11,3,3
0001439984,2010-08-31,2012-08-27,3,3
0001440024,2011-03-31,2020-03-30,10,9
0001440048,2010-01-14,2010-01-14,1,1
0001440153,2010-10-25,2020-11-13,4,4
0001440172,2010-03-29,2013-03-18,4,4
0001440208,2011-05-10,2014-04-16,5,4
0001440280,2010-10-28,2012-10-15,3,3
0001440292,2010-03-31,2015-03-16,6,6
0001440476,2010-03-30,2014-03-31,5,5
0001440517,2010-09-09,2018-07-31,7,7
0001440760,2010-03-31,2016-03-30,7,7
0001440770,2010-03-24,2014-03-31,5,5
0001440799,2010-08-13,2021-07-29,12,10
0001440819,2010-10-21,2012-10-17,3,3
0001441066,2010-10-12,2010-10-12,1,1
0001441082,2010-09-28,2021-10-14,12,12
0001441236,2010-02-26,2021-02-25,12,12
0001441247,2010-09-14,2011-09-13,2,2
0001441362,2010-11-16,2014-10-16,5,3
0001441551,2010-07-29,2011-07-28,2,2
0001441567,2011-03-16,2012-03-15,2,2
0001441573,2010-04-15,2012-07-09,3,3
0001441634,2010-12-15,2015-12-17,6,6
0001441649,2010-04-06,2011-03-29,2,2
0001441683,2018-02-23,2021-02-18,4,4
0001441693,2014-03-25,2021-03-23,8,8
0001441769,2010-04-14,2019-04-12,10,10
0001441816,2018-03-30,2021-03-22,4,4
0001441848,2010-02-24,2010-02-24,1,1
0001441849,2010-03-17,2019-03-15,10,10
0001442101,2010-04-06,2020-03-30,11,11
0001442145,2010-03-09,2021-02-23,12,12
0001442236,2010-10-13,2021-03-11,12,12
0001442376,2010-12-01,2017-03-08,7,7
0001442492,2010-09-14,2021-09-14,12,12
0001442505,2010-02-24,2013-02-14,4,4
0001442513,2010-11-08,2010-11-08,1,1
0001442620,2010-09-27,2016-09-28,7,6
0001442626,2010-03-31,2021-02-23,12,12
0001442634,2010-03-18,2013-06-03,5,3
0001442711,2012-04-13,2018-05-29,6,5
0001442741,2010-03-31,2016-03-09,7,7
0001442836,2018-03-28,2021-02-26,4,4
0001442853,2012-03-20,2016-06-29,6,4
0001442999,2011-01-13,2021-06-09,12,6
0001443062,2010-05-13,2011-04-20,2,2
0001443075,2010-03-30,2013-02-28,4,4
0001443089,2010-11-10,2019-10-23,10,7
0001443105,2010-07-14,2010-07-14,1,1
0001443157,2010-09-01,2014-04-16,4,4
0001443202,2010-02-12,2010-02-12,1,1
0001443242,2010-09-28,2014-10-14,5,5
0001443270,2010-03-31,2012-04-13,3,3
0001443388,2010-03-17,2021-11-19,13,9
0001443609,2010-09-14,2014-09-09,5,5
0001443611,2019-04-05,2021-04-15,3,3
0001443646,2011-06-08,2021-05-21,11,11
0001443669,2013-03-22,2021-02-19,9,9
0001443799,2010-03-01,2018-03-15,6,6
0001443813,2010-03-25,2015-03-20,6,6
0001443818,2010-05-07,2012-05-16,3,3
0001443823,2010-03-30,2011-04-15,3,2
0001443824,2010-05-05,2011-04-15,3,2
0001443863,2010-04-13,2021-03-31,12,12
0001444064,2010-04-15,2011-04-15,2,2
0001444090,2010-03-31,2011-03-10,2,2
0001444143,2010-04-09,2010-04-09,1,1
0001444144,2010-04-09,2017-04-17,8,8
0001444145,2010-04-02,2016-03-30,6,5
0001444177,2010-04-15,2011-03-31,2,2
0001444183,2010-03-31,2010-03-31,1,1
0001444185,2010-03-31,2011-03-24,2,2
0001444192,2020-06-29,2021-06-22,2,2
0001444275,2010-11-15,2014-01-21,4,3
0001444277,2010-03-31,2011-03-31,2,2
0001444279,2010-04-12,2014-04-30,4,3
0001444307,2010-11-15,2021-10-29,12,12
0001444310,2010-11-15,2015-11-13,6,6
0001444313,2010-10-12,2010-10-12,1,1
0001444363,2011-03-30,2020-03-16,10,10
0001444377,2010-09-14,2010-09-14,1,1
0001444380,2015-03-18,2021-02-24,7,7
0001444397,2010-03-26,2016-03-11,7,7
0001444403,2010-04-14,2017-05-22,4,4
0001444570,2010-12-17,2011-12-20,2,2
0001444598,2010-03-18,2016-03-14,6,6
0001444702,2010-05-12,2010-05-12,1,1
0001444706,2010-03-30,2020-05-15,11,11
0001444834,2010-10-18,2010-10-18,1,1
0001444837,2010-09-30,2014-10-14,5,5
0001444839,2010-03-31,2021-03-02,12,10
0001444855,2010-02-03,2010-09-22,2,1
0001445049,2010-02-19,2016-03-01,7,7
0001445109,2010-03-29,2021-03-30,12,12
0001445146,2010-02-25,2016-03-01,7,7
0001445175,2010-09-23,2020-10-13,11,9
0001445186,2010-10-13,2010-10-13,1,1
0001445188,2010-11-12,2010-11-12,1,1
0001445191,2010-11-12,2010-11-12,1,1
0001445192,2010-11-12,2010-11-12,1,1
0001445193,2010-11-12,2010-11-12,1,1
0001445194,2010-11-12,2010-11-12,1,1
0001445196,2010-09-13,2010-09-13,1,1
0001445226,2010-03-31,2014-03-28,5,5
0001445229,2011-03-31,2012-03-30,2,2
0001445235,2010-09-14,2018-05-09,8,8
0001445283,2016-03-30,2021-03-31,6,6
0001445297,2010-07-12,2012-07-13,3,3
0001445305,2015-03-11,2021-02-17,7,7
0001445314,2010-12-22,2010-12-22,1,1
0001445356,2010-03-31,2010-03-31,1,1
0001445541,2011-09-20,2018-07-16,8,8
0001445625,2010-01-29,2011-01-31,2,2
0001445635,2010-03-11,2012-03-29,3,3
0001445815,2010-03-31,2021-04-09,12,12
0001445831,2012-04-02,2021-04-15,10,8
0001445883,2010-12-08,2018-07-27,7,7
0001445918,2010-03-31,2016-03-16,7,7
0001445941,2010-10-22,2011-03-30,2,2
0001445942,2011-02-08,2021-11-29,14,11
0001446140,2010-09-29,2011-03-31,2,2
0001446152,2010-12-14,2017-12-14,8,8
0001446159,2010-03-31,2021-03-15,12,12
0001446210,2010-02-03,2013-03-29,5,4
0001446371,2010-03-31,2021-03-26,12,12
0001446374,2010-04-14,2010-04-14,1,1
0001446414,2010-01-04,2012-11-29,4,3
0001446687,2010-03-31,2021-04-16,12,12
0001446714,2010-03-15,2018-02-21,9,9
0001446727,2010-01-14,2010-04-01,2,1
0001446801,2010-05-24,2011-04-14,2,2
0001446806,2010-03-31,2020-03-17,11,11
0001446847,2010-03-30,2021-02-17,12,12
0001446896,2010-11-15,2013-11-13,4,4
0001447028,2014-03-28,2021-03-04,8,8
0001447051,2010-03-31,2021-03-19,12,12
0001447256,2010-09-13,2010-09-13,1,1
0001447362,2020-03-10,2021-03-11,2,2
0001447380,2010-01-07,2021-03-30,13,12
0001447599,2016-02-29,2020-02-27,5,5
0001447669,2017-02-22,2021-02-26,5,5
0001447873,2010-10-22,2010-10-22,2,1
0001447976,2010-01-19,2010-09-15,2,1
0001448038,2010-03-31,2021-03-31,12,12
0001448056,2015-05-28,2021-05-14,7,7
0001448064,2010-05-28,2011-05-31,2,2
0001448242,2010-11-12,2010-11-12,1,1
0001448301,2011-09-16,2018-09-13,8,8
0001448324,2010-03-30,2012-03-23,3,3
0001448431,2010-03-31,2021-03-08,12,12
0001448500,2010-03-29,2011-03-24,2,2
0001448558,2010-04-15,2020-10-13,13,10
0001448569,2010-04-06,2010-04-06,2,1
0001448597,2010-01-29,2021-03-16,12,12
0001448695,2010-04-15,2021-03-17,3,3
0001448705,2011-02-01,2021-03-31,11,11
0001448763,2010-04-14,2014-04-25,5,5
0001448776,2011-03-30,2012-04-16,2,2
0001448780,2011-01-31,2015-02-13,5,5
0001448806,2010-12-13,2014-12-01,5,5
0001448893,2014-03-10,2021-02-26,8,8
0001448900,2010-06-28,2013-07-02,4,4
0001448962,2010-11-29,2012-04-16,3,3
0001449001,2010-11-30,2011-12-20,2,2
0001449097,2010-06-25,2015-05-29,6,5
0001449224,2010-01-14,2012-01-12,3,3
0001449278,2015-03-31,2016-03-10,2,2
0001449349,2010-03-17,2021-03-24,12,12
0001449447,2010-11-16,2019-12-20,10,9
0001449488,2012-03-22,2021-03-04,10,10
0001449527,2010-04-14,2011-04-15,2,2
0001449574,2010-07-13,2019-06-11,10,9
0001449636,2010-03-30,2012-03-30,3,3
0001449709,2010-04-15,2011-04-28,2,2
0001449732,2010-03-11,2018-03-30,9,9
0001449792,2010-04-15,2021-03-30,12,12
0001449794,2010-03-31,2021-03-12,12,12
0001449934,2011-04-12,2015-06-16,5,5
0001450015,2010-08-05,2013-04-15,4,4
0001450074,2010-03-15,2010-03-15,1,1
0001450185,2010-08-11,2010-08-11,1,1
0001450335,2010-03-31,2021-04-19,12,12
0001450390,2010-04-07,2017-06-21,8,7
0001450524,2011-03-16,2015-03-31,5,5
0001450551,2011-01-12,2012-12-28,3,2
0001450552,2010-12-29,2013-12-30,4,3
0001450704,2010-03-30,2010-03-30,1,1
0001450708,2010-01-28,2017-10-04,8,6
0001450720,2010-03-22,2021-03-31,12,12
0001450721,2010-03-22,2012-03-30,3,3
0001450722,2010-03-22,2021-03-31,12,12
0001450922,2010-03-31,2021-03-01,12,12
0001450923,2010-03-31,2021-03-01,12,12
0001450973,2010-06-25,2019-03-04,8,8
0001451053,2010-02-12,2010-02-12,1,1
0001451298,2010-03-31,2012-03-06,2,2
0001451432,2010-03-31,2012-03-29,3,3
0001451433,2010-01-12,2015-11-13,6,6
0001451448,2015-04-01,2021-10-13,8,7
0001451505,2010-02-24,2021-03-01,12,12
0001451512,2010-12-27,2021-03-30,11,11
0001451514,2010-11-15,2015-11-13,6,6
0001451520,2011-01-13,2013-12-30,2,2
0001451565,2010-12-28,2010-12-28,1,1
0001451598,2010-03-05,2012-04-16,3,3
0001451653,2010-03-30,2011-03-28,2,2
0001451654,2010-01-27,2016-04-05,8,7
0001451775,2010-04-05,2011-04-14,2,2
0001451797,2010-09-28,2020-04-29,5,5
0001451809,2020-03-02,2021-02-16,2,2
0001451822,2010-09-30,2011-10-13,2,2
0001451929,2010-02-16,2019-03-01,10,9
0001451951,2012-03-29,2013-04-01,2,2
0001451980,2010-03-18,2012-03-30,3,3
0001452011,2010-04-28,2013-04-15,4,4
0001452164,2010-08-06,2016-09-01,6,6
0001452168,2010-03-18,2017-03-17,8,8
0001452176,2010-04-15,2017-05-15,8,8
0001452217,2010-09-17,2012-03-09,3,3
0001452274,2010-12-29,2012-01-13,2,2
0001452384,2010-03-01,2010-03-01,1,1
0001452476,2010-12-14,2015-04-15,6,6
0001452575,2010-02-25,2017-02-27,8,8
0001452580,2011-05-13,2015-04-15,5,5
0001452583,2010-04-15,2011-04-18,2,2
0001452751,2014-04-17,2017-03-24,4,4
0001452763,2010-04-30,2011-01-14,2,2
0001452804,2010-12-29,2018-01-12,8,8
0001452857,2012-03-26,2021-04-13,10,10
0001452872,2011-04-15,2021-08-30,10,10
0001452899,2010-03-24,2012-03-28,3,3
0001452920,2010-04-08,2012-02-07,3,3
0001452936,2010-03-11,2021-03-29,12,12
0001453001,2014-03-28,2015-04-15,2,2
0001453086,2010-04-08,2012-02-23,3,3
0001453090,2010-03-01,2014-02-25,5,5
0001453099,2010-03-03,2018-09-26,10,9
0001453114,2010-04-15,2010-04-15,1,1
0001453122,2010-02-18,2018-01-17,8,7
0001453420,2010-03-31,2014-03-31,5,5
0001453593,2010-03-30,2021-02-24,12,12
0001453625,2010-03-31,2010-03-31,1,1
0001453684,2010-05-06,2014-05-19,5,5
0001453687,2017-03-28,2021-03-12,5,5
0001453814,2010-03-15,2019-03-01,10,10
0001453818,2010-03-31,2021-03-31,12,12
0001453820,2010-03-31,2011-03-28,2,2
0001453836,2010-03-31,2010-03-31,1,1
0001453859,2010-12-15,2010-12-15,1,1
0001453883,2013-02-15,2016-01-14,4,4
0001454007,2010-04-15,2013-04-30,4,4
0001454010,2010-04-15,2014-03-31,5,5
0001454124,2010-03-31,2019-02-26,8,8
0001454189,2014-03-28,2015-03-16,2,2
0001454298,2010-12-13,2012-11-29,3,3
0001454311,2010-03-05,2013-04-16,4,4
0001454384,2011-04-05,2012-03-26,2,2
0001454389,2014-03-14,2017-03-09,4,4
0001454504,2010-04-28,2014-05-16,5,4
0001454510,2011-02-14,2019-11-27,10,8
0001454712,2010-04-13,2011-04-07,2,2
0001454719,2010-03-31,2012-07-16,3,3
0001454725,2012-01-30,2014-01-14,3,3
0001454742,2010-04-07,2021-04-15,12,12
0001454789,2016-03-15,2021-03-11,6,6
0001454926,2010-03-19,2010-03-19,1,1
0001455206,2010-03-11,2016-03-03,7,7
0001455271,2010-02-25,2014-03-14,5,5
0001455380,2010-05-11,2012-06-01,3,3
0001455650,2011-03-29,2020-03-30,9,9
0001455684,2017-03-17,2021-02-25,5,5
0001455694,2010-04-15,2016-04-08,7,7
0001455741,2010-02-24,2021-03-02,12,12
0001455768,2013-01-17,2014-02-04,2,2
0001455819,2011-03-31,2018-11-15,7,6
0001455863,2018-03-29,2021-03-01,4,4
0001455926,2010-04-09,2019-07-16,11,10
0001455982,2010-04-16,2012-02-15,3,3
0001456016,2010-03-30,2019-03-15,10,10
0001456090,2011-04-12,2014-07-10,4,4
0001456137,2011-04-15,2013-04-16,3,3
0001456189,2013-03-28,2021-03-24,9,9
0001456212,2011-03-31,2019-04-15,9,9
0001456453,2010-04-29,2010-04-29,1,1
0001456455,2011-03-10,2016-07-08,6,6
0001456480,2010-03-29,2010-03-29,1,1
0001456772,2010-02-22,2021-02-19,12,12
0001456802,2010-03-15,2021-06-16,12,11
0001456857,2012-04-10,2021-04-15,10,10
0001456926,2010-04-19,2010-04-19,1,1
0001456993,2010-02-09,2015-04-14,6,6
0001457435,2010-04-15,2016-04-14,7,7
0001457543,2010-08-19,2014-08-11,5,4
0001457612,2014-03-21,2021-02-22,8,8
0001457737,2014-02-20,2018-05-03,5,5
0001457919,2011-02-18,2021-03-02,11,11
0001458023,2013-05-30,2021-04-28,12,4
0001458191,2010-08-16,2010-08-16,1,1
0001458412,2020-03-10,2021-02-26,2,2
0001458555,2010-03-29,2010-03-29,1,1
0001458581,2013-04-15,2018-04-17,6,6
0001458704,2010-02-16,2019-04-16,4,3
0001458725,2010-04-16,2011-02-14,2,2
0001458868,2011-05-18,2014-04-14,4,4
0001458891,2010-02-26,2021-03-12,12,12
0001458895,2010-03-08,2010-03-08,1,1
0001458927,2010-03-29,2010-03-29,1,1
0001458962,2016-03-04,2018-03-01,3,3
0001459001,2010-03-29,2010-03-29,1,1
0001459003,2010-04-30,2012-04-16,3,3
0001459188,2011-03-31,2012-05-22,2,2
0001459200,2016-02-29,2021-02-25,6,6
0001459241,2011-03-07,2015-03-13,5,5
0001459266,2015-03-13,2015-03-13,1,1
0001459287,2010-12-09,2018-11-16,10,9
0001459417,2015-02-26,2021-02-25,7,7
0001459450,2010-09-13,2013-07-17,4,4
0001459482,2011-08-29,2019-08-29,9,9
0001459697,2011-07-28,2013-07-16,3,3
0001459764,2010-02-16,2012-04-16,3,3
0001459830,2010-03-31,2010-03-31,1,1
0001459831,2010-03-31,2010-03-31,1,1
0001459839,2019-03-14,2021-03-10,3,3
0001459862,2011-03-28,2021-03-01,11,11
0001460198,2011-03-31,2015-03-12,5,5
0001460235,2011-03-28,2021-03-01,11,11
0001460290,2010-05-03,2010-05-03,1,1
0001460329,2010-11-01,2021-03-16,8,8
0001460574,2010-03-29,2010-03-29,1,1
0001460602,2010-03-15,2021-03-09,12,12
0001460702,2016-03-21,2021-03-31,6,6
0001460801,2010-03-24,2014-07-23,5,5
0001460833,2010-05-27,2010-05-27,1,1
0001461119,2019-03-13,2021-03-16,3,3
0001461219,2011-03-30,2021-03-30,11,11
0001461237,2011-03-30,2021-03-30,11,11
0001461640,2010-04-15,2019-03-15,10,10
0001461755,2016-03-30,2021-03-16,6,6
0001461799,2010-03-31,2010-03-31,1,1
0001461901,2010-04-14,2010-04-14,1,1
0001461912,2010-04-15,2010-04-15,1,1
0001461993,2012-03-30,2019-03-14,8,8
0001462013,2010-03-09,2014-01-29,5,5
0001462047,2010-06-29,2020-02-03,11,10
0001462103,2011-03-31,2021-03-31,11,11
0001462109,2010-03-30,2012-05-04,3,3
0001462120,2016-03-14,2021-02-25,6,6
0001462223,2010-09-10,2021-03-09,11,11
0001462360,2010-04-15,2010-04-15,1,1
0001462418,2010-03-17,2021-03-11,12,12
0001462441,2014-03-28,2014-03-28,1,1
0001462506,2010-03-30,2014-04-15,5,5
0001462566,2010-02-04,2015-03-10,6,5
0001462567,2010-03-30,2015-03-30,6,6
0001462633,2012-03-12,2017-02-28,6,6
0001462694,2013-03-27,2014-03-05,2,2
0001462777,2010-03-30,2011-03-31,2,2
0001463101,2013-03-05,2021-02-16,9,9
0001463161,2010-06-29,2010-06-29,1,1
0001463172,2015-02-17,2021-02-12,7,7
0001463176,2010-06-29,2011-06-30,2,2
0001463191,2010-04-14,2014-03-10,5,5
0001463208,2010-10-13,2021-03-17,11,11
0001463258,2010-04-19,2021-03-01,12,12
0001463361,2019-03-06,2021-03-23,3,3
0001463389,2010-03-30,2021-03-30,12,12
0001463563,2010-03-30,2010-03-30,1,1
0001463729,2014-03-06,2015-03-02,2,2
0001463792,2010-06-29,2017-06-23,8,8
0001463833,2010-10-29,2011-10-28,2,2
0001463913,2017-02-17,2021-02-23,5,5
0001463959,2010-04-08,2017-03-31,8,8
0001463961,2011-03-24,2013-04-16,3,3
0001463972,2010-03-31,2021-03-15,12,12
0001464165,2010-05-28,2019-05-03,10,10
0001464300,2012-03-30,2018-09-25,7,6
0001464305,2010-04-14,2012-03-30,3,3
0001464343,2010-03-05,2021-03-31,12,12
0001464423,2010-03-11,2021-02-26,12,12
0001464434,2010-06-30,2010-06-30,1,1
0001464720,2010-03-26,2017-01-31,8,8
0001464766,2010-09-14,2015-09-14,6,6
0001464790,2010-03-30,2021-03-04,12,12
0001464830,2010-03-31,2014-04-15,5,5
0001464865,2010-04-15,2021-04-15,12,8
0001464866,2010-03-31,2010-03-31,1,1
0001464963,2011-03-14,2021-03-05,11,11
0001464990,2010-01-27,2010-01-27,1,1
0001465062,2010-03-31,2014-04-15,5,5
0001465112,2010-02-26,2015-02-25,6,6
0001465128,2010-03-08,2021-02-25,12,12
0001465130,2010-03-26,2011-04-15,2,2
0001465148,2010-03-29,2010-03-29,1,1
0001465264,2010-04-13,2020-03-17,11,11
0001465470,2010-07-12,2021-06-29,12,12
0001465509,2010-06-29,2016-04-19,7,7
0001465740,2010-03-04,2021-02-25,12,12
0001465856,2010-05-17,2010-05-17,1,1
0001465872,2016-03-30,2021-03-18,6,6
0001465885,2013-04-09,2021-03-08,9,9
0001465969,2010-03-19,2012-03-09,3,3
0001466026,2017-03-10,2021-02-26,5,5
0001466056,2010-03-31,2011-03-25,2,2
0001466057,2010-03-31,2011-03-25,2,2
0001466085,2011-03-25,2021-02-18,11,11
0001466225,2011-03-30,2020-03-20,10,10
0001466258,2010-02-26,2021-02-09,12,12
0001466292,2013-04-01,2016-03-23,4,4
0001466301,2012-03-15,2021-02-25,10,10
0001466538,2010-03-25,2021-03-03,12,12
0001466593,2010-02-26,2021-02-19,12,12
0001466629,2010-06-24,2013-08-06,4,4
0001466739,2010-08-20,2015-09-15,6,6
0001466815,2010-03-26,2018-03-07,9,9
0001466827,2011-03-15,2011-03-15,1,1
0001467027,2010-03-01,2013-03-01,4,4
0001467076,2010-03-22,2016-02-29,7,7
0001467154,2017-03-20,2021-02-24,5,5
0001467233,2010-10-13,2010-10-13,1,1
0001467373,2010-10-26,2021-10-15,12,12
0001467377,2010-04-15,2011-04-15,2,2
0001467434,2010-12-14,2014-04-10,5,5
0001467446,2010-03-26,2010-03-26,1,1
0001467450,2010-06-29,2010-06-29,1,1
0001467465,2010-03-23,2010-03-23,1,1
0001467560,2010-04-15,2011-06-21,2,2
0001467623,2019-02-25,2021-02-19,3,3
0001467649,2010-03-30,2010-03-30,1,1
0001467652,2016-03-18,2020-03-13,5,5
0001467700,2010-03-29,2010-03-29,1,1
0001467746,2011-03-31,2015-03-31,5,5
0001467760,2010-03-17,2021-02-10,12,12
0001467761,2010-03-31,2021-04-13,12,12
0001467845,2010-09-23,2021-12-06,7,6
0001467853,2010-03-19,2010-03-19,1,1
0001467858,2010-04-07,2021-02-10,12,12
0001467913,2014-03-31,2016-04-22,3,3
0001467974,2010-03-19,2012-03-01,3,3
0001468010,2011-03-22,2019-03-15,9,9
0001468122,2011-04-13,2011-04-13,1,1
0001468164,2010-08-11,2016-08-24,7,7
0001468174,2010-02-25,2021-02-18,12,12
0001468276,2010-02-26,2010-02-26,1,1
0001468328,2010-03-29,2021-03-01,12,12
0001468500,2011-03-31,2011-03-31,1,1
0001468516,2010-03-02,2015-02-27,6,6
0001468639,2010-05-24,2021-09-17,2,2
0001468666,2017-03-29,2021-03-25,5,5
0001468679,2010-12-13,2021-01-08,11,11
0001468748,2019-03-27,2021-03-01,3,3
0001468780,2010-04-07,2018-04-16,9,9
0001468910,2011-03-30,2021-03-30,11,11
0001468924,2010-07-15,2011-07-08,2,2
0001468929,2020-03-30,2021-03-31,2,2
0001469038,2010-03-15,2021-04-02,12,12
0001469114,2010-10-25,2010-10-25,1,1
0001469115,2010-10-26,2014-10-14,5,5
0001469134,2013-03-15,2017-03-08,5,5
0001469207,2010-05-13,2019-01-14,10,8
0001469284,2012-07-09,2016-04-14,5,5
0001469317,2010-03-31,2021-03-29,12,12
0001469367,2016-03-11,2021-02-25,6,6
0001469372,2010-03-18,2020-08-13,12,11
0001469383,2010-02-02,2012-03-30,3,3
0001469384,2010-02-02,2011-02-23,2,2
0001469385,2010-02-02,2011-02-23,2,2
0001469412,2011-03-31,2012-04-03,2,2
0001469433,2010-02-26,2012-02-17,3,3
0001469443,2016-03-08,2021-03-31,6,6
0001469488,2010-06-29,2011-06-30,2,2
0001469510,2010-03-30,2018-03-12,9,9
0001469559,2010-03-26,2012-03-30,3,3
0001469606,2010-03-02,2014-03-31,5,5
0001469628,2012-06-06,2015-01-02,2,2
0001469741,2010-11-10,2010-11-10,1,1
0001469822,2011-03-11,2018-03-09,8,8
0001470022,2013-03-28,2013-03-28,1,1
0001470099,2015-02-27,2020-03-06,6,6
0001470129,2011-03-31,2012-11-29,3,2
0001470177,2010-08-30,2011-10-14,2,2
0001470205,2015-03-30,2021-03-12,7,7
0001470215,2010-09-07,2015-08-14,6,6
0001470336,2010-11-10,2010-11-10,1,1
0001470431,2010-03-29,2010-03-29,1,1
0001470512,2011-04-15,2011-04-15,1,1
0001470550,2011-05-06,2018-09-28,9,8
0001470699,2010-03-05,2012-03-15,3,3
0001470701,2010-09-28,2011-09-28,2,2
0001470719,2010-10-27,2013-11-19,4,4
0001470795,2010-03-24,2014-03-07,5,5
0001470862,2010-06-30,2010-06-30,1,1
0001470915,2011-10-12,2014-03-31,3,3
0001471038,2010-03-05,2011-03-11,2,2
0001471088,2010-09-27,2013-09-27,4,4
0001471089,2011-04-04,2012-04-05,2,2
0001471092,2010-09-28,2012-09-28,3,3
0001471136,2010-10-27,2012-11-09,3,3
0001471232,2010-03-16,2010-03-16,1,1
0001471254,2010-03-29,2010-03-29,1,1
0001471256,2010-03-31,2015-03-04,6,6
0001471261,2010-03-30,2018-03-02,9,9
0001471265,2010-03-16,2021-02-26,12,12
0001471266,2010-05-12,2014-03-28,5,5
0001471270,2010-03-31,2017-03-17,8,8
0001471271,2011-09-28,2013-10-16,3,3
0001471302,2010-01-26,2020-03-20,3,3
0001471387,2010-04-02,2017-05-02,8,8
0001471458,2010-03-31,2013-04-03,4,4
0001471487,2011-03-16,2013-03-20,3,3
0001471717,2014-02-18,2014-02-18,1,1
0001471727,2010-12-14,2021-03-30,12,12
0001471728,2010-03-29,2021-03-29,12,12
0001471781,2010-09-08,2021-03-31,12,12
0001471824,2011-03-29,2021-03-16,11,11
0001471968,2010-10-13,2017-10-13,8,8
0001472012,2021-03-25,2021-03-25,1,1
0001472091,2016-03-08,2021-03-18,6,6
0001472093,2010-03-31,2015-03-13,6,6
0001472147,2010-12-14,2013-02-11,3,3
0001472174,2011-04-15,2012-04-16,2,2
0001472277,2011-02-25,2015-06-01,5,3
0001472343,2015-03-27,2017-03-20,3,3
0001472374,2010-10-28,2011-11-21,2,2
0001472468,2010-08-27,2019-10-15,10,10
0001472485,2010-09-28,2011-09-28,2,2
0001472486,2010-09-28,2010-09-28,1,1
0001472494,2011-03-30,2021-02-26,11,11
0001472595,2011-03-18,2021-02-18,10,10
0001472601,2011-04-15,2015-04-30,5,5
0001472635,2010-04-14,2014-07-29,5,5
0001472688,2010-05-13,2011-03-31,2,2
0001472787,2011-03-01,2021-02-17,11,11
0001472847,2012-10-04,2015-09-15,4,4
0001472862,2010-11-17,2011-12-14,2,2
0001472886,2010-03-29,2010-03-29,1,1
0001472998,2011-04-13,2015-03-24,5,5
0001473061,2010-03-19,2015-03-31,6,6
0001473078,2011-02-16,2019-02-21,9,9
0001473111,2010-03-29,2010-03-29,1,1
0001473287,2011-03-07,2021-09-28,10,9
0001473329,2010-03-30,2010-03-30,1,1
0001473334,2010-12-29,2021-03-29,11,11
0001473490,2010-12-27,2021-12-20,12,11
0001473495,2010-01-27,2010-01-27,1,1
0001473579,2011-04-01,2021-04-23,11,11
0001473591,2011-02-25,2014-02-21,4,4
0001473597,2010-03-19,2019-03-27,10,10
0001473637,2010-10-12,2013-04-16,3,3
0001473652,2010-06-14,2011-04-15,2,2
0001473654,2012-03-30,2019-03-29,8,8
0001473675,2011-03-31,2013-04-11,3,3
0001473844,2018-03-23,2021-02-26,4,4
0001473968,2010-03-30,2010-03-30,1,1
0001473971,2011-01-13,2014-01-22,4,3
0001474042,2011-03-10,2015-03-02,5,5
0001474098,2010-03-24,2021-02-23,12,12
0001474167,2010-11-15,2021-04-15,12,12
0001474227,2010-12-30,2010-12-30,1,1
0001474266,2010-03-16,2015-03-30,6,6
0001474301,2011-04-29,2013-05-03,3,3
0001474307,2010-03-25,2017-03-31,8,8
0001474348,2010-03-31,2010-03-31,1,1
0001474432,2016-03-25,2021-03-25,6,6
0001474439,2010-09-24,2020-08-21,11,11
0001474459,2011-08-05,2014-07-31,4,2
0001474464,2011-03-28,2021-03-15,11,11
0001474627,2010-03-31,2013-03-18,4,4
0001474735,2010-03-30,2021-02-23,12,12
0001474777,2016-03-30,2016-03-30,1,1
0001474892,2010-03-31,2010-03-31,1,1
0001474903,2014-03-31,2021-03-11,8,8
0001475036,2011-08-30,2011-08-30,1,1
0001475065,2011-05-16,2014-03-31,4,4
0001475068,2010-05-27,2010-05-27,1,1
0001475115,2019-03-07,2021-03-01,3,3
0001475193,2010-03-31,2010-03-31,1,1
0001475204,2010-03-05,2011-03-21,2,2
0001475273,2010-10-26,2016-12-14,7,6
0001475274,2014-02-18,2017-02-17,4,4
0001475348,2018-03-16,2021-03-11,4,4
0001475430,2010-04-06,2021-04-08,7,7
0001475448,2011-03-02,2013-02-26,3,3
0001475606,2010-03-29,2010-03-29,1,1
0001475748,2010-03-26,2010-03-26,1,1
0001475841,2013-03-18,2021-02-24,9,9
0001475899,2011-04-15,2015-04-01,5,5
0001475922,2011-03-17,2021-03-01,11,11
0001476034,2018-03-28,2021-03-08,4,4
0001476045,2011-03-09,2021-02-24,11,11
0001476150,2010-03-29,2021-02-10,12,12
0001476170,2010-09-28,2016-10-24,7,7
0001476204,2011-03-30,2021-03-12,11,11
0001476246,2010-03-31,2018-02-28,9,9
0001476264,2013-03-22,2017-03-14,5,5
0001476278,2010-03-31,2014-03-31,5,5
0001476470,2011-04-14,2011-04-14,1,1
0001476638,2011-02-14,2014-04-15,4,4
0001476651,2015-03-16,2018-02-23,4,4
0001476655,2012-03-20,2013-03-15,2,2
0001476678,2010-03-31,2010-03-31,1,1
0001476692,2010-12-10,2010-12-10,1,1
0001476719,2011-02-11,2014-03-31,4,4
0001476763,2010-03-31,2011-04-01,2,2
0001476765,2010-12-13,2021-11-29,12,12
0001476886,2012-03-07,2013-03-14,2,2
0001476919,2010-03-29,2010-03-29,1,1
0001476963,2014-03-31,2021-03-25,8,8
0001476991,2010-03-23,2010-03-23,1,1
0001477009,2011-03-30,2021-04-01,11,11
0001477032,2011-02-10,2013-07-01,5,3
0001477130,2012-06-04,2012-08-30,2,1
0001477168,2011-03-31,2016-04-13,6,6
0001477200,2014-02-28,2017-03-16,4,4
0001477246,2010-09-28,2021-09-28,12,12
0001477294,2011-01-31,2021-02-12,11,11
0001477333,2020-03-04,2021-02-25,2,2
0001477336,2011-03-28,2021-03-26,143,11
0001477425,2018-02-26,2018-02-26,1,1
0001477449,2016-03-03,2021-03-01,6,6
0001477472,2010-04-15,2014-04-08,5,5
0001477488,2010-03-30,2010-03-30,1,1
0001477720,2021-03-30,2021-03-30,1,1
0001477776,2011-04-12,2014-04-15,4,4
0001477845,2020-03-25,2021-03-03,2,2
0001477961,2011-04-15,2012-04-16,2,2
0001477968,2010-12-23,2013-12-23,4,4
0001478069,2015-03-26,2021-03-30,7,7
0001478085,2010-03-05,2011-02-24,2,2
0001478087,2012-06-13,2015-06-15,4,4
0001478121,2015-03-16,2020-03-11,6,6
0001478132,2011-03-15,2014-03-31,4,4
0001478176,2011-04-13,2011-04-13,1,1
0001478220,2011-03-31,2013-04-01,3,3
0001478242,2014-02-13,2021-02-12,8,8
0001478250,2010-03-19,2010-03-19,1,1
0001478259,2011-01-03,2017-01-19,6,5
0001478320,2020-02-26,2021-02-24,2,2
0001478332,2010-12-14,2017-04-21,2,2
0001478454,2010-09-20,2021-03-10,12,12
0001478484,2014-02-28,2015-02-24,2,2
0001478490,2011-01-28,2011-01-28,1,1
0001478493,2011-06-27,2011-06-27,1,1
0001478535,2012-03-06,2013-03-15,2,2
0001478682,2011-02-28,2019-02-28,3,3
0001478725,2011-03-14,2016-03-15,6,6
0001478726,2013-12-13,2017-12-13,5,5
0001478838,2011-04-15,2011-04-15,1,1
0001478913,2011-03-31,2011-03-31,1,1
0001478914,2011-04-07,2011-04-07,1,1
0001478950,2011-03-10,2015-03-02,5,5
0001478974,2011-03-31,2013-04-16,3,3
0001479000,2012-01-30,2019-02-28,8,7
0001479014,2013-04-15,2017-06-01,5,4
0001479046,2011-02-23,2015-02-13,5,5
0001479094,2012-03-09,2021-02-10,10,10
0001479142,2010-03-16,2014-03-26,5,5
0001479239,2011-02-15,2018-10-04,5,5
0001479247,2011-03-30,2021-02-26,11,11
0001479290,2014-03-28,2021-02-25,8,8
0001479320,2011-02-15,2015-02-17,2,2
0001479382,2011-10-04,2017-04-19,6,6
0001479419,2018-04-02,2021-02-25,4,4
0001479426,2010-09-30,2013-11-22,4,4
0001479488,2012-03-30,2015-04-15,4,4
0001479526,2010-12-02,2017-09-29,8,8
0001479575,2012-02-03,2012-02-03,1,1
0001479681,2010-06-15,2021-04-05,12,12
0001479683,2011-06-30,2013-08-16,3,3
0001479750,2013-03-26,2017-02-27,5,5
0001479915,2014-04-18,2021-04-15,8,8
0001479919,2011-03-24,2013-04-16,3,3
0001479920,2010-03-16,2011-03-16,2,2
0001480749,2011-03-31,2013-03-28,3,3
0001480797,2011-05-09,2011-05-09,1,1
0001481028,2010-09-09,2021-10-08,12,12
0001481056,2011-01-18,2011-09-28,2,1
0001481199,2011-03-31,2012-04-16,2,2
0001481218,2011-03-25,2015-04-03,5,5
0001481339,2011-04-20,2015-03-31,5,5
0001481423,2011-02-22,2013-02-07,3,3
0001481427,2010-03-31,2015-04-15,6,6
0001481443,2020-04-23,2021-03-31,2,2
0001481444,2011-03-28,2013-03-29,3,3
0001481504,2011-02-15,2021-10-13,11,10
0001481506,2011-03-02,2013-02-27,3,3
0001481512,2017-03-06,2020-02-27,4,4
0001481582,2011-03-15,2021-02-24,9,9
0001481646,2021-05-07,2021-05-07,1,1
0001481792,2011-03-24,2021-02-24,11,11
0001481832,2012-03-15,2021-03-01,10,10
0001482073,2011-04-21,2013-04-30,3,3
0001482075,2011-02-16,2019-04-16,9,9
0001482080,2014-03-10,2015-03-05,2,2
0001482179,2011-12-29,2013-01-09,2,2
0001482199,2011-03-25,2017-03-15,7,7
0001482278,2011-01-31,2015-02-13,5,5
0001482361,2012-04-03,2015-04-17,4,4
0001482430,2011-03-11,2021-03-12,11,11
0001482512,2011-03-24,2021-02-22,11,11
0001482541,2011-02-28,2021-03-24,11,11
0001482550,2011-04-15,2011-04-15,1,1
0001482554,2011-01-28,2021-10-29,12,11
0001482783,2011-03-28,2014-03-31,4,4
0001482875,2012-03-23,2013-03-26,2,2
0001482876,2012-03-23,2013-03-26,2,2
0001482877,2012-03-23,2013-03-26,2,2
0001482878,2012-03-23,2013-03-26,2,2
0001482879,2012-03-23,2013-03-26,2,2
0001482912,2011-03-31,2021-03-30,11,11
0001482913,2011-03-31,2021-03-30,11,11
0001482974,2011-03-31,2019-03-22,9,9
0001483053,2011-05-17,2011-05-17,1,1
0001483055,2011-05-17,2011-05-17,1,1
0001483057,2011-05-12,2013-01-22,2,2
0001483058,2011-09-28,2011-09-28,1,1
0001483078,2011-02-24,2011-11-14,2,1
0001483096,2011-03-11,2018-02-22,8,8
0001483165,2010-05-27,2010-05-27,1,1
0001483173,2011-03-31,2012-03-29,2,2
0001483195,2010-09-13,2019-08-28,10,10
0001483230,2011-02-01,2013-03-25,3,3
0001483386,2011-03-28,2021-03-01,11,11
0001483496,2011-04-29,2015-11-13,5,5
0001483510,2011-03-22,2021-03-25,11,11
0001483623,2011-05-25,2013-04-15,3,2
0001483646,2017-04-17,2021-04-12,5,5
0001483714,2011-03-30,2011-03-30,1,1
0001483731,2011-03-23,2013-03-29,3,3
0001483798,2012-05-16,2012-05-16,1,1
0001483830,2010-06-25,2016-06-10,7,7
0001483858,2011-03-31,2013-03-29,3,3
0001483935,2011-04-01,2015-04-15,5,5
0001484042,2010-03-31,2012-03-30,3,3
0001484055,2011-04-15,2013-04-30,2,2
0001484275,2010-06-29,2010-06-29,1,1
0001484478,2011-03-18,2014-03-17,4,4
0001484504,2014-03-13,2017-02-24,4,4
0001484565,2015-03-13,2021-03-03,7,7
0001484612,2021-03-22,2021-03-22,1,1
0001484674,2011-05-16,2014-06-19,4,4
0001484769,2013-04-15,2021-03-25,9,9
0001484931,2010-07-29,2013-04-16,3,3
0001484949,2011-03-16,2018-03-07,8,8
0001485001,2011-03-21,2015-03-25,5,5
0001485003,2014-03-31,2021-03-15,8,8
0001485029,2011-03-31,2021-04-14,11,11
0001485074,2011-03-31,2021-03-31,11,11
0001485156,2011-03-25,2014-06-03,4,4
0001485176,2011-03-14,2016-03-04,6,6
0001485469,2011-03-15,2019-02-27,9,9
0001485527,2011-03-30,2015-03-30,5,5
0001485589,2011-03-30,2015-03-27,5,5
0001485594,2014-03-31,2015-04-13,2,2
0001485933,2011-03-31,2014-09-26,4,4
0001485964,2010-12-29,2014-12-12,5,5
0001486018,2011-05-10,2011-05-10,1,1
0001486058,2011-03-18,2014-03-12,4,4
0001486159,2011-03-10,2021-03-08,11,11
0001486279,2011-03-24,2017-03-28,7,7
0001486297,2011-03-31,2013-06-13,3,3
0001486299,2011-03-17,2018-03-28,8,8
0001486315,2011-04-26,2015-05-28,5,5
0001486452,2010-07-06,2011-06-27,2,2
0001486526,2012-03-30,2014-04-15,3,3
0001486597,2011-04-15,2015-05-01,5,5
0001486640,2016-03-14,2018-04-17,3,3
0001486787,2011-08-29,2011-08-29,1,1
0001486788,2011-08-31,2011-08-31,1,1
0001486800,2011-02-24,2016-03-15,6,6
0001486957,2011-03-01,2021-02-22,11,11
0001486993,2011-03-31,2011-03-31,1,1
0001486994,2011-03-31,2011-03-31,1,1
0001486995,2011-03-31,2011-03-31,1,1
0001487008,2011-03-29,2013-03-28,3,3
0001487052,2011-03-03,2019-02-07,9,9
0001487091,2012-04-16,2014-04-15,3,3
0001487101,2011-03-29,2019-03-12,9,9
0001487197,2012-06-25,2021-04-14,10,10
0001487198,2011-04-12,2021-07-13,12,11
0001487202,2011-05-24,2011-05-24,1,1
0001487211,2011-03-28,2014-03-28,4,4
0001487252,2011-06-29,2016-04-27,6,6
0001487347,2011-03-30,2014-03-28,4,4
0001487371,2011-03-14,2021-02-25,11,11
0001487428,2011-03-16,2021-03-02,11,11
0001487439,2011-08-26,2013-10-15,3,3
0001487447,2011-03-30,2012-03-30,2,2
0001487522,2012-04-12,2016-03-25,5,5
0001487544,2011-03-24,2012-02-29,2,2
0001487561,2012-03-30,2017-04-18,6,6
0001487623,2011-03-31,2012-03-30,2,2
0001487659,2011-05-31,2015-11-02,5,5
0001487685,2011-03-25,2014-02-14,4,4
0001487712,2012-03-09,2021-02-22,10,10
0001487718,2011-03-29,2021-09-27,11,10
0001487730,2010-12-14,2017-11-16,8,8
0001487775,2011-12-20,2011-12-20,1,1
0001487782,2011-03-30,2019-03-21,9,9
0001487798,2011-03-01,2021-03-24,11,11
0001487843,2011-06-15,2019-03-01,9,9
0001487906,2011-05-31,2017-02-24,7,6
0001487907,2011-05-31,2011-05-31,1,1
0001487918,2013-03-26,2021-03-05,9,9
0001487920,2011-04-19,2014-02-21,4,4
0001487931,2011-05-17,2021-04-15,11,10
0001487932,2011-05-17,2013-08-02,3,3
0001487933,2011-05-17,2014-07-18,4,4
0001487935,2011-05-31,2011-05-31,1,1
0001487941,2011-03-31,2015-03-30,5,5
0001487952,2011-03-24,2021-03-11,11,11
0001487986,2011-03-28,2018-03-13,8,8
0001487990,2011-08-31,2013-08-29,3,3
0001487997,2011-03-28,2017-04-05,7,7
0001487999,2011-03-10,2013-02-21,3,3
0001488039,2013-03-28,2021-03-31,9,9
0001488075,2011-03-23,2016-03-04,6,6
0001488082,2011-03-28,2015-03-27,6,5
0001488087,2011-03-31,2013-04-15,3,3
0001488112,2011-03-28,2014-03-31,4,4
0001488139,2011-03-31,2021-03-02,11,11
0001488309,2011-02-11,2014-04-15,4,4
0001488366,2011-04-15,2013-11-08,3,3
0001488419,2011-04-15,2021-06-23,11,10
0001488420,2011-03-11,2012-03-30,2,2
0001488438,2011-11-09,2011-11-09,1,1
0001488501,2014-04-15,2017-03-21,3,3
0001488580,2011-05-31,2011-05-31,1,1
0001488591,2012-05-30,2013-02-13,2,2
0001488613,2014-03-07,2018-03-07,5,5
0001488638,2011-04-15,2014-04-02,4,4
0001488813,2012-03-21,2021-03-02,10,10
0001488917,2010-09-28,2021-08-24,12,12
0001488934,2011-06-21,2016-07-14,6,6
0001489024,2011-03-28,2016-02-29,6,6
0001489039,2011-04-11,2014-04-15,4,4
0001489077,2011-03-30,2011-03-30,1,1
0001489096,2011-06-20,2021-05-27,11,11
0001489136,2011-03-31,2019-02-28,9,9
0001489137,2011-03-09,2015-03-16,5,5
0001489175,2011-01-27,2013-01-25,3,3
0001489256,2010-09-20,2014-12-16,5,5
0001489300,2011-05-17,2021-06-01,11,10
0001489367,2012-03-29,2019-03-29,8,8
0001489393,2011-03-18,2021-02-25,11,11
0001489434,2011-03-25,2013-03-29,3,3
0001489588,2011-03-25,2021-03-22,11,11
0001489612,2011-03-31,2013-03-20,3,3
0001489644,2012-05-17,2015-08-10,4,4
0001489744,2011-06-10,2012-08-03,2,2
0001489874,2011-03-31,2021-03-05,11,11
0001489902,2012-03-30,2017-02-10,6,6
0001489955,2011-03-29,2011-03-29,1,1
0001489979,2011-03-22,2016-03-23,6,6
0001490013,2010-09-28,2016-09-28,7,7
0001490017,2011-03-30,2014-03-21,4,4
0001490028,2011-03-24,2016-03-30,6,6
0001490054,2011-08-16,2021-09-15,11,10
0001490161,2011-03-31,2021-03-31,11,11
0001490165,2013-03-08,2016-03-10,4,4
0001490254,2011-03-29,2013-03-21,3,3
0001490281,2012-03-30,2021-02-25,10,10
0001490346,2011-03-31,2013-03-28,3,3
0001490349,2011-12-14,2021-12-20,11,11
0001490381,2011-04-15,2012-05-16,2,2
0001490470,2011-03-30,2014-03-28,4,4
0001490490,2011-07-29,2016-07-29,6,6
0001490626,2012-03-13,2014-03-31,3,3
0001490630,2011-03-18,2020-03-27,10,10
0001490636,2011-03-31,2016-04-01,6,6
0001490653,2011-03-31,2014-03-14,4,4
0001490660,2014-03-03,2016-03-04,3,3
0001490700,2011-04-27,2012-05-29,2,2
0001490711,2011-02-28,2012-04-16,2,2
0001490824,2011-07-14,2013-07-15,3,3
0001490873,2011-05-06,2020-07-07,10,10
0001490892,2011-03-11,2021-02-05,11,11
0001490906,2010-11-29,2021-11-24,12,12
0001490927,2011-03-31,2021-03-15,11,11
0001490930,2012-03-30,2012-03-30,1,1
0001490949,2012-05-30,2017-06-13,6,6
0001490978,2020-03-16,2021-03-04,2,2
0001490983,2011-03-11,2015-04-01,5,5
0001491029,2011-07-29,2012-08-13,2,2
0001491262,2012-03-30,2021-03-31,10,10
0001491323,2011-06-30,2012-06-28,2,2
0001491419,2011-06-23,2021-07-14,11,11
0001491471,2011-03-15,2015-04-10,5,5
0001491479,2011-03-31,2013-03-19,3,3
0001491487,2012-04-02,2021-03-31,10,10
0001491501,2012-02-21,2013-02-19,2,2
0001491525,2011-05-16,2018-09-26,7,7
0001491576,2013-02-20,2018-02-28,6,6
0001491675,2011-02-14,2016-02-11,6,6
0001491692,2011-03-28,2014-03-31,4,4
0001491707,2011-06-27,2013-06-24,3,3
0001491778,2012-03-15,2017-02-21,6,6
0001491826,2011-01-28,2011-01-28,1,1
0001491828,2011-01-28,2011-01-28,1,1
0001491829,2011-01-28,2021-06-25,11,10
0001491830,2011-01-28,2014-01-17,4,3
0001491831,2011-01-28,2012-02-09,2,2
0001491925,2012-03-07,2014-03-05,3,3
0001491959,2013-09-12,2013-09-12,1,1
0001492052,2012-01-10,2014-02-05,3,3
0001492091,2013-04-01,2021-04-15,10,9
0001492093,2011-03-31,2015-03-30,5,5
0001492116,2011-06-07,2013-07-29,3,3
0001492135,2011-08-29,2012-08-24,2,2
0001492151,2011-03-31,2017-09-07,7,7
0001492168,2011-08-03,2011-08-03,1,1
0001492298,2011-03-03,2021-02-22,11,11
0001492323,2014-02-27,2015-03-02,2,2
0001492324,2011-06-28,2013-06-25,3,3
0001492422,2018-03-19,2021-02-25,4,4
0001492426,2012-03-23,2021-02-24,10,10
0001492448,2011-08-10,2020-08-13,4,4
0001492459,2011-03-30,2012-02-15,2,2
0001492541,2011-08-09,2013-07-19,3,3
0001492617,2010-11-30,2021-12-29,6,5
0001492632,2011-03-28,2021-03-26,11,11
0001492633,2011-03-01,2021-02-25,11,11
0001492658,2011-03-14,2020-02-24,10,10
0001492674,2015-03-04,2021-03-31,7,7
0001492683,2011-07-14,2012-07-19,2,2
0001492691,2011-03-30,2021-02-25,11,11
0001492832,2013-03-15,2014-03-17,2,2
0001492850,2012-02-13,2014-05-08,3,3
0001492869,2011-03-11,2021-02-26,11,11
0001492915,2010-12-23,2021-03-31,8,8
0001493006,2011-03-29,2013-03-26,3,3
0001493040,2011-07-29,2015-08-13,5,5
0001493109,2013-04-01,2015-04-15,3,3
0001493137,2012-03-16,2021-03-31,10,10
0001493144,2011-03-02,2014-02-14,4,4
0001493174,2011-08-29,2017-09-13,7,7
0001493182,2011-03-29,2014-02-28,4,4
0001493212,2011-06-14,2020-04-10,9,7
0001493225,2011-03-31,2021-03-10,10,10
0001493265,2011-09-07,2013-10-15,3,3
0001493491,2011-03-31,2015-03-13,5,5
0001493526,2011-03-31,2019-02-19,8,8
0001493552,2012-03-30,2015-03-19,4,4
0001493563,2012-03-01,2016-04-14,6,5
0001493566,2015-03-18,2021-02-11,7,7
0001493587,2011-05-02,2012-04-16,2,2
0001493594,2012-11-28,2021-11-15,10,10
0001493611,2011-03-18,2021-03-30,11,11
0001493712,2011-09-21,2021-08-30,11,11
0001493761,2010-12-08,2021-03-04,11,11
0001493893,2011-04-14,2017-04-18,7,7
0001493927,2012-03-30,2013-03-29,2,2
0001493976,2011-02-11,2021-02-12,11,11
0001494121,2011-03-28,2013-03-27,3,3
0001494162,2012-03-26,2020-10-07,9,9
0001494186,2011-03-28,2012-03-28,2,2
0001494214,2011-04-15,2014-11-13,4,4
0001494259,2018-03-01,2021-02-12,4,4
0001494319,2016-03-03,2021-02-25,6,6
0001494387,2011-03-28,2014-03-28,4,4
0001494413,2011-03-29,2021-03-29,11,11
0001494448,2011-03-31,2020-03-13,10,10
0001494473,2012-03-20,2012-03-20,1,1
0001494502,2011-03-28,2012-04-16,2,2
0001494538,2012-03-16,2018-03-14,7,7
0001494562,2012-09-27,2012-09-27,1,1
0001494582,2013-04-12,2021-03-29,9,9
0001494650,2018-03-13,2021-03-03,4,4
0001494722,2011-08-15,2016-04-14,6,5
0001494809,2011-08-15,2017-09-13,7,7
0001494877,2011-02-25,2021-03-01,11,11
0001494891,2017-03-10,2021-03-05,5,5
0001494904,2011-03-16,2021-03-12,11,11
0001495028,2012-03-30,2015-03-31,4,4
0001495191,2011-06-14,2012-06-28,2,2
0001495216,2011-03-29,2020-03-27,10,10
0001495220,2011-05-25,2015-05-22,5,5
0001495229,2012-11-29,2012-11-29,1,1
0001495230,2011-04-15,2014-04-15,4,4
0001495231,2012-03-28,2021-03-30,10,10
0001495240,2013-03-27,2021-02-24,9,9
0001495320,2011-04-01,2021-03-30,11,11
0001495479,2011-02-17,2018-03-15,8,8
0001495491,2014-02-25,2021-02-24,8,8
0001495536,2012-03-26,2018-04-16,7,7
0001495569,2011-02-18,2012-02-17,2,2
0001495584,2012-03-21,2021-03-30,10,10
0001495648,2011-08-25,2018-09-14,7,7
0001495850,2011-09-09,2014-10-14,4,4
0001495898,2011-03-14,2012-03-30,2,2
0001495899,2011-03-14,2016-09-15,6,6
0001495900,2011-03-14,2013-02-20,3,3
0001495925,2011-03-15,2014-03-14,4,4
0001495932,2011-09-29,2021-03-11,11,11
0001496048,2011-03-08,2021-02-26,11,11
0001496099,2012-03-07,2021-02-24,10,10
0001496139,2012-11-20,2015-10-13,4,4
0001496264,2015-08-14,2021-02-22,7,7
0001496268,2011-03-30,2018-03-07,8,8
0001496323,2020-03-26,2021-03-30,2,2
0001496337,2012-03-07,2015-03-02,4,4
0001496383,2011-08-15,2012-08-15,2,2
0001496443,2011-04-01,2021-03-26,11,11
0001496454,2012-02-10,2021-03-15,10,10
0001496572,2011-03-29,2013-03-21,3,3
0001496623,2011-03-02,2013-02-22,3,3
0001496631,2014-03-31,2016-08-25,3,3
0001496646,2014-09-12,2014-09-12,1,1
0001496671,2015-03-27,2021-03-16,7,7
0001496690,2011-06-14,2021-06-21,2,2
0001496712,2011-03-31,2015-03-30,5,5
0001496741,2011-09-21,2016-08-04,6,6
0001496818,2011-10-12,2019-08-30,9,9
0001496819,2011-10-12,2016-05-05,6,6
0001496868,2011-09-28,2011-09-28,1,1
0001497031,2011-09-29,2011-09-29,1,1
0001497033,2011-09-28,2016-09-19,6,6
0001497046,2011-09-14,2014-10-15,4,4
0001497055,2012-07-13,2017-08-28,6,6
0001497074,2011-11-03,2014-12-19,4,4
0001497120,2011-04-11,2013-04-01,3,3
0001497126,2011-10-31,2012-09-19,2,2
0001497130,2011-10-13,2017-05-05,6,6
0001497165,2011-10-12,2014-10-17,4,3
0001497188,2011-04-29,2016-04-08,6,6
0001497246,2011-08-01,2012-08-14,2,2
0001497251,2012-01-12,2018-05-22,8,6
0001497253,2011-10-13,2021-06-15,11,10
0001497275,2011-03-31,2018-02-23,8,8
0001497316,2011-09-22,2015-10-19,5,5
0001497421,2011-09-07,2013-04-16,3,3
0001497504,2015-03-23,2021-03-12,7,7
0001497572,2011-10-13,2014-11-03,4,4
0001497612,2011-03-31,2013-02-26,3,3
0001497613,2011-03-30,2014-03-21,4,4
0001497632,2011-03-31,2014-03-31,4,4
0001497644,2011-03-31,2013-04-16,3,3
0001497645,2011-03-31,2021-02-26,11,11
0001497647,2011-03-31,2017-10-05,6,6
0001497649,2011-12-30,2021-02-17,10,9
0001497693,2011-03-29,2014-03-27,4,4
0001497764,2012-03-14,2014-08-08,3,2
0001497770,2011-03-30,2021-02-25,11,11
0001497814,2011-10-13,2012-09-28,2,2
0001497822,2011-06-20,2012-06-08,2,2
0001497843,2011-09-02,2011-09-02,1,1
0001497916,2011-06-29,2013-07-15,3,3
0001497917,2011-07-14,2012-06-29,2,2
0001497918,2011-06-27,2014-07-01,4,4
0001497919,2011-06-27,2012-06-29,2,2
0001497920,2011-06-27,2011-06-27,1,1
0001498021,2011-03-11,2016-02-26,6,6
0001498046,2011-11-14,2012-11-06,2,2
0001498067,2011-03-22,2021-04-15,11,11
0001498068,2017-03-08,2020-03-16,4,4
0001498122,2011-09-28,2019-04-16,9,9
0001498148,2011-05-31,2021-06-01,12,11
0001498157,2011-03-31,2012-03-15,2,2
0001498210,2012-10-09,2015-03-04,4,3
0001498232,2011-06-29,2021-09-20,6,6
0001498233,2011-06-29,2021-07-19,3,3
0001498234,2011-06-29,2012-06-26,2,2
0001498284,2011-04-15,2017-07-03,7,5
0001498286,2011-04-15,2012-03-30,2,2
0001498291,2013-02-12,2021-03-24,8,8
0001498301,2011-09-28,2020-12-11,10,10
0001498311,2011-03-24,2019-03-22,9,9
0001498325,2011-03-15,2014-03-25,4,4
0001498352,2011-12-09,2011-12-09,1,1
0001498372,2011-10-13,2015-03-31,5,5
0001498380,2011-03-09,2019-04-03,9,9
0001498382,2011-09-28,2021-09-28,11,10
0001498388,2011-06-29,2014-11-21,4,4
0001498398,2011-06-29,2011-06-29,1,1
0001498522,2012-04-16,2014-04-14,3,3
0001498542,2012-03-30,2021-03-31,10,10
0001498547,2013-03-29,2021-03-31,9,9
0001498622,2011-09-27,2014-11-13,4,4
0001498624,2011-03-28,2014-03-28,4,4
0001498672,2011-03-28,2014-03-31,4,4
0001498673,2011-03-30,2015-03-24,5,5
0001498710,2012-02-23,2021-02-10,10,10
0001498828,2011-04-08,2021-02-25,11,11
0001498864,2012-03-13,2016-03-04,5,5
0001499034,2011-09-27,2012-09-28,2,2
0001499197,2011-03-29,2013-04-11,3,3
0001499200,2014-02-21,2021-02-24,8,8
0001499268,2011-03-31,2016-03-23,6,6
0001499274,2011-11-01,2014-11-14,4,4
0001499275,2011-11-03,2013-11-13,3,3
0001499319,2011-09-29,2011-09-29,1,1
0001499320,2011-09-29,2011-09-29,1,1
0001499321,2011-09-29,2011-09-29,1,1
0001499323,2011-09-29,2011-09-29,1,1
0001499324,2011-09-29,2011-09-29,1,1
0001499325,2011-09-28,2011-09-28,1,1
0001499326,2011-09-28,2011-09-28,1,1
0001499327,2011-09-28,2011-09-28,1,1
0001499355,2011-04-13,2011-04-13,1,1
0001499357,2011-03-28,2021-03-26,11,11
0001499361,2011-08-04,2016-11-25,6,6
0001499422,2018-03-30,2021-03-09,4,4
0001499453,2019-03-15,2021-03-05,3,3
0001499467,2011-07-29,2012-07-30,2,2
0001499482,2011-03-31,2012-02-29,2,2
0001499501,2011-04-15,2013-05-20,3,3
0001499548,2011-06-30,2013-06-28,3,3
0001499573,2013-04-16,2019-04-16,7,7
0001499618,2011-03-31,2013-04-16,3,3
0001499684,2011-12-08,2021-09-23,11,10
0001499686,2012-03-14,2015-02-26,4,4
0001499717,2011-08-17,2021-04-16,11,11
0001499735,2011-09-27,2013-10-31,3,3
0001499785,2011-03-30,2021-02-17,11,11
0001499790,2012-07-17,2015-07-15,4,4
0001499807,2015-03-18,2018-03-01,4,4
0001499832,2015-03-16,2021-03-16,7,7
0001499855,2011-10-14,2011-10-14,1,1
0001499871,2011-11-22,2013-12-13,3,3
0001499875,2012-02-29,2014-02-26,3,3
0001499912,2011-03-31,2017-03-20,7,7
0001499961,2012-03-30,2021-12-29,11,10
0001500122,2012-03-27,2021-07-13,11,10
0001500123,2012-03-14,2021-01-12,7,7
0001500157,2011-03-08,2015-03-04,5,5
0001500198,2012-03-28,2021-12-15,11,10
0001500213,2011-03-28,2019-03-19,9,9
0001500217,2011-03-30,2021-02-16,11,11
0001500242,2011-12-14,2018-12-07,8,7
0001500305,2013-02-08,2021-12-13,10,8
0001500341,2011-12-20,2014-04-01,3,3
0001500365,2011-10-31,2012-10-23,2,2
0001500366,2011-10-31,2014-03-14,4,4
0001500367,2011-10-31,2011-10-31,1,1
0001500375,2011-09-27,2021-09-28,11,11
0001500435,2015-02-20,2021-02-12,7,7
0001500497,2012-03-29,2015-04-15,4,4
0001500554,2012-02-21,2016-03-11,5,5
0001500581,2011-03-31,2012-03-30,2,2
0001500711,2011-03-18,2015-03-25,5,5
0001500768,2011-04-08,2011-04-08,1,1
0001500836,2011-03-31,2017-03-31,7,7
0001500837,2011-04-14,2017-03-30,7,7
0001500861,2011-03-01,2020-08-13,10,10
0001500894,2012-01-13,2012-01-13,1,1
0001500904,2011-12-15,2015-04-15,5,5
0001501017,2011-04-15,2012-04-13,2,2
0001501078,2011-09-28,2021-09-21,11,11
0001501112,2011-12-27,2015-12-16,5,4
0001501134,2015-03-30,2021-02-26,7,7
0001501162,2012-04-25,2014-06-13,3,3
0001501225,2011-03-14,2014-12-16,4,4
0001501257,2014-04-14,2019-07-24,6,6
0001501258,2011-03-28,2015-03-31,5,5
0001501268,2013-04-12,2019-04-16,7,7
0001501331,2011-03-31,2014-03-31,4,4
0001501350,2011-12-29,2015-12-24,5,5
0001501364,2011-03-10,2019-02-28,9,9
0001501489,2012-03-30,2016-04-14,5,5
0001501570,2015-03-27,2021-02-26,7,7
0001501585,2012-03-29,2021-02-11,10,10
0001501697,2018-03-09,2021-03-19,4,4
0001501720,2012-03-30,2017-03-31,6,6
0001501729,2012-03-30,2021-03-10,10,10
0001501732,2012-04-17,2012-04-17,1,1
0001501745,2012-02-29,2015-03-31,4,4
0001501756,2015-03-05,2021-03-01,7,7
0001501794,2011-03-25,2013-01-28,3,3
0001501804,2012-04-05,2012-04-05,1,1
0001501845,2012-01-13,2014-12-31,4,3
0001501862,2012-03-30,2021-04-15,10,9
0001501891,2011-03-29,2013-03-21,3,3
0001501919,2011-04-14,2014-04-08,4,4
0001501958,2011-11-15,2019-01-10,8,6
0001501972,2011-04-14,2015-05-12,5,5
0001501989,2016-03-07,2021-02-24,6,6
0001502012,2011-05-04,2014-03-03,4,4
0001502034,2012-02-27,2020-03-25,9,9
0001502101,2011-03-24,2012-03-29,2,2
0001502152,2011-12-29,2020-12-03,10,9
0001502169,2011-03-30,2012-03-23,2,2
0001502292,2016-03-15,2021-03-11,6,6
0001502377,2011-09-19,2021-08-31,11,11
0001502519,2012-03-30,2020-03-16,9,9
0001502555,2011-10-13,2018-10-26,7,6
0001502557,2011-12-06,2021-01-13,10,7
0001502628,2013-03-25,2014-02-18,2,2
0001502629,2013-03-25,2016-04-14,4,4
0001502630,2013-03-25,2016-04-14,4,4
0001502638,2011-03-30,2011-03-30,1,1
0001502656,2011-03-30,2012-03-30,2,2
0001502658,2011-03-30,2011-03-30,1,1
0001502659,2011-03-30,2018-08-15,8,8
0001502747,2013-03-25,2013-03-25,1,1
0001502749,2013-03-15,2017-02-17,5,5
0001502756,2011-09-09,2019-09-04,9,9
0001502772,2011-10-31,2013-11-04,3,3
0001502774,2011-12-29,2014-04-14,3,3
0001502777,2011-11-29,2012-12-14,2,2
0001502952,2011-11-29,2013-12-16,3,3
0001502966,2011-12-29,2021-12-29,11,8
0001503063,2011-03-30,2014-03-28,4,4
0001503161,2012-02-16,2019-01-10,8,7
0001503227,2011-10-07,2016-12-14,6,5
0001503274,2018-03-19,2021-03-05,4,4
0001503401,2011-06-29,2013-06-24,3,3
0001503455,2014-12-16,2017-03-28,5,4
0001503458,2014-04-15,2019-04-16,6,6
0001503467,2011-07-25,2012-06-28,2,2
0001503518,2011-03-11,2016-08-23,6,6
0001503538,2012-01-12,2017-03-30,5,4
0001503579,2011-03-31,2017-03-08,7,7
0001503636,2012-05-15,2013-08-15,2,2
0001503658,2013-07-10,2021-03-22,9,8
0001503671,2011-03-31,2012-03-30,2,2
0001503697,2011-06-27,2013-06-24,3,3
0001503707,2013-03-15,2021-03-23,9,9
0001503802,2014-03-21,2021-02-24,8,8
0001503813,2012-03-29,2012-03-29,1,1
0001503828,2012-02-29,2012-02-29,1,1
0001503985,2011-12-02,2017-04-17,6,6
0001503993,2012-03-30,2013-04-01,2,2
0001504008,2011-03-31,2021-02-26,11,11
0001504167,2012-01-13,2021-03-23,12,10
0001504222,2011-10-14,2015-11-18,5,4
0001504239,2011-11-10,2015-11-20,5,5
0001504307,2012-04-18,2012-04-18,1,1
0001504388,2012-01-31,2015-02-13,4,4
0001504389,2012-07-11,2018-07-17,7,7
0001504461,2011-06-29,2021-06-03,11,11
0001504464,2012-11-02,2016-07-15,4,4
0001504496,2011-05-25,2015-05-22,5,5
0001504615,2011-03-31,2015-03-30,5,5
0001504619,2011-11-17,2021-11-17,11,11
0001504678,2012-01-13,2021-06-01,10,9
0001504735,2011-03-31,2012-03-15,2,2
0001504747,2011-03-31,2016-03-15,6,5
0001504773,2011-03-28,2014-03-28,4,4
0001504875,2012-01-13,2012-11-13,2,1
0001504876,2012-01-13,2018-01-16,7,7
0001504877,2012-01-13,2012-11-13,2,1
0001504886,2012-03-30,2018-03-28,7,7
0001504912,2011-12-21,2013-12-27,3,3
0001504937,2012-02-03,2014-03-27,3,3
0001504994,2011-03-24,2012-03-29,2,2
0001504999,2011-03-29,2014-03-27,4,4
0001505124,2012-03-14,2015-03-17,4,4
0001505155,2015-03-31,2021-02-25,7,7
0001505361,2011-10-06,2012-10-26,2,2
0001505362,2011-10-06,2012-10-26,2,2
0001505363,2011-10-06,2012-10-26,2,2
0001505364,2011-10-06,2013-10-15,3,3
0001505365,2011-03-28,2014-03-31,4,4
0001505366,2011-10-06,2013-10-15,3,3
0001505367,2011-10-06,2018-10-15,8,8
0001505368,2011-10-06,2012-10-26,2,2
0001505369,2011-10-06,2012-10-26,2,2
0001505370,2011-10-06,2012-10-26,2,2
0001505371,2011-10-06,2012-10-26,2,2
0001505413,2012-03-30,2021-03-16,10,10
0001505497,2012-04-16,2021-04-30,10,9
0001505512,2013-02-19,2021-03-09,9,9
0001505611,2012-03-30,2015-03-18,4,4
0001505689,2011-03-29,2014-03-26,4,4
0001505732,2015-03-16,2021-03-10,7,7
0001505823,2011-12-22,2014-12-15,4,4
0001505890,2011-03-24,2020-03-31,10,10
0001505892,2011-03-28,2016-03-30,6,6
0001505952,2019-04-15,2021-04-01,3,3
0001505966,2012-02-24,2016-04-26,5,5
0001506215,2012-04-02,2013-04-11,2,2
0001506251,2012-01-13,2021-12-15,11,10
0001506270,2011-12-27,2017-04-14,7,7
0001506293,2020-02-07,2021-02-05,2,2
0001506295,2012-03-05,2015-06-16,4,4
0001506302,2012-03-29,2012-03-29,1,1
0001506307,2011-03-02,2021-02-05,11,11
0001506325,2014-06-13,2015-04-13,2,2
0001506374,2015-04-15,2016-04-14,2,2
0001506385,2012-01-13,2015-03-31,5,4
0001506401,2015-03-18,2019-02-27,5,5
0001506439,2011-03-31,2021-03-30,11,11
0001506481,2012-03-09,2015-01-29,4,4
0001506492,2012-03-23,2021-03-25,10,10
0001506503,2013-03-13,2016-05-19,4,4
0001506522,2011-12-16,2013-02-14,2,2
0001506545,2015-03-27,2015-03-27,1,1
0001506546,2012-03-30,2014-03-31,3,3
0001506742,2013-02-12,2019-04-01,8,7
0001506744,2012-03-09,2012-03-09,1,1
0001506814,2012-06-14,2017-04-17,6,6
0001506928,2015-03-27,2021-03-11,7,7
0001506929,2011-09-28,2021-11-12,11,11
0001506932,2012-03-23,2013-03-14,2,2
0001506983,2012-03-14,2021-04-13,10,10
0001507079,2018-03-05,2021-02-25,4,4
0001507103,2012-01-20,2012-01-20,1,1
0001507149,2011-03-28,2015-03-30,5,5
0001507181,2012-07-02,2020-07-02,9,9
0001507196,2013-01-14,2014-02-27,2,2
0001507277,2011-03-31,2017-03-10,7,7
0001507385,2012-03-19,2021-02-24,10,10
0001507563,2014-03-20,2021-02-25,8,8
0001507565,2011-03-24,2012-03-29,2,2
0001507571,2012-03-30,2013-03-28,2,2
0001507605,2011-12-14,2021-03-16,10,10
0001507615,2012-02-29,2019-02-28,8,8
0001507718,2012-02-28,2014-02-12,3,3
0001507858,2011-12-29,2011-12-29,1,1
0001507881,2012-03-30,2016-04-14,5,5
0001507934,2012-02-23,2016-02-25,5,5
0001507951,2012-03-15,2012-03-15,1,1
0001507957,2014-03-28,2021-03-26,8,8
0001507964,2015-08-26,2021-08-09,7,7
0001507986,2011-12-29,2018-03-28,8,7
0001508128,2013-05-31,2014-06-13,2,2
0001508171,2012-02-22,2021-02-24,10,10
0001508262,2012-03-22,2013-04-16,2,2
0001508332,2012-03-28,2014-03-28,3,3
0001508348,2013-12-30,2021-12-06,9,7
0001508363,2011-12-20,2013-02-14,2,2
0001508381,2012-04-11,2021-06-24,12,10
0001508470,2012-03-29,2013-03-25,2,2
0001508594,2011-12-19,2014-11-18,4,4
0001508655,2012-03-22,2021-02-17,10,10
0001508677,2012-02-24,2014-03-20,3,3
0001508786,2012-12-19,2016-02-24,4,4
0001508933,2012-01-13,2012-01-13,1,1
0001509190,2014-03-26,2019-03-13,6,6
0001509228,2012-03-26,2021-03-24,10,10
0001509261,2011-09-22,2021-09-15,11,11
0001509273,2012-02-29,2015-02-20,4,4
0001509307,2012-03-29,2012-03-29,1,1
0001509333,2012-03-28,2015-03-24,4,4
0001509351,2012-04-02,2015-04-14,4,4
0001509432,2012-03-26,2018-03-05,7,7
0001509470,2012-03-13,2021-03-12,10,10
0001509477,2012-01-31,2018-04-17,8,7
0001509570,2016-02-19,2021-02-16,6,6
0001509589,2012-03-22,2021-02-17,10,10
0001509692,2012-01-30,2016-02-16,5,5
0001509745,2017-03-31,2021-03-12,5,5
0001509786,2012-01-13,2021-01-08,10,9
0001509879,2012-03-20,2018-11-09,7,7
0001509892,2014-03-13,2020-03-16,7,7
0001509957,2017-04-10,2021-04-14,5,5
0001509991,2012-03-01,2021-02-23,10,10
0001510030,2012-04-16,2012-04-16,1,1
0001510079,2012-03-29,2016-03-30,5,5
0001510130,2012-03-14,2014-05-16,3,3
0001510247,2012-03-15,2021-04-15,10,10
0001510295,2012-02-29,2021-02-26,10,10
0001510326,2012-09-24,2013-09-18,2,2
0001510333,2013-07-19,2016-07-21,4,4
0001510487,2019-03-19,2020-03-10,2,2
0001510489,2011-10-13,2011-10-13,1,1
0001510518,2013-01-14,2021-01-13,4,4
0001510524,2012-04-13,2013-04-16,2,2
0001510580,2015-03-26,2017-02-28,3,3
0001510775,2012-05-30,2013-04-16,2,2
0001510832,2012-03-14,2021-09-03,6,6
0001510839,2012-03-29,2012-03-29,1,1
0001510871,2012-03-29,2013-04-01,2,2
0001510872,2012-03-30,2021-03-30,10,10
0001510873,2012-03-30,2021-03-30,10,10
0001510874,2012-03-30,2021-03-30,10,10
0001510890,2012-03-29,2015-03-31,4,4
0001510891,2012-04-16,2017-04-21,6,6
0001510949,2012-03-08,2017-06-16,6,5
0001510961,2012-03-28,2013-02-14,2,2
0001510962,2012-03-28,2013-02-14,2,2
0001510963,2013-04-12,2016-10-04,4,2
0001510964,2012-04-10,2021-03-19,10,10
0001510976,2012-03-12,2014-05-09,3,3
0001511040,2012-03-22,2015-03-18,4,4
0001511071,2011-12-28,2018-04-10,8,8
0001511103,2012-03-27,2014-03-28,3,3
0001511139,2012-03-27,2015-03-31,4,4
0001511159,2013-04-16,2014-04-15,2,2
0001511161,2013-03-26,2019-05-10,7,6
0001511198,2012-03-28,2018-03-09,7,7
0001511261,2011-12-08,2016-01-28,5,5
0001511325,2012-01-11,2013-12-31,3,2
0001511337,2012-03-08,2021-02-26,10,10
0001511367,2013-03-22,2013-03-22,1,1
0001511447,2012-03-30,2012-03-30,1,1
0001511618,2012-04-16,2014-04-14,3,3
0001511648,2012-03-06,2013-04-01,2,2
0001511735,2012-09-13,2017-07-27,6,6
0001511737,2012-09-28,2021-08-27,10,10
0001511800,2012-04-05,2013-04-11,2,2
0001511820,2013-12-16,2020-12-14,8,8
0001511861,2012-03-30,2015-03-30,4,4
0001511863,2012-03-30,2012-03-30,1,1
0001511967,2012-03-19,2013-03-27,2,2
0001512074,2012-03-22,2018-04-04,7,7
0001512077,2012-03-28,2020-05-15,9,9
0001512138,2015-02-18,2017-03-22,3,3
0001512228,2017-08-29,2021-09-08,5,5
0001512369,2012-02-24,2014-03-20,3,3
0001512499,2014-03-06,2021-03-12,8,8
0001512574,2011-12-29,2011-12-29,1,1
0001512673,2016-03-10,2021-02-23,6,6
0001512693,2012-03-26,2014-09-11,2,2
0001512762,2015-03-23,2021-02-25,7,7
0001512787,2012-03-30,2015-04-15,4,4
0001512886,2012-05-10,2021-05-17,10,10
0001512890,2012-04-11,2017-04-14,6,6
0001512922,2012-07-16,2021-06-29,10,9
0001512927,2012-09-28,2021-03-25,10,10
0001512931,2013-03-08,2021-03-02,9,9
0001512970,2011-06-27,2014-06-16,4,4
0001512983,2012-05-07,2014-05-09,3,3
0001513080,2012-03-23,2012-03-23,1,1
0001513153,2012-03-06,2015-03-04,4,4
0001513161,2013-02-07,2015-04-06,3,3
0001513363,2012-03-08,2021-02-25,10,10
0001513403,2012-03-13,2019-04-15,8,8
0001513514,2012-02-17,2014-02-27,3,3
0001513525,2019-02-19,2021-03-22,3,3
0001513761,2013-02-20,2021-02-26,9,9
0001513818,2015-03-06,2021-03-16,7,7
0001513856,2012-04-26,2020-03-13,9,9
0001513965,2012-03-19,2019-04-01,8,8
0001513971,2012-03-30,2015-03-31,4,4
0001514027,2012-03-30,2014-03-28,3,3
0001514056,2012-04-16,2021-03-22,10,10
0001514082,2012-03-29,2014-03-27,3,3
0001514113,2013-10-15,2020-02-10,4,4
0001514128,2012-03-01,2017-02-28,6,6
0001514131,2013-09-27,2017-09-26,5,5
0001514149,2012-03-28,2012-03-28,1,1
0001514183,2012-01-26,2021-03-29,10,10
0001514226,2012-04-09,2019-03-19,8,8
0001514242,2015-08-27,2015-08-27,1,1
0001514281,2012-03-19,2021-02-23,10,10
0001514324,2013-02-13,2017-02-17,5,4
0001514370,2012-05-25,2012-05-25,1,1
0001514371,2012-05-25,2012-05-25,1,1
0001514372,2012-05-25,2012-05-25,1,1
0001514373,2012-05-25,2012-05-25,1,1
0001514403,2012-05-25,2012-05-25,1,1
0001514404,2012-05-25,2012-05-25,1,1
0001514416,2018-02-26,2021-03-01,4,4
0001514418,2012-03-21,2015-04-10,4,4
0001514443,2012-04-16,2021-06-14,4,4
0001514514,2012-02-21,2016-03-30,5,5
0001514608,2012-03-30,2013-04-01,2,2
0001514682,2012-03-30,2014-04-15,4,3
0001514705,2012-02-29,2021-02-25,10,10
0001514732,2012-04-12,2020-04-14,9,9
0001514743,2011-09-28,2021-09-15,11,11
0001514773,2012-05-29,2015-05-22,4,4
0001514888,2012-03-19,2017-05-08,6,5
0001514946,2012-04-16,2021-04-15,10,10
0001514991,2012-03-15,2021-02-26,10,10
0001514993,2014-03-31,2014-03-31,1,1
0001514994,2014-05-02,2017-09-29,4,4
0001515003,2011-12-08,2016-12-14,6,6
0001515069,2012-03-09,2016-03-08,5,5
0001515114,2012-07-16,2015-07-14,4,4
0001515115,2012-06-13,2016-04-01,5,5
0001515139,2012-05-08,2021-03-31,10,10
0001515156,2016-02-29,2021-03-10,7,6
0001515173,2012-03-07,2014-03-05,3,3
0001515250,2012-05-07,2013-04-15,2,2
0001515275,2012-07-13,2014-07-15,3,3
0001515317,2012-03-30,2021-04-15,10,10
0001515319,2012-05-17,2017-04-17,6,6
0001515353,2012-03-29,2015-08-03,4,4
0001515382,2012-03-26,2014-03-21,3,3
0001515620,2012-04-17,2012-04-17,1,1
0001515635,2012-02-29,2015-05-14,4,4
0001515673,2014-03-24,2021-02-12,8,8
0001515718,2012-04-09,2016-10-13,6,5
0001515740,2012-03-23,2020-05-15,9,9
0001515800,2012-05-22,2012-05-22,1,1
0001515816,2012-03-28,2021-02-26,9,9
0001515966,2014-03-31,2014-03-31,1,1
0001515980,2012-03-08,2016-03-04,5,5
0001516007,2012-03-15,2014-02-25,3,3
0001516079,2012-06-11,2019-06-12,8,8
0001516332,2012-02-16,2015-04-13,4,4
0001516386,2012-02-29,2012-02-29,1,1
0001516479,2014-03-05,2019-03-13,6,6
0001516522,2012-03-29,2015-04-15,4,4
0001516551,2014-01-27,2021-03-02,8,8
0001516559,2012-03-23,2019-08-22,7,7
0001516580,2012-09-07,2012-09-07,1,1
0001516805,2012-04-02,2021-01-14,9,9
0001516887,2011-12-13,2021-02-08,10,10
0001516912,2019-02-28,2021-03-02,3,3
0001516973,2012-02-21,2018-02-27,7,7
0001517006,2021-03-29,2021-03-29,1,1
0001517007,2012-03-30,2015-03-19,4,4
0001517008,2012-03-30,2012-03-30,1,1
0001517022,2015-03-04,2021-02-25,7,7
0001517112,2012-03-26,2013-03-27,2,2
0001517130,2012-03-30,2021-10-13,10,10
0001517134,2012-03-29,2015-03-31,4,4
0001517175,2012-03-29,2021-02-23,10,10
0001517224,2012-03-30,2014-03-21,3,3
0001517228,2014-02-20,2021-02-17,8,8
0001517248,2012-04-16,2013-04-15,2,2
0001517302,2014-02-26,2021-02-23,8,8
0001517342,2020-03-12,2020-03-12,1,1
0001517375,2020-02-28,2021-02-24,2,2
0001517389,2012-05-08,2021-05-07,10,10
0001517391,2012-04-02,2013-04-16,2,2
0001517393,2012-12-12,2014-12-17,3,3
0001517401,2015-07-27,2019-06-28,5,5
0001517413,2020-03-04,2021-03-01,2,2
0001517498,2014-03-21,2021-03-30,8,7
0001517526,2012-05-22,2012-05-22,1,1
0001517577,2012-01-27,2012-01-27,1,1
0001517591,2012-02-22,2012-02-22,1,1
0001517598,2012-06-28,2015-06-26,4,4
0001517650,2012-03-15,2016-02-29,5,5
0001517653,2012-05-15,2013-05-16,2,2
0001517677,2012-03-30,2013-03-20,2,2
0001517681,2012-10-15,2021-09-28,10,10
0001517687,2012-03-09,2012-03-09,1,1
0001517709,2012-06-15,2013-06-24,2,2
0001517771,2012-01-26,2014-01-24,3,3
0001517783,2012-03-27,2013-03-14,2,2
0001517956,2015-05-01,2015-05-01,1,1
0001517990,2012-05-08,2013-07-10,2,2
0001517992,2012-06-28,2014-07-16,3,3
0001518041,2013-02-19,2014-07-15,3,2
0001518171,2012-06-07,2020-05-28,9,8
0001518222,2012-03-12,2017-03-22,6,6
0001518238,2012-07-11,2016-04-11,5,4
0001518336,2015-05-04,2021-04-15,10,7
0001518339,2012-02-28,2021-02-18,10,10
0001518380,2012-06-14,2017-07-14,6,5
0001518401,2012-03-29,2014-03-28,3,3
0001518403,2012-03-29,2019-05-17,8,8
0001518461,2012-04-16,2021-03-31,10,10
0001518487,2012-06-29,2018-08-29,7,7
0001518505,2012-03-30,2015-03-30,4,4
0001518520,2013-04-01,2019-04-12,7,7
0001518548,2012-07-24,2017-03-24,5,5
0001518587,2013-03-05,2020-03-18,8,8
0001518621,2013-03-22,2021-02-26,9,9
0001518715,2012-03-30,2021-03-12,10,10
0001518720,2012-07-13,2021-04-15,10,9
0001518727,2012-03-28,2015-03-24,4,4
0001518749,2012-03-21,2013-03-18,2,2
0001518832,2012-02-28,2020-02-28,9,9
0001518904,2012-03-30,2015-03-30,4,4
0001518909,2012-03-26,2014-03-31,3,3
0001518964,2012-11-13,2012-11-13,1,1
0001518985,2013-01-14,2018-01-16,6,5
0001519061,2015-03-10,2021-02-22,7,7
0001519117,2012-02-03,2021-03-30,10,10
0001519120,2012-03-14,2015-02-26,4,4
0001519177,2012-06-28,2021-03-31,3,3
0001519401,2013-03-18,2021-02-25,9,9
0001519405,2012-01-13,2019-03-11,9,8
0001519427,2012-03-29,2014-03-27,3,3
0001519450,2014-08-08,2014-08-08,1,1
0001519534,2012-06-28,2013-08-15,2,2
0001519625,2012-03-15,2014-03-12,3,3
0001519632,2012-03-27,2015-03-04,4,4
0001519751,2012-02-22,2021-02-24,10,10
0001519817,2013-03-29,2014-02-24,2,2
0001519820,2017-05-19,2018-06-15,2,2
0001519894,2012-02-14,2016-12-27,6,5
0001519955,2012-05-24,2017-06-13,6,6
0001520006,2012-04-02,2021-02-26,10,10
0001520007,2012-07-17,2016-08-22,5,5
0001520047,2012-06-12,2014-07-02,3,3
0001520048,2012-03-30,2021-03-23,10,10
0001520108,2014-04-14,2016-03-30,3,3
0001520118,2012-07-09,2021-09-24,11,10
0001520216,2012-06-29,2012-06-29,1,1
0001520262,2012-05-18,2021-02-11,10,10
0001520300,2012-03-27,2017-03-15,6,6
0001520320,2012-06-29,2013-07-16,2,2
0001520321,2012-05-04,2013-08-08,2,2
0001520358,2012-09-24,2021-04-21,11,10
0001520512,2012-08-29,2014-09-15,3,3
0001520528,2012-03-30,2021-09-30,9,9
0001520566,2013-03-15,2018-03-02,6,6
0001520586,2012-07-03,2012-07-03,1,1
0001520592,2012-06-22,2017-07-14,6,6
0001520668,2012-04-13,2015-05-08,4,4
0001520697,2012-03-13,2021-02-26,10,10
0001520744,2012-03-23,2017-03-28,6,6
0001520874,2012-03-30,2013-04-16,2,2
0001520947,2012-06-28,2014-06-16,3,3
0001521013,2012-06-20,2018-02-26,5,5
0001521036,2016-03-02,2021-02-25,6,6
0001521065,2012-08-06,2013-09-27,2,2
0001521168,2012-03-26,2021-03-26,10,10
0001521222,2012-03-26,2016-04-14,5,5
0001521332,2012-02-17,2021-02-08,10,10
0001521420,2012-09-13,2017-09-20,6,5
0001521466,2012-03-21,2019-01-29,8,7
0001521476,2012-03-22,2016-01-29,4,4
0001521549,2014-03-10,2016-04-14,3,3
0001521722,2011-12-16,2013-12-11,3,3
0001521762,2012-07-13,2014-06-27,3,3
0001521847,2012-03-30,2019-03-06,8,8
0001521945,2013-03-29,2021-08-27,10,9
0001521951,2012-03-09,2021-02-24,10,10
0001522120,2014-08-22,2014-08-22,2,1
0001522121,2013-03-25,2013-03-25,1,1
0001522138,2012-03-30,2015-03-27,4,4
0001522164,2012-06-06,2013-07-12,2,2
0001522165,2012-05-15,2019-05-24,6,6
0001522182,2012-03-16,2016-03-10,5,5
0001522211,2012-03-30,2013-04-15,2,2
0001522214,2012-03-28,2013-04-12,2,2
0001522215,2012-03-28,2016-03-30,5,5
0001522216,2012-03-28,2015-04-15,4,4
0001522219,2013-04-19,2013-04-19,1,1
0001522221,2014-06-19,2014-06-23,2,1
0001522222,2014-08-29,2021-08-30,8,8
0001522236,2012-08-28,2014-09-15,3,3
0001522327,2015-03-30,2019-03-14,5,5
0001522412,2012-03-29,2015-03-31,4,4
0001522420,2012-03-27,2019-03-15,8,8
0001522469,2013-04-17,2015-04-10,3,3
0001522538,2012-09-12,2013-10-30,2,2
0001522559,2012-03-30,2015-03-30,4,4
0001522602,2015-03-31,2021-03-30,7,7
0001522616,2013-03-28,2021-03-29,8,8
0001522690,2013-04-01,2021-11-05,9,9
0001522699,2013-03-20,2016-03-14,4,4
0001522704,2013-04-01,2019-04-15,7,7
0001522711,2012-03-27,2015-03-24,4,4
0001522717,2012-03-30,2015-03-30,4,4
0001522724,2012-03-30,2015-04-15,4,4
0001522727,2013-03-28,2021-02-16,9,9
0001522767,2012-04-12,2021-03-23,10,10
0001522787,2012-06-29,2019-07-15,7,6
0001522860,2021-03-19,2021-03-19,1,1
0001522903,2012-07-24,2013-08-21,2,2
0001523404,2015-03-11,2017-03-13,3,3
0001523486,2012-07-27,2019-01-16,7,4
0001523519,2012-03-29,2021-03-29,10,10
0001523526,2013-03-15,2021-03-19,9,9
0001523713,2011-12-19,2011-12-19,1,1
0001523733,2013-03-08,2014-03-07,2,2
0001523854,2012-03-29,2019-03-29,8,8
0001523855,2013-04-15,2018-04-02,6,5
0001524025,2013-04-03,2021-04-01,9,9
0001524083,2013-01-14,2014-01-22,2,2
0001524223,2012-03-28,2021-03-17,10,10
0001524342,2012-03-26,2013-03-26,2,2
0001524358,2012-03-21,2021-03-01,10,10
0001524471,2012-03-05,2015-02-27,4,4
0001524472,2012-02-28,2021-02-26,10,10
0001524607,2012-02-29,2021-03-01,10,10
0001524741,2012-03-20,2021-02-26,10,10
0001524759,2012-06-28,2013-06-28,2,2
0001524769,2012-03-30,2021-03-19,10,10
0001524774,2012-05-30,2014-05-29,3,3
0001524829,2012-10-03,2020-10-09,9,9
0001524872,2012-08-29,2021-08-02,10,10
0001524931,2013-03-28,2021-03-11,9,9
0001525040,2012-03-15,2012-03-15,1,1
0001525221,2013-02-28,2021-05-27,9,9
0001525287,2014-03-27,2021-03-05,8,8
0001525306,2012-10-16,2021-09-24,10,10
0001525502,2012-03-27,2014-03-25,3,3
0001525703,2020-02-13,2020-02-13,1,1
0001525759,2013-03-26,2021-03-01,9,9
0001525769,2015-04-07,2021-03-31,7,7
0001525773,2020-02-20,2021-03-30,2,2
0001525852,2012-07-25,2021-11-15,10,9
0001525874,2019-04-01,2019-04-01,1,1
0001525896,2012-08-23,2013-08-19,2,2
0001525998,2011-12-14,2016-03-15,6,6
0001526065,2012-03-22,2015-03-18,4,4
0001526113,2013-03-11,2021-02-26,9,9
0001526119,2012-03-30,2021-03-18,10,10
0001526160,2014-03-17,2016-02-26,3,3
0001526183,2012-08-29,2015-04-15,3,3
0001526185,2012-07-26,2012-07-26,1,1
0001526520,2012-03-15,2021-02-19,10,10
0001526543,2012-03-30,2015-06-30,3,3
0001526572,2012-03-28,2015-03-26,4,4
0001526600,2012-03-27,2013-03-29,2,2
0001526608,2012-03-27,2013-03-29,2,2
0001526689,2012-11-29,2019-10-16,8,8
0001526726,2013-04-15,2017-03-31,5,5
0001526759,2012-09-06,2016-03-09,4,4
0001526796,2013-03-20,2017-04-03,5,5
0001526952,2012-03-26,2020-03-27,9,9
0001527027,2012-11-14,2015-11-16,4,4
0001527032,2012-12-17,2016-05-23,5,5
0001527102,2012-03-27,2021-03-31,10,10
0001527166,2013-03-14,2021-02-11,9,9
0001527190,2012-03-21,2019-02-25,8,8
0001527299,2012-03-30,2015-03-30,4,4
0001527345,2012-11-29,2012-11-29,1,1
0001527349,2013-04-01,2015-03-10,3,3
0001527355,2012-08-29,2019-03-06,7,7
0001527383,2012-04-06,2021-03-22,10,10
0001527385,2013-02-19,2018-11-06,6,6
0001527424,2013-02-13,2014-02-21,2,2
0001527469,2017-03-16,2021-02-19,5,5
0001527508,2021-02-25,2021-02-25,1,1
0001527531,2012-03-30,2021-03-10,10,10
0001527541,2013-04-01,2021-03-18,9,9
0001527590,2013-03-28,2021-03-15,9,9
0001527599,2016-03-30,2021-03-25,6,6
0001527613,2012-10-29,2021-12-22,10,8
0001527622,2012-02-29,2016-02-26,5,5
0001527624,2012-07-16,2013-07-15,2,2
0001527666,2012-10-15,2013-10-15,2,2
0001527675,2012-09-12,2019-04-29,8,6
0001527698,2014-03-31,2015-04-02,2,2
0001527702,2012-09-27,2021-04-15,10,10
0001527705,2012-03-30,2016-03-28,5,5
0001527709,2012-03-09,2020-03-12,9,9
0001527722,2012-07-17,2017-05-26,6,6
0001527727,2012-07-17,2017-02-07,6,6
0001527728,2012-07-17,2021-09-24,10,9
0001527753,2020-03-25,2021-02-25,2,2
0001527795,2014-09-11,2017-08-11,5,4
0001527844,2017-03-01,2019-04-16,4,3
0001527974,2013-07-31,2014-08-05,2,2
0001528059,2015-03-30,2021-02-24,7,7
0001528061,2013-03-29,2018-04-02,6,6
0001528098,2012-09-25,2019-10-04,5,5
0001528103,2012-03-23,2016-03-30,5,5
0001528115,2021-03-25,2021-03-25,1,1
0001528129,2012-03-21,2021-02-22,10,10
0001528171,2012-05-03,2014-04-15,3,3
0001528172,2012-04-13,2021-04-13,11,10
0001528188,2012-09-28,2012-09-28,1,1
0001528234,2013-08-08,2013-08-08,1,1
0001528279,2012-03-29,2016-03-30,5,5
0001528308,2012-10-12,2021-09-29,10,10
0001528356,2013-03-21,2021-03-16,9,9
0001528393,2012-06-15,2015-03-31,4,4
0001528396,2012-09-25,2021-09-24,10,10
0001528410,2013-08-07,2013-08-07,1,1
0001528503,2012-03-30,2021-03-29,10,10
0001528557,2012-06-28,2019-03-18,8,8
0001528558,2012-03-29,2016-03-08,5,5
0001528610,2013-03-29,2016-04-06,4,4
0001528697,2013-11-29,2019-12-13,7,7
0001528749,2013-04-01,2017-05-12,5,5
0001528760,2014-03-13,2021-03-16,8,8
0001528837,2012-03-30,2019-03-01,8,8
0001528843,2012-03-14,2016-03-11,5,5
0001528849,2013-04-29,2021-03-30,9,9
0001528875,2012-09-28,2015-09-29,4,4
0001528913,2012-06-28,2013-06-28,2,2
0001528930,2012-07-09,2021-03-10,10,10
0001528985,2013-04-01,2021-03-18,9,9
0001529004,2013-03-28,2014-03-24,2,2
0001529113,2015-03-27,2021-03-31,7,7
0001529133,2013-04-15,2016-03-28,4,4
0001529197,2012-03-29,2015-03-31,4,4
0001529293,2012-10-29,2014-11-21,3,3
0001529345,2012-03-29,2015-03-30,4,4
0001529359,2012-03-30,2015-03-30,4,4
0001529377,2013-04-01,2021-02-18,9,9
0001529433,2012-04-02,2013-04-16,2,2
0001529463,2018-03-09,2021-03-05,4,4
0001529505,2013-05-14,2013-05-14,1,1
0001529516,2012-06-13,2015-06-15,4,4
0001529534,2012-03-30,2015-03-20,4,4
0001529608,2012-05-29,2015-05-22,4,4
0001529628,2017-03-16,2021-03-03,5,5
0001529658,2012-03-29,2021-03-19,10,10
0001529692,2013-03-28,2013-03-28,1,1
0001529727,2012-03-27,2015-03-24,4,4
0001529804,2012-03-30,2017-04-04,6,6
0001529864,2015-03-20,2021-02-26,7,7
0001529938,2012-02-28,2012-02-28,1,1
0001529979,2012-03-29,2012-03-29,1,1
0001529980,2012-03-28,2015-03-24,4,4
0001530163,2012-10-22,2021-03-30,10,10
0001530185,2012-10-15,2018-10-11,7,6
0001530217,2012-03-27,2014-03-28,3,3
0001530219,2012-03-30,2021-03-26,10,10
0001530244,2014-05-01,2016-03-30,4,3
0001530249,2013-04-01,2021-03-16,9,9
0001530425,2012-09-28,2021-09-29,10,8
0001530614,2014-07-11,2014-07-11,1,1
0001530721,2013-05-29,2021-05-26,9,9
0001530746,2013-04-24,2021-03-31,9,9
0001530766,2015-02-20,2021-03-15,7,7
0001530796,2012-03-30,2013-03-29,2,2
0001530804,2013-02-28,2021-02-23,9,9
0001530874,2012-03-01,2014-03-27,3,3
0001530950,2012-12-13,2021-11-19,10,10
0001530981,2013-08-29,2018-04-16,6,5
0001531031,2018-03-29,2021-03-19,4,4
0001531048,2021-03-09,2021-03-09,1,1
0001531152,2019-03-25,2021-03-19,3,3
0001531190,2012-03-30,2016-03-30,5,5
0001531271,2012-03-23,2013-03-14,2,2
0001531375,2012-03-29,2016-03-17,5,5
0001531433,2013-02-25,2015-03-31,4,3
0001531434,2012-11-09,2014-10-28,3,3
0001531477,2012-11-13,2016-11-29,5,5
0001531537,2013-06-03,2016-03-30,5,4
0001531618,2013-01-15,2015-01-05,3,3
0001531744,2013-03-15,2015-03-09,3,3
0001531764,2013-04-05,2013-04-05,1,1
0001531995,2012-03-23,2012-03-23,1,1
0001532063,2013-02-19,2018-02-27,6,6
0001532079,2016-03-09,2016-03-09,1,1
0001532158,2012-11-20,2020-05-14,8,8
0001532286,2018-03-29,2021-03-08,4,4
0001532288,2014-03-25,2017-03-31,4,4
0001532346,2020-03-11,2021-02-26,2,2
0001532374,2013-05-29,2013-05-29,1,1
0001532383,2013-03-28,2021-03-25,9,9
0001532389,2012-06-28,2014-06-16,3,3
0001532390,2012-11-26,2021-07-06,9,9
0001532424,2012-12-31,2015-10-02,3,3
0001532543,2013-03-27,2015-04-14,3,3
0001532595,2012-12-14,2021-09-14,10,9
0001532619,2012-03-28,2021-03-24,10,10
0001532750,2012-03-29,2017-04-17,6,6
0001532826,2012-03-29,2021-03-15,10,10
0001532828,2012-11-30,2015-01-13,3,3
0001532882,2013-03-29,2016-04-18,4,4
0001532926,2012-07-31,2017-08-15,6,6
0001532930,2014-03-14,2017-02-13,4,4
0001532961,2013-04-01,2021-03-03,9,9
0001533030,2013-03-06,2021-03-30,9,8
0001533037,2012-06-28,2015-06-26,4,4
0001533040,2013-03-29,2021-03-25,9,9
0001533106,2012-03-30,2020-03-25,9,9
0001533218,2012-03-29,2016-03-28,5,5
0001533311,2012-12-03,2014-01-14,2,2
0001533357,2013-08-12,2021-08-13,9,9
0001533400,2012-03-26,2014-03-28,3,3
0001533427,2013-04-16,2020-12-07,6,6
0001533454,2013-03-14,2017-03-01,5,5
0001533455,2012-11-29,2014-12-17,3,3
0001533526,2014-03-19,2019-02-28,6,6
0001533615,2012-11-29,2021-03-08,10,10
0001533643,2012-03-28,2015-03-26,4,4
0001533684,2012-03-29,2015-03-30,4,4
0001533705,2012-05-29,2015-05-22,4,4
0001533743,2014-03-27,2021-03-25,8,7
0001533758,2012-03-30,2021-02-23,10,10
0001533840,2013-03-28,2021-03-25,9,9
0001533924,2013-03-21,2021-03-11,9,9
0001533932,2013-02-20,2019-02-26,7,7
0001533998,2014-03-04,2021-03-09,8,8
0001534047,2012-03-30,2013-03-28,2,2
0001534098,2012-04-09,2012-04-09,1,1
0001534099,2012-04-09,2014-01-14,3,3
0001534101,2012-03-28,2012-03-28,1,1
0001534120,2016-03-23,2021-03-08,6,6
0001534133,2021-03-05,2021-03-05,1,1
0001534154,2012-03-28,2021-03-08,10,10
0001534155,2012-03-28,2021-10-27,11,9
0001534248,2020-03-17,2021-03-09,2,2
0001534254,2013-03-27,2021-03-16,9,9
0001534263,2012-12-21,2014-02-13,2,2
0001534287,2014-03-28,2018-03-30,5,5
0001534298,2012-04-16,2015-04-10,4,4
0001534318,2012-03-30,2015-03-30,4,4
0001534463,2012-03-30,2013-04-01,2,2
0001534504,2013-02-28,2021-02-18,9,9
0001534525,2012-12-14,2021-03-16,10,10
0001534628,2012-12-28,2013-12-30,2,2
0001534629,2012-12-28,2015-01-13,3,3
0001534675,2012-06-14,2021-03-08,10,10
0001534701,2013-02-22,2021-02-24,9,9
0001534708,2013-03-22,2021-03-31,9,9
0001534814,2013-03-08,2014-03-11,2,2
0001534977,2012-03-23,2013-03-27,2,2
0001534992,2013-03-01,2021-03-05,9,9
0001535013,2013-03-29,2013-03-29,1,1
0001535031,2013-03-21,2016-02-25,4,4
0001535079,2013-03-27,2021-04-15,9,9
0001535147,2013-03-27,2013-03-27,1,1
0001535194,2013-03-21,2014-04-15,2,2
0001535365,2014-02-28,2018-02-28,5,5
0001535379,2018-04-04,2021-03-25,4,4
0001535456,2013-03-29,2021-03-19,9,9
0001535469,2012-12-12,2014-04-15,2,2
0001535527,2020-03-23,2021-03-18,2,2
0001535635,2012-11-13,2019-12-13,8,8
0001535706,2012-03-30,2021-03-26,10,10
0001535778,2013-03-27,2021-03-30,9,9
0001535929,2014-03-10,2021-03-01,8,8
0001535955,2012-03-05,2021-03-11,10,10
0001536035,2012-03-28,2015-03-13,4,4
0001536047,2013-04-01,2013-04-01,1,1
0001536067,2012-03-29,2015-03-30,4,4
0001536089,2014-02-12,2020-12-29,8,6
0001536226,2012-03-30,2021-03-26,10,10
0001536256,2013-03-29,2015-04-01,3,3
0001536394,2015-03-30,2021-03-24,3,3
0001536577,2017-03-16,2021-03-31,5,5
0001536643,2013-10-17,2014-08-27,2,2
0001536694,2013-03-29,2020-03-30,8,8
0001536720,2013-03-29,2021-03-30,9,9
0001537028,2015-03-16,2021-03-01,7,7
0001537048,2012-12-14,2016-02-17,4,3
0001537054,2014-03-14,2021-03-11,8,8
0001537058,2013-03-28,2021-03-19,9,9
0001537069,2013-03-20,2020-03-26,8,8
0001537118,2012-03-07,2015-07-23,4,4
0001537169,2013-03-15,2017-04-28,4,4
0001537258,2013-12-02,2018-11-14,6,6
0001537274,2014-02-12,2017-01-25,4,4
0001537293,2013-02-14,2014-03-31,2,2
0001537435,2013-03-27,2021-03-18,9,9
0001537511,2013-01-14,2016-03-23,4,4
0001537528,2013-02-26,2020-03-31,8,8
0001537561,2012-12-31,2021-12-17,10,10
0001537660,2013-04-01,2015-03-27,3,3
0001537663,2016-04-13,2020-03-30,5,5
0001537667,2013-02-25,2018-02-16,6,6
0001537689,2013-01-29,2013-01-29,1,1
0001537834,2013-04-02,2014-04-14,2,2
0001537917,2012-12-31,2021-06-10,9,9
0001537951,2013-03-15,2013-03-15,1,1
0001538123,2012-10-29,2015-12-15,4,4
0001538138,2020-08-14,2020-08-14,1,1
0001538184,2013-03-29,2016-03-30,4,4
0001538210,2021-03-31,2021-03-31,1,1
0001538217,2013-04-01,2021-03-31,9,9
0001538263,2012-09-28,2021-09-10,10,10
0001538267,2013-03-15,2020-03-12,8,8
0001538329,2013-02-20,2017-06-23,4,4
0001538333,2013-04-16,2015-03-30,3,3
0001538438,2013-03-28,2015-03-30,3,3
0001538495,2013-05-10,2021-09-28,6,6
0001538716,2020-02-28,2021-02-23,2,2
0001538822,2013-03-29,2019-03-08,7,7
0001538849,2013-03-28,2021-03-02,9,9
0001538927,2021-03-30,2021-03-30,1,1
0001538940,2013-03-29,2015-03-30,3,3
0001538990,2015-03-10,2021-02-26,7,7
0001539029,2017-03-16,2021-03-15,5,5
0001539429,2012-07-11,2013-07-15,2,2
0001539447,2013-01-02,2013-01-02,1,1
0001539551,2013-01-14,2019-04-16,7,6
0001539574,2013-03-06,2014-04-15,2,2
0001539638,2015-03-06,2021-02-12,7,7
0001539680,2013-10-25,2021-10-29,9,9
0001539708,2013-03-22,2016-03-23,4,4
0001539778,2012-11-02,2021-10-15,10,8
0001539816,2013-03-28,2021-03-26,9,9
0001539838,2013-03-01,2021-02-25,9,9
0001539850,2013-03-20,2021-04-15,9,9
0001539892,2015-03-31,2017-05-30,3,3
0001539894,2012-03-26,2021-04-15,10,9
0001540047,2012-12-19,2015-12-07,4,4
0001540145,2013-04-01,2013-04-01,1,1
0001540159,2014-11-14,2021-12-28,8,8
0001540160,2013-05-03,2013-05-03,1,1
0001540184,2020-03-19,2021-03-22,2,2
0001540237,2013-01-31,2014-02-06,2,2
0001540334,2014-02-13,2016-03-18,3,3
0001540400,2013-04-30,2014-05-05,2,2
0001540563,2013-03-15,2014-03-14,2,2
0001540615,2013-02-11,2021-02-12,4,4
0001540684,2013-04-08,2021-03-31,9,9
0001540697,2012-03-28,2012-03-28,1,1
0001540698,2012-03-28,2012-03-28,1,1
0001540699,2012-03-28,2012-03-28,1,1
0001540700,2012-03-28,2012-03-28,1,1
0001540701,2012-03-28,2012-03-28,1,1
0001540723,2015-03-31,2020-03-27,6,6
0001540729,2015-03-11,2020-04-06,6,6
0001540755,2019-03-29,2021-03-12,3,3
0001540771,2013-05-01,2014-04-30,2,2
0001540779,2013-03-28,2016-03-28,4,4
0001540947,2013-02-21,2020-02-27,8,8
0001540960,2013-03-29,2021-03-30,9,9
0001541119,2013-04-01,2021-03-30,9,9
0001541157,2015-02-11,2016-03-23,2,2
0001541165,2014-03-07,2021-06-28,3,3
0001541287,2012-05-29,2015-05-22,4,4
0001541354,2013-03-29,2017-04-28,5,5
0001541401,2014-03-24,2021-02-26,8,8
0001541451,2013-03-29,2021-03-30,9,9
0001541538,2012-06-28,2015-06-26,4,4
0001541719,2014-01-27,2018-04-02,6,4
0001541884,2013-08-30,2021-05-03,9,9
0001542013,2013-06-14,2017-06-13,4,4
0001542154,2012-06-28,2015-06-17,4,4
0001542261,2013-03-14,2014-03-03,2,2
0001542299,2013-03-29,2017-03-30,5,5
0001542335,2013-01-28,2017-05-08,5,5
0001542447,2013-03-28,2021-03-09,9,9
0001542574,2013-03-19,2021-03-15,9,9
0001542624,2012-06-26,2016-07-19,5,4
0001542625,2012-06-26,2013-07-03,2,2
0001542626,2012-06-26,2012-06-26,1,1
0001542627,2012-06-26,2013-07-03,2,2
0001542628,2012-06-26,2014-08-12,3,3
0001542771,2013-01-25,2015-01-28,3,3
0001542830,2013-03-28,2021-03-16,9,9
0001542918,2013-04-10,2013-04-10,1,1
0001542934,2013-07-11,2015-08-26,3,3
0001542976,2013-03-28,2016-03-23,4,4
0001543040,2013-03-27,2015-03-27,3,3
0001543042,2013-03-29,2021-03-18,9,9
0001543066,2013-06-13,2021-06-11,9,9
0001543083,2013-03-25,2018-04-02,5,5
0001543097,2013-03-27,2015-03-24,3,3
0001543098,2013-05-02,2014-04-21,2,2
0001543151,2020-03-02,2021-03-01,2,2
0001543184,2012-06-28,2014-06-27,3,3
0001543190,2013-03-26,2014-03-28,2,2
0001543272,2013-04-15,2019-07-11,7,7
0001543367,2012-12-28,2014-12-29,3,3
0001543395,2013-09-20,2015-09-28,3,3
0001543397,2013-03-18,2015-03-24,3,3
0001543418,2013-02-12,2021-02-12,9,9
0001543450,2013-03-19,2014-03-28,2,2
0001543605,2013-03-29,2016-03-30,4,4
0001543623,2013-02-13,2021-07-29,9,9
0001543637,2013-03-28,2021-03-31,9,9
0001543643,2013-03-06,2017-03-15,5,5
0001543652,2013-02-08,2021-04-08,9,9
0001543679,2013-06-03,2013-06-03,1,1
0001543687,2013-03-29,2015-03-30,3,3
0001543739,2013-07-17,2018-05-11,6,6
0001543913,2013-03-29,2016-03-30,4,4
0001544047,2013-03-28,2015-03-30,3,3
0001544116,2013-03-08,2014-03-14,2,2
0001544190,2013-03-08,2021-03-11,9,9
0001544206,2014-03-14,2021-02-23,8,8
0001544227,2013-02-25,2021-03-29,9,9
0001544229,2013-03-21,2018-03-02,6,6
0001544238,2013-06-06,2021-04-15,9,9
0001544400,2013-05-16,2021-11-26,7,5
0001544597,2013-05-01,2015-07-14,3,3
0001544629,2013-03-29,2021-03-16,9,9
0001544670,2013-03-29,2014-03-25,2,2
0001544861,2015-06-02,2020-01-24,5,4
0001545018,2013-03-28,2021-03-26,9,9
0001545061,2014-03-12,2019-03-06,3,3
0001545078,2013-04-01,2019-03-29,7,7
0001545158,2013-03-21,2015-02-19,3,3
0001545208,2013-03-08,2013-03-08,1,1
0001545232,2014-01-14,2017-12-06,5,4
0001545236,2013-03-04,2014-03-31,2,2
0001545312,2013-04-01,2017-05-24,4,4
0001545391,2015-04-15,2015-04-15,1,1
0001545416,2013-03-29,2021-03-30,9,9
0001545447,2013-02-28,2017-03-14,5,5
0001545654,2013-02-28,2021-02-26,9,9
0001546296,2013-04-01,2021-04-09,9,9
0001546381,2013-04-10,2018-03-16,6,6
0001546392,2013-05-16,2017-10-23,5,5
0001546417,2013-03-04,2021-02-24,9,9
0001546589,2013-06-24,2015-06-30,3,3
0001546609,2013-04-01,2017-03-24,5,5
0001546637,2013-03-29,2021-03-30,9,9
0001546640,2012-11-27,2015-11-12,4,4
0001546652,2015-04-29,2021-04-16,7,7
0001546666,2013-03-21,2015-03-25,3,3
0001546679,2013-06-20,2018-07-30,6,6
0001546680,2013-03-28,2016-03-28,4,4
0001546819,2013-03-20,2014-03-21,2,2
0001546853,2013-01-24,2021-02-09,9,9
0001546958,2014-02-06,2014-03-17,2,1
0001547015,2013-05-31,2017-04-19,5,5
0001547021,2014-03-05,2014-03-05,1,1
0001547063,2014-02-28,2014-02-28,1,1
0001547282,2013-02-22,2014-02-21,2,2
0001547355,2013-03-14,2018-04-16,6,6
0001547459,2012-12-13,2021-12-09,10,10
0001547492,2013-03-22,2016-03-23,4,4
0001547493,2013-06-24,2015-06-17,3,3
0001547521,2013-10-01,2017-03-13,4,4
0001547530,2013-04-16,2016-05-27,4,4
0001547546,2014-03-12,2021-03-15,8,8
0001547635,2013-03-28,2015-03-27,3,3
0001547638,2013-04-15,2019-04-01,7,7
0001547705,2013-03-26,2013-03-26,1,1
0001547716,2013-01-30,2016-04-15,4,4
0001547903,2014-03-12,2021-02-24,8,8
0001547996,2015-03-26,2019-11-27,4,3
0001548082,2014-04-15,2016-08-19,2,2
0001548106,2013-07-01,2013-07-01,1,1
0001548187,2019-03-29,2021-03-04,3,3
0001548237,2013-03-21,2017-03-16,5,5
0001548240,2013-04-11,2021-03-30,9,9
0001548261,2013-06-07,2013-06-07,1,1
0001548266,2013-03-29,2021-03-12,9,9
0001548309,2013-04-02,2019-05-03,7,7
0001548599,2013-04-01,2021-03-16,9,9
0001548600,2013-03-29,2016-03-30,4,4
0001548621,2013-03-08,2017-03-20,5,5
0001548691,2015-03-31,2015-03-31,1,1
0001548953,2013-04-19,2014-04-15,2,2
0001548981,2014-03-31,2015-03-16,2,2
0001549084,2013-07-03,2021-02-25,8,8
0001549145,2013-04-01,2021-04-06,7,7
0001549276,2013-03-27,2016-03-24,4,4
0001549346,2013-03-01,2021-02-11,9,9
0001549595,2021-02-16,2021-02-16,1,1
0001549631,2017-04-07,2021-04-15,5,5
0001549719,2013-04-19,2017-06-29,5,4
0001549756,2013-02-28,2016-03-15,4,4
0001549785,2016-06-23,2020-06-25,14,5
0001549848,2013-03-14,2020-02-20,8,8
0001549872,2013-05-16,2016-05-23,4,4
0001549922,2013-03-18,2021-03-04,9,9
0001549966,2014-03-20,2021-03-04,8,8
0001550020,2013-04-01,2021-08-02,9,9
0001550053,2015-11-13,2019-12-18,5,4
0001550120,2013-03-28,2021-03-25,9,9
0001550221,2013-03-28,2021-03-12,9,9
0001550222,2015-04-16,2015-04-16,1,1
0001550369,2013-01-29,2021-01-29,9,9
0001550377,2013-04-22,2018-04-23,6,6
0001550453,2014-03-31,2021-03-31,8,8
0001550460,2013-03-29,2016-03-29,4,4
0001550518,2013-06-28,2018-07-16,6,6
0001550536,2013-04-11,2013-04-11,1,1
0001550603,2012-12-26,2021-01-29,9,9
0001550695,2013-03-21,2021-03-22,9,9
0001550737,2013-04-16,2018-04-11,6,5
0001550913,2013-09-30,2021-09-28,9,9
0001550929,2013-03-22,2015-03-31,3,3
0001550954,2013-04-15,2013-04-15,1,1
0001550956,2013-04-15,2015-04-15,3,3
0001550958,2013-04-16,2013-04-16,1,1
0001550959,2013-05-28,2013-05-28,1,1
0001551059,2013-03-29,2015-03-30,3,3
0001551097,2013-03-29,2021-03-30,9,9
0001551152,2013-03-15,2021-02-19,9,9
0001551182,2013-02-28,2021-02-24,9,9
0001551206,2017-05-22,2020-11-18,5,4
0001551270,2013-05-24,2016-05-20,4,4
0001551271,2013-03-29,2021-03-30,9,9
0001551286,2013-03-29,2013-03-29,1,1
0001551306,2020-03-10,2021-03-01,2,2
0001551390,2014-03-17,2017-03-29,4,4
0001551454,2012-08-28,2015-04-15,4,4
0001551510,2013-05-07,2013-05-07,1,1
0001551623,2013-03-28,2014-03-28,2,2
0001551693,2015-03-18,2021-03-11,7,7
0001551739,2013-06-28,2018-06-29,6,6
0001551771,2013-03-28,2016-03-29,4,4
0001551887,2013-01-28,2021-01-29,9,9
0001551901,2013-03-11,2021-03-04,9,9
0001551906,2013-07-29,2020-07-02,8,7
0001551986,2017-03-31,2021-03-22,5,5
0001552000,2013-03-25,2021-02-26,9,9
0001552033,2013-02-25,2021-02-16,9,9
0001552111,2013-03-27,2021-03-26,9,9
0001552164,2013-05-01,2019-06-21,7,5
0001552189,2016-02-29,2021-04-15,6,6
0001552198,2013-03-05,2021-03-08,9,9
0001552221,2013-03-28,2016-03-28,4,4
0001552275,2013-03-29,2021-02-19,9,9
0001552327,2013-03-29,2021-03-30,9,9
0001552328,2013-03-29,2021-03-18,9,9
0001552358,2013-08-28,2021-08-04,9,6
0001552401,2013-03-29,2016-03-30,4,4
0001552451,2016-03-18,2020-02-27,5,5
0001552493,2013-03-04,2021-03-03,9,9
0001552696,2013-07-01,2013-07-01,1,1
0001552700,2016-03-29,2016-03-29,1,1
0001552719,2014-12-17,2014-12-17,1,1
0001552743,2013-02-25,2021-04-15,9,8
0001552797,2013-03-12,2021-03-01,9,9
0001552800,2013-03-18,2021-03-11,9,9
0001552845,2013-03-29,2019-04-16,7,7
0001552890,2013-03-21,2016-03-03,4,4
0001552946,2013-08-30,2013-08-30,1,1
0001552979,2013-08-29,2016-10-13,4,3
0001553000,2013-03-28,2016-03-23,4,4
0001553023,2013-03-29,2021-02-19,9,9
0001553079,2014-03-24,2021-02-26,8,8
0001553264,2013-07-29,2015-07-14,3,3
0001553304,2013-05-09,2013-05-09,1,1
0001553326,2013-12-24,2017-12-05,5,5
0001553404,2013-07-01,2021-06-29,9,9
0001553588,2014-03-31,2015-03-16,2,2
0001553620,2013-10-15,2013-10-15,1,1
0001553643,2013-12-16,2021-03-24,9,9
0001553734,2012-12-24,2017-02-17,5,5
0001553758,2013-03-29,2016-03-25,4,4
0001553788,2013-04-15,2021-03-08,9,8
0001553817,2013-03-28,2021-03-16,9,9
0001553830,2014-03-31,2017-03-31,4,4
0001553975,2013-03-27,2016-03-28,4,4
0001553992,2013-06-28,2016-06-29,4,4
0001553993,2013-06-24,2015-06-17,3,3
0001554054,2013-08-29,2019-12-30,7,2
0001554196,2013-04-02,2013-04-02,1,1
0001554225,2013-06-11,2015-07-27,3,3
0001554300,2013-03-07,2015-03-31,3,3
0001554326,2013-03-22,2016-03-23,4,4
0001554594,2014-03-28,2014-03-28,1,1
0001554730,2013-03-29,2021-03-30,9,9
0001554776,2013-03-29,2021-03-11,9,9
0001554818,2021-03-31,2021-03-31,1,1
0001554859,2015-02-13,2021-03-09,7,7
0001554864,2013-02-19,2013-02-19,1,1
0001554875,2018-05-18,2018-05-18,1,1
0001554906,2013-07-26,2014-09-16,2,2
0001554923,2015-07-13,2016-07-14,2,2
0001554933,2013-03-29,2017-03-31,5,5
0001554947,2013-09-16,2016-10-11,4,3
0001554970,2014-03-31,2016-04-21,3,3
0001555017,2013-08-26,2017-02-16,3,3
0001555039,2013-02-07,2020-02-28,8,8
0001555074,2013-02-07,2021-03-03,9,9
0001555082,2013-03-01,2020-03-25,8,8
0001555177,2014-03-25,2019-10-18,6,6
0001555214,2013-12-23,2021-12-28,4,3
0001555279,2021-03-31,2021-03-31,1,1
0001555280,2013-03-28,2021-02-16,9,9
0001555365,2013-02-19,2017-02-24,5,5
0001555458,2013-03-29,2014-03-31,2,2
0001555492,2013-06-06,2015-05-26,3,3
0001555538,2013-02-22,2019-02-15,7,7
0001555560,2013-10-31,2013-10-31,1,1
0001555571,2013-10-04,2017-07-31,4,4
0001555611,2013-03-29,2016-03-29,4,4
0001555767,2013-04-03,2013-04-03,1,1
0001555877,2015-11-13,2015-11-13,1,1
0001555902,2013-03-29,2021-03-18,9,9
0001555972,2013-04-16,2021-09-24,9,9
0001555995,2015-03-12,2020-03-30,6,6
0001556063,2013-03-28,2016-03-23,4,4
0001556107,2013-03-29,2021-03-30,9,9
0001556148,2013-08-02,2019-06-25,7,7
0001556179,2013-12-10,2021-12-15,9,8
0001556226,2013-03-07,2018-05-07,6,5
0001556263,2017-03-20,2021-03-04,5,5
0001556266,2014-03-31,2021-06-04,8,8
0001556364,2014-03-27,2019-03-15,6,6
0001556377,2013-10-29,2013-10-29,1,1
0001556416,2013-12-18,2019-02-20,6,6
0001556487,2013-03-29,2021-03-17,9,9
0001556508,2013-06-10,2017-03-30,5,5
0001556541,2013-03-27,2016-03-25,4,4
0001556593,2014-03-28,2021-02-16,8,8
0001556601,2013-03-28,2021-03-16,9,9
0001556727,2015-09-25,2021-03-15,7,7
0001556739,2014-03-14,2021-03-25,3,3
0001556753,2013-10-29,2013-10-29,1,1
0001556766,2013-03-14,2017-02-27,5,5
0001556801,2013-10-29,2021-10-28,9,8
0001556804,2013-01-25,2015-01-28,3,3
0001556811,2013-03-29,2021-03-29,9,9
0001556898,2018-03-14,2021-03-12,4,4
0001556965,2013-03-28,2021-03-18,9,9
0001557142,2017-03-22,2021-03-04,5,5
0001557255,2013-03-01,2017-02-28,5,5
0001557340,2015-10-15,2018-10-15,4,4
0001557356,2013-03-28,2017-03-20,5,5
0001557376,2013-02-13,2021-02-08,9,8
0001557421,2013-10-31,2017-03-14,5,5
0001557424,2013-03-15,2021-03-15,9,9
0001557473,2013-03-29,2015-03-30,3,3
0001557565,2013-09-30,2015-10-14,3,3
0001557644,2013-10-22,2016-12-06,4,4
0001557668,2013-07-01,2019-07-31,7,7
0001557711,2013-03-28,2016-03-29,4,4
0001557746,2016-03-23,2021-02-25,6,6
0001557796,2013-11-14,2015-12-15,3,3
0001557798,2013-11-13,2021-10-25,9,8
0001557805,2013-03-28,2021-03-17,9,9
0001557822,2013-03-29,2015-03-27,3,3
0001557883,2015-03-25,2019-02-26,5,5
0001557913,2013-03-29,2015-03-30,3,3
0001557939,2013-03-06,2016-03-07,4,4
0001558009,2014-03-17,2016-03-30,3,3
0001558013,2013-03-29,2021-03-29,9,9
0001558085,2014-01-14,2014-12-31,2,1
0001558106,2013-03-21,2016-03-25,4,4
0001558235,2014-03-19,2021-02-25,8,8
0001558294,2014-04-15,2015-04-08,2,2
0001558423,2013-03-18,2016-03-29,4,4
0001558432,2013-03-29,2016-05-02,4,4
0001558441,2014-03-07,2020-03-09,7,7
0001558465,2014-04-11,2021-06-21,8,8
0001558546,2013-03-29,2021-03-25,9,9
0001558583,2018-03-30,2021-03-31,4,4
0001558740,2021-09-10,2021-09-10,1,1
0001558785,2013-03-14,2018-02-26,6,6
0001558806,2013-03-28,2016-03-30,4,4
0001558844,2013-03-26,2015-03-19,3,3
0001558871,2013-03-29,2016-03-30,4,4
0001558902,2013-04-15,2015-05-27,3,3
0001558904,2013-03-29,2021-03-30,9,9
0001558916,2013-04-15,2013-04-15,1,1
0001558917,2013-04-15,2014-04-10,2,2
0001558989,2013-04-16,2013-04-16,1,1
0001559001,2014-07-14,2014-07-14,1,1
0001559010,2013-04-15,2013-04-15,1,1
0001559050,2013-04-15,2013-04-15,1,1
0001559053,2013-03-29,2021-02-26,9,9
0001559057,2013-04-15,2013-04-15,1,1
0001559060,2013-04-15,2013-04-15,1,1
0001559132,2013-04-15,2013-04-15,1,1
0001559157,2013-04-15,2021-04-15,9,9
0001559163,2013-05-24,2016-05-20,4,4
0001559166,2013-06-28,2014-06-27,2,2
0001559172,2014-05-15,2021-04-12,8,8
0001559270,2013-02-27,2016-02-25,4,4
0001559289,2013-03-28,2015-03-10,3,3
0001559356,2014-03-31,2021-04-15,8,8
0001559445,2013-06-24,2016-06-23,4,4
0001559450,2013-03-29,2021-03-19,9,9
0001559484,2015-03-30,2021-03-25,7,7
0001559576,2013-06-24,2015-06-17,3,3
0001559720,2021-02-26,2021-02-26,1,1
0001559752,2013-03-27,2015-03-24,3,3
0001559754,2014-04-11,2016-04-14,3,3
0001559845,2013-12-23,2013-12-23,1,1
0001559856,2013-03-29,2021-03-30,9,9
0001559865,2014-03-17,2021-03-01,8,8
0001559909,2014-03-31,2021-03-12,8,8
0001559998,2015-03-31,2021-04-12,7,7
0001560021,2014-04-15,2016-04-14,3,3
0001560046,2014-03-31,2019-04-01,6,6
0001560141,2013-03-29,2016-03-25,4,4
0001560143,2018-04-02,2021-06-25,4,4
0001560194,2013-03-29,2016-03-29,4,4
0001560241,2018-02-21,2021-02-24,4,4
0001560258,2019-03-28,2021-03-11,3,3
0001560327,2016-03-10,2021-02-26,6,6
0001560385,2013-02-28,2021-02-26,9,9
0001560443,2013-04-01,2015-03-20,3,3
0001560449,2014-03-28,2017-08-30,4,2
0001560452,2017-03-16,2021-03-25,5,5
0001560456,2014-03-31,2021-03-25,8,8
0001560672,2014-03-21,2021-03-16,8,8
0001560905,2013-07-16,2021-09-27,9,9
0001561032,2014-03-07,2021-03-30,8,8
0001561092,2013-09-30,2015-10-13,3,3
0001561164,2016-02-29,2020-02-28,5,5
0001561167,2013-03-29,2021-03-30,9,9
0001561180,2019-12-16,2021-12-15,3,3
0001561196,2014-01-29,2014-01-29,1,1
0001561206,2014-03-11,2018-03-01,5,5
0001561257,2017-02-24,2018-03-29,2,2
0001561299,2014-03-31,2014-03-31,1,1
0001561387,2013-04-01,2020-03-04,8,8
0001561399,2013-12-30,2013-12-30,1,1
0001561504,2014-03-31,2014-03-31,1,1
0001561528,2014-03-14,2017-03-22,4,4
0001561550,2020-02-25,2021-03-01,2,2
0001561551,2014-01-29,2017-03-28,4,4
0001561622,2014-02-14,2017-06-20,4,4
0001561627,2013-03-29,2021-03-11,9,9
0001561660,2014-02-28,2020-03-02,7,7
0001561679,2014-03-28,2020-03-16,7,7
0001561680,2013-03-28,2021-02-19,9,9
0001561686,2014-04-11,2014-04-11,1,1
0001561697,2013-09-06,2014-09-26,2,2
0001561726,2013-03-28,2021-03-17,9,9
0001561727,2013-03-29,2021-03-19,9,9
0001561743,2014-03-14,2021-03-16,8,8
0001561781,2014-03-31,2017-04-17,4,4
0001561782,2013-12-19,2016-01-14,3,3
0001561848,2013-03-28,2016-03-29,4,4
0001561865,2014-05-13,2016-05-17,3,3
0001561880,2013-12-31,2021-04-09,9,9
0001561894,2014-03-18,2021-02-22,8,8
0001561921,2020-03-30,2021-03-25,2,2
0001561939,2013-03-28,2017-03-20,5,5
0001561951,2014-03-20,2016-04-01,3,3
0001562039,2014-03-06,2017-02-28,4,4
0001562080,2013-03-22,2016-03-23,4,4
0001562107,2014-03-18,2017-03-31,4,4
0001562151,2013-03-28,2021-04-13,9,9
0001562201,2014-01-07,2015-03-03,2,2
0001562214,2014-03-31,2018-03-19,5,5
0001562401,2014-03-26,2021-02-26,8,8
0001562463,2013-03-28,2021-03-15,9,9
0001562476,2014-02-24,2021-02-24,8,8
0001562528,2014-03-13,2021-03-11,8,8
0001562594,2014-03-31,2014-03-31,1,1
0001562622,2015-03-27,2021-03-31,7,7
0001562733,2013-10-28,2020-04-29,7,7
0001562738,2014-02-11,2016-05-13,3,3
0001562872,2014-04-17,2014-04-17,1,1
0001562914,2014-03-20,2019-03-25,6,6
0001562918,2014-03-20,2019-03-25,6,6
0001563166,2013-03-28,2021-03-24,9,9
0001563227,2014-03-17,2021-05-20,8,5
0001563298,2019-04-01,2021-09-30,3,3
0001563315,2014-04-15,2017-03-31,4,4
0001563407,2015-03-25,2019-03-15,5,5
0001563463,2014-05-05,2021-06-24,6,5
0001563531,2014-03-28,2021-03-30,8,8
0001563536,2013-04-12,2021-04-30,9,9
0001563568,2018-03-12,2021-03-31,4,4
0001563577,2020-03-10,2021-03-11,2,2
0001563665,2014-03-31,2021-04-13,8,8
0001563699,2014-05-30,2017-06-05,4,4
0001563756,2015-03-31,2021-03-30,7,7
0001563855,2014-03-14,2019-03-13,6,6
0001563880,2020-03-16,2021-03-25,2,2
0001563915,2015-04-14,2015-04-14,1,1
0001563922,2014-04-28,2021-03-24,8,8
0001564053,2013-06-28,2016-06-29,4,4
0001564273,2013-12-09,2016-12-08,4,3
0001564347,2014-04-14,2021-03-30,8,8
0001564406,2021-03-10,2021-03-10,1,1
0001564408,2018-02-22,2021-02-05,4,4
0001564618,2014-03-27,2021-03-01,8,8
0001564657,2014-03-11,2017-03-17,4,4
0001564708,2013-09-20,2021-08-10,9,9
0001564709,2013-09-27,2018-10-15,6,6
0001564822,2014-03-06,2018-03-01,5,5
0001564824,2019-03-14,2021-03-01,3,3
0001564863,2014-01-23,2015-01-29,2,2
0001564902,2014-03-21,2021-02-26,8,8
0001564968,2014-03-28,2021-03-30,8,8
0001565146,2014-03-31,2021-03-23,8,8
0001565220,2014-05-16,2014-05-16,1,1
0001565228,2014-03-06,2021-04-15,8,8
0001565248,2014-03-31,2015-04-15,2,2
0001565337,2013-11-26,2016-03-04,3,3
0001565383,2014-02-19,2015-03-25,2,2
0001565430,2014-02-13,2016-02-10,3,3
0001565487,2014-04-15,2014-04-15,1,1
0001565531,2014-03-28,2021-03-30,8,8
0001565640,2013-06-21,2014-03-05,2,2
0001565687,2021-09-15,2021-09-15,1,1
0001565700,2014-04-10,2016-05-04,3,3
0001565821,2014-03-28,2017-03-31,4,4
0001566011,2013-03-19,2021-03-03,10,9
0001566039,2013-03-06,2014-03-28,2,2
0001566044,2018-03-28,2021-03-04,4,4
0001566049,2019-03-18,2019-03-18,1,1
0001566052,2014-03-28,2021-03-11,8,8
0001566053,2014-03-31,2021-03-25,8,8
0001566097,2013-03-19,2021-03-03,9,9
0001566138,2013-06-24,2016-06-15,4,4
0001566140,2014-03-28,2021-03-18,8,8
0001566243,2014-01-13,2021-04-22,5,5
0001566265,2013-12-16,2016-03-29,4,4
0001566328,2014-03-28,2017-03-24,4,4
0001566373,2017-02-14,2021-03-30,5,5
0001566443,2014-03-28,2017-03-22,4,4
0001566445,2014-03-28,2019-03-29,6,6
0001566469,2017-03-31,2021-02-26,5,5
0001566528,2014-03-21,2015-03-20,2,2
0001566543,2014-03-31,2021-03-16,8,8
0001566544,2014-03-28,2021-03-17,8,8
0001566561,2014-01-28,2017-01-30,4,3
0001566610,2014-02-28,2021-03-31,8,8
0001566623,2013-06-24,2016-06-23,4,4
0001566826,2014-02-25,2021-04-15,8,8
0001566895,2021-03-31,2021-03-31,1,1
0001566897,2014-03-03,2016-02-29,3,3
0001566912,2015-03-19,2021-03-25,7,7
0001566972,2014-03-31,2017-03-20,4,4
0001566978,2013-11-26,2015-11-17,3,3
0001567098,2015-06-01,2021-09-09,7,6
0001567345,2014-03-28,2021-03-15,8,8
0001567388,2014-02-28,2021-11-03,8,7
0001567503,2014-04-14,2020-04-01,7,7
0001567514,2013-07-16,2021-02-25,9,9
0001567517,2013-07-16,2015-07-14,3,3
0001567520,2013-07-16,2016-06-29,4,4
0001567572,2014-03-28,2021-03-26,8,8
0001567683,2014-02-28,2021-03-01,8,8
0001567771,2014-04-09,2021-06-01,8,8
0001567802,2013-10-15,2018-10-10,6,6
0001567852,2014-03-31,2014-03-31,1,1
0001567860,2014-03-19,2015-05-01,2,2
0001567892,2013-12-13,2021-03-10,8,8
0001567900,2015-03-11,2021-03-31,7,7
0001567925,2015-03-26,2021-03-24,7,7
0001567958,2014-03-28,2021-03-30,8,8
0001567980,2013-05-24,2016-05-20,4,4
0001568079,2015-04-20,2019-04-04,5,5
0001568100,2020-03-19,2021-03-19,2,2
0001568139,2014-02-19,2021-04-14,8,8
0001568162,2014-03-10,2021-02-25,8,8
0001568319,2014-03-31,2019-03-08,6,6
0001568385,2014-03-31,2021-12-23,8,8
0001568427,2014-02-13,2014-02-13,1,1
0001568628,2014-08-13,2021-08-13,2,2
0001568669,2014-03-14,2018-03-09,5,5
0001568693,2014-02-14,2015-04-15,2,2
0001568832,2014-02-28,2015-03-11,2,2
0001568875,2014-04-02,2020-09-04,6,6
0001568898,2014-03-27,2015-03-24,2,2
0001568969,2014-10-14,2019-10-18,6,6
0001569038,2014-03-27,2016-03-29,3,3
0001569055,2014-04-15,2016-04-20,3,3
0001569083,2014-03-21,2021-04-15,8,8
0001569134,2014-03-11,2018-02-13,5,5
0001569187,2014-03-31,2021-02-24,8,8
0001569329,2014-03-27,2021-06-25,7,7
0001569340,2014-03-25,2021-04-15,7,7
0001569389,2014-07-11,2015-07-15,2,2
0001569391,2014-03-03,2017-02-24,4,4
0001569414,2014-03-31,2021-03-17,8,8
0001569455,2014-03-28,2021-03-19,8,8
0001569568,2015-11-24,2019-12-09,5,5
0001569601,2014-03-28,2016-03-30,3,3
0001569737,2014-04-15,2016-04-14,3,3
0001569994,2014-03-21,2021-03-02,8,8
0001570011,2014-03-21,2017-03-23,4,4
0001570132,2014-03-28,2021-06-08,8,6
0001570279,2015-04-08,2020-06-25,6,6
0001570440,2014-03-28,2021-03-30,8,8
0001570562,2018-03-29,2021-03-25,4,4
0001570585,2014-02-13,2021-02-16,8,8
0001570603,2014-03-28,2017-03-31,4,4
0001570649,2014-10-29,2015-12-28,2,2
0001570774,2014-03-25,2017-03-07,4,4
0001570827,2018-03-29,2021-03-15,4,4
0001570937,2014-05-23,2021-07-15,8,6
0001571088,2014-03-27,2014-03-27,1,1
0001571116,2014-03-31,2016-03-30,3,3
0001571117,2014-03-31,2016-03-30,3,3
0001571123,2014-04-09,2021-03-26,8,8
0001571236,2014-03-28,2021-03-12,8,8
0001571237,2014-04-14,2021-03-29,8,8
0001571238,2014-03-31,2021-03-19,8,8
0001571274,2014-03-07,2015-02-23,2,2
0001571283,2014-03-20,2021-02-19,8,8
0001571329,2014-03-28,2021-03-08,8,8
0001571371,2014-03-07,2021-02-24,8,8
0001571384,2014-05-08,2017-05-08,4,4
0001571398,2014-03-28,2021-03-31,8,8
0001571498,2014-02-28,2021-02-23,8,8
0001571504,2014-03-28,2016-03-30,3,3
0001571636,2014-03-31,2020-03-16,7,7
0001571725,2014-03-28,2015-03-19,2,2
0001571759,2014-03-11,2016-11-15,4,3
0001571776,2014-03-26,2021-03-12,8,8
0001571804,2014-04-30,2021-09-21,8,7
0001571833,2014-03-17,2017-03-23,4,4
0001571919,2014-05-15,2016-01-13,3,3
0001571934,2021-03-30,2021-03-30,1,1
0001571949,2014-02-14,2021-02-04,8,8
0001571996,2017-03-31,2021-03-26,5,5
0001572317,2014-04-15,2017-08-22,3,3
0001572334,2014-03-27,2021-03-19,8,8
0001572384,2014-05-01,2021-06-01,8,8
0001572386,2014-04-14,2021-04-14,8,8
0001572422,2014-04-14,2015-04-15,2,2
0001572493,2014-03-31,2021-03-16,8,8
0001572552,2014-03-17,2018-03-15,5,5
0001572565,2015-03-31,2021-08-27,7,7
0001572684,2014-03-17,2017-03-03,4,4
0001572694,2016-03-02,2021-02-25,6,6
0001572699,2014-06-13,2015-03-10,2,2
0001572702,2017-04-17,2021-03-31,5,5
0001572758,2014-03-28,2020-03-30,7,7
0001572840,2014-06-09,2019-01-10,3,3
0001572910,2014-02-21,2021-02-24,8,8
0001572987,2014-03-28,2021-03-30,8,8
0001573097,2014-03-25,2020-03-17,7,7
0001573133,2014-01-24,2016-01-27,3,3
0001573166,2014-03-14,2019-02-28,6,6
0001573221,2020-03-11,2021-03-01,2,2
0001573229,2014-03-31,2016-03-29,3,3
0001573279,2014-03-31,2021-03-31,8,8
0001573292,2014-04-01,2017-03-20,4,4
0001573334,2014-03-31,2021-03-31,8,8
0001573352,2014-03-31,2021-03-31,8,8
0001573516,2014-02-28,2021-02-19,8,8
0001573590,2014-05-14,2014-05-14,1,1
0001573600,2014-03-28,2016-03-25,3,3
0001573683,2015-03-27,2016-03-10,2,2
0001573766,2015-06-26,2017-07-06,3,3
0001573946,2014-03-31,2021-03-29,8,8
0001574085,2014-03-31,2021-03-05,8,8
0001574097,2014-09-04,2015-09-11,2,2
0001574129,2014-03-26,2017-03-23,4,4
0001574135,2019-03-29,2019-03-29,1,1
0001574186,2015-04-01,2019-10-17,5,5
0001574197,2018-03-30,2021-03-10,4,4
0001574219,2014-03-28,2021-03-19,8,8
0001574235,2014-06-30,2021-03-23,8,8
0001574291,2014-02-24,2021-02-22,8,8
0001574300,2014-06-04,2015-07-13,2,2
0001574367,2014-06-16,2016-06-15,3,3
0001574448,2014-03-25,2015-03-27,2,2
0001574460,2013-10-29,2017-10-10,5,5
0001574532,2014-02-27,2016-02-22,3,3
0001574540,2014-03-21,2021-02-26,8,8
0001574593,2014-03-28,2021-03-30,8,8
0001574596,2014-03-27,2021-02-11,8,8
0001574632,2014-03-11,2014-03-11,1,1
0001574648,2014-03-07,2014-03-07,1,1
0001574676,2014-03-27,2019-05-22,6,6
0001574774,2014-02-26,2020-02-28,7,7
0001574815,2014-03-04,2020-02-27,7,7
0001574863,2014-04-30,2018-06-15,5,4
0001574910,2014-07-01,2021-04-15,8,8
0001574946,2014-03-28,2015-04-15,2,2
0001574963,2014-03-26,2017-03-14,4,4
0001574969,2015-09-28,2016-10-03,2,2
0001575048,2014-03-17,2021-03-30,8,8
0001575051,2014-03-14,2021-03-16,8,8
0001575073,2014-03-28,2017-03-31,4,4
0001575098,2014-03-28,2021-03-30,8,8
0001575142,2014-04-14,2021-03-30,5,5
0001575189,2016-03-28,2020-02-27,5,5
0001575190,2014-03-31,2021-03-12,8,8
0001575259,2014-04-10,2015-03-31,2,2
0001575295,2014-07-14,2021-12-14,9,6
0001575311,2014-04-08,2021-03-25,8,8
0001575319,2014-02-28,2016-02-19,3,3
0001575345,2014-07-29,2020-07-30,7,5
0001575360,2014-03-10,2019-03-18,6,6
0001575420,2014-09-30,2021-10-14,8,7
0001575428,2015-03-27,2018-03-21,4,4
0001575434,2020-03-30,2021-03-31,2,2
0001575515,2014-02-27,2021-02-25,8,8
0001575571,2014-03-03,2014-03-03,1,1
0001575574,2014-03-28,2016-03-30,3,3
0001575599,2014-02-27,2016-03-30,3,3
0001575659,2014-07-15,2021-03-16,8,8
0001575686,2014-03-28,2021-03-18,8,8
0001575793,2015-03-30,2021-03-24,7,7
0001575810,2014-03-03,2015-02-27,2,2
0001575828,2014-03-04,2021-03-01,8,8
0001575858,2014-04-11,2021-03-16,8,8
0001575879,2014-03-28,2017-02-15,4,4
0001575896,2014-05-23,2017-05-19,4,4
0001575913,2014-03-26,2017-04-25,4,4
0001575965,2014-03-25,2021-02-19,8,8
0001575975,2014-07-14,2019-08-16,6,5
0001575988,2014-03-27,2015-03-16,2,2
0001576018,2014-02-28,2021-02-23,8,8
0001576044,2014-03-20,2015-03-10,2,2
0001576047,2014-03-31,2021-03-16,8,8
0001576169,2014-03-21,2021-03-10,8,8
0001576197,2014-03-27,2021-04-15,8,8
0001576262,2014-06-27,2015-06-26,2,2
0001576263,2014-03-17,2021-02-25,8,8
0001576280,2019-03-19,2021-02-25,3,3
0001576336,2014-03-26,2016-03-23,3,3
0001576427,2016-02-29,2021-02-26,6,6
0001576441,2014-06-27,2016-06-23,3,3
0001576575,2015-04-13,2015-04-13,1,1
0001576709,2014-03-28,2021-03-30,8,8
0001576724,2014-06-02,2019-07-10,6,6
0001576778,2013-12-30,2018-02-02,3,3
0001576804,2014-03-21,2017-03-23,4,4
0001576873,2013-12-27,2021-10-13,9,7
0001576914,2020-07-23,2021-06-14,2,2
0001576916,2014-03-27,2017-03-29,4,4
0001576940,2015-03-06,2021-02-05,7,7
0001576942,2018-10-03,2021-09-27,4,4
0001577095,2014-03-21,2017-02-27,4,4
0001577134,2015-12-24,2021-03-08,7,7
0001577189,2014-06-27,2015-06-29,2,2
0001577190,2014-03-27,2016-03-25,3,3
0001577230,2014-02-25,2021-02-24,8,8
0001577310,2014-03-28,2021-03-30,8,8
0001577311,2014-04-14,2021-03-30,8,8
0001577368,2014-03-10,2021-02-26,8,8
0001577416,2014-07-29,2014-07-29,1,1
0001577445,2014-06-30,2021-03-31,8,8
0001577459,2014-03-28,2019-04-01,6,6
0001577526,2021-06-25,2021-06-25,1,1
0001577545,2014-03-31,2021-03-15,8,8
0001577603,2014-06-27,2017-06-29,4,4
0001577670,2014-03-28,2021-02-26,8,8
0001577791,2013-11-25,2020-11-19,8,8
0001577882,2014-06-27,2020-03-10,6,6
0001577898,2014-03-31,2016-04-14,3,3
0001577916,2014-09-04,2021-08-17,8,8
0001577943,2014-03-28,2015-03-30,2,2
0001577966,2014-03-03,2021-02-12,8,8
0001578086,2014-02-26,2014-02-26,1,1
0001578131,2014-03-28,2017-03-22,4,4
0001578305,2014-08-28,2015-08-20,2,2
0001578318,2014-03-14,2016-02-29,3,3
0001578327,2014-02-18,2015-03-30,2,2
0001578328,2014-02-21,2015-03-30,2,2
0001578329,2014-02-21,2021-10-12,5,3
0001578348,2014-09-08,2021-09-14,8,8
0001578422,2014-03-31,2021-03-25,8,8
0001578423,2014-03-31,2021-03-16,8,8
0001578443,2014-03-31,2021-03-31,8,8
0001578505,2014-12-23,2016-12-28,3,3
0001578523,2014-09-02,2017-07-14,4,4
0001578533,2014-03-28,2021-03-17,8,8
0001578620,2015-03-18,2019-03-12,5,5
0001578685,2014-02-18,2017-02-16,4,4
0001578731,2014-09-02,2015-08-31,2,2
0001578732,2014-03-21,2021-03-01,8,8
0001578735,2014-03-28,2021-02-26,8,8
0001578776,2013-12-20,2021-12-17,9,9
0001578821,2014-03-31,2017-03-20,4,4
0001578845,2014-02-25,2020-02-18,7,7
0001578918,2014-03-28,2015-03-30,2,2
0001578932,2014-03-19,2018-03-05,5,5
0001579010,2014-09-10,2021-09-03,8,8
0001579068,2014-06-27,2017-06-28,4,4
0001579157,2014-04-04,2021-04-30,8,8
0001579214,2018-02-22,2021-02-23,4,4
0001579241,2014-03-10,2021-02-16,8,8
0001579252,2014-03-07,2020-03-02,7,7
0001579298,2014-03-31,2021-03-15,8,8
0001579306,2014-03-31,2021-03-18,8,8
0001579412,2014-03-31,2019-03-19,6,6
0001579428,2016-03-24,2021-03-01,6,6
0001579445,2014-03-31,2017-03-24,4,4
0001579471,2014-03-28,2017-02-28,4,4
0001579534,2014-04-10,2015-05-06,2,2
0001579541,2014-07-25,2016-08-02,3,3
0001579546,2014-03-31,2014-03-31,1,1
0001579684,2014-03-19,2021-02-26,8,8
0001579717,2014-09-09,2014-09-09,1,1
0001579733,2021-03-24,2021-03-24,1,1
0001579823,2015-04-15,2021-03-18,7,7
0001579877,2015-03-06,2021-02-26,7,7
0001579910,2015-03-27,2021-03-12,7,7
0001580013,2014-03-31,2021-03-11,8,8
0001580063,2021-03-18,2021-03-18,1,1
0001580095,2014-08-21,2020-10-30,7,4
0001580149,2014-09-24,2021-08-30,8,8
0001580156,2014-03-27,2021-02-25,8,8
0001580167,2016-03-09,2016-03-09,1,1
0001580185,2014-03-31,2018-04-03,5,5
0001580262,2014-07-07,2021-08-04,8,7
0001580264,2014-08-26,2017-09-18,3,3
0001580297,2014-07-23,2014-07-23,1,1
0001580345,2015-03-18,2021-03-03,7,7
0001580426,2014-04-15,2015-04-15,2,2
0001580443,2014-02-04,2014-02-04,1,1
0001580485,2014-02-07,2018-04-05,5,5
0001580490,2014-02-07,2021-03-26,8,8
0001580579,2014-03-28,2017-03-31,4,4
0001580608,2014-03-06,2021-02-24,8,8
0001580670,2014-03-31,2021-02-25,8,8
0001580673,2015-03-26,2020-03-26,6,6
0001580676,2015-01-13,2015-01-13,1,1
0001580808,2015-03-11,2021-03-08,7,7
0001580836,2014-07-31,2019-07-26,6,6
0001580864,2021-03-03,2021-03-03,1,1
0001580883,2014-08-19,2017-10-12,4,4
0001580891,2014-03-28,2021-03-15,8,8
0001580905,2014-03-28,2021-02-24,8,8
0001580988,2015-03-31,2020-03-30,6,6
0001581068,2014-03-12,2021-02-11,8,8
0001581076,2014-06-16,2016-06-15,3,3
0001581091,2014-03-28,2021-02-25,8,8
0001581094,2014-10-16,2014-10-16,1,1
0001581164,2014-03-20,2021-02-25,8,8
0001581220,2014-03-14,2016-04-14,3,3
0001581223,2014-03-31,2015-03-27,2,2
0001581280,2018-12-20,2021-11-23,4,4
0001581312,2014-04-15,2016-01-06,2,2
0001581316,2014-10-15,2014-10-15,1,1
0001581374,2014-01-29,2021-01-29,8,8
0001581378,2014-10-14,2015-10-13,2,2
0001581405,2014-03-06,2018-03-27,5,5
0001581545,2014-08-08,2019-11-14,6,6
0001581552,2015-04-14,2021-03-12,7,7
0001581607,2014-03-07,2015-03-16,2,2
0001581652,2014-03-28,2016-03-30,3,3
0001581653,2014-03-31,2021-03-22,8,8
0001581720,2015-03-27,2018-03-01,4,4
0001581776,2014-02-21,2021-02-18,8,8
0001581874,2018-03-07,2021-03-19,4,4
0001581889,2014-03-31,2014-03-31,1,1
0001581908,2014-03-12,2017-03-01,4,4
0001581934,2015-03-27,2018-03-14,4,4
0001581990,2014-03-12,2021-03-01,8,8
0001582010,2014-03-25,2016-03-29,3,3
0001582037,2014-03-28,2021-03-19,8,8
0001582054,2014-04-15,2016-12-05,3,3
0001582072,2014-03-21,2017-03-23,4,4
0001582081,2014-03-28,2021-03-30,8,8
0001582086,2014-03-07,2020-02-28,7,7
0001582244,2013-12-27,2021-12-17,10,9
0001582249,2014-10-03,2021-01-15,8,7
0001582313,2015-03-12,2021-03-01,7,7
0001582341,2014-09-29,2019-04-25,5,5
0001582463,2014-05-23,2017-05-19,4,4
0001582554,2015-03-31,2021-03-29,7,7
0001582568,2015-02-26,2021-02-18,7,7
0001582576,2014-10-06,2015-11-13,2,2
0001582586,2014-10-06,2018-11-14,5,5
0001582589,2014-09-17,2014-09-17,1,1
0001582605,2014-03-31,2021-03-08,8,8
0001582616,2014-03-31,2015-03-31,2,2
0001582718,2014-09-24,2014-09-24,1,1
0001582741,2014-10-01,2014-10-01,1,1
0001582919,2015-04-20,2019-04-12,5,5
0001582962,2017-03-31,2019-06-17,3,3
0001582966,2014-02-21,2018-02-21,5,5
0001582982,2015-03-31,2021-02-25,7,7
0001583077,2014-04-07,2021-03-30,8,8
0001583103,2014-03-07,2019-02-25,6,6
0001583107,2015-03-13,2021-02-26,7,7
0001583138,2014-10-10,2016-05-20,2,2
0001583513,2014-03-14,2017-04-17,4,4
0001583648,2014-09-12,2021-03-31,8,8
0001583671,2014-08-29,2016-10-18,3,3
0001583712,2014-03-31,2017-03-20,4,4
0001583744,2014-03-13,2017-03-14,4,4
0001583771,2014-09-29,2021-03-31,8,8
0001583773,2014-09-30,2014-09-30,1,1
0001583965,2014-03-28,2017-03-24,4,4
0001583993,2015-01-30,2015-01-30,1,1
0001583994,2017-02-24,2020-02-27,5,4
0001584057,2014-07-15,2017-07-14,4,4
0001584137,2015-03-26,2018-03-14,4,4
0001584207,2014-04-15,2021-02-09,8,8
0001584363,2014-03-27,2017-03-29,4,4
0001584423,2014-03-24,2020-03-09,7,7
0001584480,2015-08-06,2021-08-16,7,7
0001584489,2015-12-24,2016-04-14,2,2
0001584492,2014-03-28,2021-03-19,8,8
0001584509,2014-12-03,2021-11-23,8,8
0001584549,2020-04-01,2021-03-16,2,2
0001584584,2015-01-12,2017-03-31,4,3
0001584618,2015-04-15,2017-04-17,3,3
0001584693,2014-10-29,2021-10-28,7,5
0001584701,2015-03-26,2017-03-30,3,3
0001584747,2014-03-28,2021-03-30,8,8
0001584751,2021-03-30,2021-03-30,1,1
0001584754,2014-10-28,2021-08-30,8,7
0001584770,2014-03-28,2016-03-29,3,3
0001584831,2015-03-18,2021-03-29,7,7
0001584952,2014-02-28,2020-03-25,7,7
0001584963,2014-01-24,2016-01-27,3,3
0001585002,2015-03-30,2016-03-30,2,2
0001585023,2014-03-26,2018-03-12,5,5
0001585064,2014-11-19,2017-11-16,4,4
0001585067,2014-03-31,2021-03-17,8,8
0001585101,2015-03-25,2021-03-26,7,7
0001585149,2014-10-09,2021-06-03,3,3
0001585219,2014-03-21,2021-03-12,8,8
0001585364,2014-08-14,2021-03-01,8,8
0001585389,2014-03-31,2021-03-26,8,8
0001585492,2014-03-28,2017-03-22,4,4
0001585521,2020-03-20,2021-03-18,2,2
0001585583,2014-03-31,2021-03-11,8,8
0001585608,2016-03-29,2021-03-31,6,6
0001585644,2014-02-27,2020-05-19,7,7
0001585673,2014-03-31,2021-03-29,8,8
0001585689,2014-02-27,2021-02-17,8,8
0001585738,2014-12-01,2017-10-31,4,4
0001585755,2014-06-30,2018-07-13,5,5
0001585790,2014-03-21,2020-02-24,7,7
0001585854,2015-03-02,2016-03-08,2,2
0001585898,2014-03-28,2016-03-25,3,3
0001586049,2014-03-27,2020-03-06,7,7
0001586099,2014-03-28,2017-03-28,4,4
0001586105,2014-03-31,2020-03-26,7,7
0001586227,2014-03-31,2015-03-27,2,2
0001586294,2014-03-27,2016-03-25,3,3
0001586300,2014-07-10,2016-07-15,3,3
0001586372,2014-10-28,2018-04-02,5,5
0001586452,2015-10-16,2020-05-08,5,5
0001586454,2014-03-28,2021-03-22,8,8
0001586468,2015-04-15,2016-05-03,2,2
0001586491,2014-03-26,2014-03-26,1,1
0001586493,2014-03-26,2014-03-26,1,1
0001586494,2014-03-26,2017-11-06,4,3
0001586495,2014-04-10,2021-03-12,8,7
0001586497,2014-03-26,2014-03-26,1,1
0001586510,2014-03-26,2014-03-26,1,1
0001586511,2014-07-17,2014-07-17,1,1
0001586513,2014-03-26,2014-03-26,1,1
0001586549,2015-04-14,2015-04-14,1,1
0001586551,2014-03-26,2014-03-26,1,1
0001586552,2014-03-26,2014-03-26,1,1
0001586554,2014-03-26,2021-03-30,8,8
0001586559,2014-03-26,2014-03-26,1,1
0001586573,2014-03-31,2017-05-30,4,4
0001586609,2014-03-26,2015-04-13,2,2
0001586611,2014-03-26,2014-03-26,1,1
0001586654,2014-03-26,2015-04-14,2,2
0001586727,2014-10-08,2017-03-17,3,3
0001586883,2014-03-28,2021-03-19,8,8
0001586988,2014-09-30,2017-11-13,4,3
0001587063,2016-04-14,2016-04-14,1,1
0001587221,2015-03-26,2021-03-11,7,7
0001587231,2014-03-14,2014-03-14,1,1
0001587234,2014-03-31,2021-03-23,8,8
0001587246,2014-03-31,2021-03-23,8,8
0001587285,2015-07-24,2015-07-24,1,1
0001587413,2014-03-14,2014-03-14,1,1
0001587476,2015-03-17,2016-04-14,2,2
0001587497,2014-04-14,2021-03-30,8,8
0001587523,2014-03-28,2021-02-10,8,8
0001587650,2014-03-28,2021-03-26,8,8
0001587732,2014-02-25,2021-02-26,8,8
0001587755,2014-09-23,2016-09-08,3,3
0001587980,2014-03-31,2021-03-17,8,8
0001587981,2014-03-28,2021-03-19,8,8
0001587987,2015-03-31,2021-03-29,7,7
0001588014,2015-03-31,2021-03-24,7,6
0001588216,2014-03-31,2018-02-27,5,5
0001588238,2014-03-21,2017-03-01,4,4
0001588242,2014-04-10,2016-06-06,3,3
0001588251,2014-03-31,2021-03-12,8,8
0001588272,2015-03-12,2021-03-31,7,7
0001588489,2020-03-20,2021-03-05,2,2
0001588501,2014-03-27,2015-03-24,2,2
0001588656,2014-06-27,2015-06-26,2,2
0001588869,2014-03-28,2015-03-03,2,2
0001588972,2015-03-25,2021-02-26,7,7
0001589061,2016-03-30,2021-04-13,6,6
0001589094,2015-03-23,2017-03-15,3,3
0001589096,2014-09-29,2014-09-29,1,1
0001589149,2015-04-01,2021-04-16,7,7
0001589150,2014-12-18,2021-12-22,8,4
0001589220,2014-03-28,2018-03-30,5,5
0001589224,2014-03-28,2021-03-30,8,8
0001589361,2015-06-19,2021-02-04,7,7
0001589526,2015-02-27,2021-12-15,8,7
0001589632,2014-03-28,2017-03-30,4,4
0001589644,2014-06-16,2016-06-15,3,3
0001589680,2014-03-28,2017-03-24,4,4
0001589699,2014-03-28,2016-03-23,3,3
0001589802,2014-03-31,2021-03-15,8,8
0001589803,2014-03-31,2021-03-19,8,8
0001589804,2014-03-28,2021-03-19,8,8
0001589845,2014-03-28,2017-03-30,4,4
0001589919,2015-04-15,2017-04-17,3,3
0001590044,2014-04-15,2014-04-15,1,1
0001590058,2014-03-31,2021-03-29,8,8
0001590181,2014-03-21,2017-03-22,4,4
0001590211,2014-05-23,2017-05-19,4,4
0001590231,2014-03-31,2021-03-24,8,8
0001590364,2016-03-10,2021-02-26,6,6
0001590383,2014-03-27,2021-04-16,8,8
0001590418,2014-06-30,2021-03-23,8,8
0001590496,2014-03-14,2021-03-24,9,8
0001590560,2017-03-15,2021-03-01,5,5
0001590565,2014-12-19,2018-04-13,4,4
0001590584,2015-03-13,2021-02-26,7,7
0001590685,2015-03-31,2015-03-31,1,1
0001590695,2015-03-31,2021-04-16,7,7
0001590714,2014-03-31,2021-02-25,8,8
0001590715,2014-12-10,2021-03-11,7,7
0001590717,2015-02-11,2021-02-10,7,7
0001590743,2014-11-13,2015-12-22,2,2
0001590750,2015-03-27,2021-03-26,7,7
0001590757,2014-04-14,2021-03-29,8,8
0001590799,2014-03-31,2021-03-11,8,8
0001590877,2016-03-03,2021-03-01,6,6
0001590895,2015-03-16,2021-03-01,7,7
0001590955,2015-02-26,2021-02-18,7,7
0001590976,2014-09-25,2021-08-26,8,8
0001590997,2014-04-01,2018-03-27,5,5
0001591024,2014-03-27,2017-03-29,4,4
0001591096,2015-03-31,2019-04-12,5,5
0001591157,2015-02-05,2018-10-05,3,3
0001591165,2015-03-31,2021-03-25,7,7
0001591330,2015-03-31,2015-03-31,1,1
0001591387,2018-04-16,2019-04-16,2,2
0001591517,2015-02-26,2017-02-27,3,3
0001591565,2014-12-29,2020-12-22,7,5
0001591587,2020-03-13,2021-03-10,2,2
0001591588,2014-09-26,2021-09-13,8,8
0001591602,2014-03-31,2017-03-30,4,4
0001591615,2015-12-15,2018-12-14,4,4
0001591670,2015-03-03,2021-03-19,7,7
0001591698,2014-08-22,2021-08-06,8,8
0001591763,2015-02-18,2021-02-24,7,7
0001591768,2014-06-26,2016-07-14,3,3
0001591834,2015-03-23,2015-03-23,1,1
0001591877,2014-03-14,2016-03-11,3,3
0001591890,2015-03-26,2021-03-18,7,7
0001591913,2014-12-08,2021-03-31,7,7
0001591956,2018-03-21,2020-05-14,3,3
0001592000,2014-03-31,2021-02-17,8,8
0001592016,2014-03-31,2021-03-15,8,8
0001592057,2016-03-08,2021-02-25,6,6
0001592058,2016-03-14,2021-03-12,6,6
0001592107,2015-01-29,2015-01-29,1,1
0001592143,2015-03-31,2020-03-27,6,6
0001592145,2015-03-31,2020-03-27,6,6
0001592264,2014-03-28,2018-03-28,5,5
0001592288,2016-03-24,2017-03-09,2,2
0001592290,2014-03-25,2015-03-27,2,2
0001592291,2014-03-21,2017-03-23,4,4
0001592329,2014-06-06,2017-06-08,4,4
0001592365,2015-03-31,2015-03-31,1,1
0001592379,2015-03-18,2019-03-14,5,5
0001592386,2016-03-25,2021-02-25,6,6
0001592407,2014-06-27,2016-06-28,3,3
0001592411,2016-03-30,2019-05-16,4,4
0001592480,2014-03-27,2019-02-22,6,6
0001592592,2015-03-31,2016-04-14,2,2
0001592603,2014-12-08,2021-03-31,7,7
0001592706,2014-11-21,2021-11-23,8,8
0001592745,2016-03-25,2017-03-28,2,2
0001592781,2014-06-27,2017-06-28,4,4
0001592782,2015-01-13,2021-12-29,8,6
0001593001,2014-09-29,2021-10-13,8,8
0001593034,2015-03-02,2021-02-26,7,7
0001593195,2015-03-25,2021-03-08,7,7
0001593204,2015-01-12,2021-03-22,7,7
0001593222,2015-03-24,2021-02-25,7,7
0001593269,2014-03-31,2021-03-12,8,8
0001593470,2015-04-06,2017-04-06,3,3
0001593538,2015-02-27,2021-02-26,7,7
0001593548,2014-03-31,2021-03-04,8,8
0001593549,2015-03-30,2017-04-12,3,3
0001593773,2015-04-27,2021-09-15,6,5
0001593812,2015-11-24,2021-01-29,6,6
0001593899,2021-03-30,2021-03-30,1,1
0001593936,2015-03-19,2021-03-09,7,7
0001594012,2015-03-02,2021-03-01,7,7
0001594100,2015-03-26,2021-03-22,7,7
0001594109,2015-03-05,2021-03-01,7,7
0001594114,2014-10-06,2021-09-21,4,3
0001594136,2015-03-27,2021-03-18,7,7
0001594204,2016-04-14,2021-04-01,6,6
0001594219,2014-12-22,2015-12-29,2,2
0001594337,2014-12-15,2017-12-29,4,4
0001594466,2015-03-11,2020-02-21,6,6
0001594485,2015-04-15,2016-04-14,2,2
0001594555,2017-09-28,2021-03-30,5,5
0001594590,2015-03-13,2017-03-10,3,3
0001594617,2015-02-25,2018-03-01,4,4
0001594686,2015-02-26,2021-03-16,7,7
0001594688,2015-03-31,2021-03-30,7,7
0001594864,2015-03-19,2018-03-01,4,4
0001594879,2015-03-13,2018-02-22,4,4
0001595097,2015-02-10,2021-03-15,7,7
0001595122,2015-03-30,2017-03-29,3,3
0001595140,2015-04-09,2016-04-12,2,2
0001595239,2015-03-30,2018-03-30,4,4
0001595248,2018-04-17,2021-03-26,4,4
0001595262,2015-02-13,2016-02-19,2,2
0001595326,2015-04-14,2015-04-14,1,1
0001595527,2015-03-31,2021-03-29,7,7
0001595552,2015-04-03,2016-04-14,2,2
0001595585,2019-03-29,2021-02-26,3,3
0001595627,2015-05-14,2019-03-29,5,5
0001595710,2015-03-31,2021-03-29,7,7
0001595726,2015-03-27,2021-03-12,7,7
0001595893,2020-03-18,2021-03-01,2,2
0001595974,2015-03-06,2021-02-25,7,7
0001596062,2015-02-27,2021-03-01,7,7
0001596089,2015-03-06,2015-03-06,1,1
0001596448,2015-02-26,2015-02-26,1,1
0001596532,2015-03-12,2021-02-19,7,7
0001596783,2014-09-08,2021-08-30,8,8
0001596792,2015-03-18,2018-03-22,4,4
0001596946,2014-06-27,2021-06-03,8,8
0001596958,2015-03-31,2021-03-15,7,7
0001596961,2015-03-17,2021-03-31,7,7
0001596967,2015-02-27,2021-02-24,7,7
0001596993,2015-06-04,2021-06-02,7,7
0001597032,2015-03-30,2018-03-28,4,4
0001597033,2015-03-03,2021-02-25,7,7
0001597131,2015-03-12,2016-03-23,2,2
0001597264,2016-03-11,2021-02-17,6,6
0001597313,2015-02-27,2021-03-05,7,7
0001597339,2015-03-31,2021-03-23,7,7
0001597503,2015-03-02,2016-02-29,2,2
0001597553,2015-03-06,2021-02-24,7,7
0001597672,2015-02-27,2021-03-01,7,7
0001597811,2015-03-24,2018-03-22,4,4
0001597846,2015-01-27,2021-03-29,7,7
0001597892,2015-03-31,2021-04-15,7,7
0001597929,2015-03-31,2018-06-18,4,4
0001598014,2017-01-27,2021-01-22,5,5
0001598308,2014-09-30,2021-09-27,3,3
0001598323,2015-03-16,2017-04-13,3,3
0001598397,2015-03-30,2016-03-30,2,2
0001598428,2015-03-02,2021-02-25,7,7
0001598646,2015-03-26,2021-03-08,7,7
0001598665,2015-03-18,2021-03-09,7,7
0001598674,2020-03-19,2021-02-26,2,2
0001598683,2015-10-06,2017-12-14,3,3
0001598693,2014-05-23,2017-05-19,4,4
0001598893,2015-02-02,2017-01-27,3,3
0001598908,2014-06-27,2017-06-28,4,4
0001598924,2015-03-19,2021-03-31,7,7
0001598968,2015-02-25,2019-02-13,5,5
0001598981,2015-03-31,2018-04-02,4,4
0001599033,2015-03-31,2021-03-30,7,7
0001599117,2015-03-31,2021-04-15,7,7
0001599173,2015-03-30,2018-03-27,4,4
0001599222,2015-03-18,2016-02-24,2,2
0001599298,2021-03-31,2021-03-31,1,1
0001599385,2015-03-20,2016-03-28,2,2
0001599407,2015-04-15,2021-04-15,7,7
0001599489,2015-03-24,2021-03-03,7,7
0001599617,2015-02-25,2021-02-17,7,7
0001599714,2015-03-26,2021-03-16,7,7
0001599750,2015-03-30,2016-02-26,2,2
0001599891,2015-03-27,2017-03-24,3,3
0001599901,2021-03-15,2021-03-15,1,1
0001599947,2015-03-13,2020-03-17,6,6
0001600033,2017-03-15,2021-05-27,5,5
0001600065,2015-09-25,2017-09-20,3,3
0001600125,2015-03-13,2021-03-01,7,7
0001600132,2015-03-31,2021-03-11,7,7
0001600249,2015-04-13,2015-04-13,1,1
0001600347,2015-04-15,2021-03-23,7,7
0001600410,2014-06-16,2017-06-16,4,4
0001600422,2015-03-31,2021-03-16,7,7
0001600438,2016-07-12,2021-06-24,6,6
0001600470,2015-03-09,2020-03-10,6,6
0001600508,2015-03-13,2015-03-13,1,1
0001600571,2015-03-30,2016-03-29,2,2
0001600620,2021-02-24,2021-02-24,1,1
0001600626,2015-03-10,2021-02-26,7,7
0001600694,2015-05-01,2015-05-01,1,1
0001600750,2015-06-08,2017-09-18,3,3
0001600774,2015-02-13,2015-02-13,1,1
0001600784,2015-02-12,2018-02-21,4,4
0001600823,2015-03-31,2021-03-30,7,7
0001600824,2015-03-31,2021-03-29,7,7
0001600831,2015-03-30,2021-03-12,7,7
0001600890,2015-03-27,2019-03-15,5,5
0001600943,2015-03-30,2017-03-30,3,3
0001601046,2014-12-22,2021-12-17,8,8
0001601280,2015-04-30,2021-06-17,7,7
0001601347,2015-03-25,2018-03-21,4,4
0001601385,2014-06-27,2017-06-26,4,4
0001601485,2021-03-30,2021-03-30,1,1
0001601545,2015-03-26,2019-03-08,5,5
0001601548,2015-03-16,2021-03-02,7,7
0001601617,2015-03-31,2021-03-16,7,7
0001601669,2020-02-28,2021-02-26,2,2
0001601705,2015-03-27,2021-03-17,7,7
0001601712,2015-02-23,2021-02-11,7,7
0001601715,2015-03-25,2017-03-28,3,3
0001601744,2015-03-30,2021-03-18,7,7
0001602065,2015-02-20,2021-02-25,7,7
0001602078,2015-06-23,2021-06-29,7,7
0001602143,2015-06-29,2021-06-30,7,5
0001602190,2015-03-31,2018-03-27,4,4
0001602367,2015-02-27,2016-02-29,2,2
0001602381,2015-03-31,2017-04-13,3,3
0001602409,2015-05-29,2021-05-28,7,7
0001602481,2015-03-27,2018-03-30,4,4
0001602658,2015-03-31,2021-03-10,7,7
0001602706,2015-03-31,2019-04-16,5,5
0001602774,2015-03-19,2016-03-23,2,2
0001602813,2015-07-28,2021-09-01,7,5
0001603145,2015-02-20,2021-02-16,7,7
0001603286,2015-02-27,2018-02-27,4,4
0001603291,2015-02-27,2021-03-01,7,7
0001603345,2015-12-16,2021-10-07,7,7
0001603454,2018-03-15,2021-02-16,4,4
0001603480,2015-03-30,2021-03-22,7,7
0001603494,2015-03-25,2020-12-18,5,5
0001603578,2015-03-31,2021-03-16,7,7
0001603669,2015-03-25,2021-03-17,7,7
0001603671,2016-03-09,2018-03-20,3,3
0001603756,2019-03-05,2021-03-01,3,3
0001603779,2015-03-30,2018-03-30,4,4
0001603793,2015-05-29,2021-06-01,7,7
0001603811,2015-01-28,2017-01-27,3,3
0001603923,2015-02-18,2021-02-19,7,7
0001603969,2014-10-14,2015-09-29,2,2
0001603978,2017-03-16,2021-03-09,5,5
0001604028,2016-03-29,2021-05-27,7,6
0001604042,2015-02-20,2018-02-16,4,4
0001604054,2015-03-27,2016-03-29,2,2
0001604082,2015-08-25,2016-08-04,2,2
0001604083,2015-03-30,2021-03-15,7,7
0001604119,2015-03-31,2021-03-15,7,7
0001604133,2015-03-30,2017-03-30,3,3
0001604191,2017-03-31,2021-03-31,5,5
0001604416,2015-03-31,2018-12-06,5,4
0001604446,2015-03-26,2018-03-23,4,4
0001604464,2015-02-26,2021-03-01,7,7
0001604477,2021-03-18,2021-03-18,1,1
0001604627,2015-11-30,2020-11-10,6,6
0001604643,2017-12-04,2021-11-17,5,5
0001604665,2015-03-09,2021-03-02,7,7
0001604738,2015-03-24,2021-03-16,7,7
0001604778,2015-05-27,2021-05-24,7,7
0001604814,2015-03-20,2016-03-22,2,2
0001604821,2016-03-24,2021-02-26,6,6
0001604862,2015-03-24,2018-03-22,4,4
0001604868,2017-03-31,2021-03-29,5,5
0001604906,2015-08-13,2016-11-25,2,2
0001604930,2015-08-28,2021-10-14,7,5
0001604950,2018-03-21,2021-03-23,4,4
0001605024,2015-05-29,2017-03-31,3,3
0001605131,2015-03-30,2017-03-30,3,3
0001605257,2015-03-31,2021-03-29,7,7
0001605301,2015-03-26,2021-03-17,7,7
0001605331,2015-10-01,2020-12-09,6,5
0001605435,2015-03-30,2018-03-28,4,4
0001605481,2015-03-30,2021-03-03,7,7
0001605607,2015-03-19,2021-02-10,7,7
0001605674,2015-03-26,2016-03-18,2,2
0001605740,2015-04-03,2016-04-14,2,2
0001605780,2015-04-29,2019-04-01,5,5
0001605810,2016-06-21,2021-04-15,7,6
0001605931,2015-08-27,2015-08-27,1,1
0001605997,2015-03-31,2018-04-02,4,4
0001606069,2015-03-30,2018-10-01,4,3
0001606104,2015-03-19,2021-03-09,7,7
0001606163,2015-03-10,2021-03-25,7,7
0001606180,2015-03-11,2019-04-15,5,5
0001606254,2015-07-09,2020-06-26,6,6
0001606268,2015-03-27,2021-03-04,7,7
0001606363,2015-03-31,2018-03-15,4,4
0001606364,2015-06-29,2017-07-31,3,3
0001606366,2015-03-17,2021-03-15,7,7
0001606440,2015-03-31,2021-03-09,7,7
0001606442,2015-03-31,2021-03-30,7,7
0001606498,2015-03-13,2021-02-19,7,7
0001606645,2018-02-27,2020-03-12,3,3
0001606657,2015-03-31,2015-03-31,1,1
0001606698,2015-05-05,2021-04-15,7,7
0001606699,2015-04-16,2018-04-16,4,4
0001606700,2015-03-31,2015-03-31,1,1
0001606736,2015-07-15,2015-07-15,1,1
0001606745,2015-03-12,2021-02-19,7,7
0001606757,2015-08-28,2021-08-27,7,7
0001606808,2015-05-29,2015-05-29,1,1
0001606909,2015-03-31,2021-03-15,7,7
0001606965,2015-03-31,2015-03-31,1,1
0001607082,2015-05-22,2018-05-18,4,4
0001607250,2015-02-26,2016-02-25,2,2
0001607281,2015-07-10,2017-08-18,3,3
0001607333,2015-03-30,2017-03-29,3,3
0001607401,2015-03-31,2021-03-30,7,7
0001607450,2015-03-20,2021-09-28,7,7
0001607484,2015-03-31,2021-03-18,7,7
0001607549,2015-06-29,2019-07-01,5,5
0001607551,2016-02-24,2016-02-24,1,1
0001607641,2015-03-31,2021-03-15,7,7
0001607678,2016-03-08,2021-02-17,6,6
0001607679,2015-06-19,2019-01-30,4,4
0001607716,2015-03-13,2020-03-10,6,6
0001607721,2018-09-19,2018-09-19,1,1
0001607741,2015-09-28,2017-08-25,2,2
0001607749,2015-06-17,2017-06-16,3,3
0001607865,2015-03-30,2021-03-23,7,7
0001607962,2016-02-29,2021-02-18,6,6
0001608041,2015-03-30,2018-03-30,4,4
0001608092,2019-04-16,2021-04-15,3,3
0001608104,2015-06-12,2015-06-12,1,1
0001608249,2015-09-18,2019-09-04,5,5
0001608269,2015-03-03,2015-03-03,1,1
0001608298,2015-03-25,2016-03-01,2,2
0001608429,2016-06-01,2017-05-26,2,2
0001608430,2015-02-05,2018-01-25,4,4
0001608638,2014-12-17,2018-12-13,5,5
0001609065,2015-03-18,2021-03-30,7,7
0001609132,2015-02-20,2016-02-19,2,2
0001609139,2017-03-31,2019-04-16,3,3
0001609183,2015-03-30,2018-03-27,4,4
0001609220,2015-03-30,2018-03-30,4,4
0001609234,2015-03-31,2018-03-26,4,4
0001609253,2015-02-27,2021-03-11,7,7
0001609258,2015-07-15,2021-07-02,7,7
0001609319,2016-03-30,2017-04-14,2,2
0001609336,2015-03-31,2017-03-31,3,3
0001609351,2015-03-25,2019-02-28,5,5
0001609379,2015-03-25,2017-03-28,3,3
0001609434,2015-06-26,2016-06-28,2,2
0001609471,2016-03-14,2021-03-12,6,6
0001609472,2016-12-19,2018-12-28,3,3
0001609550,2019-02-26,2021-02-24,3,3
0001609671,2015-03-31,2021-03-17,7,7
0001609702,2015-08-13,2021-08-18,7,7
0001609711,2016-03-03,2021-02-19,6,6
0001609714,2015-03-31,2018-03-27,4,4
0001609727,2019-03-12,2019-03-12,1,1
0001609804,2020-02-20,2021-02-18,2,2
0001609809,2016-03-14,2021-03-02,6,6
0001609865,2015-04-01,2016-03-22,2,2
0001609866,2015-03-31,2015-03-31,1,1
0001609880,2015-07-14,2018-07-16,4,4
0001609951,2015-02-20,2019-03-04,5,5
0001609988,2015-05-18,2021-06-16,7,7
0001609989,2016-03-10,2018-02-26,3,3
0001610074,2015-02-27,2015-02-27,1,1
0001610075,2015-02-27,2015-02-27,1,1
0001610079,2015-03-24,2015-03-24,1,1
0001610092,2015-03-03,2019-03-18,5,5
0001610114,2015-02-26,2021-02-25,7,7
0001610148,2015-03-30,2018-03-28,4,4
0001610250,2015-05-29,2021-05-13,7,7
0001610418,2015-02-26,2020-02-10,6,6
0001610457,2015-07-13,2016-08-26,2,2
0001610462,2015-03-31,2019-08-14,4,3
0001610466,2015-03-25,2021-02-23,7,7
0001610486,2015-03-27,2021-03-18,7,7
0001610532,2015-03-27,2018-03-15,4,4
0001610607,2016-03-31,2018-04-02,3,3
0001610618,2016-03-18,2021-02-25,6,6
0001610682,2015-03-31,2021-03-04,7,7
0001610718,2021-12-29,2021-12-29,1,1
0001610754,2015-03-27,2015-03-27,1,1
0001610758,2015-03-27,2015-03-27,1,1
0001610764,2015-04-14,2016-04-14,2,2
0001610785,2015-04-14,2016-04-11,2,2
0001610793,2015-03-30,2017-03-14,3,3
0001610794,2015-04-14,2015-04-14,1,1
0001610795,2015-04-14,2015-04-14,1,1
0001610796,2015-03-31,2021-03-16,7,7
0001610804,2015-03-30,2015-03-30,1,1
0001610834,2015-11-12,2015-11-12,1,1
0001610837,2015-03-31,2015-03-31,1,1
0001610853,2015-06-29,2021-03-10,7,7
0001610911,2016-02-29,2021-03-16,6,6
0001610931,2015-03-18,2018-03-22,4,4
0001610940,2015-09-25,2021-09-10,7,7
0001610950,2015-02-24,2021-02-18,7,7
0001610979,2015-04-16,2017-02-15,3,3
0001611019,2015-03-02,2017-03-31,3,3
0001611046,2016-04-15,2017-06-23,2,2
0001611110,2015-03-31,2021-03-31,7,7
0001611231,2016-03-10,2017-03-08,2,2
0001611277,2017-04-17,2020-03-30,4,4
0001611547,2015-03-23,2021-02-17,7,7
0001611647,2015-03-31,2021-02-22,7,7
0001611702,2015-03-30,2019-02-28,5,5
0001611742,2015-09-29,2015-09-29,1,1
0001611852,2015-05-07,2016-06-29,2,2
0001611983,2015-03-12,2021-02-26,7,7
0001611988,2015-03-30,2017-03-21,3,3
0001612124,2015-03-31,2021-03-30,7,7
0001612126,2015-03-26,2021-03-17,7,7
0001612188,2019-04-16,2021-03-31,3,3
0001612226,2015-03-27,2017-03-31,3,3
0001612253,2015-04-15,2016-09-23,3,2
0001612254,2015-03-23,2018-05-24,4,4
0001612518,2015-03-31,2021-03-31,7,7
0001612624,2015-04-22,2015-04-22,1,1
0001612630,2015-03-20,2021-03-05,7,7
0001612720,2016-04-01,2021-03-25,6,6
0001612841,2015-03-27,2021-03-17,7,7
0001612851,2015-07-23,2021-07-12,7,7
0001613011,2016-04-14,2016-04-14,1,1
0001613103,2015-06-23,2021-06-25,7,7
0001613394,2018-04-17,2018-04-17,1,1
0001613489,2016-03-28,2018-02-26,3,3
0001613665,2014-12-12,2021-11-24,8,8
0001613685,2015-11-13,2021-10-21,7,5
0001613762,2015-03-31,2021-03-30,7,7
0001613763,2015-03-31,2021-03-30,7,7
0001613764,2015-03-31,2021-03-30,7,7
0001613765,2015-03-31,2021-03-30,7,7
0001613766,2015-03-31,2021-03-30,7,7
0001613767,2015-03-31,2021-03-30,7,7
0001613780,2021-03-17,2021-03-17,1,1
0001613809,2016-02-10,2016-02-10,1,1
0001613859,2015-03-03,2021-02-24,7,7
0001613895,2015-08-10,2017-09-15,3,3
0001614033,2015-03-31,2021-03-15,7,7
0001614067,2019-03-28,2021-03-30,3,3
0001614083,2015-04-06,2017-02-15,3,3
0001614106,2016-03-02,2018-01-03,3,2
0001614173,2016-03-29,2019-03-28,4,4
0001614178,2018-03-16,2021-03-16,4,4
0001614184,2018-03-19,2021-03-01,4,4
0001614404,2015-03-19,2016-03-23,2,2
0001614436,2015-03-03,2016-02-29,2,2
0001614466,2016-01-13,2021-08-31,6,6
0001614502,2016-03-04,2018-03-29,3,3
0001614556,2015-09-01,2021-10-18,7,6
0001614806,2015-03-26,2021-03-05,7,7
0001614818,2016-01-26,2017-03-16,2,2
0001614826,2016-04-14,2021-05-21,6,5
0001614924,2015-05-18,2016-04-14,2,2
0001614976,2017-03-28,2020-03-30,4,4
0001615063,2015-03-13,2021-03-29,6,6
0001615153,2016-04-14,2017-08-16,2,2
0001615165,2018-03-09,2021-03-05,4,4
0001615169,2015-08-04,2019-09-17,5,5
0001615219,2015-03-24,2021-03-18,7,7
0001615222,2016-03-30,2021-03-31,6,6
0001615346,2015-02-26,2021-02-24,7,7
0001615396,2015-05-22,2018-05-18,4,4
0001615418,2015-02-26,2019-02-26,5,5
0001615445,2015-06-17,2017-06-16,3,3
0001615780,2015-03-31,2021-04-14,7,7
0001615817,2015-03-23,2019-02-27,5,5
0001615892,2015-02-23,2017-03-14,3,3
0001615942,2015-08-13,2019-04-17,5,5
0001615999,2017-03-30,2021-03-30,5,5
0001616000,2015-03-27,2021-03-01,7,7
0001616093,2015-03-05,2019-03-01,5,5
0001616101,2015-03-13,2016-03-01,2,2
0001616156,2015-08-28,2021-08-27,7,7
0001616212,2021-03-18,2021-03-18,1,1
0001616262,2015-05-27,2021-06-01,7,7
0001616280,2015-03-30,2018-03-30,4,4
0001616297,2015-03-30,2016-03-29,2,2
0001616314,2017-02-27,2019-02-25,3,3
0001616318,2015-06-01,2021-05-20,7,7
0001616495,2015-03-31,2016-03-28,2,2
0001616533,2017-10-13,2021-10-25,5,5
0001616543,2015-09-18,2021-03-05,7,7
0001616666,2015-03-30,2021-03-17,7,7
0001616707,2015-03-19,2021-02-25,7,7
0001616736,2016-03-18,2021-10-13,6,6
0001616741,2015-12-21,2021-12-14,7,7
0001616788,2015-08-13,2021-09-28,7,6
0001616817,2015-03-16,2017-03-06,3,3
0001616862,2015-03-13,2021-02-18,7,7
0001616997,2015-03-30,2019-03-29,5,5
0001617166,2015-03-31,2019-03-22,5,5
0001617227,2016-03-30,2021-03-18,6,6
0001617242,2015-09-14,2021-08-27,7,7
0001617291,2015-03-31,2019-03-13,5,5
0001617351,2017-05-26,2021-10-29,6,5
0001617406,2017-03-02,2021-02-26,5,5
0001617431,2015-05-11,2019-07-01,5,5
0001617571,2015-01-28,2017-01-27,3,3
0001617572,2016-03-18,2021-08-10,6,5
0001617626,2015-03-30,2018-03-28,4,4
0001617640,2016-02-12,2021-02-12,6,6
0001617667,2015-03-13,2017-03-06,3,3
0001617669,2016-03-09,2021-04-15,6,6
0001617759,2015-03-24,2016-03-25,2,2
0001617760,2015-03-31,2021-03-30,7,7
0001617798,2016-02-26,2017-02-03,2,2
0001617896,2016-03-14,2019-03-21,4,4
0001617898,2015-03-06,2018-03-19,4,4
0001617957,2015-03-30,2021-03-19,7,7
0001617959,2015-03-30,2021-03-11,7,7
0001617977,2015-03-12,2020-03-12,6,6
0001618150,2015-03-31,2021-03-15,7,7
0001618181,2017-11-29,2021-11-24,5,5
0001618509,2015-03-30,2017-03-30,3,3
0001618561,2015-09-03,2016-09-02,2,2
0001618563,2016-03-10,2021-02-26,6,6
0001618673,2016-08-30,2021-08-24,6,6
0001618694,2016-03-16,2021-03-17,6,6
0001618696,2016-03-28,2021-03-17,6,6
0001618697,2016-03-16,2021-03-17,6,6
0001618713,2015-03-31,2021-03-16,7,7
0001618732,2017-09-18,2021-09-21,5,5
0001618755,2015-03-12,2021-02-23,7,7
0001618756,2015-03-02,2021-02-23,7,7
0001618798,2015-03-30,2017-03-29,3,3
0001618835,2015-03-26,2021-03-04,7,7
0001618921,2015-10-28,2021-10-14,7,7
0001618930,2015-04-02,2015-04-02,1,1
0001619055,2015-10-20,2019-04-17,4,4
0001619087,2016-03-29,2018-03-30,3,3
0001619096,2015-10-29,2021-12-29,7,7
0001619174,2015-04-14,2018-04-02,4,4
0001619227,2015-03-31,2021-03-10,7,7
0001619239,2016-03-01,2016-03-01,1,1
0001619250,2015-03-31,2019-03-06,5,5
0001619312,2016-03-15,2021-03-19,6,6
0001619346,2015-03-30,2018-03-28,4,4
0001619406,2015-03-30,2018-03-28,4,4
0001619511,2015-03-30,2021-03-15,7,7
0001619551,2015-02-27,2018-01-30,4,4
0001619558,2016-06-06,2016-06-06,1,1
0001619616,2015-03-31,2021-03-29,7,7
0001619739,2018-03-13,2019-03-11,2,2
0001619870,2016-01-13,2018-01-12,3,3
0001619914,2015-05-11,2015-05-11,1,1
0001619917,2015-03-31,2016-03-21,2,2
0001619954,2015-03-31,2021-02-17,7,7
0001620053,2016-04-14,2017-04-18,2,2
0001620070,2016-06-13,2020-03-05,4,4
0001620179,2015-04-13,2021-03-22,7,7
0001620280,2016-03-07,2021-03-05,6,6
0001620305,2015-03-27,2021-03-12,7,7
0001620346,2015-03-30,2018-03-30,4,4
0001620393,2016-03-21,2021-02-22,6,6
0001620459,2015-03-12,2021-02-26,7,7
0001620463,2021-03-25,2021-03-25,1,1
0001620533,2015-03-27,2021-02-26,7,7
0001620546,2016-03-03,2016-03-03,1,1
0001620602,2015-02-18,2020-02-18,6,6
0001620702,2016-12-21,2017-06-15,2,2
0001620749,2015-10-29,2020-10-29,6,6
0001620908,2015-04-16,2016-07-27,2,2
0001620928,2015-03-13,2018-02-15,4,4
0001621121,2015-03-25,2018-03-28,4,4
0001621130,2015-03-20,2018-03-27,4,4
0001621199,2016-01-21,2020-03-10,5,5
0001621221,2015-12-11,2021-11-29,7,7
0001621227,2017-03-13,2021-02-25,5,5
0001621364,2015-06-26,2017-06-28,3,3
0001621368,2015-03-30,2021-03-11,7,7
0001621379,2015-03-31,2021-03-15,7,7
0001621430,2015-04-09,2016-08-11,2,2
0001621434,2016-03-08,2021-02-23,6,6
0001621443,2016-03-14,2021-03-10,6,6
0001621466,2015-03-30,2021-03-17,7,7
0001621499,2020-10-05,2020-10-05,1,1
0001621563,2016-02-22,2021-02-24,6,6
0001621640,2015-03-30,2018-03-27,4,4
0001621672,2020-03-23,2021-03-19,2,2
0001621697,2016-01-12,2018-12-28,4,3
0001621832,2016-03-28,2021-02-25,6,6
0001621906,2017-03-31,2021-04-15,5,5
0001621990,2015-03-30,2017-03-24,3,3
0001622057,2015-07-02,2021-07-08,7,7
0001622117,2015-03-30,2019-03-29,5,5
0001622175,2015-05-06,2018-06-15,4,4
0001622194,2015-03-30,2021-02-24,7,7
0001622229,2019-03-28,2021-03-16,3,3
0001622231,2016-11-29,2020-12-02,5,4
0001622244,2015-10-22,2021-04-15,7,7
0001622345,2017-03-10,2021-03-31,5,5
0001622353,2016-04-05,2020-02-27,5,5
0001622408,2015-10-07,2021-09-28,7,7
0001622413,2015-03-31,2021-03-15,7,7
0001622463,2015-06-26,2018-06-29,4,4
0001622491,2015-09-25,2017-08-14,2,2
0001622536,2016-02-29,2016-02-29,1,1
0001622577,2016-06-10,2016-06-10,1,1
0001622620,2015-09-28,2015-09-28,1,1
0001622676,2015-10-09,2017-11-20,3,3
0001622764,2015-03-30,2018-03-29,4,4
0001622765,2015-03-31,2021-03-22,7,7
0001622767,2015-12-15,2017-12-15,3,3
0001622822,2015-04-15,2018-03-30,4,4
0001622867,2016-03-29,2018-04-18,3,3
0001622879,2016-04-14,2021-03-31,6,6
0001622893,2015-03-31,2016-03-30,2,2
0001622996,2016-12-16,2021-04-02,6,4
0001623013,2015-04-14,2016-04-14,2,2
0001623016,2015-03-31,2019-03-22,5,5
0001623019,2015-03-31,2018-08-03,4,4
0001623020,2015-03-31,2015-03-31,1,1
0001623021,2015-03-31,2015-03-31,1,1
0001623022,2015-03-31,2015-03-31,1,1
0001623024,2015-04-13,2016-04-12,2,2
0001623028,2015-03-31,2016-04-27,2,2
0001623077,2016-04-13,2016-04-13,1,1
0001623360,2015-10-29,2020-11-19,6,5
0001623518,2015-03-31,2021-03-30,7,7
0001623526,2020-03-23,2021-03-09,2,2
0001623554,2015-09-28,2016-09-29,2,2
0001623590,2015-12-23,2021-03-30,6,6
0001623595,2015-03-27,2018-05-08,4,4
0001623613,2016-02-16,2020-02-28,5,5
0001623837,2015-05-22,2018-05-18,4,4
0001623838,2015-03-31,2021-03-17,7,7
0001623916,2015-03-31,2021-03-29,7,7
0001623919,2016-03-21,2016-03-21,1,1
0001623925,2018-02-13,2021-02-17,4,4
0001624025,2016-10-13,2019-11-25,2,2
0001624140,2015-12-09,2021-11-03,3,3
0001624203,2016-05-20,2016-05-20,1,1
0001624322,2015-05-08,2021-03-05,7,7
0001624326,2016-04-11,2021-03-15,6,6
0001624512,2018-04-02,2021-03-31,4,4
0001624517,2016-07-01,2016-07-01,1,1
0001624644,2017-03-31,2017-03-31,1,1
0001624658,2018-03-27,2021-03-11,4,4
0001624794,2016-06-08,2021-05-20,6,6
0001624826,2016-03-01,2019-03-27,4,4
0001624831,2015-03-31,2019-03-22,5,5
0001624873,2015-06-17,2017-06-16,3,3
0001624899,2016-05-31,2018-05-30,3,3
0001624982,2015-12-22,2017-09-28,3,3
0001624985,2015-03-31,2021-09-27,7,5
0001625042,2016-03-15,2016-07-29,2,1
0001625095,2016-02-22,2018-04-23,3,3
0001625101,2017-03-20,2021-03-12,5,5
0001625123,2015-03-31,2021-03-11,7,7
0001625285,2017-02-24,2021-05-14,5,4
0001625288,2015-09-15,2021-10-12,7,7
0001625376,2017-05-26,2019-01-08,3,3
0001625425,2015-03-18,2018-03-22,4,4
0001625426,2015-03-27,2021-03-15,7,7
0001625584,2017-04-17,2018-03-30,2,2
0001625941,2017-03-15,2021-03-05,5,5
0001626078,2016-09-13,2019-09-13,4,4
0001626115,2016-02-29,2021-02-26,6,6
0001626199,2016-03-08,2021-03-18,6,6
0001626450,2021-02-26,2021-02-26,1,1
0001626556,2016-04-12,2021-04-15,6,6
0001626644,2015-12-01,2021-10-29,7,7
0001626696,2015-12-28,2020-01-03,5,5
0001626745,2015-11-30,2021-04-26,6,6
0001626853,2015-06-19,2020-07-08,6,6
0001626878,2016-03-30,2021-03-16,6,6
0001626899,2016-03-29,2019-04-01,4,4
0001626937,2015-03-30,2019-03-26,5,5
0001626941,2015-03-30,2021-03-16,7,7
0001626971,2017-03-10,2021-03-25,5,5
0001627014,2016-02-26,2021-02-26,6,6
0001627041,2015-11-19,2020-11-30,6,6
0001627213,2015-03-30,2018-03-28,4,4
0001627223,2016-02-25,2021-02-12,6,6
0001627452,2016-02-11,2021-04-21,6,4
0001627469,2017-02-28,2021-03-16,5,5
0001627475,2019-03-07,2021-02-24,3,3
0001627487,2016-03-30,2018-03-09,3,3
0001627515,2017-11-28,2018-11-28,2,2
0001627554,2016-01-29,2021-05-13,6,5
0001627606,2016-04-13,2021-04-30,6,6
0001627611,2016-07-01,2021-06-29,6,6
0001627631,2017-04-17,2017-04-17,1,1
0001627811,2016-02-18,2019-04-01,4,4
0001627857,2018-03-19,2021-02-25,4,4
0001628063,2016-03-11,2021-03-15,6,6
0001628104,2015-12-30,2019-01-30,4,4
0001628112,2016-03-24,2021-03-17,6,6
0001628171,2020-03-30,2021-03-02,2,2
0001628175,2016-03-01,2017-02-24,2,2
0001628228,2016-03-31,2021-12-28,6,5
0001628369,2019-02-28,2021-02-26,3,3
0001628468,2015-12-18,2018-03-19,4,4
0001628738,2017-03-13,2019-03-01,3,3
0001628871,2016-03-25,2017-03-31,2,2
0001628908,2016-02-29,2021-02-26,6,6
0001629019,2018-03-28,2021-03-05,4,4
0001629037,2015-06-17,2017-06-16,3,3
0001629069,2016-03-30,2021-03-29,6,6
0001629137,2016-03-29,2021-02-24,6,6
0001629205,2016-12-06,2021-12-10,6,6
0001629210,2015-09-17,2021-09-17,7,7
0001629261,2016-03-22,2018-04-13,3,3
0001629433,2016-03-22,2017-03-22,2,2
0001629606,2017-04-13,2020-05-22,4,4
0001629665,2016-02-10,2021-04-15,6,6
0001629702,2016-04-25,2019-03-28,4,4
0001629716,2016-03-30,2021-03-29,6,6
0001629789,2016-03-29,2016-03-29,1,1
0001629958,2016-03-28,2019-03-25,4,4
0001629978,2016-03-23,2019-03-20,4,4
0001629995,2016-02-18,2017-02-17,2,2
0001630031,2015-02-19,2021-02-11,7,7
0001630113,2015-11-30,2021-06-22,8,7
0001630132,2016-03-11,2018-03-08,3,3
0001630176,2016-03-30,2021-02-19,6,5
0001630212,2016-02-24,2021-03-30,6,6
0001630372,2016-03-28,2019-03-22,4,4
0001630391,2016-03-24,2017-04-28,2,2
0001630430,2016-02-09,2018-02-20,3,3
0001630472,2018-02-26,2021-02-24,4,4
0001630477,2016-03-24,2021-03-19,6,6
0001630513,2016-03-25,2021-03-16,6,6
0001630690,2016-03-23,2021-03-24,6,6
0001630805,2016-02-25,2021-03-08,6,6
0001630856,2020-03-30,2021-03-26,2,2
0001630924,2016-03-29,2019-03-25,4,4
0001630940,2016-03-23,2020-03-27,5,5
0001631001,2016-01-07,2017-01-30,2,2
0001631055,2016-03-28,2016-03-28,3,1
0001631256,2017-03-09,2021-03-11,5,5
0001631282,2016-09-28,2021-09-28,6,6
0001631406,2016-03-30,2021-03-30,6,6
0001631463,2015-12-29,2020-01-30,5,5
0001631547,2016-04-14,2019-01-28,3,3
0001631569,2016-02-26,2021-02-16,6,6
0001631574,2016-03-30,2021-03-04,6,6
0001631596,2018-02-28,2021-02-16,4,4
0001631650,2016-03-03,2020-02-27,5,5
0001631825,2017-09-21,2019-08-29,3,3
0001631989,2016-03-30,2017-03-30,2,2
0001632028,2016-03-29,2019-03-25,4,4
0001632053,2016-05-17,2019-05-16,4,4
0001632081,2016-04-28,2021-03-26,6,6
0001632092,2016-03-30,2019-03-29,4,4
0001632121,2016-04-14,2021-03-31,6,6
0001632127,2016-03-07,2021-02-26,6,6
0001632275,2016-04-15,2021-03-30,6,6
0001632312,2016-03-23,2016-03-23,1,1
0001632323,2016-04-14,2018-03-30,3,3
0001632559,2016-04-18,2016-04-18,1,1
0001632790,2015-11-20,2021-11-16,7,7
0001632814,2016-03-24,2021-03-11,6,6
0001632933,2016-02-11,2018-02-15,3,3
0001632970,2016-03-07,2021-03-26,6,6
0001633023,2016-03-30,2021-03-30,6,6
0001633070,2020-03-23,2021-03-17,2,2
0001633142,2016-03-01,2016-03-01,1,1
0001633241,2015-05-22,2018-05-18,4,4
0001633336,2016-03-25,2021-02-24,6,6
0001633532,2016-06-29,2019-07-01,4,4
0001633533,2016-03-25,2021-03-17,6,6
0001633651,2016-02-17,2020-02-12,5,5
0001633858,2016-03-23,2021-03-19,6,6
0001633917,2016-02-11,2021-02-05,6,6
0001633931,2016-03-03,2021-02-23,6,6
0001633932,2020-12-15,2021-11-18,2,2
0001633933,2016-03-30,2019-03-26,4,4
0001633978,2015-09-25,2021-08-31,7,7
0001634038,2020-02-24,2021-02-23,2,2
0001634117,2016-06-29,2021-06-30,6,6
0001634121,2016-03-25,2018-03-28,3,3
0001634172,2016-03-23,2021-03-15,6,6
0001634291,2016-02-18,2018-02-28,3,3
0001634293,2016-02-22,2021-01-13,6,5
0001634303,2016-03-25,2018-03-29,3,3
0001634379,2021-03-18,2021-03-18,1,1
0001634408,2016-04-08,2016-04-08,1,1
0001634413,2016-04-14,2017-03-30,2,2
0001634421,2016-03-30,2016-03-30,1,1
0001634423,2016-04-13,2017-04-17,2,2
0001634424,2016-10-03,2019-04-16,4,4
0001634432,2018-03-12,2021-03-03,4,4
0001634447,2017-03-27,2021-03-15,5,5
0001634452,2017-03-31,2021-03-30,5,5
0001634912,2016-03-22,2017-04-17,2,2
0001634942,2016-03-01,2016-03-01,1,1
0001634976,2016-03-23,2021-03-17,6,6
0001634997,2016-04-01,2021-03-01,6,6
0001635136,2017-06-30,2021-06-29,5,5
0001635139,2016-01-27,2018-01-26,3,3
0001635261,2016-03-18,2020-03-13,5,5
0001635282,2016-03-28,2021-03-03,6,6
0001635298,2015-06-26,2017-06-26,3,3
0001635484,2016-03-30,2019-03-29,4,4
0001635538,2016-01-13,2017-02-21,2,2
0001635569,2016-03-24,2021-03-12,6,6
0001635581,2016-01-28,2018-02-05,3,3
0001635626,2015-09-23,2017-09-28,3,3
0001635650,2016-02-18,2021-02-16,6,6
0001635718,2016-02-25,2019-02-27,4,4
0001635748,2016-07-26,2021-09-28,6,5
0001635840,2016-03-30,2019-03-14,4,4
0001635863,2016-02-29,2017-02-15,2,2
0001635881,2016-02-26,2021-03-02,6,6
0001635965,2016-04-14,2019-04-17,4,4
0001635984,2016-03-11,2021-03-16,6,6
0001636023,2015-11-27,2017-11-20,3,3
0001636050,2016-06-06,2021-06-09,6,6
0001636051,2016-11-17,2020-12-16,5,4
0001636222,2016-03-04,2021-02-18,6,6
0001636282,2017-03-23,2021-03-18,5,5
0001636286,2016-03-23,2021-03-15,6,6
0001636300,2016-07-13,2016-07-13,1,1
0001636315,2016-02-26,2021-02-22,6,6
0001636422,2020-02-28,2021-02-25,2,2
0001636459,2016-03-30,2021-03-30,6,6
0001636498,2016-03-23,2019-03-25,4,4
0001636509,2016-03-18,2020-03-13,5,5
0001636513,2016-03-30,2021-03-29,6,6
0001636519,2016-08-19,2021-08-19,6,6
0001636651,2018-03-29,2021-03-15,4,4
0001636708,2016-03-30,2021-03-29,6,6
0001636736,2016-03-28,2017-03-20,2,2
0001636760,2016-04-06,2019-03-29,4,4
0001637008,2016-03-23,2021-03-19,6,6
0001637197,2016-02-29,2019-05-14,4,4
0001637207,2016-03-04,2021-03-01,6,6
0001637242,2018-02-08,2021-03-02,4,4
0001637287,2016-03-29,2017-03-24,2,2
0001637417,2016-03-22,2019-03-18,4,4
0001637459,2016-03-03,2021-02-17,6,6
0001637558,2016-02-05,2020-02-14,5,5
0001637655,2016-03-01,2021-03-11,6,6
0001637757,2016-02-29,2021-03-01,6,6
0001637761,2016-03-16,2021-03-05,6,6
0001637866,2021-04-08,2021-04-08,1,1
0001637880,2016-03-14,2021-03-05,6,6
0001637913,2016-03-02,2019-02-28,4,4
0001637969,2016-03-29,2021-03-29,6,6
0001638058,2017-02-24,2017-02-24,1,1
0001638227,2016-03-25,2021-03-15,6,6
0001638287,2017-03-21,2021-04-15,5,5
0001638290,2015-09-18,2021-09-02,7,7
0001638381,2019-02-27,2021-03-16,3,3
0001638448,2016-03-28,2019-03-22,4,4
0001638449,2016-03-23,2019-03-20,4,4
0001638606,2016-03-30,2019-03-29,4,4
0001638833,2016-03-11,2021-03-10,6,6
0001638911,2016-03-30,2021-03-30,6,6
0001638933,2016-03-25,2021-03-15,6,6
0001639068,2016-03-30,2021-08-09,6,6
0001639225,2020-03-24,2020-03-24,1,1
0001639234,2016-05-31,2020-07-29,5,5
0001639300,2016-04-11,2021-03-24,6,6
0001639315,2018-02-23,2020-02-28,3,3
0001639327,2016-07-25,2021-07-30,4,4
0001639353,2016-03-23,2021-03-12,6,6
0001639669,2016-02-24,2018-01-31,3,3
0001639691,2016-03-04,2021-03-01,6,6
0001639694,2016-03-25,2021-03-26,6,6
0001639825,2020-09-11,2021-08-27,2,2
0001639836,2016-04-14,2020-04-09,5,5
0001639874,2017-03-15,2019-03-27,3,3
0001639947,2016-03-10,2017-03-01,2,2
0001640052,2016-03-24,2021-03-15,6,6
0001640147,2021-03-31,2021-03-31,1,1
0001640201,2016-03-23,2017-03-24,2,2
0001640266,2016-03-17,2021-02-25,6,6
0001640313,2016-03-29,2017-03-16,2,2
0001640384,2016-03-30,2021-03-31,6,6
0001640428,2019-04-01,2021-03-01,3,3
0001640455,2017-03-10,2021-02-25,5,5
0001640513,2016-03-28,2019-03-25,4,4
0001640584,2016-03-23,2021-03-15,6,6
0001640770,2016-03-29,2019-03-25,4,4
0001640775,2016-03-30,2021-03-29,6,6
0001640878,2016-05-20,2019-05-23,4,4
0001640982,2017-03-20,2021-03-30,5,5
0001640997,2017-06-14,2018-06-13,2,2
0001641129,2016-04-14,2016-04-14,1,1
0001641197,2016-03-30,2018-03-16,3,3
0001641204,2016-06-15,2018-06-25,3,3
0001641281,2021-03-31,2021-03-31,1,1
0001641398,2016-03-28,2021-03-26,6,6
0001641489,2016-03-04,2021-02-24,6,6
0001641601,2016-03-28,2021-03-16,6,6
0001641614,2016-03-24,2021-02-25,6,6
0001641623,2016-03-30,2021-03-30,6,6
0001641631,2016-10-13,2021-06-10,7,6
0001641640,2017-03-24,2021-03-11,5,5
0001641751,2016-04-14,2021-03-31,6,6
0001641832,2016-03-29,2019-03-25,4,4
0001641991,2016-02-12,2021-02-19,6,6
0001642081,2016-03-22,2021-03-10,6,6
0001642122,2016-03-24,2021-03-24,6,6
0001642159,2016-03-30,2021-04-06,6,6
0001642223,2017-12-13,2018-05-25,2,2
0001642363,2016-07-13,2017-07-13,2,2
0001642365,2016-04-14,2021-09-24,2,2
0001642375,2017-03-30,2021-03-26,5,5
0001642380,2016-03-30,2021-03-19,6,6
0001642435,2016-03-23,2019-03-25,4,4
0001642453,2016-02-19,2021-02-26,6,6
0001642545,2020-03-12,2021-02-26,2,2
0001642673,2016-03-25,2018-03-28,3,3
0001642727,2016-03-30,2021-03-29,6,6
0001642862,2016-03-15,2021-03-15,6,6
0001642985,2016-03-29,2021-03-31,6,6
0001643102,2016-03-30,2019-03-26,4,4
0001643154,2021-04-01,2021-04-01,1,1
0001643194,2016-04-15,2019-04-12,4,4
0001643202,2016-03-30,2019-03-29,4,4
0001643269,2021-03-12,2021-03-12,1,1
0001643293,2016-03-24,2021-03-16,6,6
0001643301,2016-06-24,2021-03-31,6,6
0001643319,2016-03-30,2019-09-26,4,4
0001643508,2016-03-29,2018-03-15,3,3
0001643542,2016-04-14,2021-03-31,4,4
0001643550,2016-03-25,2021-03-15,6,6
0001643615,2021-03-24,2021-03-24,1,1
0001643660,2016-06-28,2017-06-28,2,2
0001643661,2016-03-30,2021-03-29,6,6
0001643721,2016-12-09,2021-10-13,6,6
0001643848,2016-12-23,2016-12-23,1,1
0001643873,2016-03-24,2021-03-11,6,6
0001643930,2017-03-29,2017-03-29,1,1
0001643953,2016-03-11,2021-03-11,6,6
0001643988,2016-10-13,2021-04-15,5,5
0001644149,2016-12-28,2016-12-28,1,1
0001644285,2016-03-28,2018-03-27,3,3
0001644378,2015-12-18,2021-11-15,7,7
0001644406,2016-03-17,2021-02-24,6,6
0001644440,2016-03-30,2021-03-08,6,6
0001644482,2016-03-30,2018-04-02,3,3
0001644488,2016-08-08,2021-06-10,6,6
0001644509,2016-01-26,2017-03-03,2,2
0001644675,2018-05-29,2021-05-27,4,4
0001644697,2016-03-25,2021-03-18,6,6
0001644742,2016-04-13,2016-04-13,1,1
0001644761,2016-04-13,2016-04-13,1,1
0001644804,2016-04-13,2016-04-13,1,1
0001644808,2016-04-13,2016-04-13,1,1
0001644819,2016-04-13,2018-04-17,3,3
0001644823,2016-04-13,2016-04-13,1,1
0001644825,2016-04-13,2018-04-06,3,3
0001644867,2016-04-13,2018-04-17,3,3
0001644869,2016-04-13,2017-04-18,2,2
0001644889,2016-03-11,2018-04-17,3,3
0001644903,2017-12-26,2021-12-17,5,5
0001644943,2016-03-23,2021-03-16,6,6
0001644963,2018-03-01,2021-03-31,4,4
0001645026,2016-03-24,2021-02-18,4,4
0001645113,2016-03-01,2021-02-25,6,6
0001645155,2019-05-14,2021-04-13,3,3
0001645260,2021-04-21,2021-04-21,1,1
0001645384,2016-03-24,2021-03-11,6,6
0001645460,2018-03-29,2021-03-09,4,4
0001645469,2018-03-26,2021-03-25,4,4
0001645494,2016-02-29,2019-03-01,4,4
0001645590,2015-12-17,2021-12-10,7,7
0001645666,2019-03-26,2021-03-11,3,3
0001645731,2016-03-23,2021-03-23,6,6
0001645873,2017-04-03,2021-03-31,5,5
0001645926,2016-08-23,2016-08-23,1,1
0001646188,2017-03-30,2021-03-08,5,5
0001646228,2017-04-05,2021-03-24,5,5
0001646383,2016-05-27,2017-05-25,2,2
0001646576,2016-09-27,2020-09-30,5,5
0001646587,2016-03-30,2019-03-13,4,4
0001646736,2016-03-22,2021-03-15,6,6
0001646798,2016-03-29,2019-03-28,4,4
0001646829,2016-03-30,2018-03-28,3,3
0001646916,2017-08-31,2018-09-13,2,2
0001646924,2016-03-30,2021-03-30,6,6
0001646972,2018-05-11,2021-04-28,4,4
0001647088,2016-03-30,2021-02-26,6,6
0001647170,2019-03-26,2019-03-26,1,1
0001647254,2016-06-29,2019-07-01,4,4
0001647339,2015-10-30,2017-10-26,3,3
0001647353,2016-03-29,2019-03-25,4,4
0001647509,2016-02-23,2018-02-22,3,3
0001647513,2017-02-14,2021-02-12,5,5
0001647587,2016-03-24,2021-03-10,6,6
0001647639,2021-03-18,2021-03-18,1,1
0001647705,2016-03-30,2020-06-22,5,5
0001647771,2016-07-14,2017-07-14,2,2
0001647822,2016-08-29,2021-12-10,6,4
0001647854,2016-03-25,2018-03-29,3,3
0001647980,2016-03-23,2021-03-11,6,6
0001648087,2016-03-01,2021-05-17,6,6
0001648195,2016-03-23,2021-03-19,6,6
0001648365,2016-08-29,2021-04-13,6,6
0001648383,2017-02-15,2019-03-20,3,3
0001648428,2016-03-14,2021-04-15,6,6
0001648439,2016-03-30,2021-03-29,6,6
0001648636,2016-04-14,2021-04-01,6,6
0001648858,2016-03-24,2021-03-16,6,6
0001648893,2017-03-09,2019-03-04,3,3
0001648903,2016-03-29,2021-03-03,6,6
0001648945,2016-05-20,2019-05-23,4,4
0001648955,2016-03-24,2017-03-10,2,2
0001649011,2016-03-30,2019-03-29,4,4
0001649094,2021-03-29,2021-03-29,1,1
0001649096,2017-03-31,2021-03-16,5,5
0001649173,2016-02-19,2017-02-21,2,2
0001649184,2016-03-23,2021-03-15,6,6
0001649338,2016-12-23,2017-12-21,2,2
0001649345,2015-12-23,2017-12-21,3,3
0001649450,2016-06-15,2018-06-25,3,3
0001649616,2016-03-29,2019-03-25,4,4
0001649675,2016-03-25,2019-03-21,4,4
0001649676,2016-07-29,2016-07-29,1,1
0001649709,2016-03-25,2016-03-25,1,1
0001649716,2016-03-28,2019-03-22,4,4
0001649744,2016-04-08,2021-03-26,6,6
0001649749,2017-03-31,2021-03-12,5,5
0001649881,2017-03-30,2018-04-13,2,2
0001649904,2018-03-12,2021-03-01,4,4
0001649934,2016-03-29,2019-03-25,4,4
0001649989,2016-12-29,2021-12-23,6,6
0001650101,2016-06-01,2021-06-29,6,6
0001650132,2016-03-22,2021-02-19,6,6
0001650203,2016-02-01,2017-03-31,2,2
0001650204,2016-02-01,2017-03-31,2,2
0001650205,2016-02-01,2020-09-15,5,5
0001650445,2017-04-12,2020-04-10,4,4
0001650505,2016-04-12,2020-05-14,5,5
0001650526,2016-03-30,2019-03-26,4,4
0001650575,2016-09-28,2018-04-02,3,3
0001650648,2021-03-25,2021-03-25,1,1
0001650664,2016-03-30,2021-02-26,6,6
0001650696,2021-03-16,2021-03-16,1,1
0001650729,2017-03-15,2021-03-03,5,5
0001650739,2016-09-30,2021-09-28,6,5
0001650962,2016-03-30,2021-02-26,6,6
0001651052,2019-03-28,2021-02-19,3,3
0001651094,2018-03-09,2021-02-26,4,4
0001651164,2016-03-24,2021-03-10,6,6
0001651221,2016-01-27,2018-01-26,3,3
0001651235,2017-02-23,2021-03-01,5,5
0001651286,2017-03-16,2019-03-15,3,3
0001651308,2016-03-30,2021-02-25,6,6
0001651311,2020-03-16,2021-03-16,2,2
0001651407,2017-03-17,2021-03-12,5,5
0001651431,2021-03-29,2021-03-29,1,1
0001651561,2017-03-14,2021-02-26,5,5
0001651577,2016-09-09,2018-08-27,3,3
0001651588,2016-03-30,2021-03-29,6,6
0001651716,2016-04-12,2017-03-31,2,2
0001651790,2016-03-22,2021-03-15,6,6
0001651898,2016-03-23,2019-03-20,4,4
0001651932,2016-07-14,2021-06-29,6,6
0001651944,2018-06-29,2021-03-05,4,4
0001651958,2016-03-23,2021-04-15,6,6
0001651987,2016-03-30,2019-03-27,4,4
0001651992,2017-04-18,2021-05-27,5,5
0001652031,2016-03-25,2021-03-23,6,6
0001652044,2016-02-11,2021-02-03,6,6
0001652101,2016-02-26,2018-02-07,3,3
0001652106,2016-09-26,2019-09-26,4,4
0001652130,2017-03-14,2021-02-26,5,5
0001652133,2018-02-28,2021-03-08,4,4
0001652201,2016-03-29,2019-03-25,4,4
0001652362,2017-03-30,2021-03-08,5,5
0001652456,2016-03-23,2019-03-25,4,4
0001652535,2017-03-28,2021-03-05,5,5
0001652539,2018-04-16,2021-04-15,4,4
0001652561,2017-03-30,2021-03-31,5,5
0001652672,2016-03-25,2021-03-22,6,6
0001652724,2021-03-31,2021-03-31,1,1
0001652842,2017-03-23,2021-03-29,5,5
0001652871,2016-08-29,2018-09-24,3,3
0001652884,2016-03-25,2021-03-16,6,6
0001652885,2016-03-30,2019-03-28,4,4
0001652923,2016-03-18,2018-02-28,3,3
0001652926,2017-03-29,2020-03-20,4,4
0001652958,2016-03-30,2021-03-31,6,6
0001652982,2016-03-23,2021-03-15,6,6
0001653087,2019-03-26,2021-02-25,3,3
0001653099,2017-04-12,2020-03-31,5,4
0001653247,2017-03-30,2021-03-08,5,5
0001653323,2016-03-22,2021-03-16,6,6
0001653384,2017-03-29,2021-03-12,5,5
0001653426,2016-03-29,2017-03-31,2,2
0001653477,2017-03-02,2021-02-19,5,5
0001653542,2016-03-25,2021-03-19,6,6
0001653558,2017-03-13,2021-03-31,5,5
0001653629,2016-09-08,2018-10-03,3,3
0001653653,2017-03-13,2021-02-23,5,5
0001653710,2017-08-14,2020-01-23,3,3
0001653716,2016-03-25,2019-03-27,4,4
0001653821,2016-04-14,2021-03-12,6,6
0001653876,2016-07-15,2021-02-26,5,5
0001653882,2016-12-13,2016-12-13,1,1
0001653959,2016-06-29,2019-07-01,4,4
0001653979,2017-05-10,2020-05-11,4,4
0001654151,2018-03-28,2021-02-09,4,4
0001654250,2016-03-30,2019-03-29,4,4
0001654280,2016-06-15,2018-06-25,3,3
0001654281,2016-03-22,2017-03-22,2,2
0001654330,2016-03-24,2021-03-15,6,6
0001654588,2017-04-17,2019-04-16,3,3
0001654595,2019-03-11,2021-03-11,3,3
0001654672,2020-04-01,2021-10-04,3,2
0001654734,2016-03-25,2021-03-16,6,6
0001654785,2016-03-29,2020-03-25,5,5
0001654861,2016-05-20,2019-05-23,4,4
0001654865,2016-03-28,2018-03-27,3,3
0001654948,2017-03-31,2021-03-31,5,5
0001655008,2016-04-28,2021-04-15,6,6
0001655020,2017-03-13,2021-03-18,5,5
0001655050,2017-03-29,2021-02-24,5,5
0001655075,2017-03-06,2021-03-01,5,5
0001655152,2016-03-23,2018-03-27,3,3
0001655153,2016-03-23,2021-03-12,6,6
0001655210,2020-03-19,2021-03-01,2,2
0001655349,2016-11-18,2017-12-14,2,2
0001655514,2016-06-23,2018-06-26,3,3
0001655591,2016-03-30,2021-03-30,6,6
0001655759,2019-03-26,2021-03-01,3,3
0001655780,2017-03-22,2017-03-22,1,1
0001655887,2018-03-05,2021-03-05,4,4
0001655888,2017-03-08,2021-02-23,5,5
0001655971,2018-04-17,2020-04-13,4,3
0001656047,2016-03-30,2021-03-30,6,6
0001656053,2016-11-23,2018-12-14,3,3
0001656088,2016-03-23,2021-03-19,6,6
0001656239,2017-02-28,2018-03-01,2,2
0001656328,2018-03-15,2019-03-14,2,2
0001656472,2020-03-02,2021-02-26,2,2
0001656501,2017-11-28,2021-12-09,5,4
0001656536,2021-03-29,2021-03-29,1,1
0001656634,2019-03-28,2021-03-11,3,3
0001656681,2016-03-24,2021-03-16,6,6
0001656742,2016-06-28,2017-06-28,2,2
0001656839,2016-03-25,2021-03-22,6,6
0001656936,2017-03-06,2021-02-23,5,5
0001657045,2017-04-17,2021-04-08,5,5
0001657146,2016-03-28,2020-03-19,5,5
0001657197,2017-02-23,2018-02-22,2,2
0001657214,2018-04-02,2021-04-02,4,4
0001657249,2017-01-13,2020-12-15,5,4
0001657250,2017-01-13,2017-01-13,1,1
0001657312,2021-02-25,2021-02-25,1,1
0001657324,2017-03-24,2019-03-25,3,3
0001657325,2016-03-30,2021-03-29,6,6
0001657564,2017-04-17,2017-04-17,1,1
0001657642,2017-03-29,2021-03-24,5,5
0001657737,2018-05-04,2018-05-04,1,1
0001657788,2017-03-30,2021-02-26,5,5
0001657803,2017-03-27,2020-03-27,4,4
0001657853,2017-03-06,2021-02-26,5,5
0001657889,2016-03-30,2021-03-30,6,6
0001658247,2019-03-13,2021-03-30,3,3
0001658304,2016-11-30,2019-01-15,3,3
0001658305,2017-03-03,2017-03-03,1,1
0001658432,2016-04-18,2019-04-10,4,3
0001658433,2016-05-12,2016-05-12,1,1
0001658520,2019-07-23,2021-12-03,5,3
0001658566,2017-03-23,2021-02-24,5,5
0001658605,2017-04-17,2018-04-11,2,2
0001658880,2018-09-26,2020-01-22,3,3
0001658982,2016-03-30,2020-03-30,5,5
0001659122,2017-02-27,2020-04-14,4,4
0001659166,2017-02-28,2021-02-26,5,5
0001659183,2016-12-28,2021-03-30,5,5
0001659207,2016-11-29,2021-12-16,6,5
0001659323,2019-03-25,2021-03-12,3,3
0001659329,2016-03-25,2021-03-19,6,6
0001659352,2021-03-17,2021-03-17,1,1
0001659559,2017-05-16,2021-09-16,5,4
0001659617,2017-04-03,2021-03-24,5,5
0001659911,2017-07-20,2017-07-20,1,1
0001659981,2016-03-23,2021-03-19,6,6
0001660134,2018-03-12,2021-03-04,4,4
0001660156,2016-03-18,2018-07-18,3,3
0001660280,2019-03-01,2021-02-23,3,3
0001660329,2017-01-13,2017-01-13,1,1
0001660334,2019-03-07,2021-03-17,3,3
0001660484,2017-03-16,2017-03-16,1,1
0001660690,2016-12-21,2018-11-21,3,3
0001660703,2016-06-29,2020-06-29,5,5
0001660719,2016-03-15,2018-03-14,3,3
0001660734,2017-03-20,2021-02-16,5,5
0001660839,2017-04-17,2019-03-19,3,3
0001661039,2019-04-11,2021-04-15,3,3
0001661053,2019-03-14,2021-03-31,3,3
0001661059,2020-03-12,2021-03-04,2,2
0001661136,2017-03-27,2021-03-11,5,5
0001661181,2017-03-28,2021-03-16,5,5
0001661306,2017-03-31,2021-03-26,5,5
0001661458,2017-03-27,2021-03-17,5,5
0001661460,2021-03-11,2021-03-11,1,1
0001661589,2017-03-27,2021-03-19,5,5
0001661600,2017-01-13,2021-03-17,4,4
0001661920,2017-03-23,2021-03-31,5,5
0001661998,2019-03-12,2021-03-11,3,3
0001662253,2019-03-26,2020-02-10,2,2
0001662382,2017-03-07,2021-04-15,5,5
0001662524,2018-02-28,2020-03-02,3,3
0001662574,2017-03-27,2021-04-13,5,5
0001662579,2021-03-11,2021-03-11,1,1
0001662618,2017-01-03,2017-01-03,1,1
0001662633,2016-08-02,2016-08-02,1,1
0001662640,2016-08-02,2018-04-02,3,3
0001662645,2016-07-19,2017-03-31,2,2
0001662669,2016-07-19,2017-03-31,2,2
0001662670,2016-08-02,2016-08-02,1,1
0001662671,2016-07-19,2018-04-17,3,3
0001662672,2016-07-19,2018-04-17,3,3
0001662675,2016-07-15,2017-03-31,2,2
0001662684,2016-07-15,2021-03-19,6,6
0001662706,2017-11-06,2018-06-29,2,2
0001662774,2020-03-16,2021-03-01,2,2
0001662784,2017-03-27,2021-03-10,5,5
0001662810,2016-05-20,2019-05-23,4,4
0001662907,2018-04-16,2019-04-24,2,2
0001662972,2017-03-22,2021-03-17,5,5
0001663038,2017-09-19,2018-11-20,2,2
0001663129,2017-03-23,2019-03-25,3,3
0001663133,2017-03-20,2020-03-19,4,4
0001663239,2017-03-24,2021-03-15,5,5
0001663240,2017-03-27,2021-03-10,5,5
0001663244,2017-03-23,2021-03-17,5,5
0001663274,2017-03-22,2018-03-27,2,2
0001663641,2016-12-30,2020-01-16,4,4
0001663645,2017-03-30,2021-03-29,5,5
0001664038,2017-02-21,2019-03-15,3,3
0001664106,2019-04-01,2021-03-15,3,3
0001664127,2017-04-03,2021-03-31,5,5
0001664248,2016-06-15,2018-06-25,3,3
0001664682,2017-03-31,2021-03-30,5,5
0001664703,2019-03-22,2021-02-26,3,3
0001664710,2021-03-25,2021-03-25,1,1
0001664740,2017-03-15,2021-03-11,5,5
0001664780,2019-03-29,2021-03-26,3,3
0001665081,2017-03-27,2021-03-18,5,5
0001665300,2017-02-14,2021-03-31,6,5
0001665421,2017-04-14,2019-03-21,3,3
0001665448,2017-03-31,2020-03-30,4,4
0001665497,2017-03-29,2020-03-23,4,4
0001665598,2017-04-06,2021-04-15,5,5
0001665658,2017-03-07,2018-03-01,2,2
0001665840,2017-02-02,2017-02-02,1,1
0001665918,2017-02-28,2021-02-16,5,5
0001665988,2021-03-26,2021-03-26,1,1
0001666071,2018-03-19,2021-03-01,4,4
0001666114,2016-06-29,2018-07-02,3,3
0001666134,2017-03-10,2021-02-25,5,5
0001666138,2016-11-29,2021-11-18,6,6
0001666156,2017-03-27,2021-03-10,5,5
0001666176,2017-03-28,2019-03-21,3,3
0001666178,2017-04-13,2021-09-22,5,4
0001666244,2018-03-30,2021-03-25,4,4
0001666267,2019-04-01,2020-09-09,2,2
0001666384,2020-03-13,2021-03-11,2,2
0001666487,2017-05-16,2018-03-30,2,2
0001666700,2018-02-15,2021-02-12,4,4
0001666926,2017-01-27,2019-01-25,3,3
0001666947,2017-03-24,2019-03-25,3,3
0001666962,2017-03-20,2018-03-27,2,2
0001667153,2017-02-17,2017-02-17,1,1
0001667154,2017-02-17,2017-02-17,1,1
0001667161,2017-03-28,2021-03-11,5,5
0001667270,2017-03-30,2020-03-25,4,4
0001667313,2016-10-26,2021-11-09,6,6
0001667364,2017-08-02,2017-08-02,1,1
0001667489,2017-03-31,2020-05-15,4,4
0001667546,2017-03-31,2018-03-28,2,2
0001667615,2019-09-13,2020-09-14,2,2
0001667633,2019-03-28,2020-03-20,2,2
0001667840,2017-03-30,2019-03-28,3,3
0001667939,2017-03-16,2020-03-30,4,4
0001667944,2017-03-24,2019-03-29,3,3
0001667967,2017-03-24,2018-03-27,2,2
0001668082,2017-06-16,2021-07-12,5,3
0001668105,2019-02-28,2021-03-01,3,3
0001668186,2017-03-24,2020-03-25,4,4
0001668224,2017-03-23,2019-03-11,3,3
0001668243,2019-02-28,2021-03-18,3,3
0001668340,2017-03-23,2020-02-18,4,4
0001668370,2019-03-29,2021-03-26,3,3
0001668397,2017-02-28,2021-02-16,5,5
0001668428,2017-03-17,2020-03-02,4,4
0001668523,2017-02-24,2021-04-15,5,4
0001668589,2017-03-22,2020-03-26,4,4
0001668673,2018-03-13,2021-03-01,4,4
0001668738,2017-03-27,2021-03-15,5,5
0001668761,2017-03-30,2020-03-27,4,4
0001668788,2017-03-20,2020-03-19,4,4
0001668931,2017-03-27,2021-03-12,5,5
0001669162,2017-03-16,2021-02-25,5,5
0001669374,2017-03-31,2021-03-30,5,5
0001669393,2017-03-30,2021-03-30,5,5
0001669400,2017-04-25,2021-04-20,5,5
0001669479,2017-09-28,2018-09-28,2,2
0001669513,2016-12-29,2016-12-29,1,1
0001669600,2017-03-01,2019-02-08,3,3
0001669779,2017-03-13,2021-02-26,5,5
0001669792,2017-03-09,2017-03-09,1,1
0001669811,2017-02-28,2021-02-25,5,5
0001669812,2017-02-23,2020-03-02,4,4
0001669990,2017-03-31,2021-03-30,5,5
0001670196,2017-03-31,2021-04-14,5,5
0001670349,2018-03-28,2021-03-11,4,4
0001670538,2017-04-17,2017-04-17,1,1
0001670541,2016-11-29,2021-11-23,6,6
0001670592,2019-03-20,2021-03-01,3,3
0001670601,2017-03-30,2021-03-30,5,5
0001670869,2016-10-04,2020-07-09,5,5
0001670961,2018-01-16,2018-01-16,1,1
0001671013,2017-02-21,2021-03-01,5,5
0001671048,2017-03-29,2021-03-19,5,5
0001671077,2017-03-29,2021-03-30,5,3
0001671083,2017-06-28,2020-06-29,4,4
0001671212,2017-05-19,2020-05-21,4,4
0001671299,2017-03-23,2019-03-25,3,3
0001671520,2017-03-27,2021-03-15,5,5
0001671584,2017-03-31,2021-03-31,5,5
0001671686,2018-03-28,2020-03-16,3,3
0001671697,2017-03-28,2019-03-21,3,3
0001671740,2017-03-27,2021-03-18,5,5
0001671818,2021-03-10,2021-03-10,1,1
0001671854,2017-03-29,2019-04-01,3,3
0001671858,2021-03-29,2021-03-29,1,1
0001671933,2017-02-16,2021-02-19,5,5
0001672013,2017-03-30,2021-02-25,5,5
0001672255,2017-03-31,2018-03-20,2,2
0001672326,2017-04-12,2019-04-02,3,3
0001672489,2017-03-20,2018-03-27,2,2
0001672571,2018-06-29,2021-05-25,4,4
0001672572,2017-06-27,2021-06-24,5,5
0001672587,2017-03-27,2021-03-18,5,5
0001672609,2017-03-27,2021-03-16,5,5
0001672619,2021-03-05,2021-03-05,1,1
0001672690,2017-04-17,2017-04-17,1,1
0001672712,2017-03-31,2020-03-30,4,4
0001672754,2017-07-14,2019-03-27,3,3
0001672773,2017-03-31,2021-03-31,5,5
0001672885,2017-03-31,2021-04-05,5,5
0001672886,2017-04-11,2018-04-17,2,2
0001672887,2017-04-10,2017-04-10,1,1
0001672888,2017-04-11,2018-04-17,2,2
0001672897,2017-04-10,2019-03-20,3,3
0001672898,2017-04-11,2017-04-11,1,1
0001672899,2017-04-27,2017-04-27,1,1
0001672900,2017-04-17,2017-04-17,1,1
0001672909,2017-03-30,2021-03-24,5,5
0001672985,2017-03-31,2017-03-31,1,1
0001673255,2017-03-30,2021-03-30,5,5
0001673350,2017-06-16,2019-06-25,3,3
0001673358,2017-03-08,2021-02-26,5,5
0001673431,2019-04-15,2021-04-15,3,3
0001673475,2017-07-31,2021-09-13,5,5
0001673481,2019-03-27,2021-03-30,3,3
0001673504,2017-10-13,2021-08-24,5,5
0001673542,2017-03-27,2021-03-18,5,5
0001673576,2017-06-28,2018-06-29,2,2
0001673772,2020-03-30,2021-03-11,2,2
0001673813,2017-03-24,2020-03-25,4,4
0001673985,2017-03-06,2021-02-19,5,5
0001673987,2018-04-10,2018-04-10,1,1
0001674101,2019-03-13,2021-03-01,3,3
0001674168,2017-03-02,2021-03-01,5,5
0001674227,2017-04-17,2021-05-19,5,5
0001674242,2017-03-29,2020-03-23,4,4
0001674335,2017-03-03,2021-02-23,5,5
0001674356,2020-03-02,2021-03-19,2,2
0001674365,2019-03-21,2021-03-24,3,3
0001674416,2017-03-10,2021-02-16,5,5
0001674440,2017-08-03,2021-08-06,5,5
0001674760,2017-02-28,2021-02-25,5,5
0001674786,2017-03-24,2017-03-24,1,1
0001674862,2016-11-21,2021-11-22,6,6
0001674910,2016-12-19,2021-11-19,6,6
0001674930,2017-03-17,2021-03-08,5,5
0001675033,2017-03-30,2021-03-16,5,5
0001675149,2017-03-15,2021-02-25,5,5
0001675171,2017-03-30,2020-03-25,4,4
0001675192,2017-03-29,2020-03-30,4,4
0001675442,2018-04-02,2019-04-01,2,2
0001675583,2017-09-13,2017-12-21,2,1
0001675634,2017-12-14,2021-12-03,5,5
0001675644,2019-03-29,2021-03-25,3,3
0001675820,2017-02-15,2020-02-18,4,4
0001675887,2017-03-23,2020-03-23,4,4
0001675928,2017-03-30,2021-03-16,5,5
0001676047,2017-05-08,2021-04-02,5,5
0001676163,2018-03-29,2019-04-16,2,2
0001676479,2017-03-13,2021-03-05,5,5
0001676580,2017-03-24,2021-03-12,5,5
0001676667,2017-03-24,2019-03-28,3,3
0001676725,2020-03-24,2021-03-23,2,2
0001676734,2017-03-27,2021-03-10,5,5
0001676852,2017-07-06,2021-07-30,5,5
0001677077,2021-07-29,2021-07-29,1,1
0001677203,2017-03-31,2018-03-08,2,2
0001677390,2017-03-27,2021-03-15,5,5
0001677576,2017-03-23,2021-02-26,5,5
0001677703,2017-03-10,2021-02-24,5,5
0001677761,2017-03-15,2017-03-15,1,1
0001677897,2018-07-18,2021-06-23,5,4
0001677913,2017-03-30,2021-03-30,5,5
0001678038,2017-03-27,2021-03-15,5,5
0001678105,2017-06-23,2021-06-23,5,5
0001678361,2017-03-30,2019-03-27,3,3
0001678407,2017-03-20,2020-03-19,4,4
0001678463,2017-03-31,2021-02-25,5,5
0001678487,2017-03-22,2020-03-18,4,4
0001678507,2017-05-19,2020-05-21,4,4
0001678531,2017-03-01,2018-03-01,2,2
0001678536,2017-09-29,2017-09-29,1,1
0001678617,2017-03-24,2020-03-25,4,4
0001678618,2017-01-27,2019-01-25,3,3
0001678660,2021-03-16,2021-03-16,1,1
0001678740,2017-03-31,2021-03-30,5,5
0001678746,2017-11-16,2021-05-17,5,5
0001678848,2017-10-16,2019-08-26,3,2
0001679049,2017-03-31,2021-03-12,5,5
0001679063,2018-03-30,2021-03-31,4,4
0001679082,2017-06-14,2021-05-11,5,5
0001679268,2017-02-24,2021-03-01,5,5
0001679273,2017-07-25,2021-07-27,5,5
0001679327,2017-03-24,2021-03-15,5,5
0001679363,2020-02-27,2021-03-01,2,2
0001679420,2017-03-27,2021-03-11,5,5
0001679426,2017-03-31,2019-04-16,3,3
0001679597,2017-03-28,2020-03-27,4,4
0001679688,2017-02-28,2021-03-01,5,5
0001679731,2018-03-28,2020-03-25,3,3
0001679817,2017-07-27,2021-04-15,4,4
0001679826,2020-03-04,2021-02-24,2,2
0001679836,2017-10-13,2017-10-13,1,1
0001680048,2017-03-31,2021-03-24,5,5
0001680062,2018-03-23,2021-03-01,4,4
0001680132,2017-08-18,2021-09-07,5,5
0001680139,2018-04-02,2021-03-31,4,4
0001680142,2017-06-28,2020-06-29,4,4
0001680180,2017-06-16,2019-06-25,3,3
0001680228,2017-07-26,2017-07-26,1,1
0001680232,2018-03-16,2020-03-20,3,3
0001680237,2017-09-05,2018-12-07,2,2
0001680247,2018-03-27,2021-03-05,4,4
0001680367,2021-03-16,2021-03-16,1,1
0001680378,2017-03-31,2021-03-29,5,5
0001680379,2018-03-28,2021-03-26,4,4
0001680525,2017-08-18,2018-12-06,2,2
0001680581,2020-03-05,2021-03-04,2,2
0001680689,2017-07-31,2021-07-29,5,5
0001680873,2018-03-29,2021-03-16,4,4
0001680935,2017-09-01,2018-09-28,2,2
0001680966,2017-06-05,2018-04-17,2,2
0001681031,2017-03-30,2021-03-30,5,5
0001681087,2019-03-25,2021-03-18,3,3
0001681169,2017-02-16,2021-02-17,5,5
0001681206,2017-04-07,2021-03-10,5,5
0001681281,2017-04-10,2017-04-10,1,1
0001681282,2017-04-11,2020-07-02,4,4
0001681292,2017-04-10,2017-04-10,1,1
0001681297,2017-04-10,2018-04-17,2,2
0001681302,2017-04-17,2018-04-13,2,2
0001681305,2017-04-10,2018-04-17,2,2
0001681306,2017-04-11,2019-04-02,3,3
0001681309,2017-04-17,2020-03-25,4,3
0001681312,2017-04-10,2018-04-17,2,2
0001681400,2017-04-10,2020-06-12,3,3
0001681459,2017-01-13,2021-03-05,5,5
0001681556,2017-03-28,2021-04-15,5,5
0001681622,2017-12-13,2021-11-19,5,5
0001681682,2018-03-20,2021-03-25,4,4
0001681689,2017-03-24,2018-02-14,2,2
0001681714,2017-03-31,2019-03-04,3,3
0001681769,2017-10-31,2021-11-12,5,5
0001681903,2017-03-31,2021-03-30,5,5
0001681906,2017-03-31,2021-03-30,5,5
0001681941,2017-06-29,2020-08-13,4,4
0001682130,2017-03-31,2020-03-30,4,4
0001682149,2019-03-29,2021-03-16,3,3
0001682220,2017-04-07,2021-03-31,5,5
0001682265,2018-04-13,2021-03-31,4,4
0001682325,2017-03-24,2021-02-19,5,5
0001682405,2017-03-27,2021-03-18,5,5
0001682481,2017-03-20,2019-03-22,3,3
0001682524,2017-03-31,2020-03-27,4,4
0001682563,2017-03-30,2020-03-27,4,4
0001682593,2017-09-28,2019-09-27,3,3
0001682639,2018-04-02,2021-03-30,4,4
0001682745,2017-03-30,2021-03-01,5,5
0001682852,2019-03-13,2021-02-26,3,3
0001682860,2017-03-27,2021-03-18,5,5
0001682868,2017-03-22,2021-03-16,5,5
0001682951,2017-06-28,2018-06-29,2,2
0001683001,2017-03-24,2020-03-25,4,4
0001683074,2018-03-01,2020-02-27,3,3
0001683131,2017-09-20,2021-10-12,5,4
0001683170,2017-03-30,2019-03-28,3,3
0001683252,2017-09-29,2021-10-12,3,3
0001683300,2017-03-27,2021-03-18,5,5
0001683413,2017-03-22,2019-03-28,3,3
0001683414,2017-03-28,2020-03-27,4,4
0001683486,2017-03-29,2020-03-23,4,4
0001683489,2017-03-27,2021-03-15,5,5
0001683553,2021-03-22,2021-03-22,1,1
0001683597,2017-03-23,2020-03-23,4,4
0001683606,2018-03-06,2021-02-25,4,4
0001683695,2017-04-19,2021-03-15,5,5
0001684093,2017-03-30,2021-03-30,5,5
0001684144,2018-02-28,2021-02-26,4,4
0001684415,2017-03-31,2018-03-28,2,2
0001684506,2018-03-20,2021-03-31,4,4
0001684508,2017-12-14,2019-12-17,3,3
0001684682,2019-03-19,2021-03-30,3,3
0001685022,2017-03-20,2021-03-23,5,5
0001685040,2018-03-16,2021-02-24,4,4
0001685054,2017-03-27,2021-03-16,5,5
0001685071,2018-02-16,2019-03-05,2,2
0001685212,2017-03-24,2021-03-15,5,5
0001685237,2017-12-04,2021-12-14,5,5
0001685311,2017-04-03,2017-04-03,1,1
0001685342,2017-06-26,2020-06-25,4,4
0001685497,2017-06-16,2019-06-25,3,3
0001685570,2017-12-06,2020-12-10,4,4
0001685715,2017-03-24,2019-02-28,3,3
0001685766,2017-09-12,2021-06-01,3,3
0001685854,2017-03-28,2021-03-15,5,5
0001686150,2017-03-27,2021-03-15,5,5
0001686277,2017-05-19,2020-05-21,4,4
0001686515,2018-05-29,2020-08-20,3,3
0001686850,2018-03-28,2021-03-16,4,4
0001687031,2017-03-27,2021-03-19,5,5
0001687065,2018-03-12,2021-05-10,3,3
0001687187,2017-03-28,2021-02-18,5,5
0001687202,2017-03-27,2021-03-15,5,5
0001687221,2017-12-21,2021-12-15,5,4
0001687229,2017-03-30,2021-02-19,5,5
0001687242,2017-12-20,2017-12-20,1,1
0001687374,2017-03-31,2021-03-30,5,5
0001687505,2017-03-31,2018-04-17,2,2
0001687605,2017-03-30,2021-03-30,5,5
0001687919,2018-04-02,2021-03-29,4,4
0001687926,2018-01-17,2021-02-10,4,3
0001687932,2017-04-28,2021-04-12,5,5
0001687955,2017-03-27,2021-03-18,5,5
0001687999,2017-03-23,2021-09-07,5,5
0001688016,2019-03-15,2019-03-15,1,1
0001688126,2017-03-10,2021-03-30,5,5
0001688149,2017-03-27,2021-03-25,5,5
0001688281,2017-03-16,2020-03-12,4,4
0001688451,2017-03-27,2021-03-19,5,5
0001688476,2017-03-21,2021-02-24,5,5
0001688487,2019-04-01,2021-03-31,3,3
0001688568,2018-05-29,2021-05-28,4,4
0001688667,2018-04-02,2018-04-02,1,1
0001688757,2019-03-20,2021-03-15,3,3
0001688852,2018-02-20,2021-02-11,4,4
0001688941,2017-03-28,2020-02-25,4,4
0001688957,2017-03-27,2021-03-19,5,5
0001689066,2019-03-25,2019-03-25,1,1
0001689084,2018-03-02,2021-03-31,4,4
0001689111,2017-03-27,2021-03-15,5,5
0001689265,2017-03-31,2017-03-31,1,1
0001689417,2017-03-31,2021-03-30,5,5
0001689490,2017-06-29,2021-11-08,5,5
0001689548,2021-03-17,2021-03-17,1,1
0001689657,2021-03-12,2021-03-12,1,1
0001689796,2018-03-12,2021-02-23,4,4
0001689813,2018-03-06,2021-03-01,4,4
0001689923,2018-03-08,2021-02-12,4,4
0001690012,2018-03-14,2021-03-19,4,4
0001690080,2018-03-29,2021-07-09,4,4
0001690110,2017-03-27,2021-03-16,5,5
0001690255,2017-03-31,2021-03-30,5,5
0001690334,2018-03-22,2021-03-12,4,4
0001690384,2018-03-27,2021-02-12,4,4
0001690437,2018-08-31,2021-08-13,4,4
0001690486,2018-01-19,2018-01-19,1,1
0001690536,2018-03-22,2021-03-29,4,4
0001690577,2017-03-27,2021-03-17,5,5
0001690585,2019-03-19,2021-03-03,3,3
0001690622,2018-04-02,2019-04-16,2,2
0001690666,2017-02-27,2020-02-18,4,4
0001690680,2018-03-20,2021-03-01,4,4
0001690769,2018-03-29,2020-03-05,3,3
0001690820,2018-03-06,2021-02-25,4,4
0001690842,2018-08-31,2021-08-13,4,4
0001690881,2018-03-22,2019-03-29,2,2
0001691077,2020-03-31,2021-03-31,2,2
0001691198,2017-03-27,2021-03-12,5,5
0001691299,2017-03-06,2021-02-23,5,5
0001691303,2018-02-14,2021-02-24,4,4
0001691337,2017-09-27,2021-09-10,5,5
0001691421,2021-03-08,2021-03-08,1,1
0001691430,2017-07-28,2021-04-15,5,5
0001691507,2017-12-26,2020-03-30,3,3
0001691906,2018-04-16,2019-05-24,2,2
0001691936,2019-03-27,2021-02-18,3,3
0001692063,2018-02-27,2021-02-19,4,4
0001692115,2017-02-28,2021-02-25,5,5
0001692144,2018-04-02,2021-03-11,4,4
0001692310,2018-03-22,2020-03-23,3,3
0001692345,2019-03-25,2021-03-26,3,3
0001692376,2020-04-07,2021-03-17,2,2
0001692412,2018-03-01,2021-03-04,4,4
0001692415,2018-03-28,2021-03-25,4,4
0001692427,2018-03-09,2021-03-08,4,4
0001692787,2018-03-27,2021-02-26,4,4
0001692819,2018-02-26,2021-02-26,4,4
0001692830,2020-03-10,2021-03-25,2,2
0001692951,2019-03-29,2021-03-26,3,3
0001692981,2018-01-31,2021-03-22,4,4
0001693011,2021-03-25,2021-03-25,1,1
0001693256,2018-03-19,2021-02-24,4,4
0001693287,2018-02-21,2020-02-25,3,3
0001693288,2018-02-21,2020-02-25,3,3
0001693307,2018-02-21,2020-02-25,3,3
0001693317,2018-02-21,2021-02-24,4,4
0001693368,2018-03-29,2021-03-29,4,4
0001693415,2019-03-21,2021-03-01,3,3
0001693577,2020-03-23,2021-03-23,2,2
0001693664,2018-03-30,2018-03-30,1,1
0001693683,2018-04-09,2018-04-09,1,1
0001693686,2018-03-13,2018-03-13,1,1
0001693687,2018-04-02,2021-03-15,4,4
0001693689,2018-04-09,2018-04-09,1,1
0001693690,2018-03-30,2021-10-12,4,4
0001693696,2018-04-09,2021-04-15,4,4
0001693737,2018-03-23,2021-03-11,4,4
0001693801,2017-11-28,2020-01-02,3,3
0001693819,2017-05-19,2020-05-21,4,4
0001694010,2018-03-27,2021-03-23,4,4
0001694028,2018-03-23,2021-02-24,4,4
0001694187,2019-03-11,2020-03-02,2,2
0001694276,2018-03-30,2021-03-22,4,4
0001694382,2018-04-09,2018-04-09,1,1
0001694423,2017-06-28,2020-06-29,4,4
0001694426,2018-03-01,2021-03-01,4,4
0001694617,2019-04-16,2021-03-30,3,3
0001694649,2018-03-16,2021-03-17,4,4
0001694665,2019-02-15,2021-03-09,3,3
0001694688,2018-04-27,2021-01-28,4,4
0001694919,2018-03-28,2020-03-27,3,3
0001694920,2018-03-27,2019-03-28,2,2
0001695098,2017-06-29,2019-06-28,3,3
0001695154,2018-03-22,2021-03-15,4,4
0001695295,2021-03-30,2021-03-30,1,1
0001695357,2019-03-19,2021-02-25,3,3
0001695473,2018-04-17,2021-03-26,4,4
0001695924,2018-03-22,2021-03-15,4,4
0001695963,2018-04-02,2021-03-30,4,4
0001696025,2018-04-27,2021-04-30,4,4
0001696088,2018-02-26,2021-03-17,4,4
0001696195,2017-12-20,2021-11-09,5,4
0001696411,2018-04-18,2021-04-01,4,3
0001696558,2018-06-28,2021-06-23,4,4
0001696707,2018-03-22,2021-03-12,4,4
0001696898,2018-05-16,2021-06-09,4,4
0001696935,2018-03-30,2021-03-31,4,4
0001696969,2018-03-27,2019-03-22,2,2
0001697080,2018-03-19,2019-02-22,2,2
0001697152,2018-02-20,2018-02-20,1,1
0001697412,2018-04-09,2020-03-31,3,3
0001697500,2018-03-06,2021-02-23,4,4
0001697532,2020-03-13,2021-03-18,2,2
0001697574,2017-06-16,2020-06-25,4,4
0001697587,2018-03-14,2021-02-25,4,4
0001697730,2019-02-20,2019-02-27,2,1
0001697805,2018-02-21,2020-06-01,3,3
0001697834,2018-01-16,2020-12-28,4,3
0001697851,2018-04-12,2021-03-12,4,4
0001697873,2018-01-26,2020-01-24,3,3
0001697884,2018-05-16,2021-04-14,4,4
0001697935,2018-04-02,2021-04-15,4,4
0001698022,2018-03-28,2021-03-19,4,4
0001698113,2018-03-29,2021-03-09,4,4
0001698209,2018-03-27,2019-03-18,2,2
0001698514,2018-03-27,2018-03-27,1,1
0001698519,2018-04-23,2019-04-16,2,2
0001698529,2018-03-29,2019-03-27,2,2
0001698530,2018-03-09,2021-03-11,4,4
0001698538,2019-04-01,2021-03-26,3,3
0001698685,2018-03-23,2021-03-19,4,4
0001698702,2018-05-08,2021-05-18,4,4
0001698832,2019-01-22,2021-07-16,4,3
0001698937,2018-03-27,2019-03-26,2,2
0001698990,2018-02-14,2021-02-23,4,4
0001698991,2018-02-14,2021-03-16,4,4
0001699018,2018-03-23,2020-03-26,3,3
0001699039,2018-03-13,2021-02-26,4,4
0001699099,2018-03-22,2021-03-15,4,4
0001699126,2020-12-02,2021-10-21,4,2
0001699136,2018-03-19,2021-03-01,4,4
0001699147,2018-03-27,2021-03-26,4,4
0001699150,2018-02-16,2021-02-26,4,4
0001699234,2018-03-22,2021-03-16,4,4
0001699382,2021-03-03,2021-03-03,1,1
0001699462,2018-03-22,2021-03-15,4,4
0001699683,2018-04-02,2018-04-02,1,1
0001699709,2018-07-17,2021-07-01,4,4
0001699759,2018-04-02,2018-04-02,1,1
0001700175,2018-03-30,2020-03-27,3,3
0001700323,2018-03-28,2019-03-28,2,2
0001700357,2018-04-02,2021-04-15,4,4
0001700667,2018-03-28,2020-03-25,3,3
0001700668,2018-03-30,2021-03-30,4,4
0001700844,2019-10-25,2021-11-29,3,3
0001700849,2019-02-11,2021-02-03,3,3
0001701040,2018-03-13,2019-03-01,2,2
0001701051,2018-03-14,2021-02-24,4,4
0001701108,2018-04-02,2021-03-11,4,4
0001701114,2018-02-22,2021-02-23,4,4
0001701541,2020-03-24,2021-03-25,2,2
0001701605,2018-02-23,2021-02-25,4,4
0001701638,2018-03-22,2021-03-15,4,4
0001701724,2018-03-15,2020-03-19,3,3
0001701732,2018-03-21,2021-02-26,4,4
0001701756,2019-02-27,2021-04-15,4,3
0001701758,2019-05-03,2021-04-14,3,3
0001701821,2018-03-23,2018-03-23,1,1
0001701859,2018-05-29,2021-03-19,4,4
0001702011,2018-03-29,2021-03-26,4,4
0001702015,2018-07-03,2021-06-23,4,4
0001702494,2018-02-23,2021-02-25,4,4
0001702510,2018-03-01,2021-02-26,4,4
0001702541,2018-06-13,2019-06-27,2,2
0001702744,2017-11-09,2021-10-26,5,5
0001702745,2018-03-26,2021-03-18,4,4
0001702746,2018-04-02,2021-03-30,4,4
0001702750,2018-03-30,2021-03-04,4,4
0001702777,2018-05-18,2021-05-26,4,4
0001702780,2018-03-06,2021-02-12,4,4
0001702916,2018-06-26,2018-06-26,1,1
0001702924,2018-03-06,2021-03-04,4,4
0001703038,2018-04-02,2019-03-25,2,2
0001703056,2018-03-15,2021-02-25,4,4
0001703057,2021-03-30,2021-03-30,1,1
0001703073,2018-06-21,2021-03-29,4,4
0001703075,2018-03-28,2021-03-19,4,4
0001703157,2019-02-19,2021-03-18,3,3
0001703181,2018-02-23,2021-02-19,4,4
0001703220,2018-03-27,2021-03-23,4,4
0001703489,2018-04-02,2021-03-29,4,4
0001703497,2018-04-03,2019-03-27,2,2
0001703625,2018-08-13,2021-08-13,4,4
0001703644,2018-03-16,2021-03-05,4,4
0001703647,2020-03-26,2021-03-29,2,2
0001703785,2018-03-16,2021-03-12,4,4
0001703956,2018-03-29,2021-01-12,4,4
0001703975,2018-06-29,2018-06-29,1,1
0001704235,2018-03-30,2020-03-06,3,3
0001704292,2021-03-01,2021-03-01,1,1
0001704304,2018-03-28,2021-03-24,4,4
0001704323,2018-03-27,2019-03-22,2,2
0001704459,2018-03-23,2021-03-12,4,4
0001704596,2019-03-25,2021-02-25,3,3
0001704711,2018-03-19,2021-03-11,4,4
0001704715,2019-04-01,2021-03-15,3,3
0001704720,2018-03-26,2021-02-26,4,4
0001704760,2018-06-28,2021-03-31,4,4
0001704795,2017-12-29,2021-01-12,4,4
0001705002,2018-03-28,2021-03-26,4,4
0001705012,2018-04-02,2021-03-29,4,4
0001705110,2018-03-14,2021-02-16,4,4
0001705126,2018-05-29,2018-05-29,1,1
0001705163,2018-04-02,2021-03-30,4,4
0001705222,2018-04-02,2021-03-11,4,4
0001705338,2021-03-31,2021-03-31,1,1
0001705445,2018-03-30,2018-03-30,1,1
0001705682,2018-02-23,2021-02-26,4,4
0001705696,2018-03-28,2021-02-18,4,4
0001705710,2018-03-30,2021-03-31,4,4
0001705771,2018-03-29,2018-03-29,1,1
0001705843,2018-03-14,2021-03-04,4,4
0001705873,2019-03-08,2021-02-24,3,3
0001706060,2018-03-19,2021-03-10,4,4
0001706303,2018-04-02,2021-03-30,4,4
0001706403,2018-03-20,2021-03-10,4,4
0001706431,2020-03-26,2021-02-25,2,2
0001706509,2018-03-23,2021-06-25,4,4
0001706524,2019-04-01,2021-03-31,3,3
0001706573,2018-06-29,2021-07-12,4,4
0001706612,2018-06-25,2020-06-25,3,3
0001706946,2018-02-14,2021-03-01,4,4
0001707092,2018-02-26,2020-02-13,3,3
0001707178,2019-03-22,2021-03-12,3,3
0001707258,2018-08-17,2020-09-16,3,3
0001707306,2018-03-30,2019-03-06,2,2
0001707502,2018-03-29,2021-03-15,4,4
0001707593,2018-06-29,2019-07-01,2,2
0001707753,2019-06-28,2021-06-25,3,3
0001707817,2018-03-22,2021-03-26,4,4
0001707910,2017-11-30,2017-11-30,1,1
0001707925,2018-03-23,2021-03-01,4,4
0001708035,2018-03-22,2021-03-17,4,4
0001708055,2018-03-08,2021-02-26,4,4
0001708131,2018-03-21,2021-03-19,4,4
0001708176,2018-03-30,2021-03-10,4,4
0001708204,2018-03-01,2018-03-01,1,1
0001708287,2018-03-22,2021-03-22,4,4
0001708301,2018-03-22,2021-02-25,4,4
0001708331,2021-03-31,2021-03-31,1,1
0001708341,2018-03-22,2021-04-13,4,4
0001708405,2018-02-22,2021-02-22,4,4
0001708410,2018-07-24,2021-08-30,4,4
0001708493,2019-03-14,2021-03-10,3,3
0001708527,2021-03-15,2021-03-15,1,1
0001708599,2019-04-01,2021-03-31,3,3
0001708646,2019-03-15,2021-03-26,3,3
0001708715,2018-04-02,2020-03-30,3,3
0001708978,2018-03-30,2021-03-31,4,4
0001709017,2018-03-29,2020-03-25,3,3
0001709164,2018-03-07,2021-03-22,4,4
0001709401,2019-03-28,2021-02-23,3,3
0001709474,2018-04-10,2018-04-10,1,1
0001709477,2018-04-04,2018-04-04,1,1
0001709525,2018-04-03,2018-04-03,1,1
0001709542,2018-04-04,2021-03-30,4,4
0001709560,2018-04-04,2018-04-04,1,1
0001709587,2018-04-04,2019-03-20,2,2
0001709590,2018-04-04,2018-04-04,1,1
0001709682,2018-03-27,2021-03-09,4,4
0001709768,2018-03-27,2021-03-31,4,4
0001709774,2018-04-03,2018-04-03,1,1
0001709967,2018-03-22,2021-03-11,4,4
0001709987,2018-03-28,2021-03-24,4,4
0001710155,2018-03-08,2021-03-03,4,4
0001710261,2018-03-19,2021-03-17,4,4
0001710329,2018-05-18,2021-05-26,4,4
0001710330,2018-03-29,2021-03-26,4,4
0001710340,2019-03-25,2021-03-16,3,3
0001710358,2018-01-26,2021-01-22,4,4
0001710360,2018-03-29,2021-03-30,4,4
0001710366,2018-02-16,2021-02-12,4,4
0001710495,2019-04-18,2021-06-08,3,3
0001710583,2018-04-02,2021-03-01,4,4
0001710600,2018-03-27,2021-03-23,4,4
0001710765,2018-03-23,2021-03-22,4,4
0001710798,2018-03-23,2021-03-26,4,4
0001710916,2018-03-30,2021-03-31,4,4
0001711012,2018-06-29,2021-07-08,4,4
0001711142,2018-03-19,2021-03-17,4,4
0001711269,2019-02-22,2021-02-26,3,3
0001711270,2018-03-27,2021-03-26,4,4
0001711279,2018-03-12,2021-03-01,4,4
0001711291,2018-03-13,2021-03-05,4,4
0001711438,2019-01-29,2019-01-29,1,1
0001711485,2018-03-28,2018-03-28,1,1
0001711631,2018-03-28,2018-03-28,1,1
0001711675,2019-03-18,2019-03-18,1,1
0001711736,2018-03-28,2018-03-28,1,1
0001711754,2019-03-29,2021-03-04,3,3
0001711786,2019-04-01,2021-03-16,3,3
0001711799,2018-03-29,2021-03-26,4,4
0001711929,2018-03-30,2021-03-26,4,4
0001711993,2018-03-30,2021-03-31,4,4
0001712041,2018-04-16,2018-04-16,1,1
0001712182,2018-03-22,2021-03-16,4,4
0001712184,2018-02-14,2021-03-01,4,4
0001712189,2019-02-28,2021-03-31,3,3
0001712463,2018-03-29,2021-03-04,4,4
0001712543,2018-04-17,2021-03-31,4,4
0001712665,2018-06-29,2021-06-29,4,4
0001712799,2018-03-27,2020-03-19,3,3
0001712923,2019-03-15,2021-03-10,3,3
0001713210,2018-09-27,2021-03-31,4,4
0001713226,2018-03-19,2021-03-16,4,4
0001713393,2018-03-30,2021-03-30,4,4
0001713407,2019-03-22,2021-03-31,4,3
0001713539,2018-04-16,2019-03-25,2,2
0001713660,2018-03-28,2020-03-27,3,3
0001713683,2018-09-13,2021-09-16,4,4
0001713736,2018-03-28,2021-03-26,4,4
0001713809,2018-03-22,2021-04-15,4,4
0001713832,2019-03-28,2021-03-31,3,3
0001713863,2018-10-15,2021-10-18,4,4
0001713909,2018-04-02,2020-06-16,3,3
0001713952,2018-03-28,2021-02-26,4,4
0001714154,2018-03-20,2021-03-09,4,4
0001714232,2019-08-29,2019-08-29,1,1
0001714367,2019-02-22,2021-01-20,3,2
0001714379,2019-03-29,2021-09-24,3,3
0001714679,2018-03-22,2021-03-15,4,4
0001714798,2020-03-26,2020-03-26,1,1
0001714899,2018-03-19,2021-02-26,4,4
0001714973,2018-02-20,2019-02-19,2,2
0001715268,2018-12-07,2021-12-13,4,4
0001715362,2018-06-25,2020-06-25,3,3
0001715433,2018-12-14,2021-12-14,4,4
0001715585,2018-03-28,2021-03-26,4,4
0001715611,2018-11-14,2021-11-19,4,4
0001715629,2018-03-02,2021-02-26,4,4
0001715768,2018-09-28,2021-06-24,4,3
0001715819,2021-03-30,2021-03-30,1,1
0001715824,2018-03-30,2021-03-30,4,4
0001715846,2018-03-19,2021-03-17,4,4
0001715933,2018-03-22,2021-03-22,4,4
0001715942,2019-04-17,2020-05-08,2,2
0001716166,2021-03-25,2021-03-25,1,1
0001716186,2018-03-22,2021-03-09,4,4
0001716187,2018-03-22,2021-03-19,4,4
0001716188,2018-04-17,2020-03-30,3,3
0001716263,2018-03-19,2021-03-11,4,4
0001716324,2019-02-11,2021-08-13,3,3
0001716558,2018-02-23,2021-02-26,4,4
0001716583,2021-03-01,2021-03-01,1,1
0001716602,2018-03-21,2021-03-10,4,4
0001716621,2019-03-15,2021-03-17,3,3
0001716665,2018-03-27,2020-03-18,3,3
0001716697,2019-03-25,2021-03-15,3,3
0001716947,2018-03-09,2021-03-15,4,4
0001717307,2018-03-28,2021-02-18,4,4
0001717310,2018-03-16,2021-03-15,4,4
0001717452,2018-02-14,2021-02-23,4,4
0001717547,2018-03-23,2021-02-25,4,4
0001717556,2018-04-24,2021-04-15,4,4
0001717778,2018-06-29,2019-07-01,2,2
0001717900,2018-03-30,2021-03-31,4,4
0001717961,2018-03-29,2019-03-15,2,2
0001718100,2018-03-28,2021-03-24,4,4
0001718108,2019-03-07,2021-03-09,3,3
0001718224,2020-04-15,2021-03-11,2,2
0001718227,2018-12-14,2021-11-29,4,4
0001718304,2018-03-30,2021-03-30,4,4
0001718322,2018-04-02,2021-03-30,4,4
0001718362,2018-03-27,2021-03-23,4,4
0001718405,2019-03-25,2021-03-24,3,3
0001718483,2018-03-23,2021-03-15,4,4
0001718500,2018-08-10,2021-08-30,4,4
0001718512,2018-03-15,2021-02-10,4,4
0001718592,2018-05-18,2021-05-26,4,4
0001718626,2018-09-04,2019-09-13,2,2
0001718644,2018-09-26,2019-08-30,2,2
0001718647,2018-03-27,2020-03-25,3,3
0001719195,2018-03-19,2021-03-18,4,4
0001719199,2018-03-22,2021-03-16,4,4
0001719323,2019-06-20,2019-06-20,1,1
0001719395,2021-03-16,2021-03-16,1,1
0001719406,2018-03-23,2021-04-01,4,4
0001719435,2019-02-28,2021-03-01,3,3
0001719489,2018-12-06,2021-03-16,4,4
0001719606,2019-03-26,2019-03-26,1,1
0001719881,2019-09-09,2019-09-09,1,1
0001719893,2019-03-14,2019-03-14,1,1
0001719959,2018-03-20,2021-03-12,4,4
0001720025,2019-04-01,2021-03-29,3,3
0001720116,2019-03-07,2021-03-10,3,3
0001720201,2018-05-01,2019-04-01,2,2
0001720286,2019-05-31,2021-08-13,3,2
0001720353,2019-02-15,2020-02-14,2,2
0001720474,2018-03-22,2021-03-11,4,4
0001720580,2018-03-29,2021-03-12,4,4
0001720592,2019-03-26,2021-03-01,3,3
0001720635,2019-02-19,2021-02-23,3,3
0001720725,2020-02-27,2021-02-18,2,2
0001720748,2018-03-19,2021-03-16,4,4
0001720749,2019-03-29,2021-03-30,3,3
0001720821,2019-03-18,2021-03-16,3,3
0001720893,2019-03-12,2021-03-12,3,3
0001720990,2019-03-22,2021-03-31,3,3
0001721056,2019-11-13,2021-10-05,4,3
0001721133,2018-04-02,2018-04-02,1,1
0001721257,2018-03-27,2021-03-26,4,4
0001721353,2018-03-28,2021-03-26,4,4
0001721372,2018-03-22,2021-03-22,4,4
0001721373,2018-03-19,2021-03-17,4,4
0001721386,2019-03-05,2021-03-12,3,3
0001721484,2021-03-30,2021-03-30,1,1
0001721741,2019-03-22,2021-03-19,3,3
0001721745,2018-06-25,2020-06-25,3,3
0001721781,2018-02-23,2021-02-25,4,4
0001721905,2018-03-20,2021-03-16,4,4
0001721947,2021-03-04,2021-03-04,1,1
0001722010,2019-03-15,2021-03-15,3,3
0001722194,2019-03-20,2021-03-16,3,3
0001722271,2021-03-29,2021-03-29,1,1
0001722287,2019-03-22,2020-03-16,2,2
0001722438,2021-03-01,2021-03-01,1,1
0001722482,2020-02-14,2021-02-16,2,2
0001722556,2019-11-18,2021-12-03,3,2
0001722684,2019-02-14,2021-02-12,3,3
0001722731,2019-04-16,2021-03-03,3,3
0001722964,2019-03-22,2021-03-01,3,3
0001722992,2019-03-22,2021-03-26,3,3
0001723059,2021-04-14,2021-04-14,1,1
0001723083,2019-05-14,2020-05-29,2,2
0001723089,2019-02-27,2021-03-01,3,3
0001723128,2018-03-09,2021-03-01,4,4
0001723177,2019-04-24,2020-03-16,2,2
0001723187,2019-02-28,2020-12-14,3,2
0001723291,2018-03-22,2021-03-15,4,4
0001723306,2018-04-02,2021-03-30,4,4
0001723370,2018-06-29,2021-06-29,4,4
0001723517,2021-08-03,2021-08-03,1,1
0001723535,2019-03-28,2020-03-27,2,2
0001723580,2019-04-01,2021-04-29,3,3
0001723596,2019-03-29,2021-03-01,3,3
0001723648,2020-03-20,2021-03-03,2,2
0001723866,2019-03-15,2021-03-16,3,3
0001724001,2019-09-12,2020-07-30,2,2
0001724009,2019-04-01,2021-03-31,3,3
0001724128,2019-03-22,2021-03-23,3,3
0001724177,2018-03-19,2021-03-17,4,4
0001724344,2019-03-29,2021-03-23,3,3
0001724521,2019-03-05,2021-02-25,3,3
0001724570,2021-03-11,2021-03-11,1,1
0001724588,2019-03-27,2021-03-26,3,3
0001724670,2018-06-29,2020-05-22,3,3
0001724786,2019-03-29,2021-03-31,3,3
0001724789,2019-03-29,2021-03-31,3,3
0001724965,2019-03-13,2021-03-11,3,3
0001725057,2019-02-28,2021-02-26,3,3
0001725063,2019-04-26,2019-04-26,1,1
0001725134,2019-03-29,2021-03-16,3,3
0001725160,2021-03-25,2021-03-25,1,1
0001725206,2018-04-30,2019-03-05,2,2
0001725210,2021-03-05,2021-03-05,1,1
0001725255,2019-03-29,2021-03-16,3,3
0001725430,2021-09-16,2021-09-16,1,1
0001725516,2019-02-28,2021-12-30,4,3
0001725526,2019-02-26,2021-02-24,3,3
0001725579,2019-02-21,2021-02-26,3,3
0001725585,2019-03-21,2021-03-24,3,3
0001725617,2019-03-28,2021-03-29,3,3
0001725618,2018-05-18,2021-05-26,4,4
0001725872,2019-04-01,2021-03-31,3,3
0001725911,2019-04-16,2021-02-18,3,3
0001726079,2019-08-16,2021-04-15,3,3
0001726126,2019-03-29,2021-03-25,3,3
0001726146,2019-03-29,2019-03-29,1,1
0001726162,2019-03-22,2020-03-19,2,2
0001726173,2019-02-25,2021-03-01,3,3
0001726293,2019-02-08,2020-03-13,2,2
0001726445,2021-03-29,2021-03-29,1,1
0001726548,2019-02-07,2021-03-11,3,3
0001726711,2021-03-25,2021-03-25,1,1
0001726744,2019-02-28,2021-04-15,3,3
0001726794,2019-03-29,2021-03-31,3,3
0001726822,2019-04-11,2021-02-10,2,2
0001726978,2019-03-14,2021-02-26,3,3
0001727196,2019-03-19,2021-03-09,3,3
0001727263,2019-02-28,2021-02-23,3,3
0001727815,2019-01-28,2019-01-28,1,1
0001727820,2019-03-25,2021-03-26,3,3
0001727836,2019-03-22,2021-03-17,3,3
0001728028,2018-06-25,2021-06-25,4,4
0001728041,2019-03-29,2020-03-06,2,2
0001728085,2019-03-20,2021-03-11,3,3
0001728117,2019-03-22,2021-02-26,3,3
0001728205,2021-09-24,2021-09-24,1,1
0001728328,2021-09-24,2021-09-24,1,1
0001728339,2019-03-21,2021-03-17,3,3
0001728688,2018-12-07,2021-11-22,4,4
0001728847,2019-03-29,2021-03-31,3,3
0001728951,2019-02-28,2021-02-24,3,3
0001729149,2020-03-04,2021-03-03,2,2
0001729361,2019-03-22,2021-03-23,3,3
0001729427,2020-03-12,2021-02-12,2,2
0001729637,2019-08-22,2021-08-30,3,3
0001729750,2021-03-30,2021-03-30,1,1
0001729751,2020-03-23,2020-03-23,1,1
0001729756,2019-03-28,2020-03-13,2,2
0001729757,2019-01-25,2021-01-22,3,3
0001729832,2019-03-25,2021-03-16,3,3
0001729944,2019-04-16,2021-03-04,3,3
0001729997,2021-09-27,2021-09-27,1,1
0001730127,2019-03-27,2020-03-27,2,2
0001730168,2018-12-21,2021-12-17,4,4
0001730276,2018-06-29,2021-06-29,4,4
0001730300,2019-03-29,2021-03-26,3,3
0001730346,2019-03-28,2021-03-24,3,3
0001730430,2019-03-12,2021-02-25,3,3
0001730732,2020-03-27,2021-03-31,2,2
0001730773,2018-12-31,2021-04-15,4,4
0001730869,2019-05-01,2021-05-17,3,3
0001730984,2019-03-19,2021-03-23,3,3
0001731044,2019-03-29,2021-03-31,3,3
0001731056,2019-03-26,2021-03-11,3,3
0001731058,2019-03-25,2021-03-15,3,3
0001731176,2019-03-15,2020-03-24,2,2
0001731289,2019-03-20,2021-02-25,3,3
0001731348,2019-03-25,2021-07-28,4,3
0001731536,2019-03-15,2019-03-15,1,1
0001731627,2019-03-29,2021-03-30,3,3
0001731727,2020-02-25,2021-03-25,2,2
0001731831,2019-04-15,2020-02-26,2,2
0001731911,2019-04-16,2019-04-16,1,1
0001732677,2019-04-15,2019-04-15,1,1
0001732845,2018-11-16,2021-11-19,4,4
0001732963,2019-03-22,2021-03-15,3,3
0001733186,2019-02-22,2021-02-19,3,3
0001733294,2021-03-18,2021-03-18,1,1
0001733310,2019-03-22,2021-03-23,3,3
0001733358,2019-03-28,2021-03-30,3,3
0001733413,2020-03-27,2021-03-10,2,2
0001733998,2019-03-01,2021-02-26,3,3
0001734103,2019-03-29,2021-03-31,3,3
0001734342,2019-04-01,2021-03-19,3,3
0001734517,2020-03-25,2021-03-01,2,2
0001734713,2018-11-28,2021-11-17,4,4
0001734850,2019-05-23,2021-05-26,3,3
0001734875,2019-03-22,2021-03-26,3,3
0001734889,2019-03-27,2021-03-26,3,3
0001735033,2019-03-29,2021-03-31,3,3
0001735041,2019-02-27,2021-03-31,3,3
0001735092,2020-04-14,2021-03-25,2,2
0001735184,2019-03-05,2021-03-10,3,3
0001735438,2019-03-26,2021-03-11,3,3
0001735464,2019-03-20,2021-03-16,3,3
0001735646,2019-03-25,2021-03-15,3,3
0001735707,2019-03-01,2021-02-16,3,3
0001735733,2019-03-19,2021-03-15,3,3
0001735803,2021-03-31,2021-03-31,1,1
0001735828,2019-03-22,2020-04-30,2,2
0001735858,2019-03-29,2020-03-12,2,2
0001736035,2019-03-18,2021-03-04,3,3
0001736305,2019-03-26,2020-03-25,2,2
0001736511,2019-03-25,2021-03-26,3,3
0001736659,2019-03-20,2021-03-11,3,3
0001736712,2019-03-21,2021-03-24,3,3
0001736790,2019-06-25,2021-06-25,3,3
0001736862,2019-03-25,2021-03-15,3,3
0001736865,2021-03-02,2021-09-09,2,1
0001736874,2018-09-18,2020-09-10,3,3
0001736946,2019-02-22,2021-02-26,3,3
0001737193,2019-04-05,2021-03-25,3,3
0001737204,2019-03-01,2020-02-28,2,2
0001737287,2019-03-08,2021-02-25,3,3
0001737372,2019-03-28,2021-03-29,3,3
0001737422,2019-04-01,2019-04-01,1,1
0001737523,2020-03-31,2021-03-30,2,2
0001737924,2021-03-12,2021-03-12,1,1
0001737927,2020-06-01,2021-06-01,2,2
0001737953,2019-06-28,2021-05-20,3,3
0001738021,2019-07-01,2021-03-05,3,3
0001738177,2020-03-24,2021-03-01,2,2
0001738178,2019-03-22,2020-03-19,2,2
0001738179,2019-03-25,2021-03-26,3,3
0001738390,2019-03-29,2021-03-31,3,3
0001738758,2019-03-11,2020-03-31,2,2
0001738827,2019-03-21,2021-04-28,3,3
0001739104,2019-02-20,2021-03-01,3,3
0001739174,2019-08-21,2021-03-31,3,3
0001739208,2019-12-23,2019-12-23,1,1
0001739276,2019-03-25,2021-03-22,3,3
0001739423,2019-03-25,2021-03-17,3,3
0001739426,2019-03-28,2021-03-30,3,3
0001739445,2019-02-28,2021-02-25,3,3
0001739566,2019-03-28,2021-03-18,3,3
0001739614,2021-03-12,2021-03-12,1,1
0001739936,2019-02-26,2021-02-18,3,3
0001739940,2019-02-28,2021-02-25,3,3
0001739942,2019-02-25,2021-03-01,3,3
0001740040,2019-03-25,2021-03-15,3,3
0001740332,2019-03-18,2021-02-25,3,3
0001740450,2019-03-29,2021-03-31,3,3
0001740547,2019-06-14,2020-06-19,2,2
0001740695,2019-07-15,2021-09-30,3,3
0001740797,2019-07-15,2021-07-13,3,3
0001740849,2019-03-20,2021-03-16,3,3
0001741231,2019-03-26,2021-03-19,3,3
0001741257,2019-09-23,2021-09-28,3,3
0001741276,2019-03-26,2021-03-22,3,3
0001741489,2019-04-03,2021-04-19,3,3
0001741690,2019-03-20,2021-03-15,3,3
0001741830,2021-03-23,2021-03-23,1,1
0001741908,2019-03-22,2021-03-23,3,3
0001742089,2019-03-27,2021-03-26,3,3
0001742313,2019-03-13,2021-03-10,3,3
0001742373,2019-03-26,2021-03-11,3,3
0001742379,2019-03-25,2021-03-26,3,3
0001742383,2019-03-29,2021-03-30,3,3
0001742444,2019-03-29,2021-03-31,3,3
0001742491,2019-08-20,2020-06-26,2,2
0001742867,2019-05-23,2021-05-26,3,3
0001742924,2019-02-28,2021-02-26,3,3
0001742927,2019-05-22,2021-03-22,3,3
0001743415,2019-02-21,2021-02-24,3,3
0001743587,2019-01-25,2021-01-22,3,3
0001743725,2019-03-20,2021-03-05,3,3
0001743745,2020-04-24,2021-03-31,2,2
0001743759,2021-03-11,2021-03-11,1,1
0001743852,2019-07-01,2021-06-29,3,3
0001743858,2019-05-29,2020-04-30,2,2
0001743881,2020-03-03,2021-02-25,2,2
0001743886,2019-04-01,2019-04-01,1,1
0001744034,2019-03-27,2021-03-26,3,3
0001744179,2018-12-20,2021-12-14,4,4
0001744489,2019-11-20,2021-11-24,3,3
0001744494,2019-04-01,2021-03-26,3,3
0001744659,2020-03-16,2021-03-16,2,2
0001744707,2019-03-25,2021-03-15,3,3
0001744894,2019-03-14,2020-03-05,2,2
0001744895,2019-02-27,2019-02-27,1,1
0001744982,2019-03-25,2021-03-17,3,3
0001745032,2020-03-25,2021-03-31,2,2
0001745041,2020-03-18,2021-02-22,2,2
0001745078,2019-04-01,2021-04-07,3,3
0001745187,2019-03-29,2021-03-31,3,3
0001745314,2019-03-22,2021-03-23,3,3
0001745317,2019-04-01,2021-03-17,3,3
0001745376,2019-06-25,2021-06-25,3,3
0001745511,2019-03-25,2021-03-12,3,3
0001745529,2019-03-21,2021-03-12,3,3
0001745763,2019-03-21,2021-03-24,3,3
0001745797,2020-02-28,2021-02-25,2,2
0001745916,2019-03-05,2021-02-25,3,3
0001745931,2019-03-27,2021-06-28,3,3
0001745999,2020-03-30,2021-03-15,2,2
0001746037,2019-03-25,2020-03-06,2,2
0001746109,2019-03-26,2021-03-12,3,3
0001746119,2019-10-25,2021-11-15,3,3
0001746129,2019-03-29,2021-03-25,3,3
0001746214,2020-05-26,2021-11-02,2,2
0001746278,2020-03-30,2021-03-31,2,2
0001746406,2019-03-20,2021-03-15,3,3
0001746466,2019-03-27,2021-03-24,3,3
0001746468,2019-04-01,2020-03-20,2,2
0001746473,2021-03-16,2021-03-16,1,1
0001746563,2020-07-23,2021-09-28,2,2
0001746618,2020-02-26,2021-02-25,2,2
0001747009,2019-02-14,2021-02-23,3,3
0001747068,2020-03-19,2021-03-15,2,2
0001747079,2019-04-01,2021-03-10,3,3
0001747172,2021-02-26,2021-02-26,1,1
0001747748,2021-03-09,2021-03-09,1,1
0001747777,2019-02-27,2021-03-05,3,3
0001747909,2019-03-22,2020-03-19,2,2
0001748011,2019-03-29,2021-03-31,3,3
0001748232,2019-06-25,2019-06-25,1,1
0001748252,2019-09-20,2019-09-20,1,1
0001748621,2019-04-01,2021-04-06,3,3
0001748773,2020-02-26,2021-02-25,2,2
0001748790,2019-09-03,2021-08-24,3,3
0001748824,2020-03-02,2021-03-01,2,2
0001748907,2020-02-27,2021-03-02,2,2
0001748940,2019-03-19,2021-03-15,3,3
0001749273,2019-03-27,2021-03-26,3,3
0001749360,2019-03-25,2021-03-17,3,3
0001749704,2019-03-08,2019-03-08,1,1
0001749723,2019-03-26,2021-03-16,3,3
0001749849,2019-10-02,2021-06-29,3,3
0001749973,2019-03-29,2021-03-30,3,3
0001750019,2019-03-29,2021-03-16,3,3
0001750106,2021-04-14,2021-04-14,1,1
0001750149,2021-03-31,2021-03-31,1,1
0001750153,2020-03-16,2021-03-31,2,2
0001750284,2021-03-17,2021-03-17,1,1
0001750384,2019-04-11,2021-02-16,2,2
0001750398,2019-12-16,2020-12-15,2,2
0001750506,2020-03-17,2020-03-17,1,1
0001750588,2019-03-29,2021-03-31,3,3
0001750707,2019-03-25,2021-03-26,3,3
0001750735,2019-04-01,2021-03-29,3,3
0001750777,2019-12-09,2021-10-13,3,2
0001751012,2019-03-22,2021-03-23,3,3
0001751143,2019-03-26,2021-03-23,3,3
0001751299,2020-03-02,2021-03-03,2,2
0001751692,2019-04-01,2021-03-31,3,3
0001751700,2019-09-30,2021-09-23,3,3
0001751707,2019-07-29,2021-08-13,3,3
0001751743,2019-03-29,2021-03-31,3,3
0001751783,2019-03-29,2021-03-25,3,3
0001751788,2020-02-07,2021-02-05,2,2
0001751874,2019-03-29,2021-03-31,3,3
0001751882,2019-04-12,2019-04-12,1,1
0001751960,2019-03-26,2021-03-24,3,3
0001752036,2020-04-14,2021-03-25,2,2
0001752039,2019-04-24,2020-05-14,2,2
0001752363,2019-03-18,2021-03-12,3,3
0001752372,2020-04-14,2021-04-13,2,2
0001752474,2019-04-01,2021-03-18,3,3
0001752578,2019-03-27,2021-03-26,3,3
0001752594,2019-03-22,2021-03-11,3,3
0001752773,2019-02-22,2019-02-22,1,1
0001752828,2020-03-24,2021-03-04,2,2
0001752836,2019-03-29,2021-03-01,3,3
0001753162,2021-03-24,2021-03-24,1,1
0001753233,2019-03-19,2021-03-12,3,3
0001753373,2020-02-28,2021-02-02,2,2
0001753391,2019-09-16,2021-10-08,3,3
0001753539,2020-03-06,2021-03-31,2,2
0001753581,2019-03-29,2021-03-31,3,3
0001753585,2019-03-28,2020-03-18,2,2
0001753648,2019-09-19,2020-09-15,2,2
0001753673,2019-04-01,2020-03-20,2,2
0001753681,2021-06-21,2021-11-12,2,1
0001753706,2020-03-30,2021-03-16,2,2
0001753886,2020-04-07,2021-03-25,2,2
0001753931,2019-10-03,2021-09-28,3,3
0001754008,2019-05-23,2021-05-26,3,3
0001754068,2021-02-12,2021-02-12,1,1
0001754170,2020-03-02,2021-03-16,2,2
0001754189,2019-03-21,2021-03-24,3,3
0001754195,2021-03-23,2021-03-23,1,1
0001754301,2019-08-09,2021-08-10,3,3
0001754377,2019-03-28,2021-03-30,3,3
0001754388,2019-03-22,2021-03-23,3,3
0001754784,2019-03-25,2021-03-22,3,3
0001754820,2020-03-26,2021-03-15,2,2
0001754824,2019-02-28,2020-03-10,2,2
0001754913,2019-03-19,2021-03-16,3,3
0001755047,2019-06-25,2021-06-25,3,3
0001755101,2019-09-30,2021-09-27,3,3
0001755237,2020-03-12,2021-02-25,2,2
0001755318,2019-07-01,2020-06-29,2,2
0001755672,2020-02-14,2021-02-11,2,2
0001755953,2019-09-23,2021-03-31,3,3
0001756180,2019-04-15,2021-04-15,3,3
0001756262,2020-03-17,2021-03-11,2,2
0001756271,2019-03-22,2021-03-17,3,3
0001756401,2019-03-29,2021-03-30,3,3
0001756497,2020-06-04,2021-05-27,2,2
0001756574,2020-02-28,2021-05-20,2,2
0001756640,2019-03-29,2021-04-15,3,3
0001756671,2019-03-20,2021-03-16,3,3
0001757018,2019-03-22,2021-03-16,3,3
0001757056,2019-03-28,2020-03-27,2,2
0001757067,2019-04-15,2019-04-15,1,1
0001757073,2020-02-21,2021-02-19,2,2
0001757404,2019-03-29,2021-03-31,3,3
0001757715,2020-03-30,2021-03-16,2,2
0001757898,2019-05-30,2021-05-28,3,3
0001757925,2019-03-29,2021-03-31,3,3
0001757928,2019-03-20,2021-03-15,3,3
0001757932,2019-03-29,2021-04-15,3,3
0001758009,2019-03-28,2021-03-18,3,3
0001758057,2019-03-29,2021-04-14,3,3
0001758292,2019-03-25,2021-03-16,3,3
0001758488,2019-05-06,2021-03-10,3,3
0001758730,2020-02-21,2021-02-25,2,2
0001758766,2021-03-04,2021-03-04,1,1
0001758882,2019-03-29,2021-03-30,3,3
0001758901,2019-03-21,2021-03-12,3,3
0001759008,2020-03-27,2021-03-15,2,2
0001759138,2020-03-30,2021-03-16,2,2
0001759186,2021-03-31,2021-03-31,1,1
0001759384,2019-07-01,2021-06-29,3,3
0001759424,2020-03-30,2021-04-14,2,2
0001759425,2020-03-12,2021-03-09,2,2
0001759509,2020-02-28,2021-03-01,2,2
0001759546,2020-03-25,2021-03-25,2,2
0001759631,2020-03-23,2021-02-26,2,2
0001759774,2020-03-27,2021-03-30,2,2
0001759824,2020-03-25,2021-03-18,2,2
0001760026,2019-04-17,2021-04-13,3,3
0001760173,2020-06-08,2021-03-16,2,2
0001760283,2020-03-19,2021-03-23,2,2
0001760337,2019-03-25,2021-03-16,3,3
0001760439,2021-03-30,2021-03-30,1,1
0001760542,2020-03-19,2021-03-18,2,2
0001760683,2020-09-21,2021-06-09,2,2
0001760689,2019-04-01,2021-03-25,3,3
0001760717,2020-02-18,2021-03-01,2,2
0001760903,2021-04-12,2021-04-12,1,1
0001760965,2020-03-11,2021-03-03,2,2
0001761312,2020-02-28,2021-03-09,2,2
0001761534,2020-01-13,2021-09-08,2,2
0001761540,2020-04-15,2021-03-31,2,2
0001761612,2020-03-10,2021-03-11,2,2
0001761696,2020-09-04,2021-06-21,2,2
0001761940,2020-03-27,2021-03-16,2,2
0001762228,2020-03-27,2021-03-24,2,2
0001762239,2020-01-27,2021-02-12,2,2
0001762278,2019-05-23,2021-05-26,3,3
0001762287,2020-03-27,2021-03-26,2,2
0001762303,2020-08-27,2021-08-26,2,2
0001762322,2020-03-25,2021-03-19,2,2
0001762359,2020-05-29,2021-03-26,2,2
0001762533,2019-09-16,2019-09-16,1,1
0001762569,2020-03-23,2021-03-26,2,2
0001763001,2020-03-18,2021-03-15,2,2
0001763174,2020-03-30,2021-03-31,2,2
0001763207,2020-03-17,2021-03-18,2,2
0001763329,2020-03-30,2021-04-15,2,2
0001763333,2020-03-20,2021-03-11,2,2
0001763499,2020-03-19,2021-03-23,2,2
0001763501,2020-03-20,2021-03-15,2,2
0001763502,2020-03-18,2021-03-16,2,2
0001763660,2020-03-30,2021-03-30,2,2
0001763731,2020-03-25,2021-03-25,2,2
0001763799,2020-03-25,2021-03-26,2,2
0001763925,2020-03-30,2021-05-14,2,2
0001763950,2021-03-10,2021-03-10,1,1
0001763960,2020-03-27,2021-03-30,2,2
0001764013,2020-06-29,2021-06-01,2,2
0001764046,2020-03-02,2021-02-26,2,2
0001764301,2020-03-23,2021-03-30,2,2
0001764443,2020-04-29,2020-04-29,1,1
0001764711,2019-12-30,2019-12-30,1,1
0001764759,2020-03-27,2021-03-31,2,2
0001764925,2020-03-12,2021-03-19,2,2
0001764987,2019-07-01,2021-06-29,3,3
0001765048,2020-03-12,2021-02-16,2,2
0001765556,2019-06-25,2021-06-25,3,3
0001765651,2019-11-27,2021-12-14,3,3
0001765826,2020-07-13,2020-07-13,1,1
0001765880,2020-03-19,2021-03-23,2,2
0001765910,2020-03-30,2021-03-31,2,2
0001766004,2020-03-27,2021-03-26,2,2
0001766016,2020-02-07,2021-06-08,2,2
0001766037,2020-03-27,2021-03-12,2,2
0001766101,2020-03-27,2021-03-26,2,2
0001766146,2019-12-30,2020-12-30,2,2
0001766267,2020-08-03,2021-06-29,2,2
0001766352,2020-01-15,2021-01-08,2,2
0001766367,2020-03-18,2021-03-24,2,2
0001766368,2020-03-02,2021-03-05,2,2
0001766400,2020-03-04,2021-02-24,2,2
0001766502,2020-04-02,2021-03-30,2,2
0001766526,2020-03-31,2021-03-31,2,2
0001766660,2020-03-30,2021-03-30,2,2
0001766682,2020-03-12,2020-03-12,1,1
0001766981,2020-03-25,2021-03-24,2,2
0001767258,2020-03-16,2021-03-11,2,2
0001767345,2020-01-24,2021-01-22,2,2
0001767530,2020-03-30,2021-03-30,2,2
0001767837,2020-03-30,2021-03-31,2,2
0001768012,2020-03-27,2021-03-31,2,2
0001768206,2019-12-30,2019-12-30,1,1
0001768224,2020-03-16,2021-03-01,2,2
0001768267,2019-12-19,2021-11-23,3,3
0001768910,2021-03-31,2021-03-31,1,1
0001769174,2020-03-19,2021-03-23,2,2
0001769267,2020-03-27,2021-03-26,2,2
0001769318,2020-03-10,2021-02-24,2,2
0001769322,2020-03-16,2021-03-11,2,2
0001769324,2020-03-30,2021-03-31,2,2
0001769328,2020-03-18,2021-03-29,2,2
0001769465,2020-03-30,2021-03-30,2,2
0001769617,2020-03-13,2021-03-12,2,2
0001769624,2020-03-31,2021-03-26,2,2
0001769663,2019-12-10,2021-09-28,3,3
0001769725,2020-03-30,2021-03-25,2,2
0001769804,2020-03-30,2021-03-31,2,2
0001769961,2020-03-30,2021-03-30,2,2
0001770121,2021-03-24,2021-03-24,1,1
0001770141,2020-03-30,2021-04-01,2,2
0001770147,2020-03-23,2021-03-22,2,2
0001770202,2020-06-29,2020-06-29,1,1
0001770236,2021-09-29,2021-09-29,1,1
0001770251,2020-03-30,2020-03-30,1,1
0001770345,2020-05-21,2021-05-26,2,2
0001770450,2020-02-28,2021-02-25,2,2
0001770561,2020-02-24,2021-02-25,2,2
0001770572,2020-03-23,2021-03-12,2,2
0001770787,2020-02-27,2021-02-26,2,2
0001771200,2020-03-23,2021-03-25,2,2
0001771225,2020-03-26,2021-03-16,2,2
0001771458,2020-06-29,2021-06-29,2,2
0001771501,2020-03-26,2021-03-29,2,2
0001771515,2020-03-25,2021-03-02,2,2
0001771706,2021-03-31,2021-03-31,1,1
0001771786,2020-03-19,2021-03-23,2,2
0001771908,2020-03-19,2020-03-19,1,1
0001771917,2020-03-24,2021-02-25,2,2
0001772016,2019-11-22,2021-11-19,3,3
0001772028,2021-03-29,2021-03-29,1,1
0001772177,2019-11-26,2021-11-12,3,3
0001772527,2020-03-23,2021-03-17,2,2
0001772608,2020-03-30,2021-03-26,2,2
0001772695,2020-02-25,2021-02-25,2,2
0001772704,2020-02-20,2021-02-25,2,2
0001772720,2020-03-30,2021-03-31,2,2
0001772757,2020-03-12,2021-02-26,2,2
0001772793,2020-03-27,2021-03-26,2,2
0001772921,2020-12-03,2021-12-17,2,2
0001773055,2020-06-25,2021-06-25,2,2
0001773056,2020-03-23,2021-03-26,2,2
0001773086,2020-09-28,2021-10-27,2,2
0001773087,2020-03-27,2021-03-19,2,2
0001773339,2020-03-30,2021-03-31,2,2
0001773383,2020-05-27,2021-05-28,2,2
0001773407,2020-03-27,2021-03-24,2,2
0001773427,2020-03-12,2021-02-25,2,2
0001773751,2020-03-27,2021-03-22,2,2
0001774155,2020-03-20,2021-03-24,2,2
0001774170,2020-04-08,2021-03-22,2,2
0001774379,2020-03-19,2021-03-23,2,2
0001774409,2020-03-30,2021-03-31,2,2
0001774675,2020-03-26,2021-03-15,2,2
0001774801,2020-03-23,2021-03-15,2,2
0001774962,2020-03-23,2021-03-17,2,2
0001775098,2020-03-27,2021-03-26,2,2
0001775194,2021-09-28,2021-09-28,1,1
0001775625,2020-03-10,2021-03-12,2,2
0001775756,2020-03-17,2021-03-24,2,2
0001775870,2020-06-29,2021-06-29,2,2
0001776048,2020-06-05,2021-04-16,2,2
0001776086,2020-03-18,2021-03-16,2,2
0001776294,2020-03-25,2021-03-26,2,2
0001776661,2020-03-30,2021-03-16,2,2
0001776721,2020-03-23,2021-03-19,2,2
0001776903,2020-03-11,2020-03-11,1,1
0001776909,2020-03-20,2021-03-31,2,2
0001776932,2021-09-24,2021-09-24,1,1
0001777319,2020-03-30,2021-03-31,2,2
0001777370,2020-03-30,2021-03-30,2,2
0001777393,2020-03-30,2021-02-10,2,2
0001777665,2020-03-30,2021-03-31,2,2
0001777835,2021-03-15,2021-03-15,1,1
0001777921,2020-03-27,2021-03-09,2,2
0001777946,2020-03-19,2021-03-04,2,2
0001778232,2020-03-19,2021-03-18,2,2
0001778749,2020-03-30,2021-03-31,2,2
0001778781,2020-03-23,2021-03-25,2,2
0001778784,2020-03-13,2021-03-26,2,2
0001778805,2020-05-22,2020-05-22,1,1
0001779020,2021-03-30,2021-03-30,1,1
0001779026,2020-05-21,2021-05-26,2,2
0001779033,2020-03-19,2021-03-23,2,2
0001779128,2020-03-20,2021-12-20,3,2
0001779201,2020-03-23,2021-03-22,2,2
0001779474,2020-03-30,2021-03-09,2,2
0001779523,2020-03-27,2021-03-31,2,2
0001780097,2020-02-13,2021-02-16,2,2
0001780131,2020-03-23,2021-03-18,2,2
0001780262,2020-03-30,2021-03-19,2,2
0001780312,2020-03-30,2021-03-01,2,2
0001780552,2020-03-27,2021-03-26,2,2
0001780678,2020-03-23,2021-03-18,2,2
0001780859,2020-03-23,2021-03-19,2,2
0001780984,2020-03-27,2021-03-26,2,2
0001781089,2020-03-27,2021-03-31,2,2
0001781115,2020-03-26,2021-03-01,2,2
0001781162,2020-03-26,2021-03-08,2,2
0001781258,2020-03-19,2021-03-23,2,2
0001781335,2021-02-05,2021-02-05,1,1
0001781405,2020-05-29,2021-04-08,2,2
0001781522,2020-06-29,2021-06-29,2,2
0001781565,2020-01-24,2021-01-22,2,2
0001781624,2020-03-27,2021-03-26,2,2
0001781726,2020-03-30,2021-04-15,2,2
0001781755,2020-03-24,2021-03-11,2,2
0001781819,2020-03-25,2021-03-24,2,2
0001781870,2020-03-04,2021-03-09,2,2
0001781983,2020-03-27,2021-03-16,2,2
0001782003,2020-03-20,2021-03-12,2,2
0001782479,2020-03-27,2021-03-24,2,2
0001782524,2020-03-20,2021-03-19,2,2
0001782754,2020-12-04,2021-11-23,2,2
0001783180,2021-02-09,2021-02-09,1,1
0001783183,2020-03-19,2021-03-30,2,2
0001783287,2020-03-27,2021-03-31,2,2
0001783317,2021-03-01,2021-03-01,1,1
0001783326,2020-03-30,2021-03-31,2,2
0001783398,2020-03-27,2021-03-22,2,2
0001783400,2020-03-02,2021-03-01,2,2
0001783875,2021-04-07,2021-04-07,1,1
0001784058,2021-08-03,2021-08-03,1,1
0001784168,2021-03-31,2021-03-31,1,1
0001784183,2020-06-25,2021-06-25,2,2
0001784254,2020-03-27,2021-03-30,2,2
0001784326,2020-03-18,2021-03-29,2,2
0001784440,2020-11-25,2021-11-26,2,2
0001784535,2020-03-20,2021-03-31,2,2
0001784564,2020-03-19,2021-03-23,2,2
0001784567,2021-03-31,2021-03-31,1,1
0001784797,2020-03-16,2021-03-01,2,2
0001784851,2020-03-26,2021-03-25,2,2
0001784958,2020-03-30,2021-03-30,2,2
0001784970,2020-03-06,2021-03-31,2,2
0001785041,2020-03-23,2021-03-30,2,2
0001785173,2020-03-18,2021-03-25,2,2
0001785345,2021-03-31,2021-03-31,1,1
0001785424,2020-03-27,2021-03-08,2,2
0001785489,2020-03-25,2021-03-26,2,2
0001785493,2020-10-30,2021-11-12,2,2
0001785494,2020-09-28,2021-09-27,2,2
0001785510,2020-03-30,2021-03-31,2,2
0001785592,2020-03-30,2021-03-31,2,2
0001785705,2020-03-30,2021-03-30,2,2
0001785812,2020-03-17,2021-03-12,2,2
0001785844,2020-03-27,2021-03-30,2,2
0001785881,2020-03-23,2021-03-15,2,2
0001786008,2020-03-19,2021-03-15,2,2
0001786041,2020-03-27,2021-03-26,2,2
0001786108,2021-03-04,2021-03-04,1,1
0001786117,2020-02-21,2021-02-16,2,2
0001786119,2020-11-20,2021-12-10,2,2
0001786248,2021-02-25,2021-02-25,1,1
0001786352,2020-08-31,2021-08-30,2,2
0001786431,2020-03-10,2021-02-12,2,2
0001786842,2021-02-25,2021-02-25,1,1
0001787000,2020-03-19,2021-03-12,2,2
0001787001,2020-03-23,2021-03-25,2,2
0001787005,2020-03-30,2021-03-31,2,2
0001787123,2020-10-06,2021-11-22,2,2
0001787297,2021-03-03,2021-03-03,1,1
0001787304,2020-03-19,2021-03-23,2,2
0001787306,2020-03-19,2021-02-16,2,2
0001787384,2020-03-26,2021-03-26,2,2
0001787400,2021-03-25,2021-03-25,1,1
0001787412,2021-11-03,2021-11-03,1,1
0001787414,2020-03-30,2021-03-26,2,2
0001787489,2020-03-27,2021-03-26,2,2
0001787490,2020-03-23,2021-03-17,2,2
0001787518,2021-10-13,2021-10-13,1,1
0001787791,2020-03-30,2021-03-18,2,2
0001787912,2020-03-23,2021-03-26,2,2
0001788028,2020-03-26,2021-03-30,2,2
0001788503,2020-05-21,2021-05-26,2,2
0001788818,2020-06-29,2021-06-29,2,2
0001788841,2020-03-24,2021-03-16,2,2
0001788882,2021-03-04,2021-03-04,1,1
0001789029,2020-03-30,2021-03-11,2,2
0001789192,2020-03-30,2021-03-29,2,2
0001789307,2020-03-19,2021-03-11,2,2
0001789330,2020-09-14,2021-09-13,2,2
0001789356,2020-03-19,2021-03-11,2,2
0001789755,2020-03-26,2021-03-16,2,2
0001789760,2020-03-27,2021-02-12,2,2
0001789832,2020-02-21,2021-02-23,2,2
0001789892,2020-03-27,2021-03-24,2,2
0001789954,2020-03-17,2021-03-18,2,2
0001789972,2021-03-30,2021-03-30,1,1
0001790013,2020-03-23,2021-03-12,2,2
0001790121,2021-03-31,2021-03-31,1,1
0001790441,2020-03-20,2021-03-16,2,2
0001790625,2020-03-26,2021-03-30,2,2
0001790665,2020-03-30,2021-03-11,2,2
0001790982,2020-03-30,2021-02-23,2,2
0001791091,2020-03-25,2021-03-30,2,2
0001791183,2020-03-27,2021-03-31,2,2
0001791239,2020-03-18,2021-03-12,2,2
0001791295,2020-03-30,2021-03-31,2,2
0001791325,2021-02-02,2021-02-02,1,1
0001791507,2020-03-27,2021-03-30,2,2
0001792044,2020-05-07,2021-03-01,2,2
0001792157,2020-03-17,2021-03-11,2,2
0001792158,2020-03-23,2021-03-12,2,2
0001792159,2020-06-25,2021-06-25,2,2
0001792414,2020-03-30,2021-03-31,2,2
0001792509,2021-03-12,2021-03-12,1,1
0001792580,2020-02-21,2021-02-18,2,2
0001792581,2021-03-31,2021-03-31,1,1
0001792789,2021-03-05,2021-03-05,1,1
0001792849,2021-03-15,2021-03-15,1,1
0001792905,2020-03-19,2021-03-12,2,2
0001792941,2021-08-02,2021-08-02,1,1
0001793014,2020-03-23,2021-03-22,2,2
0001793165,2020-03-23,2021-03-17,2,2
0001793229,2021-03-16,2021-03-16,1,1
0001793294,2020-03-05,2021-02-26,2,2
0001793330,2021-01-28,2021-01-28,1,1
0001793612,2021-03-25,2021-03-25,1,1
0001793651,2020-03-27,2021-03-31,2,2
0001793659,2021-03-25,2021-03-25,1,1
0001793667,2020-03-25,2021-03-26,2,2
0001793744,2020-03-20,2021-03-16,2,2
0001793856,2020-03-17,2021-03-16,2,2
0001794303,2020-03-27,2021-03-31,2,2
0001794515,2021-02-26,2021-02-26,1,1
0001794621,2021-03-31,2021-03-31,1,1
0001794669,2021-03-08,2021-03-08,1,1
0001794717,2021-04-06,2021-04-06,1,1
0001794776,2021-03-12,2021-03-12,1,1
0001794783,2020-09-10,2021-08-26,2,2
0001794905,2021-03-15,2021-03-15,1,1
0001794942,2021-04-12,2021-04-12,1,1
0001795139,2020-04-15,2021-03-18,2,2
0001795250,2020-08-31,2021-08-23,2,2
0001795772,2021-03-23,2021-03-23,1,1
0001795938,2021-03-30,2021-03-30,1,1
0001796022,2021-06-23,2021-06-23,1,1
0001796129,2020-09-23,2021-03-22,2,2
0001796209,2021-03-24,2021-03-24,1,1
0001796280,2021-03-23,2021-03-23,1,1
0001796297,2021-08-16,2021-08-16,1,1
0001796303,2021-03-09,2021-03-09,1,1
0001796587,2020-05-21,2021-05-26,2,2
0001796705,2021-03-30,2021-03-30,1,1
0001796949,2021-06-07,2021-06-07,1,1
0001796981,2021-03-26,2021-03-26,1,1
0001797056,2021-03-15,2021-03-15,1,1
0001797057,2021-03-24,2021-03-24,1,1
0001797084,2021-03-30,2021-03-30,1,1
0001797099,2021-04-01,2021-04-01,1,1
0001797288,2021-03-15,2021-03-15,1,1
0001797336,2021-03-24,2021-03-24,1,1
0001797679,2021-03-16,2021-03-16,1,1
0001797762,2021-04-14,2021-04-14,1,1
0001797768,2021-03-29,2021-03-29,1,1
0001797956,2020-08-11,2020-08-11,1,1
0001798100,2021-03-04,2021-03-04,1,1
0001798270,2021-03-30,2021-03-30,1,1
0001798272,2021-03-31,2021-03-31,1,1
0001798388,2021-03-19,2021-03-19,1,1
0001798458,2021-03-26,2021-03-26,1,1
0001798562,2021-03-30,2021-03-30,1,1
0001798682,2021-03-23,2021-03-23,1,1
0001799075,2020-06-29,2021-06-29,2,2
0001799186,2020-06-25,2021-06-25,2,2
0001799191,2021-03-30,2021-03-30,1,1
0001799208,2021-02-25,2021-02-25,1,1
0001799332,2021-03-31,2021-03-31,1,1
0001799385,2021-03-16,2021-03-16,1,1
0001799448,2021-03-23,2021-03-23,1,1
0001799463,2021-03-31,2021-03-31,1,1
0001799516,2021-03-24,2021-03-24,1,1
0001799611,2021-04-02,2021-04-02,1,1
0001799766,2021-03-26,2021-03-26,1,1
0001799788,2021-03-31,2021-03-31,1,1
0001799850,2021-03-04,2021-03-04,1,1
0001800199,2021-03-31,2021-03-31,1,1
0001800227,2021-02-17,2021-02-17,1,1
0001800294,2021-03-31,2021-03-31,1,1
0001800315,2021-03-29,2021-03-29,1,1
0001800347,2021-05-05,2021-05-20,2,1
0001800373,2021-07-23,2021-07-23,1,1
0001800392,2021-03-30,2021-03-30,1,1
0001800398,2021-03-26,2021-03-26,1,1
0001800637,2021-04-02,2021-04-02,1,1
0001800667,2021-02-12,2021-02-12,1,1
0001800682,2021-03-29,2021-03-29,1,1
0001801075,2021-03-04,2021-03-04,1,1
0001801169,2021-03-04,2021-03-04,1,1
0001801170,2021-03-31,2021-03-31,1,1
0001801338,2021-03-17,2021-03-17,1,1
0001801368,2021-03-22,2021-03-22,1,1
0001801390,2021-03-23,2021-03-23,1,1
0001801661,2021-03-12,2021-03-12,1,1
0001801738,2021-03-31,2021-03-31,1,1
0001801754,2021-03-26,2021-03-26,1,1
0001801777,2021-03-19,2021-03-19,1,1
0001802215,2021-03-16,2021-03-16,1,1
0001802450,2021-03-31,2021-03-31,1,1
0001802457,2021-03-05,2021-03-05,1,1
0001802546,2021-04-15,2021-04-15,1,1
0001802617,2021-01-22,2021-01-22,1,1
0001802665,2021-03-25,2021-03-25,1,1
0001802749,2021-03-31,2021-03-31,1,1
0001802768,2021-02-24,2021-02-24,1,1
0001802974,2021-01-19,2021-12-22,2,1
0001803020,2021-03-30,2021-03-30,1,1
0001803096,2021-04-21,2021-04-21,1,1
0001803284,2020-08-18,2020-08-18,1,1
0001803308,2021-03-31,2021-03-31,1,1
0001803498,2021-03-05,2021-03-05,1,1
0001803599,2021-02-16,2021-02-16,1,1
0001803696,2021-02-26,2021-02-26,1,1
0001803702,2021-03-15,2021-03-15,1,1
0001803827,2021-04-15,2021-04-15,1,1
0001803858,2021-03-16,2021-03-16,1,1
0001803901,2021-03-29,2021-03-29,1,1
0001803914,2021-04-15,2021-04-15,1,1
0001803935,2021-03-22,2021-03-22,1,1
0001803977,2021-03-01,2021-03-01,1,1
0001804176,2021-03-29,2021-03-29,1,1
0001804585,2020-10-29,2020-10-29,1,1
0001804591,2021-03-24,2021-03-24,1,1
0001804745,2021-03-24,2021-03-24,1,1
0001805024,2021-04-15,2021-04-15,1,1
0001805077,2021-02-26,2021-02-26,1,1
0001805087,2021-03-31,2021-03-31,1,1
0001805284,2021-03-24,2021-03-24,1,1
0001805385,2021-03-25,2021-03-25,1,1
0001805387,2021-03-24,2021-03-24,1,1
0001805521,2021-03-31,2021-03-31,1,1
0001805574,2021-03-30,2021-03-30,1,1
0001805616,2021-03-24,2021-03-24,1,1
0001805651,2021-03-22,2021-03-22,1,1
0001805795,2021-04-22,2021-04-22,1,1
0001805833,2021-04-02,2021-04-02,1,1
0001805890,2021-03-25,2021-03-25,1,1
0001806151,2021-03-23,2021-03-23,1,1
0001806152,2021-03-26,2021-03-26,1,1
0001806201,2021-03-16,2021-03-16,1,1
0001806211,2021-05-26,2021-05-26,1,1
0001806310,2021-03-03,2021-03-03,1,1
0001806837,2021-03-15,2021-03-15,1,1
0001806931,2021-02-22,2021-02-22,1,1
0001806944,2021-03-17,2021-03-17,1,1
0001807011,2021-03-23,2021-03-23,1,1
0001807166,2021-09-10,2021-09-10,1,1
0001807427,2021-03-02,2021-03-02,1,1
0001807594,2021-03-31,2021-03-31,1,1
0001807634,2021-03-31,2021-03-31,1,1
0001807707,2021-01-29,2021-01-29,1,1
0001807765,2021-03-11,2021-03-11,1,1
0001807846,2021-03-25,2021-03-25,1,1
0001807887,2021-03-26,2021-03-26,1,1
0001807893,2021-03-31,2021-03-31,1,1
0001807901,2021-03-12,2021-03-12,1,1
0001808158,2021-03-04,2021-03-04,1,1
0001808220,2021-03-16,2021-03-16,1,1
0001808503,2021-06-29,2021-06-29,1,1
0001808575,2021-03-16,2021-03-16,1,1
0001808665,2021-03-12,2021-03-12,1,1
0001808805,2021-03-30,2021-03-30,1,1
0001808834,2021-02-26,2021-02-26,1,1
0001808865,2021-03-24,2021-03-24,1,1
0001808898,2020-09-23,2021-09-20,2,2
0001808997,2021-07-15,2021-07-15,1,1
0001809104,2021-02-26,2021-02-26,1,1
0001809291,2021-03-30,2021-03-30,1,1
0001809353,2021-03-23,2021-03-23,1,1
0001809519,2021-03-12,2021-03-12,1,1
0001809987,2021-03-31,2021-03-31,1,1
0001810019,2021-02-26,2021-02-26,1,1
0001810050,2021-03-18,2021-03-18,1,1
0001810070,2021-06-25,2021-06-25,1,1
0001810140,2021-03-29,2021-03-29,1,1
0001810182,2021-03-18,2021-03-18,1,1
0001810491,2021-04-15,2021-04-15,1,1
0001810546,2021-03-29,2021-03-29,1,1
0001810560,2021-03-31,2021-03-31,1,1
0001810739,2021-03-30,2021-03-30,1,1
0001810806,2021-03-05,2021-03-05,1,1
0001811063,2021-03-11,2021-03-11,1,1
0001811074,2021-02-25,2021-02-25,1,1
0001811109,2021-03-30,2021-03-30,1,1
0001811210,2021-03-16,2021-03-16,1,1
0001811414,2021-02-23,2021-02-23,1,1
0001811530,2021-08-13,2021-08-13,1,1
0001811764,2021-03-04,2021-03-04,1,1
0001811882,2021-03-31,2021-03-31,1,1
0001811972,2021-03-23,2021-03-23,1,1
0001811999,2021-04-30,2021-04-30,1,1
0001812173,2021-03-26,2021-03-26,1,1
0001812234,2021-03-31,2021-03-31,1,1
0001812360,2021-03-31,2021-03-31,1,1
0001812364,2021-03-25,2021-03-25,1,1
0001812528,2021-03-26,2021-03-26,1,1
0001812554,2021-03-16,2021-03-16,1,1
0001812604,2021-03-16,2021-03-16,1,1
0001812667,2021-03-31,2021-03-31,1,1
0001812727,2021-03-24,2021-03-24,1,1
0001812807,2021-03-29,2021-03-29,1,1
0001813420,2021-03-30,2021-03-30,1,1
0001813603,2021-03-15,2021-03-15,1,1
0001813658,2021-03-17,2021-03-17,1,1
0001813677,2021-03-31,2021-03-31,1,1
0001813722,2021-03-22,2021-03-22,1,1
0001813744,2021-02-10,2021-02-10,1,1
0001813756,2021-03-24,2021-03-24,1,1
0001813793,2021-03-31,2021-03-31,1,1
0001813914,2021-03-04,2021-03-04,1,1
0001814114,2021-03-10,2021-03-10,1,1
0001814210,2021-03-24,2021-03-24,1,1
0001814215,2021-03-31,2021-03-31,1,1
0001814237,2021-06-29,2021-06-29,1,1
0001814287,2021-03-26,2021-03-26,1,1
0001814294,2021-05-26,2021-05-26,1,1
0001814329,2021-03-12,2021-03-12,1,1
0001814389,2021-03-12,2021-03-12,1,1
0001814728,2021-03-31,2021-03-31,1,1
0001814824,2021-03-31,2021-03-31,1,1
0001814917,2021-03-23,2021-03-23,1,1
0001814974,2021-03-16,2021-03-16,1,1
0001815086,2021-03-25,2021-03-25,1,1
0001815184,2021-03-30,2021-03-30,1,1
0001815302,2021-03-30,2021-03-30,1,1
0001815442,2021-03-11,2021-03-11,1,1
0001815495,2021-03-09,2021-03-09,1,1
0001815526,2021-03-23,2021-03-23,1,1
0001815632,2021-09-28,2021-09-28,1,1
0001815737,2021-03-26,2021-03-26,1,1
0001815805,2021-03-31,2021-03-31,1,1
0001815849,2021-03-09,2021-03-09,1,1
0001815903,2021-03-31,2021-03-31,1,1
0001815974,2021-09-22,2021-09-22,1,1
0001816017,2021-03-29,2021-03-29,1,1
0001816048,2021-03-16,2021-03-16,1,1
0001816049,2021-03-31,2021-03-31,1,1
0001816090,2021-03-19,2021-03-19,1,1
0001816101,2021-03-26,2021-03-26,1,1
0001816114,2021-06-15,2021-06-15,1,1
0001816147,2021-03-12,2021-03-12,1,1
0001816176,2021-03-31,2021-03-31,1,1
0001816233,2021-03-30,2021-03-30,1,1
0001816261,2021-03-31,2021-03-31,1,1
0001816431,2021-03-30,2021-03-30,1,1
0001816554,2021-07-01,2021-07-01,1,1
0001816571,2021-03-16,2021-03-16,1,1
0001816581,2021-03-09,2021-03-09,1,1
0001816589,2021-01-22,2021-01-22,1,1
0001816613,2021-03-29,2021-03-29,1,1
0001816696,2021-03-31,2021-03-31,1,1
0001816708,2021-03-25,2021-03-25,1,1
0001816736,2021-03-29,2021-03-29,1,1
0001816750,2021-03-24,2021-03-24,1,1
0001816816,2021-02-26,2021-02-26,1,1
0001816861,2021-03-31,2021-03-31,1,1
0001816906,2021-04-15,2021-04-15,1,1
0001817071,2021-03-31,2021-03-31,1,1
0001817153,2021-09-28,2021-09-28,1,1
0001817229,2021-03-25,2021-03-25,1,1
0001817232,2021-03-29,2021-03-29,1,1
0001817358,2021-04-07,2021-04-07,1,1
0001817640,2021-03-31,2021-03-31,1,1
0001817669,2021-03-23,2021-03-23,1,1
0001817760,2021-02-19,2021-02-19,1,1
0001817786,2021-03-25,2021-03-25,1,1
0001817825,2021-03-30,2021-03-30,1,1
0001817944,2021-05-06,2021-05-06,1,1
0001818066,2021-03-26,2021-03-26,1,1
0001818089,2021-04-08,2021-04-08,1,1
0001818093,2021-03-18,2021-03-18,1,1
0001818152,2021-04-02,2021-04-02,1,1
0001818201,2021-03-29,2021-03-29,1,1
0001818212,2021-03-31,2021-03-31,1,1
0001818221,2021-03-17,2021-03-17,1,1
0001818254,2021-03-11,2021-03-11,1,1
0001818331,2021-03-30,2021-03-30,1,1
0001818346,2021-03-31,2021-03-31,1,1
0001818355,2021-02-26,2021-02-26,1,1
0001818382,2021-02-16,2021-02-16,1,1
0001818383,2021-03-15,2021-03-15,1,1
0001818502,2021-03-03,2021-03-03,1,1
0001818550,2021-10-15,2021-10-15,1,1
0001818644,2021-03-15,2021-03-15,1,1
0001818654,2021-03-11,2021-03-11,1,1
0001818674,2021-09-24,2021-09-24,1,1
0001818794,2021-03-04,2021-03-04,1,1
0001818844,2021-03-23,2021-03-23,1,1
0001818873,2021-03-30,2021-03-30,1,1
0001818874,2021-03-17,2021-03-17,1,1
0001818876,2021-04-02,2021-04-02,1,1
0001819035,2021-03-31,2021-03-31,1,1
0001819113,2021-08-27,2021-08-27,1,1
0001819133,2021-03-31,2021-03-31,1,1
0001819142,2021-03-31,2021-03-31,1,1
0001819157,2021-03-30,2021-03-30,1,1
0001819175,2021-03-31,2021-03-31,1,1
0001819263,2021-03-22,2021-03-22,1,1
0001819313,2021-03-24,2021-03-24,1,1
0001819394,2021-03-12,2021-03-12,1,1
0001819399,2021-03-24,2021-03-24,1,1
0001819404,2021-02-16,2021-02-16,1,1
0001819438,2021-03-31,2021-03-31,1,1
0001819493,2021-03-31,2021-03-31,1,1
0001819496,2021-03-23,2021-03-23,1,1
0001819510,2021-03-25,2021-03-25,1,1
0001819516,2021-03-15,2021-03-15,1,1
0001819574,2021-06-07,2021-06-07,1,1
0001819576,2021-03-25,2021-03-25,1,1
0001819584,2021-03-19,2021-03-19,1,1
0001819608,2021-03-31,2021-03-31,1,1
0001819615,2021-03-30,2021-03-30,1,1
0001819663,2021-05-11,2021-05-11,1,1
0001819790,2021-03-31,2021-03-31,1,1
0001819796,2021-03-12,2021-03-12,1,1
0001819810,2021-03-29,2021-03-29,1,1
0001819848,2021-03-03,2021-03-03,1,1
0001819881,2021-03-08,2021-03-08,1,1
0001819989,2021-02-17,2021-02-17,1,1
0001819994,2021-03-31,2021-03-31,1,1
0001820143,2021-03-23,2021-03-23,1,1
0001820144,2021-03-30,2021-03-30,1,1
0001820160,2021-03-31,2021-03-31,1,1
0001820175,2021-04-08,2021-04-08,1,1
0001820190,2021-03-31,2021-03-31,1,1
0001820191,2021-03-31,2021-03-31,1,1
0001820201,2021-04-02,2021-04-02,1,1
0001820302,2021-03-31,2021-03-31,1,1
0001820566,2021-03-24,2021-03-24,1,1
0001820630,2021-03-31,2021-03-31,1,1
0001820721,2021-03-10,2021-03-10,1,1
0001820727,2021-04-02,2021-04-02,1,1
0001820728,2021-06-25,2021-06-25,1,1
0001820852,2021-03-30,2021-03-30,1,1
0001820872,2021-03-30,2021-03-30,1,1
0001820875,2021-03-30,2021-03-30,1,1
0001820877,2021-03-15,2021-03-15,1,1
0001820878,2021-03-12,2021-03-12,1,1
0001820931,2021-03-31,2021-03-31,1,1
0001820953,2021-09-17,2021-09-17,1,1
0001821018,2021-03-22,2021-03-22,1,1
0001821075,2021-03-23,2021-03-23,1,1
0001821146,2021-06-11,2021-06-11,1,1
0001821159,2021-03-29,2021-03-29,1,1
0001821160,2021-03-24,2021-03-24,1,1
0001821171,2021-03-31,2021-03-31,1,1
0001821175,2021-03-24,2021-03-24,1,1
0001821260,2021-03-30,2021-03-30,1,1
0001821292,2021-03-31,2021-03-31,1,1
0001821317,2021-03-26,2021-03-26,1,1
0001821318,2021-03-03,2021-03-03,1,1
0001821323,2021-03-18,2021-03-18,1,1
0001821393,2021-02-23,2021-02-23,1,1
0001821586,2021-03-31,2021-03-31,1,1
0001821595,2021-03-30,2021-03-30,1,1
0001821606,2021-03-29,2021-03-29,1,1
0001821682,2021-03-31,2021-03-31,1,1
0001821685,2021-03-26,2021-03-26,1,1
0001821742,2021-03-31,2021-03-31,1,1
0001821769,2021-03-25,2021-03-25,1,1
0001821788,2021-03-31,2021-03-31,1,1
0001821806,2020-12-23,2021-12-10,2,2
0001821850,2021-03-11,2021-03-11,1,1
0001821946,2021-03-31,2021-03-31,1,1
0001822027,2021-05-28,2021-05-28,1,1
0001822145,2021-03-30,2021-03-30,1,1
0001822166,2021-03-11,2021-03-11,1,1
0001822219,2021-03-29,2021-03-29,1,1
0001822250,2021-03-25,2021-03-25,1,1
0001822309,2021-03-30,2021-03-30,1,1
0001822315,2021-03-24,2021-03-24,1,1
0001822359,2021-03-30,2021-03-30,1,1
0001822360,2021-03-23,2021-03-23,1,1
0001822366,2021-03-30,2021-03-30,1,1
0001822372,2021-10-04,2021-10-04,1,1
0001822462,2021-03-18,2021-03-18,1,1
0001822479,2021-03-09,2021-03-09,1,1
0001822492,2021-03-12,2021-03-12,1,1
0001822553,2021-03-24,2021-03-24,1,1
0001822691,2021-03-26,2021-03-26,1,1
0001822791,2021-03-29,2021-03-29,1,1
0001822792,2021-09-01,2021-09-01,1,1
0001822835,2021-04-05,2021-04-05,1,1
0001822866,2021-06-29,2021-06-29,1,1
0001822873,2021-03-30,2021-03-30,1,1
0001822877,2021-03-31,2021-03-31,1,1
0001822928,2021-03-08,2021-03-08,1,1
0001822929,2021-03-31,2021-03-31,1,1
0001822935,2021-04-15,2021-04-15,1,1
0001822966,2021-03-31,2021-03-31,1,1
0001823000,2021-03-31,2021-03-31,1,1
0001823046,2021-03-31,2021-03-31,1,1
0001823086,2021-03-18,2021-03-18,1,1
0001823097,2021-03-23,2021-03-23,1,1
0001823143,2021-03-31,2021-03-31,1,1
0001823144,2021-03-29,2021-03-29,1,1
0001823200,2021-03-19,2021-03-19,1,1
0001823239,2021-03-22,2021-03-22,1,1
0001823323,2021-03-31,2021-03-31,1,1
0001823340,2021-03-26,2021-03-26,1,1
0001823365,2021-03-29,2021-03-29,1,1
0001823383,2021-03-31,2021-03-31,1,1
0001823406,2021-04-01,2021-04-01,1,1
0001823465,2021-03-17,2021-03-17,1,1
0001823466,2021-03-31,2021-03-31,1,1
0001823524,2021-03-31,2021-03-31,1,1
0001823575,2021-03-30,2021-03-30,1,1
0001823587,2021-03-12,2021-03-12,1,1
0001823608,2021-03-15,2021-03-15,1,1
0001823634,2021-03-30,2021-03-30,1,1
0001823635,2021-10-04,2021-10-04,1,1
0001823652,2021-03-31,2021-03-31,1,1
0001823672,2021-03-26,2021-03-26,1,1
0001823707,2021-03-30,2021-03-30,1,1
0001823722,2021-03-16,2021-03-16,1,1
0001823766,2021-03-30,2021-03-30,1,1
0001823767,2021-03-19,2021-03-19,1,1
0001823776,2021-03-30,2021-03-30,1,1
0001823794,2021-03-25,2021-03-25,1,1
0001823826,2021-03-29,2021-03-29,1,1
0001823854,2021-03-31,2021-03-31,1,1
0001823855,2021-03-31,2021-03-31,1,1
0001823857,2021-04-09,2021-04-09,1,1
0001823878,2021-03-26,2021-03-26,1,1
0001823882,2021-03-31,2021-03-31,1,1
0001823884,2021-03-29,2021-03-29,1,1
0001823896,2021-03-31,2021-03-31,1,1
0001823945,2021-02-24,2021-02-24,1,1
0001824013,2021-03-04,2021-03-04,1,1
0001824119,2021-03-31,2021-03-31,1,1
0001824153,2021-03-31,2021-03-31,1,1
0001824171,2021-03-31,2021-03-31,1,1
0001824293,2021-03-29,2021-03-29,1,1
0001824301,2021-03-31,2021-03-31,1,1
0001824403,2021-03-29,2021-03-29,1,1
0001824434,2021-03-26,2021-03-26,1,1
0001824482,2021-03-12,2021-03-12,1,1
0001824502,2021-03-08,2021-03-08,1,1
0001824577,2021-03-30,2021-03-30,1,1
0001824734,2021-03-17,2021-03-17,1,1
0001824846,2021-03-29,2021-03-29,1,1
0001824884,2021-05-25,2021-05-25,1,1
0001824888,2021-03-31,2021-03-31,1,1
0001824893,2021-03-31,2021-03-31,1,1
0001824920,2021-03-25,2021-03-25,1,1
0001824963,2021-03-25,2021-03-25,1,1
0001824993,2021-03-30,2021-03-30,1,1
0001825024,2021-03-31,2021-03-31,1,1
0001825042,2021-03-31,2021-03-31,1,1
0001825079,2021-03-30,2021-03-30,1,1
0001825088,2021-03-30,2021-03-30,1,1
0001825248,2021-03-29,2021-03-29,1,1
0001825249,2021-03-31,2021-03-31,1,1
0001825254,2021-03-31,2021-03-31,1,1
0001825300,2021-05-26,2021-05-26,1,1
0001825384,2021-03-30,2021-03-30,1,1
0001825413,2021-03-23,2021-03-23,1,1
0001825437,2021-04-15,2021-04-15,1,1
0001825473,2021-03-31,2021-03-31,1,1
0001825480,2021-03-23,2021-03-23,1,1
0001825497,2021-03-29,2021-03-29,1,1
0001825590,2021-03-22,2021-03-22,1,1
0001825720,2021-03-29,2021-03-29,1,1
0001825724,2021-03-31,2021-03-31,1,1
0001826000,2021-03-16,2021-03-16,1,1
0001826011,2021-03-26,2021-03-26,1,1
0001826018,2021-02-18,2021-02-18,1,1
0001826058,2021-03-17,2021-03-17,1,1
0001826333,2021-03-30,2021-03-30,1,1
0001826470,2021-04-05,2021-04-05,1,1
0001826501,2021-03-16,2021-03-16,1,1
0001826553,2021-03-29,2021-03-29,1,1
0001826574,2021-03-30,2021-03-30,1,1
0001826600,2021-03-31,2021-03-31,1,1
0001826657,2021-03-30,2021-03-30,1,1
0001826660,2021-03-24,2021-03-24,1,1
0001826667,2021-03-31,2021-03-31,1,1
0001826671,2021-03-26,2021-03-26,1,1
0001826681,2021-03-31,2021-03-31,1,1
0001826729,2021-03-31,2021-03-31,1,1
0001826814,2021-03-17,2021-03-17,1,1
0001826855,2021-04-15,2021-04-15,1,1
0001826889,2021-03-26,2021-03-26,1,1
0001826892,2021-03-24,2021-03-24,1,1
0001826991,2021-03-31,2021-03-31,1,1
0001827054,2021-03-19,2021-03-19,1,1
0001827075,2021-03-31,2021-03-31,1,1
0001827090,2021-03-15,2021-03-15,1,1
0001827183,2021-03-19,2021-03-19,1,1
0001827248,2021-03-26,2021-03-26,1,1
0001827328,2021-03-31,2021-03-31,1,1
0001827392,2021-03-31,2021-03-31,1,1
0001827669,2021-03-31,2021-03-31,1,1
0001827821,2021-03-23,2021-03-23,1,1
0001827855,2021-12-15,2021-12-15,1,1
0001827980,2021-04-15,2021-04-15,1,1
0001828016,2021-02-26,2021-02-26,1,1
0001828105,2021-03-08,2021-03-08,1,1
0001828182,2021-03-25,2021-03-25,1,1
0001828318,2021-03-08,2021-03-08,1,1
0001828325,2021-03-31,2021-03-31,1,1
0001828326,2021-03-26,2021-03-26,1,1
0001828376,2021-09-15,2021-09-15,1,1
0001828377,2021-03-24,2021-03-24,1,1
0001828438,2021-03-30,2021-03-30,1,1
0001828443,2021-03-19,2021-03-19,1,1
0001828478,2021-03-29,2021-03-29,1,1
0001828522,2021-03-29,2021-03-29,1,1
0001828536,2021-03-26,2021-03-26,1,1
0001828588,2021-12-23,2021-12-23,1,1
0001828672,2021-03-31,2021-03-31,1,1
0001828723,2021-03-31,2021-03-31,1,1
0001828735,2021-03-31,2021-03-31,1,1
0001828739,2021-12-16,2021-12-16,1,1
0001828748,2021-11-29,2021-11-29,1,1
0001828791,2021-03-23,2021-03-23,1,1
0001828805,2021-03-31,2021-09-27,2,1
0001828817,2021-03-30,2021-03-30,1,1
0001828914,2021-03-16,2021-03-16,1,1
0001828972,2021-03-31,2021-03-31,1,1
0001828985,2021-03-31,2021-03-31,1,1
0001829012,2021-03-23,2021-03-23,1,1
0001829042,2021-03-31,2021-03-31,1,1
0001829280,2021-03-31,2021-03-31,1,1
0001829311,2021-12-09,2021-12-09,1,1
0001829328,2021-03-30,2021-03-30,1,1
0001829426,2021-12-17,2021-12-17,1,1
0001829427,2021-03-30,2021-03-30,1,1
0001829576,2021-03-12,2021-03-12,1,1
0001829730,2021-03-31,2021-03-31,1,1
0001829797,2021-03-31,2021-03-31,1,1
0001829802,2021-03-30,2021-03-30,1,1
0001829889,2021-03-30,2021-03-30,1,1
0001829953,2021-03-31,2021-03-31,1,1
0001829966,2021-12-23,2021-12-23,1,1
0001829999,2021-03-29,2021-03-29,1,1
0001830029,2021-04-15,2021-04-15,1,1
0001830043,2021-03-15,2021-03-15,1,1
0001830063,2021-03-31,2021-03-31,1,1
0001830072,2021-09-28,2021-09-28,1,1
0001830180,2021-03-26,2021-03-26,1,1
0001830188,2021-03-31,2021-03-31,1,1
0001830197,2021-03-12,2021-03-12,1,1
0001830210,2021-03-31,2021-03-31,1,1
0001830232,2021-03-26,2021-03-26,1,1
0001830315,2021-03-31,2021-03-31,1,1
0001830316,2021-03-22,2021-03-22,1,1
0001830392,2021-03-31,2021-03-31,1,1
0001830486,2021-03-30,2021-03-30,1,1
0001830531,2021-04-15,2021-04-15,1,1
0001830547,2021-04-07,2021-04-07,1,1
0001830795,2021-03-31,2021-03-31,1,1
0001830976,2021-03-31,2021-03-31,1,1
0001831096,2021-09-21,2021-09-21,1,1
0001831236,2021-03-25,2021-03-25,1,1
0001831363,2021-03-30,2021-03-30,1,1
0001831631,2021-03-16,2021-03-16,1,1
0001831651,2021-03-16,2021-03-16,1,1
0001831868,2021-03-31,2021-03-31,1,1
0001831937,2021-04-15,2021-04-15,1,1
0001831964,2021-04-08,2021-04-08,1,1
0001831979,2021-03-11,2021-03-11,1,1
0001832010,2021-03-25,2021-03-25,1,1
0001832161,2021-09-28,2021-09-28,1,1
0001832250,2021-03-31,2021-03-31,1,1
0001832415,2021-03-31,2021-03-31,1,1
0001832459,2021-03-26,2021-03-26,1,1
0001832483,2021-04-28,2021-04-28,1,1
0001832487,2021-04-28,2021-04-28,1,1
0001832511,2021-04-06,2021-04-06,1,1
0001832765,2021-03-30,2021-03-30,1,1
0001832874,2021-03-18,2021-03-18,1,1
0001833213,2021-04-02,2021-04-02,1,1
0001833214,2021-04-02,2021-04-02,1,1
0001833522,2021-03-18,2021-03-18,1,1
0001833563,2021-03-18,2021-03-18,1,1
0001833769,2021-03-29,2021-03-29,1,1
0001834045,2021-10-13,2021-10-13,1,1
0001834226,2021-03-31,2021-03-31,1,1
0001834342,2021-03-31,2021-03-31,1,1
0001834376,2021-09-23,2021-09-23,1,1
0001834518,2021-03-31,2021-03-31,1,1
0001834543,2021-03-08,2021-03-08,1,1
0001834585,2021-04-01,2021-04-01,1,1
0001834645,2021-04-15,2021-04-15,1,1
0001835236,2021-03-29,2021-03-29,1,1
0001835256,2021-10-04,2021-10-04,1,1
0001835378,2021-03-29,2021-03-29,1,1
0001835385,2021-09-28,2021-09-28,1,1
0001835416,2021-03-31,2021-03-31,1,1
0001835800,2021-04-07,2021-04-07,1,1
0001835814,2021-12-23,2021-12-23,1,1
0001835817,2021-12-23,2021-12-23,1,1
0001836100,2021-04-15,2021-04-15,1,1
0001836154,2021-03-31,2021-03-31,1,1
0001836190,2021-03-29,2021-03-29,1,1
0001836214,2021-05-26,2021-05-26,1,1
0001836259,2021-03-30,2021-03-30,1,1
0001836337,2021-03-31,2021-03-31,1,1
0001836517,2021-03-31,2021-03-31,1,1
0001836935,2021-03-31,2021-03-31,1,1
0001836967,2021-03-30,2021-03-30,1,1
0001836981,2021-03-31,2021-03-31,1,1
0001837607,2021-03-31,2021-03-31,1,1
0001838293,2021-04-15,2021-04-15,1,1
0001838527,2021-03-30,2021-03-30,1,1
0001838614,2021-03-29,2021-03-29,1,1
0001839439,2021-09-02,2021-09-02,1,1
0001840882,2021-06-25,2021-06-25,1,1
0001840920,2021-07-01,2021-07-01,1,1
0001842138,2021-10-15,2021-10-15,1,1
0001842167,2021-09-30,2021-09-30,1,1
0001844817,2021-12-29,2021-12-29,1,1
0001853314,2021-12-29,2021-12-29,1,1
0001854445,2021-09-28,2021-09-28,1,1
0001857951,2021-12-14,2021-12-14,1,1
0001860173,2021-09-10,2021-09-10,1,1
0001868878,2021-12-17,2021-12-17,1,1
0001868941,2021-12-14,2021-12-14,1,1
